iteration,final_equity,profit,max_dd_pct,max_dd_dollars,is_ruined
0,26597.200000000048,16597.200000000048,1.163147307938615,257.8999999999978,False
1,27450.100000000042,17450.100000000042,1.898307658722248,260.7999999999993,False
2,25137.700000000033,15137.700000000033,1.6077067028507837,250.0,False
3,26767.000000000015,16767.000000000015,1.6122184663503112,300.0,False
4,28401.200000000026,18401.200000000026,1.2093433870080221,250.0,False
5,26245.500000000036,16245.500000000036,2.474966003214236,400.39999999999964,False
6,27790.000000000007,17790.000000000007,1.7806901955197827,300.0,False
7,26913.000000000036,16913.000000000036,2.2231197271584553,247.69999999999527,False
8,26061.200000000008,16061.200000000008,1.155481604732852,200.0,False
9,24092.199999999993,14092.199999999993,1.8169264871543294,250.0,False
10,27887.10000000002,17887.10000000002,0.9708737864077669,200.0,False
11,27357.800000000003,17357.800000000003,1.735749496632645,200.0,False
12,28031.00000000003,18031.00000000003,1.827502078783614,200.0,False
13,27482.80000000004,17482.80000000004,2.1433838028772803,250.0,False
14,25473.10000000005,15473.10000000005,2.279217486455459,256.1999999999989,False
15,26547.90000000001,16547.90000000001,1.7048263634348848,200.0,False
16,23205.200000000004,13205.200000000004,2.8708133971291865,300.0,False
17,26562.699999999986,16562.699999999986,2.902532943748912,300.0,False
18,23928.600000000042,13928.600000000042,1.581108116024008,318.4999999999927,False
19,26980.600000000013,16980.600000000013,2.175748478919312,324.70000000000255,False
20,27587.4,17587.4,1.6176256490722918,200.0,False
21,28268.600000000028,18268.600000000028,2.269974604414901,348.5999999999967,False
22,23566.30000000004,13566.30000000004,3.70254084539796,636.7999999999956,False
23,27290.400000000023,17290.400000000023,1.5649329817450555,200.0,False
24,28723.500000000015,18723.500000000015,3.601656762110573,400.0,False
25,25731.399999999987,15731.399999999987,1.538627236779346,300.0,False
26,26909.0,16909.0,1.3866676527414414,200.0,False
27,27058.20000000001,17058.20000000001,1.947638517063846,253.89999999999418,False
28,26014.999999999993,16014.999999999993,1.1179631934257033,200.0,False
29,25037.10000000001,15037.10000000001,1.9559834557551943,300.0,False
30,28418.599999999984,18418.599999999984,1.9303528685043627,200.0,False
31,26368.79999999998,16368.799999999981,1.7080819606047966,250.0,False
32,29709.700000000004,19709.700000000004,0.9216589861751152,182.79999999999563,False
33,25019.60000000001,15019.60000000001,1.9590327080100938,350.0,False
34,29684.900000000016,19684.900000000016,0.9988080890137764,173.29999999999927,False
35,26237.800000000007,16237.800000000007,2.7112905109002226,325.1000000000022,False
36,27612.200000000023,17612.200000000023,0.9644689633887575,250.0,False
37,27751.500000000015,17751.500000000015,1.0747661040266108,200.0,False
38,26668.10000000002,16668.10000000002,1.5764168046031373,300.0,False
39,25905.800000000025,15905.800000000025,1.325647398945825,250.40000000000146,False
40,25940.700000000015,15940.700000000015,1.535213970447131,295.19999999999345,False
41,30514.600000000028,20514.600000000028,1.6746491610007685,300.0,False
42,28110.500000000004,18110.500000000004,1.5007630998813577,250.0,False
43,27061.7,17061.7,1.3291332721932014,300.0,False
44,27378.399999999998,17378.399999999998,3.0814504387215056,400.0,False
45,26868.90000000003,16868.90000000003,2.3216220399318974,307.5,False
46,27401.29999999998,17401.29999999998,1.7312423679160698,287.7999999999993,False
47,24904.100000000042,14904.100000000042,1.8181818181818181,200.0,False
48,25393.100000000006,15393.100000000006,2.096364943893379,347.6999999999971,False
49,28542.89999999998,18542.89999999998,1.0033360925075885,200.0,False
50,25716.00000000003,15716.00000000003,2.080872935344871,375.29999999999563,False
51,26553.200000000044,16553.200000000044,1.4881340887137093,250.0,False
52,27305.0,17305.0,2.6580497669919616,302.29999999999563,False
53,27186.899999999987,17186.899999999987,1.6473996451541664,237.70000000000437,False
54,28451.200000000008,18451.200000000008,1.3518872345794737,250.0,False
55,27152.100000000057,17152.100000000057,1.7946376149781587,275.1000000000022,False
56,26050.500000000036,16050.500000000036,2.1238693163147406,245.600000000004,False
57,27906.99999999998,17906.99999999998,1.8551085980573316,250.0,False
58,27916.70000000001,17916.70000000001,1.8063380712024992,350.0,False
59,27700.2,17700.2,1.9310859783847123,300.0,False
60,24079.900000000023,14079.900000000023,3.395783407232047,350.0,False
61,24851.200000000026,14851.200000000026,1.3561259482489945,208.8000000000011,False
62,24837.60000000002,14837.60000000002,2.022179262147229,350.0,False
63,27204.100000000053,17204.100000000053,1.9704433497536946,200.0,False
64,26890.50000000006,16890.50000000006,1.750720054215857,248.00000000000182,False
65,29001.60000000005,19001.60000000005,1.5731086514683377,250.0,False
66,27751.999999999996,17751.999999999996,1.6984705272901741,200.0,False
67,25452.600000000013,15452.600000000013,1.857394206526291,307.20000000000255,False
68,24368.00000000003,14368.00000000003,2.4388000757391075,450.79999999999563,False
69,23960.400000000038,13960.400000000038,2.3515805705474437,298.9000000000033,False
70,27267.400000000034,17267.400000000034,1.0638976955975905,200.0,False
71,24248.000000000036,14248.000000000036,1.8352183647679994,350.0,False
72,24977.10000000001,14977.10000000001,1.6052313978528818,245.1999999999971,False
73,28516.500000000022,18516.500000000022,1.4100991299688357,200.0,False
74,27153.00000000006,17153.00000000006,1.5,200.0,False
75,26433.80000000002,16433.80000000002,1.4408287647054594,250.0,False
76,27771.000000000044,17771.000000000044,1.454469293244278,250.0,False
77,25548.9,15548.900000000001,1.326037182082586,271.00000000000364,False
78,30195.5,20195.5,1.2352083796536477,250.0,False
79,26536.90000000006,16536.90000000006,1.9039060536596855,250.0,False
80,28437.00000000002,18437.00000000002,1.251345196085791,200.0,False
81,28389.900000000052,18389.900000000052,0.9026085386767752,156.20000000000073,False
82,28336.100000000017,18336.100000000017,1.8431616441454548,250.0,False
83,27262.099999999984,17262.099999999984,1.9930641368039232,250.0,False
84,26463.700000000026,16463.700000000026,1.9230769230769231,250.0,False
85,26221.399999999994,16221.399999999994,1.7518144426973896,200.0,False
86,24319.100000000035,14319.100000000035,1.964332789466535,345.6000000000058,False
87,28970.49999999997,18970.49999999997,1.5325435625507648,200.0,False
88,24801.400000000038,14801.400000000038,3.2396008811714365,450.0,False
89,28978.600000000002,18978.600000000002,1.161530122347839,150.0,False
90,29609.60000000002,19609.60000000002,1.7333876461462467,200.0,False
91,26084.800000000003,16084.800000000003,2.176145958461728,250.0,False
92,28688.10000000005,18688.10000000005,1.282190590024979,200.0,False
93,29175.70000000004,19175.70000000004,2.2364277676384288,250.0,False
94,28742.200000000008,18742.200000000008,1.6152689670345686,176.1999999999989,False
95,26861.70000000001,16861.70000000001,1.2752065834665218,250.0,False
96,25830.299999999996,15830.299999999996,1.6488725833711213,300.0,False
97,26378.600000000024,16378.600000000024,1.8218088740310248,200.0,False
98,25084.699999999983,15084.699999999983,1.7884352622203785,250.0,False
99,27457.800000000025,17457.800000000025,2.0066137990817716,250.0,False
100,27815.90000000002,17815.90000000002,1.5,250.0,False
101,23740.400000000045,13740.400000000045,1.3792913201197199,300.0,False
102,23640.200000000023,13640.200000000023,2.2451527152876936,250.0,False
103,24906.500000000007,14906.500000000007,2.4051985701475225,391.59999999999854,False
104,24319.399999999994,14319.399999999994,1.923656399991392,357.5,False
105,28115.000000000022,18115.000000000022,1.7312060273669039,250.0,False
106,25115.499999999985,15115.499999999985,2.2415565925808876,283.40000000000146,False
107,25576.99999999999,15576.999999999989,2.0264591233678084,306.1999999999989,False
108,24698.700000000044,14698.700000000044,1.9704433497536946,200.0,False
109,26695.09999999999,16695.09999999999,1.6447491508088712,395.6000000000022,False
110,24762.300000000003,14762.300000000003,1.8941466658809465,450.0,False
111,24508.10000000002,14508.10000000002,1.8386577798207306,307.20000000000437,False
112,27840.700000000026,17840.700000000026,1.5704750687082831,400.0,False
113,25723.30000000001,15723.30000000001,1.3991362665447875,300.0,False
114,26060.29999999999,16060.299999999988,1.2572079924902777,200.0,False
115,27119.500000000007,17119.500000000007,1.8654006271147754,245.600000000004,False
116,26567.90000000001,16567.90000000001,1.677275433785358,200.0,False
117,28515.299999999977,18515.299999999977,2.1133457159869304,237.79999999999745,False
118,28472.799999999992,18472.799999999992,1.7336633663366554,357.20000000000437,False
119,28918.600000000013,18918.600000000013,0.9657543507233499,206.40000000000146,False
120,27308.999999999985,17308.999999999985,1.5,200.0,False
121,26546.80000000002,16546.80000000002,1.5320151892104494,260.7999999999993,False
122,28515.50000000001,18515.50000000001,0.9213363061784812,200.0,False
123,28705.800000000017,18705.800000000017,1.426953153548188,200.0,False
124,26429.40000000003,16429.40000000003,2.3622568056618563,250.0,False
125,26034.30000000001,16034.30000000001,1.5432289287522054,250.0,False
126,23971.900000000005,13971.900000000005,1.4382556835070421,250.0,False
127,24675.499999999975,14675.499999999975,1.9474700810450625,350.0,False
128,27144.50000000003,17144.50000000003,1.4443353168871682,200.0,False
129,24968.800000000017,14968.800000000017,1.776888679689324,250.0,False
130,25973.500000000015,15973.500000000015,1.574558004279222,237.70000000000437,False
131,25209.40000000003,15209.40000000003,2.5476965183907256,350.0,False
132,25096.900000000005,15096.900000000005,2.1026072329688796,400.0,False
133,27483.600000000035,17483.600000000035,1.0905715135510596,250.0,False
134,27143.200000000026,17143.200000000026,2.5665726278125316,261.0999999999967,False
135,23843.69999999999,13843.69999999999,2.155798601440739,300.0,False
136,27340.30000000007,17340.30000000007,1.3355414284951086,300.0,False
137,25640.499999999993,15640.499999999993,1.9440435733904495,250.0,False
138,26685.100000000002,16685.100000000002,1.8173667567272764,299.9999999999982,False
139,28068.100000000013,18068.100000000013,1.67197992267519,200.0,False
140,26985.000000000036,16985.000000000036,1.4469476639029955,250.0,False
141,26276.80000000002,16276.800000000021,1.5490906837686278,249.99999999999818,False
142,25540.700000000004,15540.700000000004,2.9720000000000253,327.0000000000073,False
143,26230.50000000001,16230.500000000011,1.3678892556858597,218.10000000000582,False
144,25249.90000000001,15249.900000000009,1.8567757460524974,250.0,False
145,26878.600000000013,16878.600000000013,1.709886072733669,350.0,False
146,24977.000000000025,14977.000000000025,1.4411609993010355,200.0,False
147,24567.700000000033,14567.700000000033,1.8496270012013882,300.0,False
148,28374.100000000017,18374.100000000017,1.0739984964021045,200.0,False
149,26525.300000000007,16525.300000000007,2.570090026582071,350.0,False
150,27664.000000000025,17664.000000000025,1.5850458294797414,210.79999999999927,False
151,24873.300000000047,14873.300000000047,1.4019084647233095,250.0,False
152,25554.299999999985,15554.299999999985,1.9498118431571336,300.0,False
153,24230.10000000002,14230.10000000002,2.2014212375509628,250.0,False
154,25470.099999999984,15470.099999999984,1.814286179815592,222.70000000000437,False
155,25425.400000000038,15425.400000000038,1.4284421885638916,300.0,False
156,27853.800000000017,17853.800000000017,4.058346345736349,532.7999999999975,False
157,25521.800000000032,15521.800000000032,1.237447847425963,200.0,False
158,24937.10000000002,14937.10000000002,1.6080169292022277,250.0,False
159,25220.599999999995,15220.599999999995,1.4423076923076923,150.0,False
160,28778.600000000013,18778.600000000013,2.8139346041597983,350.0,False
161,26592.40000000001,16592.40000000001,2.692059341693076,337.70000000000437,False
162,25499.400000000005,15499.400000000005,2.9761295698060417,407.20000000000255,False
163,26832.100000000057,16832.100000000057,2.1144296204072024,298.9000000000033,False
164,23898.400000000045,13898.400000000045,2.7894522175524115,471.8999999999942,False
165,26406.00000000003,16406.00000000003,2.166997494950894,261.5,False
166,25186.00000000003,15186.00000000003,1.9700551615445216,350.0,False
167,26516.100000000013,16516.100000000013,1.7211605211674044,300.0,False
168,25019.30000000001,15019.30000000001,1.8492416054704668,450.0,False
169,24067.300000000003,14067.300000000003,2.3918049927220775,350.0,False
170,26425.600000000006,16425.600000000006,1.610656100762645,200.0,False
171,25960.300000000017,15960.300000000017,1.619770455386893,377.0000000000073,False
172,25840.800000000036,15840.800000000036,1.4159572720733573,250.0,False
173,29562.600000000028,19562.600000000028,1.3424260323256187,200.0,False
174,24964.900000000045,14964.900000000045,2.8676249692754463,350.0,False
175,27197.800000000025,17197.800000000025,1.81365853658538,250.0,False
176,28812.10000000002,18812.10000000002,1.2684194025171183,250.0,False
177,24613.3,14613.3,2.1016174047546987,250.0,False
178,27282.50000000006,17282.50000000006,1.609243494633171,250.0,False
179,29492.2,19492.2,0.9753813741172808,150.0,False
180,24427.20000000003,14427.20000000003,1.905887285825916,300.0,False
181,25056.700000000084,15056.700000000084,2.0,250.0,False
182,25178.9,15178.900000000001,1.684366551849013,282.7999999999993,False
183,28650.600000000035,18650.600000000035,1.3750744832011708,200.0,False
184,26601.400000000012,16601.400000000012,1.4400009216005878,250.0,False
185,26119.500000000007,16119.500000000007,1.9995401057756705,200.00000000000182,False
186,25028.10000000003,15028.100000000031,2.482354596079535,300.0,False
187,25168.30000000001,15168.30000000001,1.3600413925641441,253.10000000000218,False
188,27593.4,17593.4,2.0621788156494616,250.0,False
189,24040.500000000047,14040.500000000047,2.095223727989674,295.19999999999345,False
190,25032.900000000038,15032.900000000038,1.8009256757973597,250.0,False
191,25215.200000000023,15215.200000000023,1.6533708097383546,200.0,False
192,23883.30000000001,13883.30000000001,1.8817649449771907,250.0,False
193,26526.900000000012,16526.900000000012,2.188566926376608,250.0,False
194,26215.50000000001,16215.500000000011,1.592039800995026,300.0,False
195,25910.999999999985,15910.999999999985,1.4366371198299028,250.0,False
196,25890.600000000006,15890.600000000006,1.8094775262891223,350.0,False
197,27798.99999999997,17798.99999999997,1.9161090451091902,321.0000000000073,False
198,27454.200000000004,17454.200000000004,2.4828172059618745,300.0,False
199,27610.500000000004,17610.500000000004,0.9744499230184559,200.0,False
200,26219.600000000035,16219.600000000035,3.5000000000000004,350.0,False
201,26392.000000000015,16392.000000000015,1.9019557534575755,229.80000000000473,False
202,28547.700000000004,18547.700000000004,0.949424174238324,142.90000000000146,False
203,28106.900000000045,18106.900000000045,2.022758927591007,350.0,False
204,28428.200000000037,18428.200000000037,1.7176700149780826,250.0,False
205,22943.50000000004,12943.50000000004,2.277541166556584,350.0,False
206,27386.600000000028,17386.600000000028,1.4094035404216938,200.0,False
207,25800.90000000003,15800.90000000003,1.4870579487894209,255.99999999999636,False
208,26499.20000000002,16499.20000000002,1.2232266271972199,200.0,False
209,25220.50000000003,15220.50000000003,1.6763475739059726,245.60000000000218,False
210,23037.500000000036,13037.500000000036,2.3477705570789977,250.0,False
211,27356.100000000035,17356.100000000035,1.318644885164867,350.0,False
212,28436.79999999999,18436.79999999999,1.7951071673150205,350.0,False
213,24939.90000000008,14939.900000000081,2.1832290581549807,350.0,False
214,25083.900000000023,15083.900000000023,1.0175631397928238,232.79999999999563,False
215,26707.000000000025,16707.000000000025,1.1555937337522646,255.5999999999949,False
216,26517.89999999999,16517.89999999999,1.1745291606227366,200.0,False
217,26260.0,16260.0,2.0806600321271196,437.79999999999563,False
218,27900.500000000044,17900.500000000044,1.988403630029667,250.0,False
219,26192.799999999996,16192.799999999996,2.989230230512357,350.0,False
220,28942.900000000016,18942.900000000016,2.307106657540775,300.0,False
221,25180.700000000004,15180.700000000004,1.8773525574235215,250.0,False
222,24718.80000000003,14718.800000000028,1.9032393133112553,300.0,False
223,26152.5,16152.5,0.9191683364891448,200.0,False
224,25927.20000000001,15927.200000000012,1.487820699751831,250.0,False
225,26689.300000000003,16689.300000000003,2.4349463500154203,300.0,False
226,27646.000000000007,17646.000000000007,2.3573440643863153,292.89999999999964,False
227,25999.899999999987,15999.899999999987,1.932367149758454,200.0,False
228,27701.000000000044,17701.000000000044,1.232635250902904,200.0,False
229,26230.700000000063,16230.700000000063,1.6329196603527107,250.0,False
230,25105.899999999983,15105.899999999983,1.5029231855959844,300.0,False
231,26054.70000000004,16054.70000000004,2.452231980023008,349.60000000000036,False
232,26221.30000000001,16221.30000000001,1.9128871205310174,310.7999999999993,False
233,26678.500000000033,16678.500000000033,2.0751623814563476,300.0,False
234,27123.200000000026,17123.200000000026,1.0637241692314237,250.0,False
235,24562.9,14562.900000000001,2.0327477802482345,276.0999999999967,False
236,23759.800000000025,13759.800000000025,2.2950518681722194,500.0,False
237,28009.20000000003,18009.20000000003,2.4835094969403153,250.0,False
238,26372.9,16372.900000000001,1.86223900720314,300.0,False
239,23964.400000000016,13964.400000000016,3.0738964711668517,400.0,False
240,25349.09999999997,15349.09999999997,1.9130700948882775,250.0,False
241,24552.50000000003,14552.50000000003,2.0399579390115417,250.10000000000036,False
242,26070.300000000032,16070.300000000032,1.4492753623188406,200.0,False
243,27741.100000000006,17741.100000000006,1.1379534033091625,200.0,False
244,28297.499999999985,18297.499999999985,2.0,200.0,False
245,28030.600000000035,18030.600000000035,1.4285714285714286,177.00000000000728,False
246,26207.100000000028,16207.100000000028,1.8351587045247666,250.0,False
247,28020.900000000056,18020.900000000056,1.4150943396226416,186.5,False
248,25594.800000000032,15594.800000000032,1.6009712985218996,325.6999999999971,False
249,25810.80000000001,15810.80000000001,1.5474486440481248,227.00000000000728,False
250,28231.70000000003,18231.70000000003,1.7865893498856558,350.0,False
251,28747.20000000002,18747.20000000002,1.0076243576394717,150.0,False
252,28684.4,18684.4,1.5371372356123958,250.0,False
253,26248.0,16248.0,2.218557493917454,350.0,False
254,26799.499999999978,16799.499999999978,1.3279999999999745,245.19999999999345,False
255,27191.69999999999,17191.69999999999,1.467645749453304,300.0,False
256,25959.100000000017,15959.100000000017,2.593545832508435,275.1000000000022,False
257,26000.50000000006,16000.500000000058,2.208996322696489,253.50000000000364,False
258,25573.10000000002,15573.10000000002,1.9216726238518,300.0,False
259,26088.599999999988,16088.599999999988,3.6438500920072157,400.0,False
260,25342.50000000002,15342.500000000018,1.5815007613583991,223.29999999999927,False
261,24066.00000000006,14066.000000000058,2.7746238560570906,447.20000000000255,False
262,24932.90000000001,14932.900000000009,1.8691588785046727,200.0,False
263,24393.000000000022,14393.000000000022,1.5354985325021153,350.0,False
264,26365.400000000045,16365.400000000045,2.5831172792435915,300.0,False
265,26210.300000000025,16210.300000000025,1.0159504216194264,150.0,False
266,27683.199999999997,17683.199999999997,2.105759673859941,250.0,False
267,25209.900000000023,15209.900000000023,2.737625930792816,300.0,False
268,25935.300000000025,15935.300000000025,1.9629176808407995,350.0,False
269,25501.80000000001,15501.80000000001,1.768987873588128,250.0,False
270,26648.80000000009,16648.80000000009,1.7259978425026956,250.0,False
271,24947.700000000023,14947.700000000023,4.14693035000092,450.0,False
272,27036.000000000022,17036.000000000022,1.2337940606471471,192.89999999999964,False
273,24195.600000000013,14195.600000000013,1.6995722743109656,300.0,False
274,27008.500000000044,17008.500000000044,1.8705399313511846,250.0,False
275,28302.20000000002,18302.20000000002,1.9138755980861244,200.0,False
276,28232.400000000005,18232.400000000005,1.4406177368855762,200.0,False
277,24297.89999999998,14297.89999999998,3.8187520479333408,407.89999999999964,False
278,24751.200000000008,14751.200000000008,2.187245732683574,250.0,False
279,27183.500000000007,17183.500000000007,1.182347551062635,200.0,False
280,27813.40000000003,17813.40000000003,1.008684541083702,200.0,False
281,26927.899999999972,16927.899999999972,1.4380984451407053,392.90000000000146,False
282,23918.800000000047,13918.800000000047,2.1964344547351433,300.0,False
283,29013.40000000001,19013.40000000001,1.1938395810363716,207.89999999999782,False
284,28537.20000000002,18537.20000000002,0.9060022650056626,200.0,False
285,28216.500000000033,18216.500000000033,1.2613097440382095,200.0,False
286,26483.50000000003,16483.50000000003,1.2106756590040098,200.0,False
287,25780.600000000057,15780.600000000057,1.2817281112881773,300.0,False
288,27909.100000000042,17909.100000000042,1.1829466412201706,157.20000000000437,False
289,25461.200000000055,15461.200000000055,1.5339540734150412,300.0,False
290,27392.100000000035,17392.100000000035,2.107250627960687,273.2999999999993,False
291,25046.80000000001,15046.80000000001,1.2955157880190709,200.0,False
292,26679.90000000003,16679.90000000003,2.0206802186953325,350.0,False
293,24945.100000000057,14945.100000000057,2.391089108910855,242.4999999999891,False
294,25901.40000000005,15901.400000000049,2.0994142634205013,300.0,False
295,29948.800000000003,19948.800000000003,1.857855477422411,200.0,False
296,27506.100000000035,17506.100000000035,2.1432907047324186,307.20000000000255,False
297,24940.10000000004,14940.100000000039,1.8382758443200937,250.0,False
298,28409.300000000003,18409.300000000003,2.5812824407563726,277.0000000000073,False
299,28168.100000000013,18168.100000000013,1.0713137878084493,200.0,False
300,27170.00000000003,17170.00000000003,1.767783906095317,250.0,False
301,28123.00000000002,18123.00000000002,1.4853102813177668,200.0,False
302,27816.400000000034,17816.400000000034,1.8202999854375999,300.0,False
303,29169.000000000015,19169.000000000015,1.5261350629530723,200.0,False
304,27647.900000000045,17647.900000000045,0.996404970865117,250.0,False
305,28657.400000000038,18657.400000000038,1.0384719231807693,250.0,False
306,28278.099999999984,18278.099999999984,1.0945996830039322,300.0,False
307,26174.200000000063,16174.200000000063,1.4417947460999412,300.0,False
308,27361.600000000017,17361.600000000017,1.752479758858784,300.0,False
309,26127.800000000017,16127.800000000017,1.3864528899088755,307.5,False
310,28058.400000000023,18058.400000000023,1.633446134394378,175.6999999999971,False
311,25946.200000000008,15946.200000000008,1.8946192515360634,254.4000000000051,False
312,24941.100000000013,14941.100000000013,2.7976332023108474,400.0,False
313,26009.500000000015,16009.500000000015,1.3820458424605944,200.0,False
314,29812.399999999994,19812.399999999994,1.3215608088863642,208.8000000000011,False
315,27018.500000000015,17018.500000000015,1.93098418904873,248.90000000000327,False
316,29828.200000000026,19828.200000000026,1.8691588785046727,200.0,False
317,25333.700000000033,15333.700000000033,1.8200846339354773,200.0,False
318,26164.100000000042,16164.100000000042,1.5352178985937388,300.0,False
319,25884.400000000052,15884.400000000052,2.2672241014990866,317.09999999999127,False
320,27193.600000000024,17193.600000000024,0.8849557522123894,150.0,False
321,29143.100000000013,19143.100000000013,1.6944327716853516,300.0,False
322,28480.50000000003,18480.50000000003,1.768502962242461,200.0,False
323,24457.699999999997,14457.699999999997,2.475764237028094,313.0999999999949,False
324,26382.700000000023,16382.700000000023,2.9107723526525424,350.0,False
325,24811.700000000073,14811.700000000073,2.8726091026297413,325.29999999999745,False
326,26462.10000000002,16462.10000000002,1.5,200.0,False
327,27945.90000000001,17945.90000000001,2.7370264944164617,350.0,False
328,25577.10000000001,15577.10000000001,1.721466689619554,300.0,False
329,23137.300000000014,13137.300000000014,2.113503597183121,314.59999999999854,False
330,27101.300000000003,17101.300000000003,2.3736898951916015,474.6999999999971,False
331,25275.0,15275.0,1.2389279305685577,200.0,False
332,28684.000000000015,18684.000000000015,1.1687599119108427,250.0,False
333,25481.199999999997,15481.199999999997,1.6891967880518948,225.29999999999745,False
334,24738.800000000017,14738.800000000017,2.0795497081698566,300.0,False
335,27629.79999999999,17629.79999999999,1.66411372675478,247.69999999999527,False
336,25853.699999999997,15853.699999999997,1.8071679509606915,250.0,False
337,27046.000000000015,17046.000000000015,1.31203750677886,250.0,False
338,28437.100000000042,18437.100000000042,2.6432627774909876,307.20000000000255,False
339,27183.800000000032,17183.800000000032,1.909945859039822,300.0,False
340,25175.700000000033,15175.700000000033,1.4867278065316967,247.69999999999345,False
341,28114.30000000002,18114.30000000002,1.2031506439784556,200.0,False
342,27977.300000000025,17977.300000000025,2.6538186651285764,423.2999999999993,False
343,26737.89999999999,16737.89999999999,1.3301409949454632,250.0,False
344,26800.000000000004,16800.000000000004,1.0,150.39999999999782,False
345,25373.600000000035,15373.600000000035,1.4869004074107084,300.0,False
346,28897.9,18897.9,1.2275059534038741,173.39999999999054,False
347,25912.59999999999,15912.599999999991,1.8433402096678657,305.5999999999967,False
348,26840.500000000022,16840.500000000022,1.5295290885842052,250.0,False
349,25526.300000000003,15526.300000000003,1.2530134974613945,250.0,False
350,27177.80000000003,17177.80000000003,1.2341900257698872,250.0,False
351,26929.80000000005,16929.80000000005,2.011416145691768,214.60000000000036,False
352,24467.000000000015,14467.000000000015,1.5944204607968713,223.29999999999927,False
353,25182.500000000007,15182.500000000007,1.4780904760295948,350.0,False
354,26852.20000000003,16852.20000000003,1.2055803905115998,250.0,False
355,27137.299999999996,17137.299999999996,3.553944434078773,400.0,False
356,27533.30000000001,17533.30000000001,1.4475550794707743,200.0,False
357,26155.29999999999,16155.299999999988,1.4563106796116505,300.0,False
358,26422.000000000062,16422.000000000062,1.3453300901909262,250.0,False
359,28064.700000000048,18064.700000000048,1.4517849688461273,200.0,False
360,26757.499999999993,16757.499999999993,2.298174330312001,250.0,False
361,23955.199999999997,13955.199999999997,1.6065584305301182,350.0,False
362,26374.800000000014,16374.800000000014,2.1947311820090585,300.0,False
363,23355.000000000007,13355.000000000007,1.505052676843689,350.0,False
364,25892.800000000017,15892.800000000017,2.6911292406511738,364.4999999999982,False
365,30056.300000000025,20056.300000000025,1.888635826208188,303.50000000000364,False
366,27457.000000000044,17457.000000000044,1.1477234904566793,276.1999999999971,False
367,27707.300000000017,17707.300000000017,1.125298204024066,150.0,False
368,26540.100000000028,16540.100000000028,1.2108052258353532,300.0,False
369,26353.200000000004,16353.200000000004,1.5264099448660737,250.0,False
370,26439.30000000001,16439.30000000001,1.6084410988869573,300.0,False
371,27902.100000000035,17902.100000000035,1.1850419267833687,250.0,False
372,27824.60000000002,17824.60000000002,1.4026650636208786,350.0,False
373,24302.100000000035,14302.100000000035,3.237914691943114,341.59999999999854,False
374,24631.70000000001,14631.700000000012,2.271861220490299,350.0,False
375,28632.400000000074,18632.400000000074,0.9708737864077669,150.0,False
376,28466.49999999999,18466.49999999999,1.9069776311523856,300.0,False
377,24962.600000000013,14962.600000000013,1.9417475728155338,250.0,False
378,28901.700000000044,18901.700000000044,1.4910329279711798,250.0,False
379,26560.100000000002,16560.100000000002,1.6396130513198874,300.0,False
380,26635.40000000001,16635.40000000001,1.2374017039021463,262.29999999999563,False
381,27284.600000000013,17284.600000000013,1.70447766282023,200.0,False
382,28910.100000000024,18910.100000000024,1.6020891242179793,250.0,False
383,26527.60000000004,16527.60000000004,1.8909167920974783,250.0,False
384,25603.100000000006,15603.100000000006,1.5033982564422572,200.0,False
385,28325.700000000004,18325.700000000004,1.5,200.0,False
386,26881.000000000022,16881.000000000022,1.5074543618191951,400.0,False
387,28616.900000000005,18616.900000000005,1.4904767576581117,275.2999999999993,False
388,28367.20000000004,18367.20000000004,1.0154304815983672,250.0,False
389,26589.30000000002,16589.30000000002,2.050928660497473,250.0,False
390,26179.20000000001,16179.200000000012,1.495099065264065,250.0,False
391,25403.600000000042,15403.600000000042,2.1578325004099854,300.0,False
392,26187.900000000016,16187.900000000016,1.2818102579002237,300.0,False
393,27693.50000000004,17693.50000000004,1.7656146546016331,200.0,False
394,27100.800000000017,17100.800000000017,2.0100502512562812,250.0,False
395,27069.100000000013,17069.100000000013,3.268000000000029,326.8000000000029,False
396,28071.40000000006,18071.40000000006,1.3022020236219427,200.0,False
397,24817.500000000007,14817.500000000007,1.515142332470702,250.0,False
398,27095.400000000016,17095.400000000016,1.4094359485815837,214.60000000000218,False
399,24562.600000000013,14562.600000000013,1.3474637363821924,206.1999999999971,False
400,25101.90000000004,15101.900000000041,1.246406195469728,250.0,False
401,26395.400000000038,16395.400000000038,1.9482899134153975,356.1999999999971,False
402,26377.09999999999,16377.099999999991,1.8464492780383326,400.0,False
403,24702.600000000028,14702.600000000028,2.8057603527871735,407.20000000000255,False
404,28900.20000000001,18900.20000000001,1.7155719030495997,250.0,False
405,29108.7,19108.7,1.0488556984330089,250.0,False
406,26178.9,16178.900000000001,1.4525277614368397,250.0,False
407,26907.500000000036,16907.500000000036,1.9417475728155338,348.90000000000146,False
408,26361.100000000013,16361.100000000013,1.7579635749947258,278.700000000008,False
409,27454.20000000002,17454.20000000002,1.471482665934195,200.0,False
410,26022.299999999996,16022.299999999996,1.2609492425898217,250.0,False
411,27379.000000000044,17379.000000000044,2.4312104166494697,295.19999999999527,False
412,25699.399999999987,15699.399999999987,1.3920286869271798,250.0,False
413,28555.900000000023,18555.900000000023,1.490293928542534,350.0,False
414,26337.600000000035,16337.600000000035,1.420944725250186,350.0,False
415,24280.700000000033,14280.700000000033,1.786454388246558,300.0,False
416,27040.300000000047,17040.300000000047,1.8702215838532554,250.0,False
417,26119.100000000064,16119.100000000064,1.2038692357236143,300.0,False
418,25698.69999999997,15698.699999999972,1.428557823258827,200.0,False
419,28480.500000000015,18480.500000000015,1.46571403160298,247.20000000000073,False
420,27014.700000000015,17014.700000000015,1.8542898996829167,200.0,False
421,28571.90000000002,18571.90000000002,1.6916466488479875,300.0,False
422,26359.399999999994,16359.399999999994,1.779868880560906,250.0,False
423,26367.1,16367.099999999999,2.380952380952381,250.0,False
424,25568.200000000004,15568.200000000004,1.4586104693225048,250.0,False
425,26215.10000000002,16215.10000000002,2.095100816251279,300.0,False
426,26186.70000000001,16186.700000000012,3.802859750532397,400.0,False
427,25095.100000000002,15095.100000000002,2.6166593981683386,300.0,False
428,25125.00000000003,15125.00000000003,1.7578554163920017,219.29999999999563,False
429,23520.300000000025,13520.300000000025,1.902786173545137,277.0000000000073,False
430,27226.100000000042,17226.100000000042,1.3518324088301672,300.0,False
431,26416.600000000006,16416.600000000006,1.6051601467293584,307.20000000000437,False
432,22230.10000000002,12230.10000000002,3.5998272082940006,450.0,False
433,26402.400000000045,16402.400000000045,1.4183592420288205,225.29999999999563,False
434,25876.399999999987,15876.399999999987,0.9913750371765643,208.79999999999927,False
435,26402.000000000044,16402.000000000044,1.447273357801354,300.0,False
436,26235.300000000032,16235.300000000032,1.1404738417873597,200.0,False
437,27956.000000000025,17956.000000000025,1.3086778427754429,250.0,False
438,26771.7,16771.7,1.7221337236836436,250.0,False
439,26722.50000000002,16722.50000000002,1.4180240307805745,200.0,False
440,24533.100000000013,14533.100000000013,1.3572610376147034,200.0,False
441,25431.600000000006,15431.600000000006,1.2320834531192248,250.0,False
442,27629.100000000028,17629.100000000028,1.2680780375224279,201.70000000000073,False
443,27643.1,17643.1,2.1471022707753624,250.0,False
444,25428.500000000015,15428.500000000015,1.6690260931115475,242.90000000000146,False
445,26092.600000000028,16092.600000000028,1.3824884792626728,291.49999999999636,False
446,26005.60000000005,16005.60000000005,1.4884496308644892,250.0,False
447,26074.400000000016,16074.400000000016,1.7646643608385675,250.0,False
448,27958.900000000056,17958.900000000056,1.0650874969378725,225.29999999999927,False
449,25104.09999999998,15104.09999999998,1.3640951956567207,200.0,False
450,24743.70000000002,14743.700000000019,1.4270628193053054,304.7000000000007,False
451,26021.100000000024,16021.100000000024,1.863676789479433,200.0,False
452,27037.599999999973,17037.599999999973,1.2774546290697575,240.79999999999927,False
453,24926.300000000017,14926.300000000017,1.6813231876793924,250.0,False
454,26187.40000000001,16187.400000000009,2.4426387011675805,300.0,False
455,24500.40000000001,14500.400000000009,2.336448598130841,300.0,False
456,26294.500000000025,16294.500000000025,2.783189535207349,300.0,False
457,24692.400000000023,14692.400000000023,2.3920965131206473,307.5,False
458,25409.100000000006,15409.100000000006,1.4841431026402436,223.3000000000011,False
459,24856.800000000032,14856.800000000032,1.4949902974139098,237.79999999999563,False
460,27585.69999999999,17585.69999999999,1.8459327066744393,250.0,False
461,26335.90000000002,16335.90000000002,1.909095498952422,302.5000000000091,False
462,23570.800000000036,13570.800000000036,2.5,264.2000000000007,False
463,28591.90000000001,18591.90000000001,2.3955997623565035,250.0,False
464,24963.400000000038,14963.400000000038,1.324319134425013,247.20000000000437,False
465,29131.600000000064,19131.600000000064,1.0861379829693536,150.0,False
466,24955.199999999968,14955.199999999968,1.8553047801927667,200.0,False
467,26682.60000000002,16682.60000000002,1.5853387868987596,200.0,False
468,25076.000000000015,15076.000000000015,2.0383065748975735,300.0,False
469,28229.90000000004,18229.90000000004,1.22506982898025,200.0,False
470,27916.000000000022,17916.000000000022,2.354788069073782,300.0,False
471,24806.70000000001,14806.700000000012,1.7232890201870799,311.49999999999636,False
472,26487.800000000032,16487.800000000032,1.7297446896838018,200.0,False
473,27694.400000000023,17694.400000000023,1.535233255592,300.0,False
474,27602.700000000026,17602.700000000026,1.7281305084159961,250.0,False
475,27808.100000000006,17808.100000000006,0.9353486979946125,200.0,False
476,27094.800000000014,17094.800000000014,2.357111877958174,300.0,False
477,25167.100000000028,15167.100000000028,2.336448598130841,250.0,False
478,29846.000000000033,19846.000000000033,0.9899617874750032,225.10000000000218,False
479,26675.499999999993,16675.499999999993,1.4454626926079044,200.0,False
480,26116.69999999999,16116.69999999999,1.7739806707066117,300.0,False
481,26353.90000000006,16353.90000000006,1.4401474711010402,208.8000000000029,False
482,24749.60000000001,14749.60000000001,2.2169409761634515,300.0,False
483,25127.20000000004,15127.20000000004,1.6114607085592727,250.0,False
484,25703.50000000006,15703.500000000058,2.080328414512366,300.0,False
485,27323.600000000013,17323.600000000013,2.0996292344782495,356.2000000000007,False
486,29653.80000000004,19653.80000000004,1.8260571044577698,250.0,False
487,26371.50000000005,16371.500000000051,2.7014924009102823,295.600000000004,False
488,23252.40000000001,13252.400000000009,2.417427580776615,350.0,False
489,23821.90000000003,13821.90000000003,1.8129626831847692,300.0,False
490,29780.300000000025,19780.300000000025,1.5675332512990927,200.0,False
491,25603.70000000002,15603.700000000019,1.7620896974139544,300.0,False
492,26372.899999999972,16372.899999999972,1.9684884370989202,250.0,False
493,25613.80000000001,15613.80000000001,1.7724660066340863,350.0,False
494,26047.0,16047.0,1.8193230299005718,200.0,False
495,26739.700000000015,16739.700000000015,1.4935181313101142,273.0999999999949,False
496,28880.000000000004,18880.000000000004,1.1553036137897035,200.0,False
497,25302.400000000052,15302.400000000052,2.102720920871617,350.0000000000018,False
498,27017.40000000001,17017.40000000001,0.9615384615384616,200.0,False
499,28134.299999999977,18134.299999999977,2.118338883381209,270.29999999999745,False
500,26203.19999999999,16203.19999999999,1.3091404184012783,248.59999999999854,False
501,27887.700000000004,17887.700000000004,1.4513125841754122,200.0,False
502,28848.700000000026,18848.700000000026,1.8607247522910166,250.0,False
503,26848.19999999998,16848.19999999998,1.749010234655114,308.8000000000029,False
504,26325.100000000006,16325.100000000006,1.4535517537101912,200.0,False
505,26256.900000000005,16256.900000000005,1.8211619012930251,250.0,False
506,26599.699999999993,16599.699999999993,1.6134887660844657,200.0,False
507,27975.600000000028,17975.600000000028,1.0049847242321908,156.1999999999989,False
508,28447.600000000053,18447.600000000053,0.974535390252697,200.0,False
509,23963.9,13963.900000000001,1.589430920153349,350.0,False
510,25957.500000000007,15957.500000000007,2.4076809453471135,260.7999999999993,False
511,27022.299999999977,17022.299999999977,2.064409578860446,250.0,False
512,27986.500000000036,17986.500000000036,1.5,300.0,False
513,27233.600000000046,17233.600000000046,2.2988109400412604,400.0,False
514,23856.500000000015,13856.500000000015,1.63808579701035,271.0000000000018,False
515,25524.300000000032,15524.300000000032,1.9586950390172058,250.0,False
516,27873.400000000023,17873.400000000023,1.4618713407760204,200.0,False
517,25029.1,15029.099999999999,1.4846243860500752,200.0,False
518,24829.300000000032,14829.300000000032,1.7260226684310438,300.0,False
519,26069.300000000047,16069.300000000047,1.3169562507133505,200.0,False
520,26837.600000000046,16837.600000000046,0.9689406087853834,200.0,False
521,27076.99999999999,17076.99999999999,1.1661752206758795,245.60000000000218,False
522,26562.700000000033,16562.700000000033,1.5703446719693412,250.0,False
523,24496.000000000004,14496.000000000004,2.251817538441743,350.0,False
524,30391.20000000003,20391.20000000003,1.3492606051883564,203.50000000000364,False
525,25098.50000000003,15098.50000000003,1.6845112559042112,250.0,False
526,29728.500000000044,19728.500000000044,1.5135462388375949,200.0,False
527,29064.30000000005,19064.30000000005,1.7664403145103196,200.0,False
528,23111.500000000022,13111.500000000022,2.334862673622044,297.20000000000255,False
529,27259.600000000042,17259.600000000042,1.5,200.0,False
530,24506.20000000002,14506.200000000019,1.9348441241202492,425.1000000000022,False
531,26896.100000000024,16896.100000000024,1.2506148856521133,150.0,False
532,27686.80000000001,17686.80000000001,1.4344458257626473,150.0,False
533,26549.100000000017,16549.100000000017,2.0945158273657087,326.9999999999891,False
534,25514.20000000001,15514.200000000012,2.5317909119614246,264.60000000000036,False
535,28137.600000000042,18137.600000000042,1.7565388397246746,250.00000000000182,False
536,27749.30000000002,17749.30000000002,1.0582010582010553,150.39999999999964,False
537,28087.100000000006,18087.100000000006,1.0631737863871233,218.10000000000218,False
538,24521.000000000022,14521.000000000022,1.91995435994207,350.0,False
539,26842.89999999998,16842.89999999998,2.6529832414432986,291.59999999999854,False
540,26705.50000000001,16705.50000000001,1.979610016826686,400.0,False
541,25299.499999999978,15299.499999999978,1.824149982036062,323.2999999999993,False
542,24472.40000000001,14472.400000000009,1.6690416663111614,200.0,False
543,28371.100000000035,18371.100000000035,1.6079175953697604,200.0,False
544,24466.90000000004,14466.900000000041,1.922810687750925,300.0,False
545,24040.90000000003,14040.90000000003,2.6490066225165565,450.0,False
546,25903.700000000044,15903.700000000044,1.4851485148514851,250.0,False
547,25996.70000000002,15996.700000000019,1.7064555212368382,200.0,False
548,25029.600000000035,15029.600000000035,1.781212748910549,364.59999999999854,False
549,27891.700000000063,17891.700000000063,1.4654448113484047,200.0,False
550,27332.200000000026,17332.200000000026,2.6651601158609535,297.20000000000255,False
551,26271.90000000003,16271.90000000003,1.8806284522965142,350.0,False
552,28059.300000000054,18059.300000000054,1.3245383983681684,232.79999999999927,False
553,24926.600000000017,14926.600000000017,1.910213633991671,250.0,False
554,24607.500000000007,14607.500000000007,3.237054095798305,350.0,False
555,27309.19999999999,17309.19999999999,1.313748010235977,250.0,False
556,26325.70000000004,16325.70000000004,1.590694778859093,347.5,False
557,27623.60000000002,17623.60000000002,1.4383936020252568,200.0,False
558,24547.800000000032,14547.800000000032,1.7129214751373234,258.8000000000011,False
559,26272.700000000023,16272.700000000023,1.5259999877919996,250.0,False
560,28317.300000000025,18317.300000000025,1.484494455413209,200.00000000000182,False
561,24607.799999999996,14607.799999999996,1.9328776037472062,300.0,False
562,26725.600000000042,16725.600000000042,2.8085874010966285,382.7999999999993,False
563,27576.300000000054,17576.300000000054,1.1352530472787175,200.0,False
564,26505.39999999999,16505.39999999999,1.7633418855414782,300.0,False
565,27893.600000000017,17893.600000000017,1.0863543035925733,200.0,False
566,23304.30000000002,13304.300000000021,1.9748653500897346,300.0,False
567,25541.000000000004,15541.000000000004,2.525052124290281,350.0,False
568,27319.300000000014,17319.300000000014,1.474302900445239,250.0,False
569,26627.400000000023,16627.400000000023,1.5690089355058858,200.0,False
570,25163.199999999968,15163.199999999968,1.733450745730512,300.0,False
571,28097.600000000028,18097.600000000028,2.0565637287968284,250.0,False
572,28489.000000000015,18489.000000000015,1.1788671558179447,250.0,False
573,23975.90000000001,13975.900000000009,2.404691685381108,400.0,False
574,25953.80000000004,15953.80000000004,1.1728279226871834,200.0,False
575,27639.19999999999,17639.19999999999,1.346490155036623,150.0,False
576,28363.500000000015,18363.500000000015,1.749827204563549,200.0,False
577,22591.800000000032,12591.800000000032,1.7891168024904522,200.0,False
578,24834.70000000001,14834.700000000012,1.6408574398680715,366.1999999999971,False
579,27627.79999999998,17627.79999999998,1.3311413871824394,224.00000000000364,False
580,23732.40000000001,13732.400000000009,2.384267648349133,253.6999999999971,False
581,24270.60000000002,14270.60000000002,1.8799642806786663,200.0,False
582,25527.60000000004,15527.600000000039,2.5371856268434234,400.0,False
583,23522.1,13522.099999999999,2.605349896915311,595.1999999999935,False
584,25063.800000000065,15063.800000000065,2.578301886792446,273.2999999999993,False
585,23583.500000000004,13583.500000000004,1.7095069098269295,250.0,False
586,27997.800000000025,17997.800000000025,1.9417475728155338,214.60000000000218,False
587,26467.700000000004,16467.700000000004,1.7640945919686482,208.8000000000011,False
588,24473.799999999992,14473.799999999992,1.7035823256865745,250.0,False
589,28223.10000000001,18223.10000000001,1.5702883498064055,350.0,False
590,26044.200000000048,16044.200000000048,2.683966749486212,350.0,False
591,25168.30000000001,15168.30000000001,2.5097461810028943,300.0,False
592,23667.50000000003,13667.50000000003,2.5,250.0,False
593,27702.000000000036,17702.000000000036,1.3575643485501223,195.19999999999345,False
594,23874.899999999987,13874.899999999987,3.4654494687961024,350.0,False
595,25118.999999999996,15118.999999999996,2.638249259219629,295.600000000004,False
596,24452.799999999996,14452.799999999996,1.3175659946924567,250.0,False
597,25544.400000000052,15544.400000000052,1.6753673627223433,250.0,False
598,22400.300000000025,12400.300000000025,2.5791125816577805,486.4000000000051,False
599,26604.000000000022,16604.000000000022,1.117093768850957,208.8000000000029,False
600,27038.10000000003,17038.10000000003,1.7147482063733757,250.0,False
601,27809.00000000003,17809.00000000003,0.9308820107051431,200.0,False
602,28866.30000000002,18866.30000000002,1.4423076923076923,250.0,False
603,28488.699999999975,18488.699999999975,1.4547993831650623,200.0,False
604,27546.40000000003,17546.40000000003,1.324164231675774,200.0,False
605,25202.900000000038,15202.900000000038,5.484096121248381,550.0,False
606,25299.500000000025,15299.500000000025,1.5510007832553947,200.0,False
607,26184.70000000002,16184.700000000019,1.5307137718318042,200.0,False
608,25057.90000000001,15057.900000000009,1.7791061770566468,250.0,False
609,27060.300000000007,17060.300000000007,1.661317225201517,250.0,False
610,27098.200000000033,17098.200000000033,1.4068428837867364,350.0,False
611,28257.600000000046,18257.600000000046,2.1702572091129126,245.19999999999527,False
612,28303.900000000012,18303.900000000012,1.9230769230769231,250.0,False
613,25925.20000000004,15925.20000000004,2.164108690194856,250.0,False
614,25254.900000000034,15254.900000000034,2.0341164692574676,350.0,False
615,25119.70000000002,15119.700000000019,1.4948465166339053,205.0999999999931,False
616,28365.00000000003,18365.00000000003,1.3438211105337654,247.20000000000437,False
617,29596.300000000003,19596.300000000003,1.1303075001554177,200.0,False
618,24051.80000000001,14051.80000000001,1.9980362158335794,350.0,False
619,26734.499999999993,16734.499999999993,1.4048100696785806,298.90000000000146,False
620,26922.199999999968,16922.199999999968,1.9077110676122129,297.2000000000007,False
621,26576.30000000001,16576.30000000001,1.9647291817295909,250.0,False
622,27358.100000000064,17358.100000000064,2.088000000000011,208.8000000000011,False
623,27724.59999999999,17724.59999999999,1.368290638778554,225.29999999999927,False
624,26961.700000000033,16961.700000000033,2.5411023301908355,400.0,False
625,29123.999999999985,19123.999999999985,1.298262924207411,210.8000000000029,False
626,25712.000000000036,15712.000000000036,3.9627501486031287,400.0,False
627,28172.599999999995,18172.599999999995,1.1943911392102686,250.0,False
628,25983.20000000004,15983.20000000004,1.5678306241220126,250.0,False
629,27330.00000000004,17330.00000000004,1.618921959866924,250.0,False
630,27995.499999999996,17995.499999999996,1.715618995333516,368.19999999999345,False
631,26500.900000000038,16500.900000000038,1.5972909944733733,200.0,False
632,28401.000000000073,18401.000000000073,1.1604562914137817,207.20000000000073,False
633,28475.100000000042,18475.100000000042,1.3143713361899008,191.59999999999854,False
634,27433.700000000004,17433.700000000004,1.8213615423989182,298.90000000000146,False
635,27544.300000000032,17544.300000000032,2.3005429281310374,300.0,False
636,26955.000000000036,16955.000000000036,1.6196850036604877,327.9999999999927,False
637,25706.10000000005,15706.10000000005,2.543730975012079,395.6000000000022,False
638,29393.20000000005,19393.20000000005,1.0405827263267422,200.0,False
639,26729.5,16729.5,1.4001288118506903,297.2000000000007,False
640,25019.100000000006,15019.100000000006,1.4071096560554968,300.0,False
641,23038.300000000047,13038.300000000047,1.8705854184125459,250.00000000000182,False
642,24693.500000000022,14693.500000000022,2.302750251383568,300.0,False
643,27713.600000000013,17713.600000000013,1.5130576878461113,300.0,False
644,28108.40000000002,18108.40000000002,1.9120824489951997,250.0,False
645,29829.800000000036,19829.800000000036,1.3944434218526018,250.0,False
646,26702.50000000001,16702.50000000001,1.520357588104732,250.00000000000182,False
647,26733.00000000001,16733.00000000001,2.8932644717021514,537.7999999999956,False
648,25965.100000000002,15965.100000000002,1.1505979273896,250.0,False
649,24584.200000000026,14584.200000000026,2.1634532174876244,359.89999999999054,False
650,26078.90000000003,16078.90000000003,1.3290096220296626,200.0,False
651,23713.800000000017,13713.800000000017,1.475275534107357,230.50000000000182,False
652,26689.299999999985,16689.299999999985,1.4433485686793361,300.0,False
653,24453.50000000003,14453.50000000003,1.4543550662458729,200.0,False
654,27086.099999999988,17086.099999999988,1.8726154325313538,300.0,False
655,28359.699999999997,18359.699999999997,1.3636363636363635,200.0,False
656,24708.69999999999,14708.69999999999,2.144802785383883,300.0,False
657,25686.7,15686.7,1.927729423898062,200.0,False
658,25874.1,15874.099999999999,1.8445147819414625,300.0,False
659,25382.600000000002,15382.600000000002,1.8447335700877465,227.00000000000728,False
660,24859.90000000001,14859.900000000009,1.3333333333333335,211.49999999999272,False
661,23676.000000000004,13676.000000000004,2.955665024630542,300.0,False
662,23471.799999999996,13471.799999999996,1.6139231546063222,300.0,False
663,23681.200000000044,13681.200000000044,2.3057143343682927,406.1999999999971,False
664,27037.10000000001,17037.10000000001,1.0821261614820794,200.0,False
665,29090.5,19090.5,1.5284910736121298,250.0,False
666,25890.200000000023,15890.200000000023,1.486841453139713,197.20000000000437,False
667,26749.5,16749.5,2.028712560506219,250.0,False
668,24098.899999999987,14098.899999999987,2.728177986331828,400.0,False
669,27414.50000000003,17414.50000000003,1.7889247667689325,200.0,False
670,25530.90000000003,15530.90000000003,1.8098520630328068,350.0,False
671,27278.700000000004,17278.700000000004,1.1790969689347244,250.0,False
672,30181.200000000033,20181.200000000033,1.4167717439043388,200.0,False
673,25291.59999999999,15291.599999999991,1.6794021328407092,250.0,False
674,29072.40000000001,19072.40000000001,1.1538550296540737,250.0,False
675,28426.399999999998,18426.399999999998,2.4630541871921183,250.0,False
676,25135.90000000001,15135.900000000009,1.9063409028334521,318.49999999999636,False
677,30161.700000000026,20161.700000000026,1.4451284719211537,200.0,False
678,30478.2,20478.2,1.0593359150048602,307.20000000000437,False
679,27965.700000000026,17965.700000000026,2.061673489824167,350.0,False
680,29324.0,19324.0,1.4791345749895184,253.50000000000364,False
681,24812.500000000044,14812.500000000044,2.5010101010100825,495.1999999999971,False
682,26190.10000000004,16190.100000000039,1.134527764163444,250.0,False
683,29166.900000000023,19166.900000000023,1.2502656814573097,250.0,False
684,27821.10000000002,17821.10000000002,1.5962583703798292,300.0,False
685,28891.50000000006,18891.50000000006,1.4760583338253526,200.0,False
686,26273.500000000004,16273.500000000004,2.3564897728343843,300.0,False
687,25720.300000000007,15720.300000000007,2.028519447859921,364.59999999999854,False
688,28868.900000000012,18868.900000000012,2.4072024204855658,326.1999999999989,False
689,27683.10000000002,17683.10000000002,1.389802555383632,200.0,False
690,27097.60000000004,17097.60000000004,2.1834061135371177,250.0,False
691,25624.100000000028,15624.100000000028,1.3610071452875128,250.0,False
692,28304.10000000006,18304.10000000006,1.1414482695644226,200.0,False
693,26914.09999999999,16914.09999999999,2.7026296586578744,300.0,False
694,24551.70000000001,14551.700000000012,1.8072071420826266,300.0,False
695,28329.60000000003,18329.60000000003,1.3947909208409655,200.0,False
696,25125.300000000043,15125.300000000043,1.194866872126512,250.0,False
697,25717.999999999993,15717.999999999993,1.3937282229965149,208.8000000000011,False
698,23544.000000000007,13544.000000000007,1.4285714285714286,200.0,False
699,29390.100000000013,19390.100000000013,1.5245064410397127,200.0,False
700,25763.00000000001,15763.000000000011,2.0336217087024777,388.799999999992,False
701,28661.200000000033,18661.200000000033,1.3322556865113544,250.0,False
702,26828.700000000026,16828.700000000026,2.2916647569460324,250.0,False
703,23205.300000000007,13205.300000000007,1.6259951090067126,257.2000000000007,False
704,26997.100000000064,16997.100000000064,1.3262316532028389,186.49999999999636,False
705,27129.000000000015,17129.000000000015,1.746785913918389,240.50000000000364,False
706,24160.700000000026,14160.700000000026,1.498374263923642,200.0,False
707,25323.900000000012,15323.900000000012,1.2758854234365882,200.0,False
708,26812.100000000028,16812.100000000028,2.2899802255911985,309.2000000000007,False
709,26596.00000000005,16596.00000000005,1.3853834675116479,200.0,False
710,23889.000000000015,13889.000000000015,1.7478330012074088,356.0999999999949,False
711,26689.500000000036,16689.500000000036,2.411288689127017,271.00000000000364,False
712,26318.300000000017,16318.300000000017,1.9480114698915325,250.0,False
713,28671.400000000027,18671.400000000027,1.807272464396732,200.0,False
714,26158.80000000003,16158.800000000028,1.7847581652686042,250.0,False
715,26295.300000000017,16295.300000000017,1.7300439431161552,200.0,False
716,28540.30000000002,18540.30000000002,1.029286635742321,199.79999999999563,False
717,28924.10000000007,18924.10000000007,1.7510436219987098,250.0,False
718,28790.00000000003,18790.00000000003,1.4591439688715953,171.00000000000364,False
719,26130.600000000013,16130.600000000013,1.6180406914119025,350.0,False
720,26356.900000000005,16356.900000000005,2.5,250.0,False
721,27233.900000000023,17233.900000000023,1.713948800921419,250.0,False
722,27555.00000000003,17555.00000000003,1.8410442402930955,250.0,False
723,26876.100000000053,16876.100000000053,1.809807346008017,200.0,False
724,25353.000000000022,15353.000000000022,2.356600838949898,250.0,False
725,25569.900000000034,15569.900000000034,1.6660696583724175,309.5,False
726,25001.20000000002,15001.200000000019,2.2765282715383566,300.0,False
727,28142.200000000004,18142.200000000004,2.2811390588412888,263.4999999999927,False
728,25869.49999999999,15869.499999999989,1.5388166499961522,200.0,False
729,25191.6,15191.599999999999,1.4715676921138696,327.0000000000073,False
730,27076.200000000066,17076.200000000066,1.1303266644060113,200.0,False
731,27344.60000000004,17344.60000000004,1.4157621519584689,300.0,False
732,23116.000000000015,13116.000000000015,2.3910288597183373,300.0,False
733,26693.899999999994,16693.899999999994,1.7633885273942416,200.0,False
734,25305.500000000047,15305.500000000047,1.3007171287102957,200.0,False
735,27728.900000000023,17728.900000000023,1.7606873723501653,250.0,False
736,24441.000000000022,14441.000000000022,1.7783341987893109,250.0,False
737,27936.200000000048,17936.200000000048,2.1215957228630176,300.0,False
738,22760.900000000056,12760.900000000056,2.38690828543604,400.0,False
739,23473.40000000002,13473.40000000002,3.788681825953126,443.1999999999971,False
740,25534.899999999998,15534.899999999998,1.3292922847875797,300.0,False
741,27357.39999999998,17357.39999999998,1.8048423921381063,250.0,False
742,26004.900000000023,16004.900000000023,1.5863782983448766,300.0,False
743,30256.10000000005,20256.10000000005,1.6488861773871741,200.0,False
744,27137.000000000044,17137.000000000044,2.9724496382104117,350.0,False
745,24635.300000000017,14635.300000000017,2.1370971571858703,450.0,False
746,27258.4,17258.4,1.9218203482338478,250.0,False
747,27443.900000000016,17443.900000000016,1.366493577480186,200.0,False
748,27247.700000000004,17247.700000000004,1.4163152907357863,222.70000000000437,False
749,27437.10000000001,17437.10000000001,1.233501911927963,250.0,False
750,26403.69999999997,16403.69999999997,1.278065114054259,171.00000000000364,False
751,24866.00000000006,14866.000000000058,1.1091639122429502,250.0,False
752,26111.59999999997,16111.59999999997,1.9127741503432412,250.0,False
753,26908.10000000005,16908.10000000005,2.0060393234600253,236.49999999999636,False
754,26653.000000000044,16653.000000000044,2.0033467306820043,256.1999999999989,False
755,25146.899999999994,15146.899999999994,1.4667559758083042,300.0,False
756,26149.500000000025,16149.500000000025,3.523999999999978,352.3999999999978,False
757,26819.800000000014,16819.800000000014,1.4851485148514851,256.1999999999971,False
758,26986.500000000007,16986.500000000007,1.2508912600227657,200.0,False
759,27890.300000000054,17890.300000000054,1.7803478087479143,250.0,False
760,26259.900000000023,16259.900000000023,1.3866804718411416,200.0,False
761,27631.999999999993,17631.999999999993,0.9107799919851359,200.0,False
762,27032.80000000002,17032.80000000002,1.6742145840832403,300.0,False
763,26383.300000000017,16383.300000000017,1.2860379057561961,225.6999999999971,False
764,25914.59999999999,15914.599999999991,2.7162561576354394,275.6999999999971,False
765,26405.29999999997,16405.29999999997,1.9704433497536946,300.0,False
766,26705.59999999994,16705.59999999994,1.4491241493641256,250.0,False
767,27745.00000000003,17745.00000000003,2.352431944143855,299.79999999999563,False
768,30624.70000000002,20624.70000000002,0.7815200141068543,200.0,False
769,26572.90000000001,16572.90000000001,2.656258827517377,282.10000000000036,False
770,27825.900000000038,17825.900000000038,1.97832962710302,287.19999999999345,False
771,26141.80000000002,16141.800000000021,1.6083893588960008,350.0,False
772,26154.90000000001,16154.900000000009,1.30526886398808,200.0,False
773,25489.200000000037,15489.200000000037,2.471315973261453,247.69999999999527,False
774,26804.299999999974,16804.299999999974,1.9283130346247883,264.59999999999854,False
775,25658.800000000017,15658.800000000017,1.8218586602051419,250.0,False
776,26312.700000000023,16312.700000000023,1.9625116660415691,450.0,False
777,23412.400000000034,13412.400000000034,1.541644092006085,300.0,False
778,25921.100000000042,15921.100000000042,1.4779112412098931,248.90000000000146,False
779,27333.19999999999,17333.19999999999,1.53422471789443,200.0,False
780,26925.499999999993,16925.499999999993,2.164408467165926,300.0,False
781,25699.90000000007,15699.90000000007,1.7877574370709333,300.0,False
782,25515.00000000003,15515.00000000003,1.7495643515060701,200.0,False
783,25057.10000000001,15057.10000000001,2.0252098117364965,300.0,False
784,25750.00000000003,15750.00000000003,1.3888888888888888,250.0,False
785,27956.900000000005,17956.900000000005,2.20191566662997,300.0,False
786,26653.499999999978,16653.499999999978,1.5016593335635882,250.0,False
787,26507.000000000007,16507.000000000007,1.4200914538896328,271.0,False
788,23329.500000000015,13329.500000000015,3.0199410617476676,351.49999999999636,False
789,27184.20000000003,17184.20000000003,2.434472125294165,300.0,False
790,26622.40000000001,16622.40000000001,2.2029620398169634,350.0,False
791,28389.30000000005,18389.30000000005,1.04176975846568,200.0,False
792,24246.900000000016,14246.900000000016,1.5295197308045259,250.0,False
793,23072.500000000036,13072.500000000036,1.388400377644901,300.0,False
794,27881.900000000016,17881.900000000016,3.549333031682081,407.89999999999964,False
795,28667.600000000064,18667.600000000064,1.3892361979383716,250.0,False
796,24198.899999999994,14198.899999999994,1.4851485148514851,253.5,False
797,27102.300000000014,17102.300000000014,1.341657573209781,250.0,False
798,26715.600000000006,16715.600000000006,1.3440378481058028,253.50000000000364,False
799,25694.000000000007,15694.000000000007,1.9611989630082138,397.20000000000437,False
800,27727.800000000014,17727.800000000014,1.3063129751713431,222.70000000000437,False
801,27633.800000000036,17633.800000000036,1.727450980392146,221.00000000000364,False
802,30700.000000000025,20700.000000000025,1.9005083859932528,200.0,False
803,26612.300000000032,16612.300000000032,1.7397196385043445,247.69999999999527,False
804,29078.800000000036,19078.800000000036,1.0927051007474105,157.20000000000437,False
805,27308.700000000015,17308.700000000015,1.697058149697499,200.0,False
806,25644.30000000002,15644.300000000021,2.8753189806994204,400.0,False
807,27380.79999999998,17380.79999999998,1.2137027035227719,250.0,False
808,26271.000000000022,16271.000000000022,1.6667915511485263,400.40000000000146,False
809,26298.700000000033,16298.700000000033,1.4285714285714286,300.0,False
810,26155.50000000006,16155.500000000058,1.5,250.0,False
811,24552.800000000043,14552.800000000043,1.7313918659210135,300.0,False
812,27091.300000000003,17091.300000000003,1.5,200.0,False
813,24693.9,14693.900000000001,1.4862816206414786,250.0,False
814,25466.000000000015,15466.000000000015,1.6601919181857419,250.0,False
815,26987.100000000002,16987.100000000002,2.089853240056217,400.0,False
816,26757.70000000001,16757.70000000001,2.643464600232622,350.0,False
817,26016.90000000003,16016.90000000003,1.4791148976452493,250.0,False
818,25321.00000000004,15321.00000000004,1.1832875876791635,150.40000000000146,False
819,28683.900000000038,18683.900000000038,1.1643250795622129,150.0,False
820,26893.50000000003,16893.50000000003,1.671771030714335,303.50000000000364,False
821,30298.000000000033,20298.000000000033,1.4532877000995497,250.0,False
822,28536.90000000003,18536.90000000003,1.1903628225883243,200.0,False
823,26321.299999999992,16321.299999999992,1.6894974083109762,250.0,False
824,27472.10000000001,17472.10000000001,1.7514729887835672,250.0,False
825,27513.899999999994,17513.899999999994,1.4927378304548367,250.0,False
826,25932.000000000036,15932.000000000036,1.5788559609706785,275.09999999999854,False
827,24764.70000000002,14764.700000000019,1.9222636576832886,250.0,False
828,28172.80000000001,18172.80000000001,0.9345794392523363,200.0,False
829,28301.600000000042,18301.600000000042,1.0298236941835535,250.0,False
830,26273.400000000067,16273.400000000067,1.6181491609896594,250.0,False
831,26690.400000000038,16690.400000000038,1.6286379700656348,250.0,False
832,24327.700000000004,14327.700000000004,2.304023593201595,300.0,False
833,27429.500000000007,17429.500000000007,1.368504929212024,200.0,False
834,25122.10000000002,15122.10000000002,1.9950721717358122,300.0,False
835,26609.800000000032,16609.800000000032,1.8788339956223172,300.0,False
836,27418.900000000038,17418.900000000038,1.6850146034598945,300.0,False
837,26965.999999999993,16965.999999999993,1.5991940062208645,250.0,False
838,23874.2,13874.2,1.425049520470837,225.6999999999971,False
839,26310.60000000002,16310.60000000002,2.484545454545448,273.2999999999993,False
840,26128.399999999994,16128.399999999994,2.4035226027265555,300.0,False
841,28314.700000000015,18314.700000000015,1.4059068730039117,245.19999999999345,False
842,24746.80000000001,14746.80000000001,3.326392542478407,448.9000000000033,False
843,26474.30000000001,16474.30000000001,1.154961135557788,250.0,False
844,28800.70000000003,18800.70000000003,0.9651298582224225,200.0,False
845,26480.400000000027,16480.400000000027,1.6857578745964705,245.60000000000582,False
846,25718.100000000042,15718.100000000042,2.0328278880725454,350.0,False
847,26233.30000000001,16233.30000000001,1.4285714285714286,200.0,False
848,26669.099999999988,16669.099999999988,1.5569654742906074,200.0,False
849,26347.000000000036,16347.000000000036,1.5,200.0,False
850,27795.90000000001,17795.90000000001,1.1064945698778992,200.0,False
851,26763.900000000023,16763.900000000023,1.5770756286617722,200.0,False
852,25658.10000000002,15658.10000000002,2.272727272727273,250.0,False
853,25470.700000000004,15470.700000000004,2.1167605097159305,250.0,False
854,25786.80000000007,15786.800000000068,1.4205621638002879,250.0,False
855,27197.80000000004,17197.80000000004,1.6223126391133076,250.0,False
856,27647.900000000052,17647.900000000052,1.6175733165105708,200.0,False
857,25695.29999999996,15695.29999999996,2.3594477004822716,250.0,False
858,26986.70000000003,16986.70000000003,1.8407279465452584,300.0,False
859,23681.600000000028,13681.600000000028,1.951219512195122,273.3000000000029,False
860,28155.200000000033,18155.200000000033,2.1073749694430624,250.0,False
861,23803.70000000002,13803.700000000019,1.5665141926185837,250.0,False
862,29997.200000000033,19997.200000000033,1.2717684364030997,240.79999999999927,False
863,22623.10000000002,12623.10000000002,2.5,250.0,False
864,28374.800000000036,18374.800000000036,1.2965508044171619,350.0,False
865,25280.500000000047,15280.500000000047,1.7331194028795447,245.19999999999527,False
866,27123.900000000012,17123.900000000012,1.419997349338281,161.5,False
867,25267.600000000013,15267.600000000013,1.3472731192067249,200.0,False
868,27598.400000000038,17598.400000000038,1.6917382271936763,250.0,False
869,24807.1,14807.099999999999,4.260818929398226,600.0,False
870,25584.900000000023,15584.900000000023,1.6685020188874415,250.0,False
871,26543.200000000004,16543.200000000004,2.5,250.0,False
872,26677.60000000003,16677.60000000003,2.53002092234117,287.79999999999745,False
873,26096.800000000003,16096.800000000003,1.622744385304426,200.0,False
874,26899.100000000035,16899.100000000035,1.6855169111599209,436.49999999999636,False
875,26093.200000000026,16093.200000000026,1.097132826214159,200.0,False
876,23547.09999999999,13547.099999999991,1.5662531507932305,316.8999999999942,False
877,26735.999999999985,16735.999999999985,1.806537860517213,200.0,False
878,25184.19999999999,15184.19999999999,1.9929979339254746,300.0,False
879,27088.00000000003,17088.00000000003,1.749811895221263,250.0,False
880,30873.300000000014,20873.300000000014,1.7490161783996487,200.0,False
881,27601.500000000007,17601.500000000007,1.2526069882943878,250.0,False
882,25639.700000000004,15639.700000000004,2.277655290537707,250.0,False
883,27910.70000000001,17910.70000000001,1.2795905310300695,150.0,False
884,27189.200000000026,17189.200000000026,1.2258833823743849,250.0,False
885,26866.000000000022,16866.000000000022,1.951219512195122,250.0,False
886,28603.20000000001,18603.20000000001,1.2219461529061941,200.0,False
887,27906.000000000022,17906.000000000022,0.9891196834817003,200.0,False
888,24168.800000000017,14168.800000000017,2.3906940526362535,400.0,False
889,27020.099999999984,17020.099999999984,0.9601351870343351,250.0,False
890,25078.900000000023,15078.900000000023,1.648682290679172,200.0,False
891,26335.000000000036,16335.000000000036,2.0061100380014545,350.0,False
892,23236.30000000001,13236.30000000001,2.2069014221272756,250.0,False
893,25834.500000000044,15834.500000000044,1.518625947242933,200.0,False
894,27600.300000000032,17600.300000000032,1.089807394706442,191.49999999999636,False
895,27110.60000000001,17110.60000000001,2.191360383826172,372.70000000000437,False
896,28458.30000000002,18458.30000000002,1.5908620881655753,200.0,False
897,27874.300000000017,17874.300000000017,1.1115989795521362,200.0,False
898,23124.90000000001,13124.900000000009,2.0539906103286385,350.0,False
899,26795.0,16795.0,1.414952548632249,200.0,False
900,28511.799999999985,18511.799999999985,1.1891454800580312,250.0,False
901,26839.200000000066,16839.200000000066,2.0626110816625625,264.60000000000036,False
902,28630.200000000004,18630.200000000004,1.2875536480686696,200.0,False
903,24088.00000000001,14088.000000000011,1.9975230713914742,350.0,False
904,25389.400000000023,15389.400000000023,1.9704433497536946,285.0,False
905,27447.000000000015,17447.000000000015,1.4222525636102445,200.0,False
906,26064.500000000044,16064.500000000044,1.5647493271577884,214.60000000000036,False
907,24524.2,14524.2,2.4188710644967784,300.0,False
908,26306.600000000006,16306.600000000006,1.3129079861566981,250.0,False
909,27754.40000000002,17754.40000000002,1.7762094506184145,300.0,False
910,27531.40000000002,17531.40000000002,1.1502630077951328,200.0,False
911,27625.299999999996,17625.299999999996,2.3306686831586605,345.19999999999527,False
912,25724.500000000044,15724.500000000044,1.409449891707265,300.0,False
913,25320.39999999999,15320.39999999999,0.9929027312768336,250.0,False
914,26530.000000000044,16530.000000000044,1.5220931825446349,300.0,False
915,27759.70000000002,17759.70000000002,1.1157073323503168,200.0,False
916,27264.800000000007,17264.800000000007,1.8085425214183086,350.0,False
917,27038.00000000001,17038.00000000001,1.5643087319713436,200.0,False
918,27301.600000000017,17301.600000000017,1.6142150625090543,246.10000000000582,False
919,28050.100000000028,18050.100000000028,1.4660276289821867,200.0,False
920,26498.400000000045,16498.400000000045,1.8801980198019586,200.0,False
921,26851.30000000001,16851.30000000001,1.3434119080031532,240.79999999999927,False
922,24966.800000000003,14966.800000000003,1.4423076923076923,264.59999999999854,False
923,25929.500000000044,15929.500000000044,1.4520953736241378,321.00000000000364,False
924,27634.200000000004,17634.200000000004,1.5467234211047312,250.0,False
925,22512.70000000001,12512.700000000012,1.7689174667332952,400.0,False
926,28883.300000000017,18883.300000000017,0.9828847010719997,150.00000000000182,False
927,26590.200000000023,16590.200000000023,2.0173026933872817,350.0,False
928,26573.00000000001,16573.00000000001,1.52446460802967,250.00000000000182,False
929,27106.20000000002,17106.20000000002,1.9417475728155338,250.0,False
930,24924.900000000034,14924.900000000034,2.3696682464454977,250.0,False
931,28441.500000000044,18441.500000000044,1.6067044563554795,250.0,False
932,27532.40000000001,17532.40000000001,2.830135280466405,300.0,False
933,26413.700000000026,16413.700000000026,2.0735358763177336,250.0,False
934,26373.40000000001,16373.400000000009,2.1697057011186995,250.0,False
935,25007.400000000023,15007.400000000023,1.8720456779145405,400.0,False
936,28203.200000000048,18203.200000000048,1.4675021645656923,200.0,False
937,25551.20000000002,15551.200000000019,1.477832512315271,250.0,False
938,27954.000000000033,17954.000000000033,2.8240605884066214,387.79999999999745,False
939,26961.600000000028,16961.600000000028,1.0907187109159122,150.0,False
940,26534.40000000004,16534.40000000004,1.3828007245875795,250.0,False
941,25088.700000000008,15088.700000000008,2.55346534653465,300.0,False
942,28693.70000000004,18693.70000000004,3.4608961990707483,400.0,False
943,29547.900000000023,19547.900000000023,0.9299384380753993,200.0,False
944,23830.700000000015,13830.700000000015,2.229725425240491,350.0,False
945,25971.900000000016,15971.900000000016,2.463461538461528,256.1999999999989,False
946,26376.099999999988,16376.099999999988,1.5811226895729453,200.0,False
947,25872.000000000036,15872.000000000036,1.781316583192671,257.5,False
948,27427.10000000003,17427.10000000003,1.6693710477640438,250.0,False
949,26549.90000000001,16549.90000000001,1.452011035283868,300.0,False
950,27573.700000000063,17573.700000000063,1.6851471133429923,450.0,False
951,27444.90000000001,17444.90000000001,2.07721708303329,300.0,False
952,25692.500000000007,15692.500000000007,2.6337374239038014,386.49999999999636,False
953,25911.899999999994,15911.899999999994,1.6503420333864185,200.0,False
954,28570.20000000001,18570.20000000001,1.2349643095314549,210.79999999999563,False
955,25293.10000000003,15293.100000000031,1.4325123152708428,250.0,False
956,26871.800000000003,16871.800000000003,1.477832512315271,200.0,False
957,26630.800000000036,16630.800000000036,1.550724188195887,247.20000000000437,False
958,26809.000000000007,16809.000000000007,1.354848324730047,200.0,False
959,23232.300000000032,13232.300000000032,1.82320391624201,200.0,False
960,27126.600000000006,17126.600000000006,1.6894745734076695,300.0,False
961,27220.60000000002,17220.60000000002,1.0040137614679014,222.70000000000437,False
962,26289.100000000028,16289.100000000028,2.5,250.0,False
963,26043.100000000013,16043.100000000013,1.9155497947169124,300.0,False
964,26934.20000000003,16934.20000000003,1.3432013861838308,200.0,False
965,26745.40000000002,16745.40000000002,1.5096846268814437,300.0,False
966,26614.499999999993,16614.499999999993,1.5,250.0,False
967,27181.900000000038,17181.900000000038,1.571178305169963,250.0,False
968,26569.300000000032,16569.300000000032,1.7012975229108056,350.0,False
969,26043.899999999994,16043.899999999994,1.698158064552648,300.0,False
970,29137.09999999999,19137.09999999999,0.971584395059169,200.0,False
971,26102.799999999996,16102.799999999996,1.9464189783636083,300.0,False
972,26500.400000000038,16500.400000000038,1.6439932596276365,300.0,False
973,27320.700000000015,17320.700000000015,1.440258094250489,275.29999999999563,False
974,24473.000000000022,14473.000000000022,1.8049941863684555,250.0,False
975,29167.60000000003,19167.60000000003,1.5331544653123803,200.0,False
976,27166.000000000015,17166.000000000015,2.386318440938618,450.0,False
977,27479.200000000026,17479.200000000026,2.76490050966333,300.0,False
978,25297.800000000007,15297.800000000007,1.5786395161238749,245.600000000004,False
979,26201.50000000005,16201.500000000051,1.8327102118612972,350.0,False
980,25169.400000000016,15169.400000000016,2.8660194174756826,300.0,False
981,24023.800000000054,14023.800000000054,3.2298176767921425,400.0,False
982,23776.500000000022,13776.500000000022,1.5619999999999892,200.0,False
983,29033.10000000002,19033.10000000002,1.3245851840731875,150.0,False
984,26289.899999999987,16289.899999999987,2.619446949456804,310.7999999999993,False
985,25337.40000000001,15337.400000000009,1.872815533980579,250.0,False
986,23728.80000000003,13728.800000000028,2.187176685586089,250.0,False
987,27731.300000000025,17731.300000000025,1.36986301369863,250.0,False
988,24557.999999999975,14557.999999999975,2.214634146341534,250.0,False
989,24289.89999999998,14289.89999999998,1.508170513758286,250.0,False
990,25444.000000000022,15444.000000000022,1.9196510842189343,250.0,False
991,25824.699999999975,15824.699999999975,2.035913514393906,250.0,False
992,26429.100000000013,16429.100000000013,2.044657370177087,262.89999999999964,False
993,26188.00000000006,16188.000000000058,1.6828460292045884,350.0,False
994,26876.100000000042,16876.100000000042,1.1794214544625374,250.0,False
995,27319.800000000032,17319.800000000032,1.571808050800836,200.0,False
996,26750.100000000042,16750.100000000042,1.4051653879661639,298.90000000000146,False
997,24223.90000000003,14223.90000000003,2.7016800363250866,499.79999999999563,False
998,25301.600000000042,15301.600000000042,1.6617506543143188,300.0,False
999,26663.00000000002,16663.00000000002,1.7854592201114114,200.0,False
1000,26477.19999999999,16477.19999999999,1.722741916033561,200.0,False
1001,26858.19999999999,16858.19999999999,1.104313448329173,200.0,False
1002,28569.800000000017,18569.800000000017,1.347182368077166,230.50000000000364,False
1003,26495.79999999999,16495.79999999999,2.137026114459118,300.0,False
1004,25620.200000000004,15620.200000000004,3.329533014560307,586.9999999999964,False
1005,29032.500000000022,19032.500000000022,1.383011091748956,250.0,False
1006,29172.59999999995,19172.59999999995,1.2772892855865585,250.0,False
1007,28713.80000000004,18713.80000000004,1.358466780053359,271.00000000000364,False
1008,27305.4,17305.4,1.6519851692947298,225.29999999999563,False
1009,24297.100000000057,14297.100000000057,2.8752865017621367,350.0,False
1010,25172.900000000045,15172.900000000045,1.378467419922529,300.0,False
1011,26005.600000000042,16005.600000000042,1.3221800104011507,300.0,False
1012,26767.999999999996,16767.999999999996,1.299027461440534,200.0,False
1013,29129.400000000016,19129.400000000016,1.688995182985737,250.0,False
1014,25440.300000000032,15440.300000000032,2.298470138275961,250.0,False
1015,26122.400000000034,16122.400000000034,1.8019208476235653,300.0,False
1016,28889.4,18889.4,1.1665292434714516,210.79999999999563,False
1017,28313.599999999995,18313.599999999995,1.8863368846769073,250.0,False
1018,29183.400000000016,19183.400000000016,1.3636859522164442,250.0,False
1019,25853.399999999983,15853.399999999983,1.884605599163236,245.1999999999971,False
1020,26312.200000000048,16312.200000000048,1.4205756172401023,300.0,False
1021,26142.000000000007,16142.000000000007,1.6241826880687538,350.0,False
1022,26222.59999999999,16222.599999999991,2.090284915126129,445.39999999999054,False
1023,24070.600000000013,14070.600000000013,1.5040873573937183,236.49999999999272,False
1024,25941.699999999975,15941.699999999975,1.375679815108633,200.0,False
1025,26835.700000000063,16835.700000000063,1.4467732134762104,200.0,False
1026,25243.70000000002,15243.700000000019,1.8142630100800452,250.0,False
1027,24737.600000000028,14737.600000000028,2.3923444976076556,276.1999999999971,False
1028,27159.500000000007,17159.500000000007,1.489791205762512,300.0,False
1029,28077.999999999993,18077.999999999993,1.618052757199104,208.8000000000011,False
1030,28495.700000000033,18495.700000000033,1.762015181522803,250.0,False
1031,27084.500000000007,17084.500000000007,1.699789905967621,370.7999999999993,False
1032,23846.899999999994,13846.899999999994,2.6937644719557516,527.0000000000073,False
1033,25074.600000000028,15074.600000000028,1.6202115996349111,300.0,False
1034,24771.99999999999,14771.999999999989,1.9383651128436534,294.5000000000073,False
1035,26941.499999999993,16941.499999999993,1.6291420937734196,350.0,False
1036,24652.100000000046,14652.100000000046,1.6643642960571199,323.3000000000029,False
1037,24327.50000000003,14327.50000000003,1.4235348267795358,300.0,False
1038,24805.100000000002,14805.100000000002,1.865201861471457,250.0,False
1039,27444.1,17444.1,1.7889139777114433,245.600000000004,False
1040,27427.40000000001,17427.40000000001,1.8193224592221062,250.0,False
1041,25322.100000000028,15322.100000000028,1.794279835883203,300.0,False
1042,27304.20000000001,17304.20000000001,1.9173617102866465,200.0,False
1043,25658.899999999994,15658.899999999994,1.7415079717527402,300.0,False
1044,27006.40000000001,17006.40000000001,0.9209968870305227,226.1999999999971,False
1045,26852.900000000045,16852.900000000045,1.9130920541634593,500.0,False
1046,30942.300000000007,20942.300000000007,1.0329884873433084,200.0,False
1047,28596.200000000004,18596.200000000004,1.197214520988833,250.0,False
1048,27521.899999999987,17521.899999999987,1.799581023212015,213.90000000000327,False
1049,28161.800000000025,18161.800000000025,1.3430390287141745,250.0,False
1050,29661.500000000044,19661.500000000044,1.3422103151594726,201.39999999999418,False
1051,26364.800000000025,16364.800000000025,1.7911317444533632,282.79999999999745,False
1052,24813.999999999996,14813.999999999996,1.723460432795383,327.0000000000073,False
1053,25776.30000000004,15776.30000000004,1.28500569685859,200.0,False
1054,24558.00000000001,14558.000000000011,3.374587667569372,400.0,False
1055,25255.5,15255.5,1.6919996616000683,300.0,False
1056,26652.700000000004,16652.700000000004,1.6405679646293545,250.0,False
1057,30173.90000000007,20173.90000000007,1.458321180656828,250.0,False
1058,25794.399999999987,15794.399999999987,2.955665024630542,300.0,False
1059,25056.7,15056.7,1.4484916373749477,300.0,False
1060,26700.700000000004,16700.700000000004,1.8370871146709786,250.39999999999782,False
1061,26095.400000000027,16095.400000000027,1.4732062230707783,250.0,False
1062,27944.000000000007,17944.000000000007,1.5698868784369304,350.0,False
1063,27885.20000000002,17885.20000000002,1.1916181578774896,200.0,False
1064,28119.20000000006,18119.20000000006,1.5494472900166874,350.0,False
1065,26060.800000000017,16060.800000000017,1.3680389617496305,350.0,False
1066,28468.900000000023,18468.900000000023,1.0132892890255698,200.0,False
1067,27778.199999999986,17778.199999999986,1.346003714970253,250.0,False
1068,26615.000000000036,16615.000000000036,1.5905457957898248,208.79999999999927,False
1069,24468.700000000026,14468.700000000026,2.399097939174868,300.0,False
1070,28749.800000000036,18749.800000000036,0.9544443702098827,150.0,False
1071,25715.90000000001,15715.900000000009,1.5066707849001442,200.0,False
1072,25409.400000000005,15409.400000000005,2.509272240066703,282.79999999999745,False
1073,26827.800000000054,16827.800000000054,1.31159861145907,219.9000000000051,False
1074,26707.599999999984,16707.599999999984,2.4086402743923014,250.0,False
1075,26971.0,16971.0,2.0840061874245275,250.0,False
1076,24468.599999999988,14468.599999999988,3.334008233785478,395.19999999999527,False
1077,26257.900000000016,16257.900000000016,1.6111102160498805,300.0,False
1078,23695.599999999984,13695.599999999984,2.5621692056543433,350.0,False
1079,27262.200000000033,17262.200000000033,1.5236377155185536,250.0,False
1080,26580.50000000003,16580.50000000003,1.6283197368635292,350.3999999999978,False
1081,27746.100000000013,17746.100000000013,1.2820951143628831,200.0,False
1082,23560.800000000025,13560.800000000025,1.9876131945714293,250.0,False
1083,27149.400000000023,17149.400000000023,2.3498052856440363,248.59999999999673,False
1084,25037.200000000066,15037.200000000066,1.7829761437791958,258.8000000000029,False
1085,27216.900000000023,17216.900000000023,2.657030829553345,345.600000000004,False
1086,28228.700000000033,18228.700000000033,1.307132586815388,200.0,False
1087,25900.09999999999,15900.099999999991,1.3727854558946848,200.0,False
1088,27948.700000000063,17948.700000000063,2.0577236551922566,214.60000000000036,False
1089,26682.500000000015,16682.500000000015,1.12910146105729,200.0,False
1090,27889.60000000005,17889.60000000005,1.581627811343433,200.0,False
1091,25098.10000000002,15098.10000000002,1.9502040997099086,264.2000000000007,False
1092,26594.700000000004,16594.700000000004,2.9588133186050176,300.0,False
1093,23632.200000000048,13632.200000000048,2.0018989441412964,350.0,False
1094,25802.60000000004,15802.600000000039,2.358490566037736,416.0999999999949,False
1095,24779.000000000044,14779.000000000044,2.0348259605136954,250.0,False
1096,28124.300000000017,18124.300000000017,1.3937670736466519,250.0,False
1097,26358.50000000003,16358.50000000003,2.1409608632354185,400.0,False
1098,24585.79999999999,14585.799999999988,2.1960975609756312,250.0,False
1099,25694.299999999985,15694.299999999985,1.9155253328225268,400.0,False
1100,24984.60000000002,14984.60000000002,1.7465418471426593,300.0,False
1101,27965.500000000055,17965.500000000055,1.132851779075478,245.60000000000582,False
1102,26627.299999999996,16627.299999999996,1.930651015522434,300.0,False
1103,28134.40000000002,18134.40000000002,1.7870172978695698,249.79999999999563,False
1104,24878.800000000003,14878.800000000003,1.295224937397462,200.0,False
1105,26157.89999999999,16157.89999999999,1.1244124944716394,200.0,False
1106,27481.599999999977,17481.599999999977,2.3176456950764104,319.9000000000069,False
1107,26789.30000000004,16789.30000000004,2.197087540755974,250.0,False
1108,24841.6,14841.599999999999,2.1839919629095768,350.0,False
1109,23718.40000000001,13718.400000000009,1.4282653717060638,300.0,False
1110,24693.600000000006,14693.600000000006,2.219704433497512,300.0,False
1111,28269.000000000036,18269.000000000036,1.6506689335853353,248.90000000000146,False
1112,24029.90000000001,14029.900000000009,3.858322401419866,500.0,False
1113,27758.400000000016,17758.400000000016,1.4084507042253522,250.0,False
1114,25530.400000000027,15530.400000000027,1.486630865690082,275.1000000000022,False
1115,29048.4,19048.4,1.6341604909018104,200.0,False
1116,23154.80000000005,13154.80000000005,1.8683207533069246,250.0,False
1117,25722.500000000036,15722.500000000036,1.6028633675692658,300.0,False
1118,26581.899999999932,16581.899999999932,1.0729441049768536,200.0,False
1119,26644.40000000006,16644.40000000006,1.7627202298587157,256.2000000000007,False
1120,26640.800000000036,16640.800000000036,1.3574414942715964,198.90000000000327,False
1121,24424.19999999999,14424.19999999999,1.7008198590097512,212.6999999999971,False
1122,27333.900000000016,17333.900000000016,1.3620514310620362,247.20000000000073,False
1123,26880.600000000013,16880.600000000013,1.4103019738586418,250.0,False
1124,25175.300000000017,15175.300000000017,1.9598812311973888,250.0,False
1125,25536.899999999994,15536.899999999994,1.5866971312515865,250.0,False
1126,23578.00000000001,13578.000000000011,1.9544610573634336,300.0,False
1127,25456.400000000012,15456.400000000012,1.7367612221752549,258.8000000000011,False
1128,25178.600000000006,15178.600000000006,1.695231314312837,250.0,False
1129,25809.699999999993,15809.699999999993,2.3098955927192106,300.0,False
1130,25389.40000000003,15389.40000000003,1.888984028889393,360.8000000000029,False
1131,27493.600000000017,17493.600000000017,2.091407189629823,350.0,False
1132,27076.899999999994,17076.899999999994,1.6322999514390761,400.0,False
1133,24575.400000000027,14575.400000000027,2.9535864978902953,350.0,False
1134,26246.90000000004,16246.900000000041,1.6839668704112072,250.0,False
1135,27397.699999999997,17397.699999999997,1.1848130661184941,250.0,False
1136,23981.700000000026,13981.700000000026,2.5718176512547726,396.59999999999854,False
1137,25709.600000000028,15709.600000000028,1.5769720034903634,300.0,False
1138,25756.500000000044,15756.500000000044,2.7730981746081227,400.0,False
1139,27239.20000000001,17239.20000000001,1.8783857903871726,250.0,False
1140,26358.700000000026,16358.700000000026,2.7380812242495844,348.9000000000033,False
1141,28377.500000000007,18377.500000000007,0.9133532241368816,150.0,False
1142,24065.40000000001,14065.400000000009,2.2293577981651542,250.0,False
1143,23544.199999999983,13544.199999999983,1.7108056820912214,348.90000000000146,False
1144,25020.10000000004,15020.100000000039,2.0,250.0,False
1145,28964.200000000048,18964.200000000048,1.594667432107033,300.0,False
1146,26373.40000000003,16373.40000000003,1.8553839531552645,250.0,False
1147,26733.799999999996,16733.799999999996,3.902439024390244,400.0,False
1148,23564.200000000055,13564.200000000055,4.023481562683664,506.49999999999636,False
1149,27254.70000000003,17254.70000000003,1.4374954067759527,200.0,False
1150,27153.60000000003,17153.60000000003,2.3576180879551556,256.1999999999989,False
1151,25659.200000000048,15659.200000000048,1.3270813058480047,250.0,False
1152,26193.100000000006,16193.100000000006,2.1861746316295734,450.0,False
1153,28300.000000000036,18300.000000000036,1.0821823169593918,214.59999999999854,False
1154,25755.09999999999,15755.099999999991,1.987083954297069,350.0,False
1155,26281.600000000006,16281.600000000006,1.658044833532298,200.0,False
1156,26494.70000000001,16494.70000000001,2.9400893787171096,350.0,False
1157,24441.800000000032,14441.800000000032,2.3946426350052943,346.49999999999636,False
1158,25804.900000000016,15804.900000000016,1.692035925306767,250.0,False
1159,24671.00000000006,14671.000000000058,1.7724588257814755,250.0,False
1160,27010.699999999986,17010.699999999986,2.0238575783305226,290.7999999999993,False
1161,28866.099999999973,18866.099999999973,1.577572529123245,261.4999999999982,False
1162,25445.50000000003,15445.50000000003,2.8450401466776225,450.0,False
1163,25527.399999999998,15527.399999999998,2.5845358604350634,300.0,False
1164,24562.100000000028,14562.100000000028,1.485398532426248,300.0,False
1165,28428.600000000042,18428.600000000042,2.0481818181817952,225.29999999999745,False
1166,24383.900000000023,14383.900000000023,1.4270706469697154,248.59999999999854,False
1167,25106.59999999998,15106.59999999998,1.7355838070030816,300.0,False
1168,28165.20000000002,18165.20000000002,1.4320727001935332,350.0,False
1169,26219.30000000002,16219.300000000021,1.5334013141249252,232.79999999999927,False
1170,24187.600000000028,14187.600000000028,2.938984234212949,311.49999999999636,False
1171,26617.499999999964,16617.499999999964,1.4220166091539947,200.0,False
1172,27567.599999999973,17567.599999999973,1.318630129623514,245.99999999999636,False
1173,25968.000000000022,15968.000000000022,1.3736740000825338,332.79999999999563,False
1174,27180.999999999956,17180.999999999956,1.699304644539457,250.0,False
1175,27873.999999999985,17873.999999999985,1.8403835359288885,250.0,False
1176,23656.200000000033,13656.200000000033,2.955665024630542,300.0,False
1177,26282.10000000002,16282.10000000002,1.839696229358608,250.0,False
1178,26445.400000000034,16445.400000000034,2.5038155343810855,303.50000000000364,False
1179,24836.600000000042,14836.600000000042,2.516462003915312,353.50000000000364,False
1180,27220.500000000022,17220.500000000022,2.7027027027027026,350.0,False
1181,25487.79999999999,15487.799999999988,1.87844577396662,268.6999999999971,False
1182,23869.00000000005,13869.000000000051,3.6528209258619957,476.1999999999989,False
1183,27216.900000000023,17216.900000000023,1.3854925079492626,200.0,False
1184,25849.500000000015,15849.500000000015,1.882870398264744,250.0,False
1185,29628.699999999997,19628.699999999997,1.4309700068686564,179.39999999999782,False
1186,28368.600000000042,18368.600000000042,1.0487970298068094,150.0,False
1187,26385.800000000017,16385.800000000017,1.2309207287050719,250.0,False
1188,30019.59999999998,20019.59999999998,1.2028194086939799,150.0,False
1189,28586.6,18586.6,1.0947147173446612,200.0,False
1190,27955.00000000006,17955.00000000006,1.1692450017988054,250.0,False
1191,23742.600000000057,13742.600000000057,1.7157014130516814,250.0,False
1192,26485.400000000063,16485.400000000063,1.5,212.3000000000029,False
1193,24607.999999999993,14607.999999999993,1.9658338084098368,200.0,False
1194,27363.10000000003,17363.10000000003,1.8560795886927617,300.0,False
1195,26978.000000000022,16978.000000000022,2.3615459354420785,350.0,False
1196,28287.399999999972,18287.399999999972,1.674996985005427,300.0,False
1197,26917.39999999998,16917.39999999998,1.373581090733272,250.0,False
1198,25790.100000000002,15790.100000000002,1.5720000000000254,200.0,False
1199,25757.600000000002,15757.600000000002,1.2240126807713727,250.0,False
1200,26686.700000000044,16686.700000000044,1.2859200329195524,200.0,False
1201,24334.60000000002,14334.60000000002,3.114135014512674,498.9000000000033,False
1202,27141.100000000013,17141.100000000013,1.9417475728155338,200.0,False
1203,26901.4,16901.4,1.5535428544796404,308.8000000000029,False
1204,23824.70000000004,13824.70000000004,2.9870872485512603,350.0,False
1205,28278.100000000013,18278.100000000013,1.5,200.0,False
1206,26574.90000000001,16574.90000000001,2.912621359223301,300.0,False
1207,26909.20000000002,16909.20000000002,1.584936761023234,200.0,False
1208,25624.800000000003,15624.800000000003,2.077257355568294,250.0,False
1209,27214.600000000024,17214.600000000024,1.7966062108676708,250.0,False
1210,27240.60000000002,17240.60000000002,1.5355869930443566,200.0,False
1211,25552.800000000007,15552.800000000007,1.4341441027994493,250.0,False
1212,25819.1,15819.099999999999,1.9230769230769231,200.0,False
1213,26054.100000000006,16054.100000000006,1.4595344085236805,300.0,False
1214,24304.000000000022,14304.000000000022,1.729106628242072,300.0,False
1215,23297.299999999996,13297.299999999996,2.088000000000011,250.0,False
1216,28819.70000000005,18819.70000000005,1.4481588108878358,250.0,False
1217,26433.60000000006,16433.60000000006,2.3353209509426915,300.0,False
1218,25372.000000000007,15372.000000000007,2.314814814814815,300.0,False
1219,27675.600000000006,17675.600000000006,1.3061992215052651,300.0,False
1220,25951.59999999998,15951.59999999998,1.4423076923076923,200.0,False
1221,29286.700000000015,19286.700000000015,1.8064738792414743,250.0,False
1222,28338.100000000057,18338.100000000057,2.219521872830029,268.49999999999454,False
1223,28782.999999999993,18782.999999999993,1.054285267554657,150.0,False
1224,25298.800000000017,15298.800000000017,1.3441944242815271,200.0,False
1225,27036.100000000035,17036.100000000035,1.3731359679235426,300.0,False
1226,26603.9,16603.9,2.215705746781805,236.49999999999636,False
1227,26692.399999999998,16692.399999999998,1.7407543268749888,208.8000000000011,False
1228,24664.100000000017,14664.100000000017,2.0616714657796886,300.0,False
1229,29079.300000000054,19079.300000000054,1.2756756756756626,200.0,False
1230,27708.499999999985,17708.499999999985,1.5,250.0,False
1231,23850.40000000001,13850.400000000009,2.0007670150873085,350.0,False
1232,29836.699999999997,19836.699999999997,0.9852216748768473,200.0,False
1233,26165.499999999993,16165.499999999993,1.360416006305212,250.0,False
1234,26885.00000000002,16885.00000000002,1.8116270222286643,250.0,False
1235,24643.799999999974,14643.799999999974,2.531944702327702,300.0,False
1236,27867.299999999977,17867.299999999977,2.5736602664906205,397.69999999999527,False
1237,26361.600000000017,16361.600000000017,2.1319705305602588,425.1000000000022,False
1238,27382.50000000002,17382.50000000002,1.4349123746843198,250.0,False
1239,27223.4,17223.4,1.656936765769896,300.0,False
1240,23440.700000000004,13440.700000000004,3.5213420933019797,525.6999999999971,False
1241,27837.20000000001,17837.20000000001,2.643744145995105,350.0,False
1242,26265.800000000047,16265.800000000047,2.1998134558189464,350.0,False
1243,26180.100000000013,16180.100000000013,2.2452568948097134,300.0,False
1244,26044.799999999996,16044.799999999996,1.6648650488990626,250.0,False
1245,25975.700000000033,15975.700000000033,1.2887372951981635,250.0,False
1246,27573.100000000042,17573.100000000042,1.8018018018018018,200.0,False
1247,25798.19999999998,15798.199999999979,1.8646453910627543,275.1000000000022,False
1248,31418.200000000023,21418.200000000023,1.082079323628284,273.2999999999993,False
1249,26642.60000000005,16642.60000000005,1.2575031018409835,271.0,False
1250,22267.100000000035,12267.100000000035,1.532792564116711,250.0,False
1251,28820.500000000033,18820.500000000033,1.6314278256329928,232.79999999999927,False
1252,26964.500000000007,16964.500000000007,1.8112168660514558,200.0,False
1253,25716.900000000023,15716.900000000023,2.8430321343860676,350.0,False
1254,26168.40000000001,16168.400000000009,1.9449955265102878,250.0,False
1255,26882.800000000054,16882.800000000054,1.0968119333138342,200.0,False
1256,28134.500000000044,18134.500000000044,3.225806451612903,350.0,False
1257,29059.000000000036,19059.000000000036,1.7432704902350074,300.0,False
1258,29224.799999999996,19224.799999999996,1.5,250.0,False
1259,29769.800000000032,19769.800000000032,2.0,200.0,False
1260,25511.20000000002,15511.200000000019,1.3806433798149924,300.0,False
1261,25989.700000000084,15989.700000000084,1.818297528024507,250.0,False
1262,26209.79999999999,16209.799999999988,1.732111617272616,250.0,False
1263,25767.800000000054,15767.800000000054,1.7995062154944679,253.50000000000728,False
1264,29149.000000000007,19149.000000000007,1.4330616885288188,226.89999999999418,False
1265,29191.800000000017,19191.800000000017,1.4631605438275117,250.0,False
1266,27218.899999999994,17218.899999999994,1.3015410245730936,226.99999999999636,False
1267,24874.100000000017,14874.100000000017,1.5572635759431992,250.0,False
1268,26269.900000000034,16269.900000000034,1.521201749382013,200.0,False
1269,24627.59999999999,14627.599999999991,2.204159807521872,278.50000000000364,False
1270,23703.10000000002,13703.10000000002,2.0,250.0,False
1271,27462.70000000004,17462.70000000004,3.008216729122972,350.0,False
1272,25655.800000000047,15655.800000000047,2.164545238842391,282.79999999999745,False
1273,25988.400000000038,15988.400000000038,1.108530697986353,200.0,False
1274,25146.500000000044,15146.500000000044,1.961520343873259,266.49999999999636,False
1275,27355.899999999987,17355.899999999987,2.073441290509861,300.0,False
1276,26079.200000000048,16079.200000000048,1.4144815412488456,300.0,False
1277,26241.29999999998,16241.299999999981,1.25597635415184,203.50000000000364,False
1278,27701.10000000002,17701.10000000002,2.4129231200504133,344.2999999999938,False
1279,26570.60000000005,16570.60000000005,1.1704667821527213,250.0,False
1280,27988.500000000033,17988.500000000033,1.1842541567320892,200.0,False
1281,26481.700000000037,16481.700000000037,1.6078928242959047,250.0,False
1282,25422.300000000014,15422.300000000014,1.8850994201434188,295.9999999999927,False
1283,26624.1,16624.1,1.3076425166887875,200.0,False
1284,28126.60000000002,18126.60000000002,1.720607718646224,200.0,False
1285,25454.600000000035,15454.600000000035,2.4296849184597726,300.0,False
1286,26219.500000000015,16219.500000000015,1.7827757860256481,345.6000000000022,False
1287,28601.599999999984,18601.599999999984,1.3229915605135447,158.8000000000011,False
1288,24777.500000000036,14777.500000000036,1.5614143290992957,250.0,False
1289,26081.30000000003,16081.300000000028,1.27696796725854,200.0,False
1290,27168.699999999983,17168.699999999983,1.7733137559494676,250.0,False
1291,24312.00000000005,14312.000000000051,1.6559467933736514,257.20000000000255,False
1292,23242.800000000043,13242.800000000043,2.5,275.2999999999993,False
1293,28833.00000000004,18833.00000000004,1.5770383220312267,200.00000000000182,False
1294,27546.399999999972,17546.399999999972,1.3066156563914415,291.4999999999927,False
1295,28801.600000000028,18801.600000000028,1.2214585844109311,250.0,False
1296,25952.499999999956,15952.499999999956,1.897893493053008,232.89999999999964,False
1297,27645.900000000067,17645.900000000067,1.0643452419406767,200.0,False
1298,25890.300000000017,15890.300000000017,1.238896391094812,200.0,False
1299,25483.000000000022,15483.000000000022,1.5148814828016397,300.0,False
1300,29531.199999999997,19531.199999999997,1.1646595700076856,153.50000000000364,False
1301,26844.300000000032,16844.300000000032,1.4474835886214357,264.59999999999854,False
1302,26840.700000000037,16840.700000000037,1.3682261404164875,225.6999999999971,False
1303,26850.5,16850.5,1.4549687181725608,200.0,False
1304,25964.100000000017,15964.100000000017,1.7713392602053624,210.79999999999927,False
1305,26100.300000000054,16100.300000000054,1.9511814403621386,200.0,False
1306,27667.80000000001,17667.80000000001,1.4285714285714286,200.0,False
1307,28609.199999999997,18609.199999999997,1.3003671704797548,200.0,False
1308,26505.09999999999,16505.09999999999,1.5724942400953426,250.0,False
1309,25985.300000000007,15985.300000000007,2.327737616933392,308.8000000000011,False
1310,26256.100000000013,16256.100000000013,1.9175289328331673,287.79999999999745,False
1311,27656.50000000005,17656.50000000005,1.9018276563777792,200.0,False
1312,26163.700000000026,16163.700000000026,1.6012226016081295,348.9000000000051,False
1313,27379.499999999993,17379.499999999993,1.9632565627304102,450.0,False
1314,26256.300000000047,16256.300000000047,2.3054436134601013,250.0,False
1315,24210.10000000002,14210.10000000002,1.6683449908825838,350.0,False
1316,29663.30000000001,19663.30000000001,2.0028841531805788,250.0,False
1317,27006.300000000017,17006.300000000017,1.8246272547179638,350.0,False
1318,23748.3,13748.3,3.0682098005417,311.49999999999636,False
1319,25905.699999999997,15905.699999999997,2.076756936368167,250.0,False
1320,25913.50000000003,15913.50000000003,1.7818959372772631,250.0,False
1321,24494.900000000045,14494.900000000045,1.926411096127914,210.79999999999927,False
1322,24550.400000000016,14550.400000000016,1.674536990522119,300.0,False
1323,26522.500000000044,16522.500000000044,1.7098401299478476,300.0,False
1324,25614.300000000032,15614.300000000032,1.6839893032999438,271.200000000008,False
1325,28706.40000000002,18706.40000000002,1.1803959835059326,200.0,False
1326,25795.800000000036,15795.800000000036,1.2539787070573847,250.0,False
1327,27054.70000000001,17054.70000000001,1.4591510659098528,250.0,False
1328,26592.400000000027,16592.400000000027,2.1686956018853185,300.0,False
1329,28980.89999999998,18980.89999999998,1.8324415451147116,200.0,False
1330,26645.00000000002,16645.00000000002,1.665154151645587,200.0,False
1331,27255.600000000006,17255.600000000006,1.5,253.50000000000364,False
1332,28318.700000000033,18318.700000000033,1.3658366022356012,250.0,False
1333,26245.50000000001,16245.500000000011,2.021113903242539,300.0,False
1334,25510.20000000001,15510.200000000012,3.0204701577548385,350.0,False
1335,25696.600000000006,15696.600000000006,2.31575827188855,250.0,False
1336,27543.80000000001,17543.80000000001,1.950953040560313,232.79999999999745,False
1337,28093.600000000006,18093.600000000006,2.0117721412961584,264.2000000000007,False
1338,26641.00000000003,16641.00000000003,1.820482245746899,200.0,False
1339,29928.800000000014,19928.800000000014,1.2615669923612112,208.8000000000029,False
1340,25668.4,15668.400000000001,2.5,250.0,False
1341,26857.0,16857.0,2.293731037533107,295.600000000004,False
1342,26794.000000000025,16794.000000000025,1.3167712768292141,250.0,False
1343,24961.40000000005,14961.400000000049,1.7426156661148373,300.0,False
1344,24702.800000000025,14702.800000000025,1.274426508071367,158.79999999999927,False
1345,23094.99999999998,13094.999999999982,2.416481865655612,337.79999999999745,False
1346,27755.900000000027,17755.900000000027,1.3636363636363635,150.0,False
1347,28780.80000000002,18780.80000000002,1.1316672174113782,250.0,False
1348,25406.70000000001,15406.700000000012,1.9371585758010141,250.0,False
1349,26406.800000000032,16406.800000000032,2.115492957746455,225.29999999999745,False
1350,24199.500000000044,14199.500000000044,2.05261256527308,250.0,False
1351,25847.000000000036,15847.000000000036,1.0849831104295808,250.0,False
1352,23828.700000000008,13828.700000000008,2.5940064324145258,345.19999999999527,False
1353,24054.900000000045,14054.900000000045,1.514490495481449,291.59999999999854,False
1354,27394.100000000006,17394.100000000006,1.43739084813247,200.0,False
1355,25755.79999999999,15755.799999999988,1.623534759879209,250.0,False
1356,25372.10000000001,15372.10000000001,1.9353176137095522,225.29999999999745,False
1357,24754.20000000001,14754.200000000012,2.3252699818042513,297.20000000000255,False
1358,25170.600000000042,15170.600000000042,1.6272068993572517,200.0,False
1359,25904.30000000004,15904.30000000004,2.036923188196128,237.79999999999745,False
1360,27766.900000000016,17766.900000000016,1.4923739690183169,200.0,False
1361,27505.300000000032,17505.300000000032,1.8213609208800816,200.0,False
1362,27351.700000000037,17351.700000000037,1.1160382131484183,221.3000000000029,False
1363,27095.100000000057,17095.100000000057,3.4483650439235465,400.0,False
1364,27922.800000000043,17922.800000000043,2.0488166317730054,289.2000000000007,False
1365,26192.800000000007,16192.800000000007,2.8650014476350876,435.39999999999964,False
1366,26372.60000000004,16372.600000000039,2.4926674033883645,300.0,False
1367,26528.19999999998,16528.19999999998,1.4253406564168847,250.0,False
1368,26205.09999999999,16205.099999999991,1.6446423079443835,326.1999999999971,False
1369,27753.8,17753.8,1.671304536756165,200.0,False
1370,24956.500000000015,14956.500000000015,1.6266933878167165,250.0,False
1371,28558.40000000001,18558.40000000001,1.3101466490815863,150.0,False
1372,23256.200000000026,13256.200000000026,2.028446939884948,250.0,False
1373,27488.50000000003,17488.50000000003,1.442512279385777,200.0,False
1374,27504.300000000032,17504.300000000032,1.065113967194489,150.0,False
1375,24795.400000000027,14795.400000000027,3.6415014638835848,500.0,False
1376,26164.000000000015,16164.000000000015,1.5874221479568578,418.0,False
1377,27036.100000000035,17036.100000000035,1.9900497512437811,200.0,False
1378,23487.900000000027,13487.900000000027,2.559159230887343,300.0,False
1379,25807.00000000005,15807.000000000051,2.9372765571761867,350.0,False
1380,26851.799999999996,16851.799999999996,1.4705594007960623,200.0,False
1381,25338.90000000003,15338.90000000003,2.32805382460442,403.8999999999942,False
1382,25324.60000000001,15324.60000000001,2.1615879642782168,350.0,False
1383,26124.20000000002,16124.200000000019,2.297195889550819,300.0,False
1384,25690.600000000042,15690.600000000042,1.6727325141436358,232.10000000000036,False
1385,28596.70000000004,18596.70000000004,1.6363532232067608,200.0,False
1386,28246.4,18246.4,1.2926409948165094,200.0,False
1387,25100.5,15100.5,2.057037536820972,250.0,False
1388,25479.5,15479.5,2.850209286796203,350.0,False
1389,26481.800000000054,16481.800000000054,1.273025855155117,250.0,False
1390,25870.800000000025,15870.800000000025,1.2891315893961182,250.0,False
1391,25306.400000000023,15306.400000000023,1.647322278003031,225.10000000000218,False
1392,28794.700000000015,18794.700000000015,1.212518036205788,200.0,False
1393,26967.100000000042,16967.100000000042,2.112754987670915,300.0,False
1394,25522.800000000054,15522.800000000054,2.2870560252490977,300.0,False
1395,28333.900000000038,18333.900000000038,1.4084507042253522,200.0,False
1396,27433.50000000003,17433.50000000003,1.627091738871582,295.19999999999345,False
1397,26697.500000000065,16697.500000000065,2.3097035264553436,250.0,False
1398,28281.500000000007,18281.500000000007,2.4651388284016855,425.09999999999854,False
1399,24744.800000000014,14744.800000000014,1.2677002649493543,300.0,False
1400,28537.699999999968,18537.699999999968,1.3422368376900102,200.0,False
1401,26796.900000000023,16796.900000000023,1.660912568815831,177.99999999999272,False
1402,27750.300000000017,17750.300000000017,2.4771483068691293,300.0,False
1403,27470.600000000024,17470.600000000024,1.421612297894118,200.0,False
1404,30200.000000000007,20200.000000000007,1.093009656740317,200.0,False
1405,26230.50000000003,16230.50000000003,2.9569154125189967,312.19999999999345,False
1406,27362.10000000001,17362.10000000001,2.442733174148557,400.0,False
1407,25974.70000000004,15974.70000000004,2.6214381209531554,300.0,False
1408,29357.10000000003,19357.10000000003,1.2843895296565544,200.0,False
1409,27840.300000000025,17840.300000000025,2.4250318718474575,350.0,False
1410,23262.799999999996,13262.799999999996,1.810452830461954,250.0,False
1411,26974.800000000025,16974.800000000025,1.5667841754798264,227.00000000000728,False
1412,27747.20000000005,17747.20000000005,1.7438007881979547,450.0,False
1413,25192.900000000027,15192.900000000027,2.371144084342049,300.0,False
1414,26730.100000000057,16730.100000000057,2.0,261.4999999999927,False
1415,26014.70000000002,16014.700000000019,1.5226358846366912,250.0,False
1416,27053.500000000015,17053.500000000015,1.5090125776198346,200.0,False
1417,29992.50000000003,19992.50000000003,0.8810954766691036,200.0,False
1418,28383.700000000055,18383.700000000055,1.5528553127062388,200.0,False
1419,27551.600000000017,17551.600000000017,1.2169496750744375,200.39999999999782,False
1420,28298.300000000017,18298.300000000017,1.1790714812085479,250.0,False
1421,24246.00000000006,14246.000000000058,2.463721697996994,300.0,False
1422,26205.600000000042,16205.600000000042,1.9441642073900787,350.0,False
1423,27455.30000000004,17455.30000000004,1.3437536953226614,250.0,False
1424,25330.600000000013,15330.600000000013,1.6786409722688516,200.0,False
1425,27849.60000000004,17849.60000000004,1.7346775928225973,250.0,False
1426,27206.20000000002,17206.20000000002,1.8456427450859763,300.0,False
1427,23685.00000000002,13685.000000000018,2.226222125153476,295.600000000004,False
1428,25594.20000000002,15594.200000000019,1.2279340255606743,257.2000000000007,False
1429,26065.00000000002,16065.000000000018,2.324948376196688,250.0,False
1430,25871.6,15871.599999999999,1.2172617453585814,250.0,False
1431,26882.6,16882.6,1.3088662600455487,200.0,False
1432,26323.20000000005,16323.200000000052,2.2647619047618806,287.79999999999563,False
1433,26290.600000000006,16290.600000000006,1.2291354261412533,200.0,False
1434,25842.000000000015,15842.000000000015,1.7371968591480782,260.5,False
1435,25051.80000000002,15051.800000000021,1.9392058951859206,302.4000000000051,False
1436,25060.999999999985,15060.999999999985,2.305422353375139,300.0,False
1437,26831.1,16831.1,1.3410398422937144,250.0,False
1438,26555.40000000002,16555.40000000002,1.194990599407284,200.0,False
1439,26179.000000000044,16179.000000000044,2.0,200.0,False
1440,26434.400000000016,16434.400000000016,1.7235584587940258,200.0,False
1441,26487.300000000025,16487.300000000025,1.6441527352124892,250.0,False
1442,27002.699999999986,17002.699999999986,1.7438423645320018,257.20000000000437,False
1443,25704.000000000022,15704.000000000022,1.5762552903068192,200.0,False
1444,27132.2,17132.2,1.6056776762632656,300.0,False
1445,27361.000000000022,17361.000000000022,1.5938668005514776,200.0,False
1446,24674.000000000007,14674.000000000007,1.8412408490329806,250.0,False
1447,26567.899999999998,16567.899999999998,1.996353327920999,300.0,False
1448,27789.200000000037,17789.200000000037,1.1513972205271072,200.0,False
1449,28466.599999999995,18466.599999999995,0.8849557522123894,250.0,False
1450,25776.200000000008,15776.200000000008,2.0630892698727092,400.0,False
1451,24711.199999999997,14711.199999999997,1.376020548573526,250.0,False
1452,26572.999999999993,16572.999999999993,1.3867317506101622,200.0,False
1453,29610.100000000035,19610.100000000035,2.4154122625649737,250.0,False
1454,25120.00000000003,15120.00000000003,2.1697247706421683,350.0,False
1455,25888.300000000036,15888.300000000036,1.5288883452841424,300.0,False
1456,26132.10000000001,16132.10000000001,2.043184752938098,302.30000000000655,False
1457,25356.700000000026,15356.700000000026,2.2841062748967573,250.0,False
1458,28665.500000000036,18665.500000000036,1.4997128558536168,207.10000000000218,False
1459,25325.500000000036,15325.500000000036,2.1285262382459065,286.49999999999636,False
1460,25757.300000000025,15757.300000000025,1.3326492400567704,200.0,False
1461,28391.300000000025,18391.300000000025,2.120695959262637,237.79999999999745,False
1462,25957.900000000027,15957.900000000027,1.496363835878814,200.0,False
1463,24555.60000000002,14555.60000000002,1.6590015330267487,250.0,False
1464,26035.400000000027,16035.400000000027,1.361733428989156,299.8999999999978,False
1465,29713.10000000004,19713.10000000004,1.60674576140468,250.0,False
1466,26257.300000000003,16257.300000000003,2.393227848966811,478.5999999999949,False
1467,25353.699999999997,15353.699999999997,1.9931776376858654,350.0,False
1468,26255.70000000005,16255.700000000052,1.9056330512996427,300.0,False
1469,28785.59999999998,18785.59999999998,1.451241900256145,200.0,False
1470,27288.899999999994,17288.899999999994,1.9019487576804501,353.50000000000364,False
1471,28935.300000000043,18935.300000000043,1.0159091370867777,150.0,False
1472,27827.20000000005,17827.20000000005,1.527657054067957,250.0,False
1473,26431.30000000004,16431.30000000004,1.9582117610198353,300.0,False
1474,29262.10000000004,19262.10000000004,1.1482287624996363,150.0,False
1475,26001.70000000002,16001.700000000019,1.2432398831354496,250.0,False
1476,27785.699999999997,17785.699999999997,1.8101775422133406,250.0,False
1477,26821.900000000023,16821.900000000023,1.3767003071522363,200.0,False
1478,25307.000000000044,15307.000000000044,1.7702561560657817,250.0,False
1479,27200.50000000003,17200.50000000003,1.3129045387109894,200.0,False
1480,24500.600000000013,14500.600000000013,2.2140156043819794,257.90000000000146,False
1481,26737.700000000015,16737.700000000015,1.279410447665714,208.79999999999927,False
1482,25825.200000000023,15825.200000000023,2.707330656758328,325.6999999999971,False
1483,25858.200000000033,15858.200000000033,1.4810645892267362,200.0,False
1484,27378.400000000012,17378.400000000012,1.7417860273924886,300.0,False
1485,25470.999999999985,15470.999999999985,1.5506039602425148,200.0,False
1486,24225.79999999999,14225.799999999988,2.1833107724553513,450.0,False
1487,25131.90000000003,15131.90000000003,2.0,300.0,False
1488,24679.30000000001,14679.30000000001,1.9047743811775737,350.0,False
1489,27122.40000000007,17122.40000000007,1.1110123544573816,200.0,False
1490,28083.500000000015,18083.500000000015,1.4979478114982465,200.0,False
1491,26173.600000000035,16173.600000000035,2.750501966608906,300.0,False
1492,25510.00000000002,15510.000000000018,2.989402567896803,400.0,False
1493,26175.200000000004,16175.200000000004,2.5559323189121956,300.0,False
1494,27621.000000000004,17621.000000000004,1.762114537444934,250.0,False
1495,26133.399999999965,16133.399999999965,2.516746411483358,400.0,False
1496,26590.50000000003,16590.50000000003,1.3514851485148154,200.40000000000146,False
1497,23424.200000000055,13424.200000000055,2.3515566016786957,317.69999999999527,False
1498,26917.600000000013,16917.600000000013,1.2614329452621431,260.8000000000029,False
1499,26177.600000000057,16177.600000000057,2.0768042705694127,277.0000000000073,False
1500,29834.70000000005,19834.70000000005,1.3852027105646618,250.0,False
1501,24735.600000000006,14735.600000000006,1.4563106796116505,250.0,False
1502,22809.000000000007,12809.000000000007,2.145410082768984,456.1999999999971,False
1503,28640.600000000017,18640.600000000017,1.5,200.0,False
1504,25169.60000000002,15169.60000000002,1.9405166949119659,300.0,False
1505,27081.100000000006,17081.100000000006,1.3810882975784915,200.0,False
1506,27554.09999999998,17554.09999999998,1.3060521523847477,200.0,False
1507,26236.90000000003,16236.90000000003,1.7165142402021363,250.0,False
1508,26710.399999999972,16710.399999999972,1.9047619047619049,223.29999999999927,False
1509,26937.90000000001,16937.90000000001,2.276970718156563,350.0,False
1510,25243.300000000036,15243.300000000036,1.5423029024004788,251.39999999998508,False
1511,25430.800000000025,15430.800000000025,1.6090829514443123,284.8999999999978,False
1512,24537.800000000025,14537.800000000025,2.232704137168704,322.2000000000007,False
1513,29046.300000000017,19046.300000000017,1.4851485148514851,250.0,False
1514,24353.300000000047,14353.300000000047,3.0193432523102866,484.19999999999163,False
1515,25306.4,15306.400000000001,1.8485829165440721,250.0,False
1516,27687.90000000001,17687.90000000001,1.4417531718569774,209.8000000000029,False
1517,25281.300000000017,15281.300000000017,1.603160149286274,375.2999999999993,False
1518,28842.700000000055,18842.700000000055,1.9801980198019802,200.0,False
1519,26770.80000000003,16770.80000000003,1.4693637654895424,200.0,False
1520,23669.20000000001,13669.200000000012,2.54202661685729,350.0,False
1521,26417.50000000002,16417.50000000002,1.9229585871638668,250.0,False
1522,27093.200000000044,17093.200000000044,1.3099178244884775,250.0,False
1523,24949.800000000025,14949.800000000025,2.7801923274357385,406.1999999999989,False
1524,25256.500000000022,15256.500000000022,1.5352414678955422,300.0,False
1525,27947.300000000032,17947.300000000032,2.0874386293042946,250.0,False
1526,27427.10000000004,17427.10000000004,1.3570730648138087,250.0,False
1527,26394.70000000004,16394.70000000004,1.0718037027245249,200.0,False
1528,24409.600000000057,14409.600000000057,1.4220132124062028,228.59999999999673,False
1529,26870.699999999997,16870.699999999997,1.5936071799681761,200.0,False
1530,28006.900000000016,18006.900000000016,1.427886043270658,250.0,False
1531,28476.600000000013,18476.600000000013,1.4212620807276855,200.0,False
1532,30856.600000000013,20856.600000000013,2.968239833778568,350.0,False
1533,27914.500000000025,17914.500000000025,1.098901098901099,250.0,False
1534,26838.100000000013,16838.100000000013,1.169522250160809,221.00000000000364,False
1535,25721.40000000003,15721.40000000003,1.884945870321543,437.1999999999898,False
1536,26204.300000000032,16204.300000000032,1.956622619835547,257.20000000000255,False
1537,28389.3,18389.3,1.1295924995058049,250.0,False
1538,26664.2,16664.2,1.9700163511357158,200.0,False
1539,27600.4,17600.4,1.4603894748128121,258.8000000000029,False
1540,27790.500000000015,17790.500000000015,1.3028071150639249,200.0,False
1541,26032.400000000034,16032.400000000034,2.9735311472645964,423.2999999999993,False
1542,26398.499999999993,16398.499999999993,1.2845765179412532,250.39999999999782,False
1543,26614.800000000025,16614.800000000025,1.303237241307407,191.8000000000029,False
1544,27911.700000000048,17911.700000000048,1.2379301807378056,200.0,False
1545,25132.700000000004,15132.700000000004,1.312588599730481,250.0,False
1546,23950.300000000025,13950.300000000025,1.7781618544123385,349.79999999999563,False
1547,27190.500000000022,17190.500000000022,1.9230769230769231,250.0,False
1548,25981.100000000006,15981.100000000006,1.7753286133263249,250.0,False
1549,27107.30000000006,17107.30000000006,1.7544629150401336,200.0,False
1550,27295.60000000002,17295.60000000002,1.1323001271856032,292.89999999999054,False
1551,24175.000000000044,14175.000000000044,2.252292834105118,250.0,False
1552,28617.400000000038,18617.400000000038,1.1724470844276382,150.0,False
1553,28524.700000000026,18524.700000000026,1.798802074363173,200.0,False
1554,26070.80000000001,16070.80000000001,1.2471627048464746,203.5,False
1555,27162.90000000002,17162.90000000002,1.8222433148954638,300.0,False
1556,26371.50000000006,16371.500000000058,1.5442870644338327,250.0,False
1557,27216.500000000033,17216.500000000033,1.1868985391652753,250.0,False
1558,24269.599999999984,14269.599999999984,1.6857294572794022,300.0,False
1559,25884.20000000001,15884.200000000012,1.6292957955451437,273.2999999999993,False
1560,28189.200000000026,18189.200000000026,1.3804654929642275,200.0,False
1561,26288.400000000038,16288.400000000038,2.207057286378924,250.0,False
1562,25367.300000000032,15367.300000000032,1.9253354897090804,300.0,False
1563,25472.800000000043,15472.800000000043,1.876454252045335,200.0,False
1564,25455.300000000032,15455.300000000032,1.66018404325965,350.0,False
1565,28409.30000000004,18409.30000000004,1.4059160949274552,200.0,False
1566,27373.400000000016,17373.400000000016,1.064290224849048,250.0,False
1567,27885.90000000001,17885.90000000001,1.5052646631593989,250.0,False
1568,25351.80000000002,15351.800000000021,1.4073274851057835,250.0,False
1569,24166.000000000004,14166.000000000004,1.7462917865840384,215.90000000000146,False
1570,26367.900000000016,16367.900000000016,1.8681392585728904,250.0,False
1571,26105.100000000028,16105.100000000028,1.4527548309111615,300.0,False
1572,24916.30000000001,14916.30000000001,1.5811637414317914,400.0,False
1573,27634.100000000064,17634.100000000064,1.5,150.0,False
1574,28286.400000000012,18286.400000000012,1.165827271031523,150.0,False
1575,24399.100000000028,14399.100000000028,1.7195012070898463,250.0,False
1576,23931.199999999997,13931.199999999997,1.958204629523697,287.79999999999563,False
1577,23457.999999999993,13457.999999999993,1.4423076923076923,273.2999999999993,False
1578,26387.600000000013,16387.600000000013,1.3833171946327283,200.0,False
1579,25693.70000000002,15693.700000000019,2.780572210373828,414.60000000000036,False
1580,25478.000000000022,15478.000000000022,1.7421302285468065,250.0,False
1581,24711.500000000015,14711.500000000015,1.6170843105789618,250.0,False
1582,27920.70000000002,17920.70000000002,1.697407492005465,250.39999999999782,False
1583,24019.400000000016,14019.400000000016,2.4654832347140045,350.0,False
1584,24223.800000000047,14223.800000000047,2.1788391145197807,250.0,False
1585,25951.40000000006,15951.40000000006,1.0095027862276886,150.0,False
1586,28835.900000000038,18835.900000000038,2.3104780299372116,382.79999999999745,False
1587,25752.700000000023,15752.700000000023,1.545678668861529,250.0,False
1588,27771.800000000003,17771.800000000003,1.9365020962635184,400.0,False
1589,27426.200000000026,17426.200000000026,1.0,221.00000000000728,False
1590,24907.700000000033,14907.700000000033,1.8885265715688597,300.0,False
1591,24897.29999999999,14897.299999999988,1.3094146916328395,261.5,False
1592,25079.000000000015,15079.000000000015,1.4358876178624425,200.0,False
1593,25427.600000000013,15427.600000000013,1.4118120148261797,200.0,False
1594,27077.600000000028,17077.600000000028,1.5044267757877556,300.0,False
1595,27134.20000000004,17134.20000000004,2.178706197111907,386.49999999999636,False
1596,27806.700000000023,17806.700000000023,1.1945016450992954,200.0,False
1597,26314.600000000035,16314.600000000035,1.5828996188377698,250.0,False
1598,27766.600000000042,17766.600000000042,1.6260294799144699,250.0,False
1599,24404.900000000023,14404.900000000023,1.6758680237578074,256.1999999999989,False
1600,27132.0,17132.0,2.3159023086237602,350.0,False
1601,24504.20000000001,14504.200000000012,2.4639916007742992,300.39999999999964,False
1602,25751.80000000002,15751.800000000021,2.2520155539207587,300.0,False
1603,26329.60000000002,16329.60000000002,1.1956502244833296,200.0,False
1604,26242.400000000052,16242.400000000052,1.3308490817141323,250.0,False
1605,27327.40000000003,17327.40000000003,1.089601569026259,200.0,False
1606,26237.20000000004,16237.20000000004,3.5000000000000004,350.0,False
1607,27370.399999999983,17370.399999999983,1.2130426344051235,200.0,False
1608,27688.800000000047,17688.800000000047,1.5914509781391337,277.0000000000073,False
1609,26127.100000000028,16127.100000000028,2.923178859570486,300.0,False
1610,26429.899999999998,16429.899999999998,1.8473238984300593,253.100000000004,False
1611,25119.100000000064,15119.100000000064,2.059087577112828,250.0,False
1612,25335.300000000032,15335.300000000032,3.319061369444719,400.0,False
1613,26463.500000000015,16463.500000000015,1.40992950352482,242.89999999999782,False
1614,23822.20000000003,13822.20000000003,2.301654314038182,294.399999999996,False
1615,28646.59999999999,18646.59999999999,3.156764947282026,400.0,False
1616,27438.40000000003,17438.40000000003,1.6111777064563106,250.0,False
1617,26938.999999999985,16938.999999999985,3.6347880274970246,373.2999999999993,False
1618,25960.599999999995,15960.599999999995,1.7052573491164205,377.0000000000073,False
1619,26466.200000000063,16466.200000000063,1.4919138270573478,250.0,False
1620,25926.600000000017,15926.600000000017,3.323215986884373,450.0,False
1621,29624.300000000025,19624.300000000025,1.3640703860319197,173.29999999999927,False
1622,26280.800000000025,16280.800000000025,2.296118227656534,342.89999999999964,False
1623,27424.60000000002,17424.60000000002,1.620246601532752,200.0,False
1624,25544.600000000028,15544.600000000028,1.3226376039097159,200.0,False
1625,24628.199999999997,14628.199999999997,2.3521505376344085,500.0,False
1626,30727.100000000035,20727.100000000035,1.0437178621874934,150.0,False
1627,24921.1,14921.099999999999,1.6879916275615283,300.0,False
1628,27786.30000000003,17786.30000000003,2.2601083345261683,300.0,False
1629,26398.100000000042,16398.100000000042,1.2224266391213183,245.39999999999418,False
1630,27742.90000000002,17742.90000000002,1.7849747961558784,250.0,False
1631,28056.900000000052,18056.900000000052,1.6450615253010443,250.0,False
1632,26247.700000000004,16247.700000000004,2.0729536138675333,300.39999999999964,False
1633,25107.499999999993,15107.499999999993,2.721137798418113,450.0,False
1634,25788.000000000047,15788.000000000047,1.2891692593292863,221.0,False
1635,24979.100000000017,14979.100000000017,1.8098106214165754,250.0,False
1636,25006.399999999987,15006.399999999987,2.1518487967578803,300.0,False
1637,28108.4,18108.4,1.9792573826300361,200.0,False
1638,28297.400000000005,18297.400000000005,2.575881166015542,300.0,False
1639,26595.200000000023,16595.200000000023,1.8217590905778631,200.0,False
1640,24988.099999999984,14988.099999999984,2.1741187603501095,275.6999999999971,False
1641,25914.400000000005,15914.400000000005,1.5954663228968566,250.0,False
1642,27895.000000000036,17895.000000000036,1.5,200.0,False
1643,24782.700000000033,14782.700000000033,2.194277915874661,277.0000000000073,False
1644,25660.799999999974,15660.799999999974,1.3103412128518268,258.7999999999993,False
1645,24107.600000000028,14107.600000000028,2.0697932656194142,253.50000000000364,False
1646,26837.800000000043,16837.800000000043,2.4894803983168288,300.0,False
1647,26461.500000000015,16461.500000000015,1.5216685602986524,300.0,False
1648,26369.19999999999,16369.19999999999,1.8619810957361957,314.20000000000437,False
1649,26194.20000000002,16194.200000000019,1.4354066985645932,200.0,False
1650,24596.600000000017,14596.600000000017,1.8161098997730478,202.4000000000069,False
1651,27044.00000000005,17044.00000000005,1.7709907473686959,200.39999999999964,False
1652,26701.70000000002,16701.70000000002,1.384223542874018,250.0,False
1653,26302.800000000025,16302.800000000025,1.4562824022834502,250.0,False
1654,27213.799999999992,17213.799999999992,3.6173907650323973,466.59999999999854,False
1655,24835.800000000047,14835.800000000047,1.5839576766508803,200.0,False
1656,25090.899999999994,15090.899999999994,1.2429709990006523,250.0,False
1657,24120.09999999999,14120.099999999991,1.8942414743341554,250.0,False
1658,26559.000000000015,16559.000000000015,1.4563106796116505,260.7999999999993,False
1659,25634.800000000014,15634.800000000014,1.5298484325033386,250.0,False
1660,26135.299999999996,16135.299999999996,2.2567616549009824,261.49999999999636,False
1661,27931.500000000033,17931.500000000033,1.0136915944692981,250.0,False
1662,25834.600000000035,15834.600000000035,2.268700740272599,236.9000000000051,False
1663,28339.000000000022,18339.000000000022,1.3288077936475382,350.0,False
1664,27821.300000000017,17821.300000000017,1.389854065323141,200.0,False
1665,25427.800000000043,15427.800000000043,1.9607843137254901,200.0,False
1666,27676.80000000001,17676.80000000001,1.86846038863976,245.19999999999345,False
1667,24864.900000000052,14864.900000000052,2.8070513128979964,350.0,False
1668,25791.700000000037,15791.700000000037,1.848736388678339,200.0,False
1669,26710.800000000072,16710.800000000072,1.3718299296708518,150.0,False
1670,26812.09999999999,16812.09999999999,1.4579597311522259,200.0,False
1671,28591.499999999985,18591.499999999985,1.487851690943446,300.0,False
1672,29350.900000000052,19350.900000000052,2.338481109749594,250.0,False
1673,26118.600000000024,16118.600000000024,1.7130019657399889,298.9000000000051,False
1674,26689.40000000004,16689.40000000004,1.9445038598401618,200.0,False
1675,25979.90000000001,15979.900000000009,2.450980392156863,250.0,False
1676,27798.700000000026,17798.700000000026,2.0,279.8000000000029,False
1677,27392.100000000046,17392.100000000046,2.617784769591432,421.00000000000364,False
1678,23594.500000000015,13594.500000000015,1.7999926977984089,214.60000000000218,False
1679,28223.900000000052,18223.900000000052,1.3481540400806193,200.0,False
1680,26092.299999999996,16092.299999999996,1.3774863628850067,150.0,False
1681,29382.499999999985,19382.499999999985,1.747396379394703,200.0,False
1682,27759.70000000001,17759.70000000001,1.3666952761544473,250.0,False
1683,26898.300000000032,16898.300000000032,1.1623311713973545,150.0,False
1684,25919.000000000007,15919.000000000007,1.7731754025108162,200.0,False
1685,27374.30000000006,17374.30000000006,2.4494994856051084,300.0,False
1686,25829.000000000044,15829.000000000044,1.9973036400858832,350.0,False
1687,26723.299999999996,16723.299999999996,1.6208506224066377,250.0,False
1688,26001.40000000003,16001.40000000003,1.3165516878192622,200.0,False
1689,27661.499999999978,17661.499999999978,1.632876998641449,250.0,False
1690,25721.400000000012,15721.400000000012,2.3687701345461427,298.5999999999967,False
1691,25910.999999999993,15910.999999999993,1.7762199670807257,300.0,False
1692,26877.000000000073,16877.000000000073,1.5165474281251263,400.0,False
1693,28835.000000000025,18835.000000000025,2.138323896197204,250.0,False
1694,25480.00000000003,15480.00000000003,1.5816903524796946,250.0,False
1695,26054.700000000004,16054.700000000004,3.0736445227654614,450.0,False
1696,25189.400000000016,15189.400000000016,1.3266235661410284,250.0,False
1697,27641.600000000035,17641.600000000035,1.6511891109961652,220.29999999999745,False
1698,25850.500000000022,15850.500000000022,1.4682994156168325,300.0,False
1699,27479.50000000001,17479.50000000001,1.9704433497536946,250.0,False
1700,26655.000000000036,16655.000000000036,2.4265970736940075,371.00000000000364,False
1701,26224.6,16224.599999999999,1.9282386696695804,257.8999999999978,False
1702,28183.700000000055,18183.700000000055,1.1041021073628885,200.0,False
1703,29201.20000000001,19201.20000000001,1.2605042016806722,189.20000000000073,False
1704,24773.0,14773.0,2.0476331653325373,310.7999999999993,False
1705,27391.70000000002,17391.70000000002,1.502369988657106,200.0,False
1706,26189.000000000022,16189.000000000022,1.783066977090135,350.0,False
1707,25941.80000000001,15941.80000000001,1.5,250.0,False
1708,26941.30000000002,16941.30000000002,2.3120318135577542,350.0000000000018,False
1709,26918.00000000003,16918.00000000003,1.5033524760215284,300.40000000000146,False
1710,27934.800000000025,17934.800000000025,1.810528221608655,200.0,False
1711,27027.200000000033,17027.200000000033,1.0945469670103534,208.8000000000029,False
1712,28626.10000000004,18626.10000000004,1.5870698247240054,250.0,False
1713,25229.699999999993,15229.699999999993,4.375333619188465,500.0,False
1714,26872.50000000002,16872.50000000002,1.6223008270721528,300.0,False
1715,27033.2,17033.2,1.9574969710861725,298.9000000000033,False
1716,26356.40000000005,16356.400000000049,2.1061144715337576,277.9999999999927,False
1717,26639.400000000023,16639.400000000023,2.5432719557034704,350.0,False
1718,25308.200000000004,15308.200000000004,2.6981190255935865,350.0,False
1719,27495.900000000056,17495.900000000056,1.207146306132302,200.0,False
1720,25430.10000000004,15430.100000000039,1.61045291304091,300.0,False
1721,25803.600000000006,15803.600000000006,1.4967819188744205,350.0,False
1722,26979.70000000002,16979.70000000002,1.6959615762945284,250.0,False
1723,28177.800000000014,18177.800000000014,1.2849335915882392,250.0,False
1724,26367.000000000036,16367.000000000036,2.6935923286490477,350.0,False
1725,26452.000000000025,16452.000000000025,3.3980582524271843,350.0,False
1726,27733.900000000023,17733.900000000023,1.6046856821919988,200.0,False
1727,25790.299999999996,15790.299999999996,2.1261215291066033,250.0,False
1728,26805.700000000015,16805.700000000015,1.5094827586207085,200.0,False
1729,27092.400000000056,17092.400000000056,1.272750413643882,250.0,False
1730,25731.500000000044,15731.500000000044,1.2547261351089087,250.0,False
1731,28859.09999999999,18859.09999999999,1.5572152009119058,250.0,False
1732,26001.20000000008,16001.20000000008,1.9417475728155338,200.0,False
1733,26574.200000000037,16574.200000000037,2.955665024630542,300.0,False
1734,28220.300000000003,18220.300000000003,1.5,200.0,False
1735,26042.500000000007,16042.500000000007,1.8957345971563981,200.0,False
1736,24599.80000000004,14599.80000000004,1.4223537109208315,250.0,False
1737,27118.000000000022,17118.000000000022,1.8905378580206074,200.0,False
1738,29959.800000000003,19959.800000000003,1.5875836060500532,277.0000000000073,False
1739,28635.400000000023,18635.400000000023,1.3678580710465487,200.0,False
1740,26667.300000000025,16667.300000000025,1.8546774313013807,250.39999999999964,False
1741,25444.200000000026,15444.200000000026,1.710044803173844,232.79999999999563,False
1742,26562.70000000001,16562.70000000001,2.3912984067120324,350.0,False
1743,24496.500000000015,14496.500000000015,2.4149999999999636,256.09999999999854,False
1744,27423.500000000022,17423.500000000022,1.6485148514851125,250.0,False
1745,28822.100000000046,18822.100000000046,0.9681760531335019,150.0,False
1746,26897.300000000057,16897.300000000057,1.8702075930428268,253.50000000000364,False
1747,28424.20000000002,18424.20000000002,1.6312814531455162,200.0,False
1748,30082.20000000004,20082.20000000004,1.809954751131222,250.0,False
1749,26467.500000000044,16467.500000000044,1.172401664810363,200.0,False
1750,28069.200000000037,18069.200000000037,1.6642950462257948,211.40000000000146,False
1751,24916.80000000004,14916.80000000004,1.6311883206916233,337.70000000000437,False
1752,25221.70000000001,15221.700000000012,2.320056423772225,350.0,False
1753,24621.900000000005,14621.900000000005,1.6017555240543613,250.0,False
1754,25495.20000000001,15495.200000000012,1.5398474011225478,200.0,False
1755,26050.800000000017,16050.800000000017,1.8508713499234157,325.09999999999854,False
1756,28104.800000000003,18104.800000000003,1.0319450467266278,200.0,False
1757,27085.000000000022,17085.000000000022,1.9709482231901747,300.0,False
1758,22812.199999999993,12812.199999999993,1.8058364634498694,250.0,False
1759,26432.900000000016,16432.900000000016,1.2111033959339232,225.29999999999927,False
1760,26872.59999999998,16872.59999999998,2.077706212341577,300.0,False
1761,22321.1,12321.099999999999,2.6493592653375075,303.50000000000364,False
1762,27040.100000000028,17040.100000000028,1.7646228412780562,300.0,False
1763,26147.800000000054,16147.800000000054,3.1802822500496877,400.0,False
1764,24795.100000000002,14795.100000000002,1.312654647125615,250.0,False
1765,27582.800000000017,17582.800000000017,2.843601895734597,300.0,False
1766,28976.00000000001,18976.00000000001,1.383904270728579,200.0,False
1767,25628.200000000015,15628.200000000015,1.959201586169603,250.0,False
1768,24849.500000000015,14849.500000000015,2.449573774163293,350.0,False
1769,25800.300000000054,15800.300000000054,2.1893472617521024,350.0,False
1770,25971.700000000048,15971.700000000048,1.2779552715654963,200.0,False
1771,26323.199999999997,16323.199999999997,1.8953513349591218,376.2000000000007,False
1772,24138.19999999996,14138.19999999996,2.6421165534501627,295.600000000004,False
1773,28285.200000000023,18285.200000000023,1.9704433497536946,250.0,False
1774,27180.80000000004,17180.80000000004,1.7582726729261164,214.59999999999854,False
1775,25712.000000000044,15712.000000000044,1.4563106796116505,300.0,False
1776,22403.500000000015,12403.500000000015,2.410941442594481,461.4999999999927,False
1777,26224.6,16224.599999999999,3.387507905782276,353.50000000000364,False
1778,30177.10000000003,20177.10000000003,1.116993945892813,200.0,False
1779,25496.600000000006,15496.600000000006,1.3466910370038185,250.0,False
1780,25508.10000000003,15508.100000000031,2.3923444976076556,250.0,False
1781,25184.900000000016,15184.900000000016,1.103411749128304,250.0,False
1782,24884.299999999985,14884.299999999985,1.4218009478672986,200.0,False
1783,24662.700000000048,14662.700000000048,2.5520478283694707,400.0,False
1784,26110.70000000005,16110.700000000052,1.8738944023026405,250.0,False
1785,27015.19999999999,17015.19999999999,2.075237264387871,471.0,False
1786,27382.20000000004,17382.20000000004,1.4977008977447208,295.9999999999927,False
1787,23773.70000000002,13773.700000000019,2.0853491708651664,300.0,False
1788,24554.000000000033,14554.000000000033,2.1608224546584855,250.0,False
1789,27269.499999999975,17269.499999999975,1.9354151949446958,250.0,False
1790,25723.900000000023,15723.900000000023,2.3715543956940084,290.7999999999993,False
1791,27415.70000000004,17415.70000000004,1.6569459172852585,250.0,False
1792,25611.40000000003,15611.40000000003,1.3903564874033698,200.0,False
1793,25673.100000000013,15673.100000000013,1.4925967202674733,227.00000000000728,False
1794,25753.300000000017,15753.300000000017,1.713854802221157,200.0,False
1795,27127.70000000006,17127.70000000006,2.2241006596086934,321.00000000000364,False
1796,27189.000000000022,17189.000000000022,1.5540788353111568,250.0,False
1797,27674.30000000002,17674.30000000002,1.3973603862304103,200.0,False
1798,27098.90000000002,17098.90000000002,1.8763134193935753,271.00000000000364,False
1799,27718.999999999993,17718.999999999993,1.290897238125358,250.0,False
1800,26379.900000000016,16379.900000000016,1.5974328480046658,250.0,False
1801,28300.80000000003,18300.80000000003,1.4913501690196855,250.0,False
1802,28138.400000000067,18138.400000000067,1.8405359640727375,250.0,False
1803,25299.100000000053,15299.100000000053,1.7971228063869755,250.0,False
1804,25262.400000000023,15262.400000000023,2.314793381542761,250.0,False
1805,24360.50000000003,14360.50000000003,2.7027027027027026,342.8999999999978,False
1806,25091.500000000022,15091.500000000022,4.0,736.4999999999964,False
1807,25976.30000000001,15976.30000000001,1.1957217077297428,250.0,False
1808,25954.999999999993,15954.999999999993,1.0,200.0,False
1809,27275.60000000002,17275.60000000002,2.5,250.0,False
1810,26841.90000000004,16841.90000000004,1.3284023039809527,250.0,False
1811,28458.79999999998,18458.79999999998,1.3986144392954716,200.0,False
1812,25917.300000000003,15917.300000000003,1.5676069695805868,249.99999999999818,False
1813,25895.10000000004,15895.100000000039,1.5555002488800396,229.20000000000437,False
1814,26666.300000000003,16666.300000000003,2.9926903538108145,400.0,False
1815,25185.79999999999,15185.799999999988,1.867506629648536,300.0,False
1816,29607.50000000001,19607.50000000001,0.8960734063334469,200.0,False
1817,27012.300000000003,17012.300000000003,1.3582619679857653,250.0,False
1818,26126.000000000004,16126.000000000004,1.2297904437083909,250.0,False
1819,26198.69999999999,16198.69999999999,1.6232558139535562,200.0,False
1820,25938.000000000022,15938.000000000022,1.697078309981535,400.0,False
1821,27416.20000000001,17416.20000000001,2.3452890959692283,300.0,False
1822,24627.00000000005,14627.000000000051,2.6519626108949033,350.0,False
1823,26057.700000000048,16057.700000000048,1.9801980198019802,300.0,False
1824,26597.399999999998,16597.399999999998,2.7140198511166265,350.0,False
1825,26060.600000000013,16060.600000000013,2.7685930800993543,350.0,False
1826,28907.100000000024,18907.100000000024,1.5,250.0,False
1827,24696.600000000028,14696.600000000028,1.9138755980861244,239.20000000000073,False
1828,25772.700000000033,15772.700000000033,1.901670934861429,300.0,False
1829,27937.90000000002,17937.90000000002,1.9114063171978775,250.0,False
1830,26391.300000000054,16391.300000000054,2.878808518367164,507.2000000000007,False
1831,26800.500000000015,16800.500000000015,1.001341798009332,250.0,False
1832,26225.499999999956,16225.499999999956,1.9200675863790404,298.9000000000051,False
1833,26278.90000000003,16278.90000000003,1.7500415634871302,300.0,False
1834,27724.500000000007,17724.500000000007,3.0911355065487927,350.0,False
1835,27030.10000000002,17030.10000000002,2.2352562497764734,250.0,False
1836,24361.000000000022,14361.000000000022,1.4519999999999527,200.0,False
1837,27431.500000000007,17431.500000000007,2.667052754303479,350.0,False
1838,27503.600000000006,17503.600000000006,1.1713167943401976,200.0,False
1839,25565.800000000017,15565.800000000017,2.0699648105982185,300.0,False
1840,27792.400000000045,17792.400000000045,1.3478118274980542,300.0,False
1841,26524.400000000023,16524.400000000023,1.7261766051284706,200.0,False
1842,25564.70000000002,15564.700000000019,2.0,250.0,False
1843,24573.40000000002,14573.40000000002,1.9653315514327263,250.0,False
1844,25921.000000000022,15921.000000000022,2.1676810105624433,282.79999999999745,False
1845,25748.000000000036,15748.000000000036,2.5,291.49999999999636,False
1846,25059.60000000001,15059.60000000001,1.9771442128988892,258.7999999999993,False
1847,26721.70000000003,16721.70000000003,1.214289761918253,200.0,False
1848,27099.20000000005,17099.20000000005,1.9462393095855064,350.0,False
1849,25181.40000000003,15181.40000000003,1.6690868425884198,250.39999999999964,False
1850,26682.300000000003,16682.300000000003,1.376970444706374,250.0,False
1851,28534.50000000003,18534.50000000003,1.2647554806070826,250.0,False
1852,28565.40000000003,18565.40000000003,0.99579112285407,150.0,False
1853,23964.900000000023,13964.900000000023,1.421612297894118,295.1999999999971,False
1854,27744.400000000034,17744.400000000034,1.7231723998641684,264.6000000000022,False
1855,27627.799999999996,17627.799999999996,2.3426518819303443,300.0,False
1856,26676.600000000064,16676.600000000064,1.6960651289009472,200.0,False
1857,26424.60000000001,16424.60000000001,1.463571700377601,200.0,False
1858,27617.100000000035,17617.100000000035,1.6032092435254157,227.00000000000728,False
1859,25236.900000000023,15236.900000000023,2.8121682520265163,400.0,False
1860,25635.299999999996,15635.299999999996,2.3329782022069976,300.0,False
1861,27463.49999999997,17463.49999999997,0.8849206205992969,245.1999999999971,False
1862,26823.40000000002,16823.40000000002,2.347552481932418,286.49999999999636,False
1863,24905.900000000038,14905.900000000038,1.6431333457481163,300.0,False
1864,25105.900000000038,15105.900000000038,1.561597201617815,200.0,False
1865,25589.59999999999,15589.599999999991,1.3716543065373048,211.5,False
1866,28879.30000000004,18879.30000000004,1.82648401826484,387.7999999999993,False
1867,27310.300000000007,17310.300000000007,1.8352530079796814,250.0,False
1868,24909.900000000034,14909.900000000034,1.3228913112498675,250.0,False
1869,23982.400000000034,13982.400000000034,1.6385813817829085,250.0,False
1870,24281.50000000005,14281.500000000051,2.6868719436831645,300.0,False
1871,26768.50000000003,16768.50000000003,1.2398538625580648,200.0,False
1872,27649.600000000006,17649.600000000006,2.27328821397488,350.0,False
1873,24211.40000000005,14211.400000000049,1.3813172241049063,200.0,False
1874,27152.700000000004,17152.700000000004,2.4038461538461524,300.0,False
1875,28680.700000000033,18680.700000000033,1.4473617622296473,314.59999999999854,False
1876,24152.199999999993,14152.199999999993,2.921926133707339,300.0,False
1877,26223.900000000023,16223.900000000023,1.4634146341463417,250.0,False
1878,27954.100000000035,17954.100000000035,1.1844692393338534,200.0,False
1879,26694.10000000004,16694.10000000004,1.5013324325338702,200.0,False
1880,28328.600000000013,18328.600000000013,1.9382352941176006,400.0,False
1881,25041.99999999999,15041.999999999989,1.9089944181003238,250.0,False
1882,23811.800000000047,13811.800000000047,1.5023737505258286,300.0,False
1883,26785.7,16785.7,1.4860607501634666,150.0,False
1884,25643.500000000022,15643.500000000022,1.6838560303094046,250.0,False
1885,27676.200000000055,17676.200000000055,2.3794955469440455,350.0,False
1886,25668.500000000015,15668.500000000015,1.9269493501363322,210.79999999999927,False
1887,27561.000000000044,17561.000000000044,1.7838420866049403,236.49999999999636,False
1888,25284.500000000025,15284.500000000025,2.136189180913859,300.0,False
1889,27365.80000000003,17365.80000000003,1.6236138396843698,350.0,False
1890,26662.100000000042,16662.100000000042,1.9947011974649118,300.0,False
1891,26510.100000000006,16510.100000000006,1.6455735563916811,264.60000000000036,False
1892,27193.300000000025,17193.300000000025,2.28310502283105,250.0,False
1893,26835.30000000003,16835.30000000003,1.904170547449027,220.79999999999927,False
1894,25824.100000000042,15824.100000000042,3.6499145426867066,390.80000000000837,False
1895,24386.70000000002,14386.700000000019,1.7700776216326157,348.9000000000051,False
1896,23617.800000000017,13617.800000000017,1.5231944433866709,250.0,False
1897,26685.100000000013,16685.100000000013,1.4104360994313312,297.20000000000437,False
1898,23689.70000000003,13689.70000000003,1.6450507004625894,325.1000000000022,False
1899,27698.400000000016,17698.400000000016,1.115183596392753,242.89999999999782,False
1900,28414.400000000038,18414.400000000038,1.4030361702724685,250.0,False
1901,22444.900000000016,12444.900000000016,2.7925160569673264,450.0,False
1902,24522.800000000007,14522.800000000007,1.8060321473722238,200.0,False
1903,28691.20000000003,18691.20000000003,2.7472024321898876,300.0,False
1904,26612.20000000001,16612.20000000001,1.4623089858887184,300.0,False
1905,26744.70000000001,16744.70000000001,1.7843123260295488,250.0,False
1906,25651.900000000052,15651.900000000052,1.811830528619674,250.0,False
1907,25774.70000000001,15774.700000000012,1.8703931883748126,350.0,False
1908,26788.399999999972,16788.399999999972,2.1273517874009733,250.0,False
1909,25544.100000000028,15544.100000000028,1.3506545254250757,230.49999999999272,False
1910,27787.300000000025,17787.300000000025,1.9068503599180047,250.0,False
1911,28237.300000000025,18237.300000000025,0.983390533882721,200.0,False
1912,27173.700000000008,17173.700000000008,1.4570377839038111,300.0,False
1913,27571.100000000028,17571.100000000028,1.8438481849158472,250.0,False
1914,26071.100000000035,16071.100000000035,1.1902494762902307,200.0,False
1915,24415.600000000013,14415.600000000013,1.9368625856198474,250.0,False
1916,27119.100000000017,17119.100000000017,1.4000896057347658,250.0,False
1917,26679.400000000023,16679.400000000023,1.6128012809708245,306.1999999999971,False
1918,25775.90000000002,15775.90000000002,1.306308424644292,250.0,False
1919,26469.000000000022,16469.000000000022,1.9133536500900703,221.00000000000364,False
1920,24830.000000000007,14830.000000000007,1.3977412501397741,250.0,False
1921,28397.100000000002,18397.100000000002,1.5721639481919836,445.6000000000022,False
1922,29170.70000000005,19170.70000000005,1.1060152482635544,250.0,False
1923,25488.400000000045,15488.400000000045,1.588521975613009,262.3000000000029,False
1924,27415.60000000002,17415.60000000002,1.7387977952043938,200.0,False
1925,28728.30000000001,18728.30000000001,1.1598595796668865,200.0,False
1926,26366.499999999996,16366.499999999996,2.551931812381973,300.0,False
1927,28623.000000000022,18623.000000000022,2.2588956970455256,327.0000000000073,False
1928,26458.400000000012,16458.400000000012,3.9973254258968542,550.0,False
1929,27649.600000000006,17649.600000000006,1.7552944067543732,200.0,False
1930,25169.80000000004,15169.80000000004,1.8769455147042684,344.8999999999978,False
1931,26932.700000000048,16932.700000000048,1.2583242483548431,191.59999999999854,False
1932,28264.29999999998,18264.29999999998,1.7955739103110828,250.0,False
1933,28139.000000000015,18139.000000000015,1.4085141865548856,250.0,False
1934,24897.400000000023,14897.400000000023,1.420131788229948,211.29999999998836,False
1935,26304.59999999999,16304.599999999991,2.028278704018755,289.20000000000437,False
1936,28190.600000000035,18190.600000000035,1.4049284891399025,247.20000000000437,False
1937,26868.89999999999,16868.89999999999,1.5177993839974755,200.0,False
1938,25609.500000000025,15609.500000000025,1.932367149758454,250.0,False
1939,25548.60000000006,15548.60000000006,2.0179100217631545,350.0,False
1940,28843.80000000003,18843.80000000003,2.262895676737808,600.0,False
1941,25832.699999999986,15832.699999999986,1.9466741072876999,300.0,False
1942,29779.1,19779.1,0.9763241396143519,150.0,False
1943,27359.700000000004,17359.700000000004,1.3867445708950061,237.79999999999563,False
1944,24944.000000000044,14944.000000000044,2.4978461422363765,397.20000000000255,False
1945,24930.300000000025,14930.300000000025,2.0669014666732792,325.6999999999971,False
1946,23511.000000000022,13511.000000000022,2.583067133914811,300.0,False
1947,28571.100000000017,18571.100000000017,2.1106259097525397,250.0,False
1948,27807.900000000016,17807.900000000016,1.2510086257044735,200.0,False
1949,26048.600000000006,16048.600000000006,2.136014721647429,372.6000000000131,False
1950,30391.399999999972,20391.399999999972,0.7939721633359542,150.0,False
1951,25856.00000000005,15856.000000000051,1.6569733724379057,300.0,False
1952,29995.000000000036,19995.000000000036,1.8667025073548074,250.0,False
1953,24904.400000000023,14904.400000000023,1.3090261717965945,171.00000000000364,False
1954,28171.40000000003,18171.40000000003,1.3742587591817648,200.0,False
1955,27349.20000000003,17349.20000000003,1.9226702043798405,300.0,False
1956,26476.90000000003,16476.90000000003,1.443866095858268,200.0,False
1957,26674.000000000015,16674.000000000015,2.2069988347046148,250.0,False
1958,30508.500000000022,20508.500000000022,1.1793658156887104,150.0,False
1959,28553.100000000013,18553.100000000013,3.6055180718624604,407.20000000000255,False
1960,25137.30000000005,15137.30000000005,1.8813401161915628,300.0,False
1961,25467.500000000007,15467.500000000007,2.1094672891939013,300.0,False
1962,28468.500000000025,18468.500000000025,1.5429241498487916,250.0,False
1963,22549.59999999999,12549.599999999991,2.23841842307899,250.0,False
1964,27723.30000000002,17723.30000000002,1.7550787591593169,200.0,False
1965,26588.600000000035,16588.600000000035,1.807296961481983,400.0,False
1966,26547.400000000034,16547.400000000034,1.3702509386218924,200.0,False
1967,26423.6,16423.6,1.785765253213372,257.5,False
1968,26597.10000000002,16597.10000000002,3.9120569595493295,400.0,False
1969,26326.100000000013,16326.100000000013,1.9945270178629848,299.9999999999982,False
1970,27710.800000000032,17710.800000000032,1.4705594007960623,200.0,False
1971,26035.70000000004,16035.70000000004,1.701006955677753,336.49999999999636,False
1972,27343.800000000003,17343.800000000003,1.7268292682927537,250.0,False
1973,27522.800000000032,17522.800000000032,1.173637289742878,250.0,False
1974,27335.300000000007,17335.300000000007,1.7065574469900608,200.0,False
1975,23550.000000000044,13550.000000000044,1.9417475728155338,350.0,False
1976,27615.50000000002,17615.50000000002,2.955665024630542,300.0,False
1977,26308.500000000015,16308.500000000015,1.8112163344880627,345.6000000000022,False
1978,25004.000000000007,15004.000000000007,1.8327941863768415,397.6000000000022,False
1979,24772.60000000005,14772.60000000005,2.3309176989993983,321.00000000000364,False
1980,28309.400000000012,18309.400000000012,1.4063352590750815,250.0,False
1981,24705.500000000036,14705.500000000036,2.0627062706270634,300.0,False
1982,24821.500000000015,14821.500000000015,1.8659501418122104,300.0,False
1983,26625.200000000023,16625.200000000023,2.1113463754215043,349.9999999999982,False
1984,26465.900000000056,16465.900000000056,1.6600403389802374,284.19999999999345,False
1985,25309.50000000005,15309.500000000051,1.6408358550748487,350.0,False
1986,25122.800000000007,15122.800000000007,1.4930572836311158,200.0,False
1987,24626.500000000015,14626.500000000015,1.775883502042264,350.0,False
1988,26033.50000000003,16033.50000000003,1.1752614525226968,250.0,False
1989,28603.499999999993,18603.499999999993,2.2147467008499118,298.9000000000033,False
1990,27153.00000000002,17153.00000000002,1.265715973335583,289.20000000000437,False
1991,27188.800000000007,17188.800000000007,1.4088277144587988,300.0,False
1992,24894.900000000023,14894.900000000023,1.8398925502750647,300.0,False
1993,26381.00000000004,16381.00000000004,2.0,250.0,False
1994,27706.59999999999,17706.59999999999,1.3562540263791403,250.0,False
1995,26603.300000000036,16603.300000000036,1.7168914649891496,250.0,False
1996,28258.50000000005,18258.50000000005,1.6543053296203345,300.0,False
1997,26746.300000000054,16746.300000000054,1.167260672653415,296.59999999999854,False
1998,23629.800000000014,13629.800000000014,2.4301533426759234,300.0,False
1999,26190.100000000013,16190.100000000013,2.1621621621621605,300.0,False
2000,27543.700000000026,17543.700000000026,1.5510368681463538,225.10000000000582,False
2001,26617.30000000001,16617.30000000001,1.84200055996817,250.0,False
2002,24692.60000000004,14692.600000000039,2.024395547911367,350.0,False
2003,27261.000000000015,17261.000000000015,1.4885382554331645,250.0,False
2004,25271.099999999988,15271.099999999988,1.1827880680339704,241.59999999999854,False
2005,23984.60000000001,13984.60000000001,2.169577404053439,241.49999999999636,False
2006,29329.700000000015,19329.700000000015,1.5255879234459977,221.00000000000364,False
2007,26943.200000000023,16943.200000000023,2.8228917703295235,300.0,False
2008,26355.200000000015,16355.200000000015,1.3243980610812374,257.8999999999978,False
2009,27772.500000000036,17772.500000000036,2.611579744587504,300.0,False
2010,27330.500000000047,17330.500000000047,1.3328979200127937,211.49999999999636,False
2011,26942.799999999996,16942.799999999996,2.1834061135371177,250.0,False
2012,26011.80000000001,16011.80000000001,1.7645647171755676,250.0,False
2013,27397.499999999975,17397.499999999975,1.7888927648232122,200.0,False
2014,27083.400000000023,17083.400000000023,1.562182681642791,200.0,False
2015,27249.60000000002,17249.60000000002,2.434175828634022,300.0,False
2016,25879.100000000064,15879.100000000064,1.7826388826271184,197.69999999999527,False
2017,23605.199999999997,13605.199999999997,1.3940309622965223,325.6999999999971,False
2018,26672.70000000001,16672.70000000001,1.3869497276955376,250.0,False
2019,25539.5,15539.5,1.4517475411026037,200.0,False
2020,24571.6,14571.599999999999,1.7334327168090968,335.3999999999978,False
2021,24678.600000000013,14678.600000000013,3.3941085639624635,380.1000000000022,False
2022,26384.800000000014,16384.800000000014,1.0828935531512738,225.10000000000218,False
2023,29066.7,19066.7,1.423365975859712,250.0,False
2024,24346.900000000005,14346.900000000005,2.663154027438036,297.20000000000255,False
2025,28628.90000000001,18628.90000000001,1.3890142860119317,200.0,False
2026,27464.80000000002,17464.80000000002,2.8249955607212587,350.0,False
2027,29428.600000000035,19428.600000000035,1.4475550794707732,250.0,False
2028,26948.500000000022,16948.500000000022,2.5257202512249712,300.0,False
2029,25078.00000000003,15078.00000000003,3.0720378790726306,327.0000000000073,False
2030,23553.600000000006,13553.600000000006,2.865963767693784,295.19999999999527,False
2031,25150.700000000004,15150.700000000004,2.28850436548984,300.0,False
2032,26365.4,16365.400000000001,2.4168600154679027,300.0,False
2033,27270.400000000052,17270.400000000052,1.8511108930175295,245.19999999999527,False
2034,27239.500000000007,17239.500000000007,1.6617920765753782,200.0,False
2035,26467.499999999993,16467.499999999993,1.6725484620916893,200.0,False
2036,25425.5,15425.5,2.711692819437413,300.0,False
2037,27604.900000000027,17604.900000000027,1.2299215310063207,200.0,False
2038,24360.400000000016,14360.400000000016,1.549234678069032,300.0,False
2039,26454.900000000016,16454.900000000016,1.3684383381684826,211.5,False
2040,26500.000000000044,16500.000000000044,2.0479639571498494,249.10000000000764,False
2041,25141.19999999999,15141.19999999999,2.484521431481869,256.5,False
2042,25922.49999999998,15922.499999999982,2.6258731028066844,350.0,False
2043,24742.400000000023,14742.400000000023,3.672914702677551,600.0,False
2044,24245.400000000027,14245.400000000027,1.7236129225006158,300.0,False
2045,25203.300000000017,15203.300000000017,3.6131847155469194,530.0,False
2046,28278.800000000032,18278.800000000032,1.4799618401168222,175.29999999999745,False
2047,26495.89999999999,16495.89999999999,2.0,200.0,False
2048,27723.80000000005,17723.80000000005,1.4522640797002528,200.0,False
2049,27133.500000000025,17133.500000000025,2.1157681213999195,400.0,False
2050,25842.20000000001,15842.200000000012,1.4472408353474098,300.0,False
2051,24314.2,14314.2,1.7113826504916565,350.0,False
2052,25332.999999999975,15332.999999999975,1.3338046109625408,300.0,False
2053,24664.000000000015,14664.000000000015,1.5,250.0,False
2054,27734.100000000002,17734.100000000002,1.1836616810836662,253.50000000000364,False
2055,27125.900000000012,17125.900000000012,2.052672605048702,308.0999999999949,False
2056,28682.499999999993,18682.499999999993,1.0934857409459386,200.0,False
2057,25424.799999999977,15424.799999999977,1.4362553949343289,200.0,False
2058,26742.700000000048,16742.700000000048,1.8596071022114438,250.0,False
2059,25206.100000000035,15206.100000000035,1.7064729933584049,250.0,False
2060,25310.400000000052,15310.400000000052,1.4647571564805857,250.0,False
2061,27766.100000000006,17766.100000000006,1.2672343876723444,200.0,False
2062,25958.20000000005,15958.200000000052,1.8158605210942238,223.29999999999927,False
2063,29526.500000000022,19526.500000000022,2.6689092177051945,325.29999999999745,False
2064,26469.800000000032,16469.800000000032,2.1993361967980998,225.29999999999745,False
2065,27145.59999999999,17145.59999999999,1.7438423645320913,200.0,False
2066,24513.499999999985,14513.499999999985,1.826167149079156,200.0,False
2067,28829.100000000042,18829.100000000042,1.3039396362877702,171.00000000000364,False
2068,27177.000000000007,17177.000000000007,2.4524711098903254,250.0,False
2069,27896.900000000023,17896.900000000023,1.6906285080541545,250.0,False
2070,26928.10000000002,16928.10000000002,2.05156821874641,250.0,False
2071,25624.40000000004,15624.400000000041,1.282731019856676,200.0,False
2072,27778.400000000012,17778.400000000012,1.0579995344802051,150.0,False
2073,25792.20000000002,15792.200000000019,1.8161124611645707,350.0,False
2074,30083.899999999998,20083.899999999998,0.9637532406202711,200.0,False
2075,23646.500000000044,13646.500000000044,1.8829082145009028,300.0,False
2076,24232.70000000001,14232.700000000012,1.7576700326047794,253.50000000000364,False
2077,26916.09999999999,16916.09999999999,2.2231067474532953,301.59999999999854,False
2078,27167.50000000003,17167.50000000003,1.5222344315521914,250.0,False
2079,25232.400000000052,15232.400000000052,2.414285714285749,350.0,False
2080,24996.400000000012,14996.400000000012,3.0,300.0,False
2081,27007.600000000046,17007.600000000046,1.8160520843737797,250.0,False
2082,29571.200000000004,19571.200000000004,1.3812663449850822,150.0,False
2083,28506.20000000006,18506.20000000006,1.089412263341062,303.29999999999563,False
2084,28320.900000000038,18320.900000000038,1.1555216602535197,300.0,False
2085,25014.40000000003,15014.40000000003,2.8418375321482836,400.0,False
2086,25943.50000000004,15943.50000000004,1.8056016987100771,296.99999999999636,False
2087,28445.100000000013,18445.100000000013,2.3650254048324117,258.8000000000011,False
2088,25688.90000000006,15688.90000000006,1.2781839562349804,251.20000000000073,False
2089,26476.500000000044,16476.500000000044,1.7600215953570335,331.3000000000029,False
2090,27389.900000000074,17389.900000000074,1.317384201928649,200.0,False
2091,24683.800000000054,14683.800000000054,1.3764498605197473,264.59999999999854,False
2092,25983.300000000036,15983.300000000036,1.7933520439729913,250.0,False
2093,25597.900000000045,15597.900000000045,1.7966352614822927,250.0,False
2094,28478.900000000038,18478.900000000038,1.4726383789196726,200.0,False
2095,24901.700000000048,14901.700000000048,3.95600000000004,395.600000000004,False
2096,23836.700000000026,13836.700000000026,2.3238952202123095,250.0,False
2097,28068.800000000047,18068.800000000047,1.4502001276176095,200.0,False
2098,26876.200000000008,16876.200000000008,1.4423076923076923,237.5999999999949,False
2099,25559.000000000007,15559.000000000007,3.9546011784711497,400.0,False
2100,29281.500000000055,19281.500000000055,1.1484286624825557,223.3000000000029,False
2101,28558.099999999995,18558.099999999995,1.5,200.0,False
2102,26470.20000000001,16470.20000000001,1.5045424193973498,245.600000000004,False
2103,27283.100000000006,17283.100000000006,1.2163477132662983,225.10000000000218,False
2104,26819.500000000044,16819.500000000044,2.38690828543604,300.0,False
2105,23398.499999999985,13398.499999999985,1.3517532239314387,227.00000000000728,False
2106,25670.099999999984,15670.099999999984,3.3275850584325757,449.60000000000036,False
2107,23894.700000000004,13894.700000000004,2.0,208.8000000000011,False
2108,24543.000000000022,14543.000000000022,1.7150069972285484,300.0,False
2109,25992.300000000025,15992.300000000025,2.281105149822986,250.0,False
2110,27383.09999999997,17383.09999999997,2.018937635016455,300.0,False
2111,27523.600000000024,17523.600000000024,2.3032452725890744,300.0,False
2112,29583.700000000048,19583.700000000048,1.6147914900488471,200.0,False
2113,24788.500000000004,14788.500000000004,2.224727100142382,350.0,False
2114,26419.70000000001,16419.70000000001,1.5675045849509117,300.0,False
2115,26533.000000000022,16533.000000000022,1.9749178305848984,277.0000000000073,False
2116,25048.9,15048.900000000001,1.7433549121930247,300.0,False
2117,25626.299999999974,15626.299999999974,1.114926637827232,200.0,False
2118,27837.000000000036,17837.000000000036,1.4825627155511605,310.7999999999993,False
2119,28332.399999999998,18332.399999999998,1.519641364637946,200.0,False
2120,28971.10000000003,18971.10000000003,1.3079349799362763,250.0,False
2121,26250.60000000002,16250.60000000002,1.6890750624957773,200.0,False
2122,27140.300000000025,17140.300000000025,1.550591938472512,250.0,False
2123,24414.40000000006,14414.40000000006,2.0300281767910917,250.0,False
2124,26235.70000000005,16235.700000000052,1.5367592820260618,200.0,False
2125,26886.000000000015,16886.000000000015,1.3502079320215319,250.0,False
2126,25370.10000000002,15370.10000000002,1.5508564604802995,226.1999999999971,False
2127,27812.000000000036,17812.000000000036,1.3168753182448691,175.09999999999854,False
2128,28668.100000000013,18668.100000000013,1.248532973755837,200.0,False
2129,23790.899999999983,13790.899999999983,1.8275521766146434,350.0,False
2130,27151.00000000005,17151.00000000005,1.3375182794164848,200.0,False
2131,26407.900000000027,16407.900000000027,1.0512152047767218,200.0,False
2132,26303.799999999992,16303.799999999992,2.4195304497907126,300.0,False
2133,24108.69999999999,14108.69999999999,2.2928701432301692,347.69999999999527,False
2134,26192.300000000003,16192.300000000003,1.7178841557090196,350.0,False
2135,27826.100000000013,17826.100000000013,1.9450459679197083,300.0,False
2136,27166.30000000004,17166.30000000004,1.5052873217175333,250.0,False
2137,27438.00000000003,17438.00000000003,1.2297299513026942,250.0,False
2138,25797.5,15797.5,2.0748265445008798,250.0,False
2139,26309.800000000014,16309.800000000014,2.2523334174204477,250.0,False
2140,27671.399999999994,17671.399999999994,2.052410350715882,250.0,False
2141,26693.799999999992,16693.799999999992,1.928603112765425,200.0,False
2142,23970.700000000015,13970.700000000015,1.8445420002213455,325.29999999999563,False
2143,26802.600000000086,16802.600000000086,2.292794939560679,264.60000000000036,False
2144,26286.700000000037,16286.700000000037,5.3487684729064,542.8999999999996,False
2145,27107.300000000003,17107.300000000003,1.7690974065032026,200.0,False
2146,27210.30000000001,17210.30000000001,2.8301886792452833,300.0,False
2147,27181.10000000002,17181.10000000002,2.199344452291695,297.2000000000007,False
2148,27086.70000000002,17086.70000000002,1.839168401615525,250.0,False
2149,24792.1,14792.099999999999,1.8435105356627124,300.0,False
2150,25403.900000000038,15403.900000000038,2.016730798706067,273.2999999999993,False
2151,27361.79999999999,17361.79999999999,1.4205621638002879,226.1999999999971,False
2152,25294.400000000023,15294.400000000023,2.942578330782932,469.2000000000007,False
2153,27414.900000000023,17414.900000000023,1.5976482617586898,200.0,False
2154,26900.8,16900.8,1.3243629814059439,200.0,False
2155,30746.100000000013,20746.100000000013,2.4444379259433093,300.0,False
2156,26094.800000000025,16094.800000000025,1.9483492610885425,200.0,False
2157,28187.599999999977,18187.599999999977,1.2096286440062802,237.79999999999927,False
2158,26601.90000000003,16601.90000000003,1.5,200.0,False
2159,27821.60000000001,17821.60000000001,2.2553406466512693,250.0,False
2160,27314.89999999998,17314.89999999998,1.7467395500551142,312.2000000000007,False
2161,25234.70000000003,15234.70000000003,2.5,250.0,False
2162,27840.200000000004,17840.200000000004,1.9955777995960957,250.0,False
2163,27222.200000000044,17222.200000000044,1.8604651162790697,200.0,False
2164,24641.000000000022,14641.000000000022,1.8830973184694182,250.0,False
2165,23307.79999999999,13307.799999999988,2.0253410674357584,250.0,False
2166,27541.30000000001,17541.30000000001,1.6236419088915794,200.6999999999971,False
2167,27569.500000000007,17569.500000000007,1.1244630688846065,200.0,False
2168,26627.700000000023,16627.700000000023,1.4589913992457,200.0,False
2169,25779.20000000002,15779.200000000019,2.0553675467489008,272.70000000000437,False
2170,27865.89999999999,17865.89999999999,1.2746106064597267,200.0,False
2171,25460.499999999993,15460.499999999993,2.191678482672401,300.0,False
2172,24764.000000000033,14764.000000000033,1.477792473602931,297.6999999999971,False
2173,27132.60000000002,17132.60000000002,1.4150943396226416,150.0,False
2174,26073.700000000026,16073.700000000026,2.0,241.5,False
2175,26123.800000000054,16123.800000000054,1.638549163029085,250.0,False
2176,25156.900000000016,15156.900000000016,1.8110036582273887,307.5,False
2177,25907.300000000025,15907.300000000025,1.7275433757349232,300.0,False
2178,27143.20000000004,17143.20000000004,1.5339932913360044,300.0,False
2179,26291.500000000022,16291.500000000022,1.3237201832028733,150.0,False
2180,25799.80000000005,15799.80000000005,1.7444700300048834,300.0,False
2181,26525.00000000002,16525.00000000002,1.7043324129938295,200.0,False
2182,27780.90000000003,17780.90000000003,1.1071098350284387,200.0,False
2183,26761.399999999994,16761.399999999994,1.3529906583433535,250.0,False
2184,25615.10000000002,15615.10000000002,1.4286802804023158,300.0,False
2185,23536.699999999983,13536.699999999983,4.263118767463949,550.0,False
2186,26819.20000000001,16819.20000000001,1.5571484718609008,332.7999999999993,False
2187,25903.999999999996,15903.999999999996,2.5428569063563353,307.20000000000255,False
2188,26839.20000000001,16839.20000000001,1.603424915619764,232.79999999999927,False
2189,26063.50000000005,16063.500000000051,1.2262949334842868,173.29999999999927,False
2190,29822.20000000002,19822.20000000002,1.2372358501459937,171.00000000000364,False
2191,25939.000000000007,15939.000000000007,1.6872131737604608,300.0,False
2192,26244.800000000014,16244.800000000014,1.8658740649617631,244.20000000000073,False
2193,28159.20000000003,18159.20000000003,2.5882022347277585,350.0,False
2194,25356.500000000022,15356.500000000022,1.4512008175779147,250.0,False
2195,25080.600000000042,15080.600000000042,2.0285724428576475,400.0,False
2196,27500.699999999997,17500.699999999997,1.4581255504423947,300.0,False
2197,26334.70000000004,16334.70000000004,1.9489213266849061,310.7999999999993,False
2198,28546.30000000004,18546.30000000004,1.1637108411301955,157.20000000000437,False
2199,26887.20000000004,16887.20000000004,1.4829490518023754,250.0,False
2200,27530.100000000006,17530.100000000006,1.2573660695574915,200.0,False
2201,27557.500000000015,17557.500000000015,1.4562824022834502,200.0,False
2202,25535.4,15535.400000000001,1.6210082671421635,250.0,False
2203,27387.700000000004,17387.700000000004,2.0,200.0,False
2204,25143.600000000042,15143.600000000042,1.642583836762811,250.0,False
2205,27670.899999999994,17670.899999999994,1.780030901336447,250.0,False
2206,30762.600000000042,20762.600000000042,1.1577826147362569,200.0,False
2207,27867.600000000028,17867.600000000028,1.932367149758454,250.40000000000146,False
2208,26696.100000000006,16696.100000000006,1.8372671263917302,300.0,False
2209,24365.800000000036,14365.800000000036,1.6966502468626088,300.0,False
2210,27137.600000000042,17137.600000000042,1.4128858996601417,321.59999999999854,False
2211,26356.399999999994,16356.399999999994,2.0,336.40000000000146,False
2212,26890.300000000043,16890.300000000043,2.4106841521623816,300.0,False
2213,25639.900000000023,15639.900000000023,1.4710533477496555,250.0,False
2214,26239.500000000015,16239.500000000015,1.3854253255749505,200.0,False
2215,28232.900000000045,18232.900000000045,1.3182316713068412,250.0,False
2216,26196.90000000003,16196.90000000003,1.0510147390437543,160.79999999999927,False
2217,28536.600000000042,18536.600000000042,1.8859384429692205,200.0,False
2218,28049.600000000057,18049.600000000057,1.2566918842838117,150.0,False
2219,24068.200000000026,14068.200000000026,2.205940594059381,250.0,False
2220,27815.300000000025,17815.300000000025,1.0966916468652899,200.0,False
2221,28256.700000000033,18256.700000000033,1.7710399546613778,250.0,False
2222,24286.100000000024,14286.100000000024,2.111950259347491,300.0,False
2223,26414.5,16414.5,1.5207460171661924,250.00000000000182,False
2224,27686.600000000013,17686.600000000013,2.1612649451470967,250.0,False
2225,26981.600000000028,16981.600000000028,1.4215314632297198,250.0,False
2226,25216.600000000042,15216.600000000042,1.3857248172228946,300.0,False
2227,28413.50000000002,18413.50000000002,1.1807165375093953,300.0,False
2228,25704.000000000022,15704.000000000022,1.5300720357914435,300.0,False
2229,28017.00000000006,18017.00000000006,1.5829798011777343,350.0,False
2230,24596.399999999987,14596.399999999987,1.988878193143941,250.0,False
2231,25609.900000000016,15609.900000000016,1.3906142806815867,160.79999999999927,False
2232,24257.400000000016,14257.400000000016,2.0,259.4999999999982,False
2233,26662.70000000003,16662.70000000003,2.403846153846154,250.0,False
2234,27013.300000000025,17013.300000000025,2.8301886792452833,300.0,False
2235,26982.5,16982.5,3.0097314650703932,450.0,False
2236,28013.800000000054,18013.800000000054,1.7889247667689339,200.0,False
2237,26868.500000000022,16868.500000000022,1.6898314393139269,200.0,False
2238,25797.500000000036,15797.500000000036,1.818033070021542,250.0,False
2239,27459.600000000046,17459.600000000046,1.078422098193192,195.60000000000582,False
2240,27817.699999999997,17817.699999999997,1.0978964028334766,200.0,False
2241,28883.500000000044,18883.500000000044,1.254768118851634,200.0,False
2242,26503.499999999985,16503.499999999985,3.0995073891625653,314.60000000000036,False
2243,26026.500000000022,16026.500000000022,2.201576328651312,250.0,False
2244,25164.800000000014,15164.800000000014,3.9424357689191676,574.2000000000007,False
2245,26047.000000000025,16047.000000000025,2.4978486692482793,325.1000000000022,False
2246,26547.500000000036,16547.500000000036,1.3699099284222056,300.0,False
2247,25813.40000000002,15813.40000000002,1.519987840097279,250.0,False
2248,27415.300000000032,17415.300000000032,2.2498605086484633,250.0,False
2249,27839.500000000044,17839.500000000044,1.4535306258902874,200.0,False
2250,25221.30000000003,15221.300000000028,1.6493893136066362,200.0,False
2251,27336.299999999992,17336.299999999992,1.8569757293272184,300.0,False
2252,24651.59999999999,14651.599999999991,1.7730979722702556,277.0000000000073,False
2253,24249.000000000007,14249.000000000007,1.8293073327784428,250.0,False
2254,26323.800000000017,16323.800000000017,1.261740495308847,250.0,False
2255,26052.000000000025,16052.000000000025,1.029582249029251,150.0,False
2256,27055.100000000013,17055.100000000013,2.267145286227094,300.0,False
2257,29023.90000000003,19023.90000000003,1.7766659796891533,250.0,False
2258,27278.800000000032,17278.800000000032,2.0,250.0,False
2259,27316.20000000002,17316.20000000002,1.758071746907992,250.0,False
2260,27285.000000000015,17285.000000000015,2.1820530500737534,250.0,False
2261,25603.600000000013,15603.600000000013,2.176993430374885,300.0,False
2262,26265.00000000003,16265.00000000003,3.0,400.0,False
2263,27414.70000000004,17414.70000000004,1.3486995164912225,200.0,False
2264,25627.60000000005,15627.60000000005,1.8124610320878098,350.3999999999978,False
2265,24695.599999999995,14695.599999999995,2.231415507286658,297.20000000000255,False
2266,26593.70000000001,16593.70000000001,1.0026369351394167,200.0,False
2267,29719.60000000005,19719.60000000005,1.8852806711599182,200.0,False
2268,27448.700000000066,17448.700000000066,1.9392058951859206,200.0,False
2269,27518.100000000017,17518.100000000017,1.0659617106553523,200.0,False
2270,29320.400000000016,19320.400000000016,1.4947087310919345,200.0,False
2271,25916.900000000016,15916.900000000016,1.289706849633077,200.0,False
2272,24617.399999999998,14617.399999999998,2.1680523474475093,325.6999999999971,False
2273,26374.500000000007,16374.500000000007,1.0847142635899154,197.6999999999971,False
2274,26367.10000000001,16367.10000000001,1.7702053929176997,245.19999999999527,False
2275,26461.89999999998,16461.89999999998,1.647400873052277,398.9000000000051,False
2276,27320.000000000007,17320.000000000007,1.5418162595537528,350.0,False
2277,26366.6,16366.599999999999,1.0533559921911206,150.0,False
2278,27250.100000000002,17250.100000000002,1.5504462780342965,225.29999999999745,False
2279,25586.4,15586.400000000001,2.327898466380492,250.0,False
2280,24973.10000000005,14973.10000000005,2.003455023543083,262.10000000000036,False
2281,26706.700000000055,16706.700000000055,1.8204214882552343,299.9999999999982,False
2282,28934.200000000033,18934.200000000033,1.8867924528301887,300.0,False
2283,25885.9,15885.900000000001,1.6982657310354663,300.0,False
2284,24899.100000000053,14899.100000000053,2.550873993201921,400.0,False
2285,26623.00000000001,16623.00000000001,1.9228180821812442,250.39999999999964,False
2286,25149.300000000003,15149.300000000003,1.9594882543768641,225.29999999999745,False
2287,25897.000000000036,15897.000000000036,1.6960802845702907,200.0,False
2288,26511.80000000002,16511.80000000002,2.183120115268741,350.0,False
2289,23137.700000000004,13137.700000000004,1.959585508473248,250.0,False
2290,26152.70000000004,16152.70000000004,1.2658868803483716,153.50000000000364,False
2291,26956.100000000042,16956.100000000042,2.2739883026041725,250.0,False
2292,28127.399999999998,18127.399999999998,1.9179868809697358,250.0,False
2293,24652.90000000001,14652.900000000009,2.992548554100291,350.0,False
2294,27037.2,17037.2,1.5454437741797562,300.0,False
2295,28036.60000000001,18036.60000000001,1.3313688246676008,200.0,False
2296,27432.80000000001,17432.80000000001,2.429333333333327,273.2999999999993,False
2297,29298.300000000032,19298.300000000032,1.4804506491776093,300.0,False
2298,27048.399999999994,17048.399999999994,1.8377488311917451,250.0,False
2299,26537.20000000003,16537.20000000003,1.342389991140226,200.0,False
2300,26382.000000000036,16382.000000000036,1.4890170105303284,250.0,False
2301,24722.300000000025,14722.300000000025,1.389612719676691,325.29999999999563,False
2302,27658.4,17658.4,1.0019688688272457,211.49999999999272,False
2303,24758.799999999992,14758.799999999992,1.231461734267634,250.0,False
2304,26168.79999999998,16168.799999999981,2.4630541871921183,250.0,False
2305,25383.200000000004,15383.200000000004,3.2329279328553597,325.1000000000022,False
2306,25132.500000000007,15132.500000000007,1.7211555838590027,250.0,False
2307,26030.500000000022,16030.500000000022,1.573106176801402,200.0,False
2308,25747.800000000043,15747.800000000043,1.9264178555229574,300.0,False
2309,26586.300000000017,16586.300000000017,1.9378342764126792,250.0,False
2310,25805.700000000015,15805.700000000015,1.4157087037771097,158.8000000000011,False
2311,26632.800000000025,16632.800000000025,1.4530659691950025,211.5,False
2312,25878.50000000004,15878.50000000004,1.6165685363082076,200.0,False
2313,26832.700000000033,16832.700000000033,2.382949519597377,300.0,False
2314,26973.10000000002,16973.10000000002,1.7510190931121894,250.0,False
2315,27145.300000000014,17145.300000000014,1.4354066985645932,250.0,False
2316,26068.500000000022,16068.500000000022,1.6412007024339008,250.0,False
2317,24966.20000000002,14966.200000000019,1.9589713049883242,276.2000000000007,False
2318,26910.90000000002,16910.90000000002,1.2646701740186161,200.0,False
2319,24277.000000000007,14277.000000000007,3.1998224375987863,345.99999999999454,False
2320,25155.700000000015,15155.700000000015,1.5563233417374795,200.0,False
2321,24492.29999999999,14492.299999999988,2.092037704496676,349.9999999999982,False
2322,25093.900000000038,15093.900000000038,2.5360126313739415,364.60000000000036,False
2323,26063.00000000003,16063.00000000003,1.8254101573436308,260.7999999999993,False
2324,28578.800000000003,18578.800000000003,2.5,300.0,False
2325,24595.20000000001,14595.200000000012,1.8513718665531163,382.3999999999942,False
2326,26827.00000000008,16827.00000000008,1.548355461677737,200.0,False
2327,28680.900000000023,18680.900000000023,0.8004418438978314,200.0,False
2328,28011.600000000013,18011.600000000013,2.320437701292157,300.0,False
2329,25798.999999999996,15798.999999999996,2.4689141266777392,550.0,False
2330,27354.899999999998,17354.899999999998,2.403846153846154,250.0,False
2331,27590.900000000038,17590.900000000038,1.967382863059794,220.39999999999964,False
2332,26731.800000000047,16731.800000000047,1.387103024324941,200.0,False
2333,26813.400000000038,16813.400000000038,1.3699068006739927,300.0,False
2334,25605.200000000033,15605.200000000033,1.3943500934214548,350.0,False
2335,27662.000000000015,17662.000000000015,1.2494645152077675,350.0,False
2336,25586.700000000026,15586.700000000026,1.4354066985645932,250.0,False
2337,27760.79999999998,17760.79999999998,2.1058816839471772,222.20000000000255,False
2338,27365.400000000034,17365.400000000034,1.9876119325730586,345.6000000000058,False
2339,26994.599999999984,16994.599999999984,2.450980392156863,250.0,False
2340,25060.500000000047,15060.500000000047,1.549341105369493,200.0,False
2341,28175.99999999999,18175.99999999999,1.3739358866557856,250.0,False
2342,26328.899999999987,16328.899999999987,1.5757560477517112,256.2000000000007,False
2343,26467.49999999998,16467.49999999998,1.6205879493080104,200.0,False
2344,28590.9,18590.9,1.7334176929943939,200.0,False
2345,24061.200000000044,14061.200000000044,1.6707671553284282,344.29999999999563,False
2346,28145.700000000004,18145.700000000004,2.0281582068035724,348.9000000000051,False
2347,25196.500000000007,15196.500000000007,1.8499505138237542,209.80000000000655,False
2348,30831.200000000048,20831.200000000048,0.9220924121015394,200.0,False
2349,28431.000000000036,18431.000000000036,1.2346654550482996,250.0,False
2350,24709.700000000004,14709.700000000004,3.0,321.0,False
2351,26547.70000000002,16547.70000000002,2.0,311.49999999999636,False
2352,26761.100000000013,16761.100000000013,1.9645816279673058,295.19999999999527,False
2353,27487.100000000028,17487.100000000028,1.3104671378524062,200.0,False
2354,28768.900000000045,18768.900000000045,1.4423076923076923,200.0,False
2355,23212.9,13212.900000000001,1.559237580244449,232.09999999999854,False
2356,27213.79999999999,17213.79999999999,1.2630621679199059,200.00000000000182,False
2357,27828.100000000035,17828.100000000035,2.0147804292288227,271.8000000000029,False
2358,25984.20000000002,15984.200000000019,1.3944278662464775,202.39999999999782,False
2359,25696.70000000001,15696.700000000012,1.6943696097866785,300.0,False
2360,25490.500000000036,15490.500000000036,1.4845899562540812,300.0,False
2361,28755.000000000022,18755.000000000022,2.450660044438634,300.0,False
2362,26186.400000000023,16186.400000000023,2.2159331927798562,350.0,False
2363,26608.900000000038,16608.900000000038,1.1427853106376153,200.0,False
2364,24320.30000000006,14320.300000000061,1.7332584565680074,286.4999999999927,False
2365,27655.900000000045,17655.900000000045,1.6881198565098121,250.0,False
2366,23600.700000000015,13600.700000000015,1.453481484991296,245.39999999999054,False
2367,25693.30000000001,15693.30000000001,1.9870444700552392,250.0,False
2368,28137.800000000036,18137.800000000036,2.305639480369642,287.70000000000437,False
2369,28070.300000000007,18070.300000000007,1.0060412778736305,200.0,False
2370,26307.00000000005,16307.000000000051,1.1592388437751768,200.0,False
2371,28387.200000000015,18387.200000000015,1.4151944713069318,300.0,False
2372,26373.199999999997,16373.199999999997,1.3665433740866937,250.0,False
2373,26330.899999999972,16330.899999999972,1.3924667548562286,350.0,False
2374,25685.0,15685.0,1.257127915279635,250.0,False
2375,29665.00000000003,19665.00000000003,1.8951453955547457,250.0,False
2376,27638.000000000022,17638.000000000022,1.4125623881721447,200.0,False
2377,25086.000000000015,15086.000000000015,3.446332710502088,348.5999999999967,False
2378,25702.300000000003,15702.300000000003,2.1720836081606363,286.49999999999636,False
2379,28508.700000000026,18508.700000000026,1.4812181538096914,200.0,False
2380,24885.700000000033,14885.700000000033,2.414609644087228,336.49999999999636,False
2381,26879.900000000023,16879.900000000023,1.419958924982882,200.0,False
2382,26766.400000000038,16766.400000000038,1.470801136466482,325.1000000000058,False
2383,28760.80000000004,18760.80000000004,1.3501670592101822,200.0,False
2384,25908.499999999993,15908.499999999993,1.671262638923707,250.0,False
2385,26106.80000000002,16106.800000000021,2.2684996143550618,350.0,False
2386,26789.30000000004,16789.30000000004,1.1865023492746514,182.79999999999927,False
2387,30249.000000000022,20249.000000000022,0.9484932961635433,200.0,False
2388,25220.90000000003,15220.90000000003,1.6789612826198168,315.0,False
2389,28208.400000000016,18208.400000000016,1.3205620312004798,150.0,False
2390,26280.099999999977,16280.099999999977,2.5470352509678764,450.0,False
2391,26819.200000000008,16819.200000000008,2.0983188269558424,250.0,False
2392,25170.000000000007,15170.000000000007,3.0,300.0,False
2393,26086.100000000042,16086.100000000042,1.9245869836333103,325.1000000000058,False
2394,28925.40000000004,18925.40000000004,0.7502438292445038,150.0,False
2395,26652.200000000004,16652.200000000004,1.702127659574468,200.0,False
2396,29009.100000000006,19009.100000000006,1.0917666239664603,250.0,False
2397,25875.200000000023,15875.200000000023,1.8448142272073205,250.0,False
2398,25319.80000000004,15319.80000000004,1.430901754285549,250.0,False
2399,28986.400000000016,18986.400000000016,1.6177041542642683,250.0,False
2400,26512.10000000001,16512.10000000001,1.7720442302239827,250.0,False
2401,26711.90000000003,16711.90000000003,1.7594482370328661,350.0,False
2402,28096.700000000033,18096.700000000033,1.3157663900633318,198.90000000000146,False
2403,27632.80000000001,17632.80000000001,1.4084507042253522,200.0,False
2404,24546.900000000023,14546.900000000023,2.358490566037736,500.0,False
2405,26815.700000000015,16815.700000000015,2.334572212987693,350.0,False
2406,25094.299999999974,15094.299999999974,2.5741462533233745,398.9000000000033,False
2407,25749.200000000048,15749.200000000048,1.3075877969451284,301.6999999999898,False
2408,30457.500000000007,20457.500000000007,1.4134675185164254,250.0,False
2409,26972.800000000047,16972.800000000047,1.228179346936103,197.69999999999345,False
2410,24957.5,14957.5,1.5012503270581068,350.0,False
2411,28148.79999999999,18148.79999999999,2.4390243902439024,250.0,False
2412,24927.70000000001,14927.700000000012,1.7940621567168988,364.2000000000007,False
2413,26963.000000000036,16963.000000000036,1.2733446519524618,200.0,False
2414,25400.300000000007,15400.300000000007,1.5249132705577377,250.0,False
2415,26433.50000000004,16433.50000000004,1.9955895367562915,275.1000000000022,False
2416,25893.40000000003,15893.40000000003,1.4437947852731305,250.0,False
2417,24979.60000000001,14979.60000000001,1.7386534030648022,250.0,False
2418,26366.20000000002,16366.200000000019,2.3487549298823773,347.20000000000255,False
2419,25759.100000000017,15759.100000000017,1.6736428452568162,261.49999999999636,False
2420,25632.800000000017,15632.800000000017,2.0,260.3999999999978,False
2421,28575.70000000002,18575.70000000002,1.1776528593411413,300.0,False
2422,25779.700000000048,15779.700000000048,1.9801980198019802,250.0,False
2423,25662.800000000032,15662.800000000032,2.1846951466203035,291.59999999999854,False
2424,27418.600000000002,17418.600000000002,2.295069425850131,300.0,False
2425,25077.700000000023,15077.700000000023,1.601647408763298,350.0,False
2426,25765.100000000057,15765.100000000057,2.259104189885236,327.29999999999563,False
2427,26883.300000000047,16883.300000000047,1.0857226022412827,200.0,False
2428,27823.90000000006,17823.90000000006,2.080665813060214,250.0,False
2429,24722.399999999998,14722.399999999998,1.6865612536418668,300.0,False
2430,25228.10000000005,15228.10000000005,1.6205879493080082,250.0,False
2431,26907.400000000016,16907.400000000016,1.3262599469496021,247.6999999999971,False
2432,25742.50000000002,15742.500000000018,1.7180342491846343,184.89999999999782,False
2433,27352.000000000033,17352.000000000033,0.9852216748768473,150.0,False
2434,28432.20000000005,18432.20000000005,1.785538920284614,300.0,False
2435,27204.700000000033,17204.700000000033,1.2531747092634673,200.0,False
2436,28935.400000000016,18935.400000000016,1.1797322007904216,200.0,False
2437,25817.1,15817.099999999999,1.1469139413124128,257.2000000000007,False
2438,26689.100000000017,16689.100000000017,1.9474101878763976,400.0,False
2439,24497.400000000034,14497.400000000034,1.6409690907062076,250.0,False
2440,24875.200000000004,14875.200000000004,2.0320742601217594,250.0,False
2441,26194.200000000037,16194.200000000037,2.832512315270936,287.5,False
2442,26374.100000000053,16374.100000000053,1.7721596008457112,250.0,False
2443,26684.200000000037,16684.200000000037,2.955665024630542,300.0,False
2444,27816.700000000033,17816.700000000033,2.0389355125476087,250.0,False
2445,24888.600000000024,14888.600000000024,1.861592534238277,307.2000000000007,False
2446,25239.200000000026,15239.200000000026,1.7978385251112352,282.79999999999745,False
2447,29546.699999999997,19546.699999999997,1.4234470193019413,300.0,False
2448,25387.199999999946,15387.199999999946,1.4602697118157728,250.0,False
2449,26455.400000000045,16455.400000000045,2.107179582272716,250.0,False
2450,26974.799999999977,16974.799999999977,1.3683540753005259,200.39999999999782,False
2451,26600.50000000001,16600.50000000001,1.1535249415162847,250.0,False
2452,26356.00000000004,16356.00000000004,1.315477913125838,200.0,False
2453,26794.000000000004,16794.000000000004,1.3582949039069383,232.10000000000218,False
2454,24786.700000000048,14786.700000000048,2.4123124427075786,250.0,False
2455,25940.400000000038,15940.400000000038,2.9459543629584077,350.0,False
2456,28343.10000000003,18343.10000000003,1.813647698934482,245.19999999999345,False
2457,25663.400000000045,15663.400000000045,1.9947975679428034,250.0,False
2458,26849.000000000025,16849.000000000025,1.067638454913628,206.60000000000946,False
2459,25623.700000000055,15623.700000000055,2.4869601502190206,357.5999999999931,False
2460,25889.399999999987,15889.399999999987,2.3755000427589987,250.0,False
2461,29078.700000000023,19078.700000000023,1.6469580684475766,200.0,False
2462,25254.600000000035,15254.600000000035,1.3291509383805638,200.0,False
2463,27639.30000000005,17639.30000000005,1.6387043848738743,254.4000000000051,False
2464,25321.599999999962,15321.599999999962,2.289188619985532,350.0,False
2465,23232.000000000015,13232.000000000015,2.0696049538064174,338.1000000000058,False
2466,25723.90000000003,15723.90000000003,1.9657487930302415,250.0,False
2467,24258.400000000038,14258.400000000038,2.16598365981927,250.0,False
2468,26136.40000000005,16136.400000000049,2.9265152032464816,300.0,False
2469,27813.40000000003,17813.40000000003,1.4304646480996048,282.79999999999563,False
2470,27342.60000000004,17342.60000000004,1.521866173176183,249.99999999999818,False
2471,26493.599999999995,16493.599999999995,1.143765619549242,200.0,False
2472,26011.500000000033,16011.500000000033,1.24227460480139,200.0,False
2473,26247.900000000027,16247.900000000027,1.3143598191440882,225.29999999999563,False
2474,24310.999999999978,14310.999999999978,1.819757365684602,300.0,False
2475,26962.900000000038,16962.900000000038,1.47322179458008,150.0,False
2476,26234.30000000001,16234.30000000001,1.4750350320820105,200.0,False
2477,27022.100000000028,17022.100000000028,1.274523965298959,183.00000000000182,False
2478,27162.900000000038,17162.900000000038,2.7004158640430616,300.0,False
2479,25757.800000000032,15757.800000000032,1.941531830889821,375.6999999999971,False
2480,25475.400000000016,15475.400000000016,2.5,260.7999999999993,False
2481,25802.000000000015,15802.000000000015,1.9760815094100999,250.0,False
2482,27780.69999999998,17780.69999999998,1.0916236081799,150.0,False
2483,27535.400000000027,17535.400000000027,2.01152199800457,250.0,False
2484,26070.500000000022,16070.500000000022,1.4037550447446911,200.0,False
2485,26208.70000000002,16208.700000000019,1.2466864606583659,297.69999999999345,False
2486,27729.200000000037,17729.200000000037,1.2606313241671419,150.0,False
2487,23248.600000000013,13248.600000000013,1.950214913683488,250.0,False
2488,27649.200000000026,17649.200000000026,2.654538375776452,300.0,False
2489,26388.800000000017,16388.800000000017,2.2420351700583665,300.0,False
2490,27816.600000000035,17816.600000000035,1.1953072238392057,200.0,False
2491,27052.79999999997,17052.79999999997,2.1689151086626492,287.70000000000437,False
2492,26055.499999999993,16055.499999999993,1.8745969616532459,250.0,False
2493,24902.50000000003,14902.50000000003,2.1217934418915676,250.0,False
2494,25795.600000000006,15795.600000000006,2.2467870944549295,300.0,False
2495,27517.60000000002,17517.60000000002,1.9166781667356667,250.0,False
2496,25023.900000000038,15023.900000000038,1.8418580664173994,224.50000000000728,False
2497,25154.70000000004,15154.70000000004,2.501332746642777,295.600000000004,False
2498,25518.70000000002,15518.700000000019,1.6053103666930197,400.0,False
2499,29124.000000000033,19124.000000000033,0.8934314916732187,171.00000000000364,False
2500,25089.400000000016,15089.400000000016,1.4253518425279643,300.0,False
2501,26227.899999999972,16227.899999999972,1.9455399061033103,250.0,False
2502,27584.200000000026,17584.200000000026,2.4844994837762164,450.0,False
2503,24167.50000000002,14167.500000000018,2.2453241125356436,300.0,False
2504,25376.100000000035,15376.100000000035,1.8497451975990313,250.0,False
2505,27570.69999999999,17570.69999999999,1.4018691588785046,325.29999999999563,False
2506,25285.90000000002,15285.90000000002,1.8989889782679719,250.0,False
2507,22945.800000000047,12945.800000000047,2.441151581092457,565.3999999999869,False
2508,26137.300000000003,16137.300000000003,2.215224740928887,382.0,False
2509,27478.700000000044,17478.700000000044,1.5173662568091801,300.0,False
2510,25294.70000000002,15294.700000000019,1.4287755393627668,250.0,False
2511,27004.500000000062,17004.500000000062,1.1848271041048322,300.0,False
2512,26320.90000000003,16320.90000000003,2.099617869547743,350.0,False
2513,30084.9,20084.9,1.319539744537105,221.0,False
2514,24938.30000000001,14938.30000000001,2.3091061911755197,250.0,False
2515,27081.000000000004,17081.000000000004,2.1125702222062848,295.19999999999527,False
2516,27609.200000000037,17609.200000000037,1.7080936308604682,250.0,False
2517,26073.000000000036,16073.000000000036,1.4976711214062115,300.0,False
2518,26215.60000000002,16215.60000000002,1.6786409722688516,200.0,False
2519,24793.00000000003,14793.00000000003,1.8518518518518516,206.1999999999989,False
2520,26510.000000000007,16510.000000000007,1.854444640191379,200.0,False
2521,25741.700000000055,15741.700000000055,2.5578166996484786,259.79999999999563,False
2522,28964.69999999997,18964.69999999997,1.383442908104635,187.70000000000437,False
2523,23797.60000000002,13797.60000000002,2.759102739789022,300.0,False
2524,25027.800000000007,15027.800000000007,1.4354066985645932,242.90000000000146,False
2525,26307.800000000043,16307.800000000043,2.2758726741503317,345.1999999999971,False
2526,27471.40000000003,17471.40000000003,1.6576050921628425,200.0,False
2527,28586.700000000004,18586.700000000004,2.0361954096010675,250.0,False
2528,25927.900000000027,15927.900000000027,1.5391008572791771,300.0,False
2529,24875.000000000036,14875.000000000036,3.3592682964258636,437.79999999999745,False
2530,25791.600000000017,15791.600000000017,2.466219769921486,350.0,False
2531,28323.600000000046,18323.600000000046,1.1266035797801441,206.20000000000073,False
2532,27135.30000000001,17135.30000000001,1.3769805570345333,245.19999999999345,False
2533,27553.700000000026,17553.700000000026,1.5254133870278848,250.0,False
2534,25706.50000000005,15706.500000000051,3.4442209199491236,354.4000000000051,False
2535,26842.20000000001,16842.20000000001,1.345158773573908,250.0,False
2536,25921.700000000026,15921.700000000026,1.2955157880190697,250.0,False
2537,24345.500000000036,14345.500000000036,1.761555806087934,300.0,False
2538,24645.000000000065,14645.000000000065,1.9946145407400004,200.0,False
2539,26058.000000000022,16058.000000000022,1.9138755980861244,200.0,False
2540,26277.800000000017,16277.800000000017,2.510346212604804,350.0,False
2541,29119.00000000003,19119.00000000003,1.7372471581531905,300.0,False
2542,25502.800000000007,15502.800000000007,1.9239680077361405,286.49999999999636,False
2543,29165.200000000023,19165.200000000023,2.108067997841338,250.0,False
2544,27193.100000000002,17193.100000000002,1.9034385617618217,300.0,False
2545,25222.100000000035,15222.100000000035,1.7332524482190839,225.29999999999745,False
2546,27046.80000000003,17046.80000000003,1.3312388508746245,221.00000000000364,False
2547,25958.100000000013,15958.100000000013,1.3780938206273077,208.8000000000029,False
2548,27182.9,17182.9,1.5483311570678737,300.0,False
2549,26336.00000000004,16336.00000000004,2.535740454921015,325.29999999999745,False
2550,27589.19999999999,17589.19999999999,1.6394732700278043,250.0,False
2551,27996.80000000002,17996.80000000002,1.0,150.0,False
2552,26566.900000000034,16566.900000000034,1.627233377811045,300.0,False
2553,24446.600000000042,14446.600000000042,2.1673267326733,218.90000000000327,False
2554,26695.200000000033,16695.200000000033,1.8989745537409803,250.0,False
2555,26314.70000000001,16314.700000000012,2.2944024228889606,300.0,False
2556,25323.200000000015,15323.200000000015,1.8255004153013443,450.0,False
2557,26719.100000000017,16719.100000000017,1.9801980198019802,200.5999999999949,False
2558,25001.199999999997,15001.199999999997,1.5839576766508787,207.20000000000255,False
2559,25719.100000000035,15719.100000000035,2.3830671717995267,394.3999999999942,False
2560,26763.800000000025,16763.800000000025,1.8867924528301887,200.0,False
2561,26733.200000000004,16733.200000000004,3.0009327943854447,337.79999999999745,False
2562,26284.500000000025,16284.500000000025,3.0648791124110084,377.59999999999127,False
2563,26993.500000000007,16993.500000000007,1.833937004263905,250.0,False
2564,25474.70000000001,15474.700000000012,2.5687130747495512,300.0,False
2565,24316.400000000038,14316.400000000038,1.7607958797376408,261.49999999999636,False
2566,27141.200000000044,17141.200000000044,1.3511565900410754,200.30000000000655,False
2567,28105.400000000005,18105.400000000005,1.469254997990546,200.0,False
2568,24722.30000000004,14722.30000000004,1.3100751328088664,300.0,False
2569,23645.300000000032,13645.300000000032,1.768388290911661,300.0,False
2570,27900.500000000022,17900.500000000022,1.8784077262018892,448.90000000000146,False
2571,25746.900000000016,15746.900000000016,3.28523206057968,400.0,False
2572,26021.600000000017,16021.600000000017,1.2978360746515305,158.8000000000011,False
2573,24727.700000000004,14727.700000000004,1.1368597206053561,250.0,False
2574,26199.500000000025,16199.500000000025,2.0830630022751,250.0,False
2575,29451.100000000006,19451.100000000006,1.3149013385695634,200.0,False
2576,27607.100000000035,17607.100000000035,1.4034554630786071,295.6000000000058,False
2577,27077.40000000004,17077.40000000004,1.4513226386980669,200.0,False
2578,27674.700000000055,17674.700000000055,1.5067865666964089,250.00000000000182,False
2579,27846.90000000002,17846.90000000002,3.281608925976278,350.0,False
2580,26428.600000000024,16428.600000000024,1.2255442642077337,250.0,False
2581,23883.600000000024,13883.600000000024,1.7911677518157945,250.0,False
2582,27999.50000000003,17999.50000000003,1.0087557035393129,150.0,False
2583,25597.400000000016,15597.400000000016,1.3245471704361067,271.00000000000364,False
2584,25879.500000000036,15879.500000000036,1.1643703983511724,200.0,False
2585,24367.799999999996,14367.799999999996,1.765970613942767,276.8000000000029,False
2586,27241.900000000034,17241.900000000034,2.1165876777251116,300.0,False
2587,25601.500000000022,15601.500000000022,1.1848622005260787,300.0,False
2588,27789.000000000007,17789.000000000007,1.4235294117646595,200.0,False
2589,26499.900000000016,16499.900000000016,1.1904289512320938,200.0,False
2590,27226.000000000007,17226.000000000007,1.2274765913918835,300.0,False
2591,27009.30000000002,17009.30000000002,1.9278037495782934,275.6999999999971,False
2592,24630.599999999977,14630.599999999977,1.9156721135610437,250.0,False
2593,25099.000000000022,15099.000000000022,1.892022288022555,300.0,False
2594,27577.30000000004,17577.30000000004,1.3721059997621672,197.20000000000073,False
2595,27858.099999999984,17858.099999999984,2.955665024630542,300.0,False
2596,28943.800000000003,18943.800000000003,1.2816901408450363,200.0,False
2597,23320.4,13320.400000000001,2.132181007953035,300.0,False
2598,22645.800000000017,12645.800000000017,2.951490721211997,472.9999999999927,False
2599,27048.600000000017,17048.600000000017,1.8390466382227446,250.0,False
2600,25720.90000000002,15720.90000000002,2.1524632789764606,250.0,False
2601,27084.100000000046,17084.100000000046,2.457074901471296,377.0000000000073,False
2602,26292.300000000003,16292.300000000003,1.9776699029126106,203.6999999999989,False
2603,25030.70000000005,15030.700000000052,1.556553479286163,314.7000000000007,False
2604,28122.500000000015,18122.500000000015,1.548148933163749,200.0,False
2605,26060.700000000033,16060.700000000033,1.4459329520890103,300.0,False
2606,27207.300000000003,17207.300000000003,1.9063596156779015,250.0,False
2607,26089.900000000023,16089.900000000023,1.918123527155146,350.0,False
2608,25422.900000000016,15422.900000000016,2.4720045484883673,300.0,False
2609,26148.099999999984,16148.099999999984,1.5163148884376643,266.59999999999854,False
2610,28137.90000000001,18137.90000000001,1.4664520452995786,255.99999999999272,False
2611,23456.200000000026,13456.200000000026,1.7754697858650363,381.8999999999978,False
2612,24555.200000000004,14555.200000000004,1.8178678228306013,277.0000000000073,False
2613,26905.90000000001,16905.90000000001,1.2755994775365316,258.7999999999993,False
2614,22669.700000000004,12669.700000000004,2.776800755289805,346.00000000000364,False
2615,26014.200000000037,16014.200000000037,1.0579323769624636,250.0,False
2616,27156.700000000004,17156.700000000004,1.8217093098454282,200.0,False
2617,27443.499999999993,17443.499999999993,1.6465632778096824,300.0,False
2618,27952.400000000012,17952.400000000012,2.077887888076155,300.0,False
2619,26884.400000000034,16884.400000000034,1.5,200.0,False
2620,26037.300000000003,16037.300000000003,1.588129863647707,350.0,False
2621,25887.800000000025,15887.800000000025,1.5766280655561942,200.0,False
2622,24198.700000000026,14198.700000000026,1.4532424528073842,240.5,False
2623,26551.700000000048,16551.700000000048,1.3472591826349256,253.5,False
2624,26444.400000000034,16444.400000000034,1.5432455998209833,200.0,False
2625,29065.099999999984,19065.099999999984,1.2622756305066773,200.0,False
2626,26695.70000000004,16695.70000000004,2.0627670546633246,350.0,False
2627,28862.00000000003,18862.00000000003,1.3959721550087476,200.0,False
2628,28698.900000000063,18698.900000000063,1.8219772096679285,350.0,False
2629,26992.300000000025,16992.300000000025,1.4012569274639344,200.0,False
2630,24906.799999999985,14906.799999999985,1.9686744521178996,250.0,False
2631,26221.700000000037,16221.700000000037,2.3241400681747733,300.0,False
2632,27710.800000000032,17710.800000000032,1.245350690754516,250.0,False
2633,25309.60000000002,15309.60000000002,1.666977835862693,250.0,False
2634,24880.800000000017,14880.800000000017,2.4069705868194275,398.9000000000051,False
2635,27654.200000000055,17654.200000000055,2.8948587308939304,300.0,False
2636,27437.200000000023,17437.200000000023,1.81396717933625,250.0,False
2637,27859.10000000003,17859.10000000003,1.1563545537242323,250.0,False
2638,25190.700000000015,15190.700000000015,1.9583459809844606,400.0,False
2639,26263.70000000002,16263.700000000019,1.6151720257500395,250.0,False
2640,25025.9,15025.900000000001,1.2075859915126217,200.0,False
2641,25897.399999999998,15897.399999999998,1.2478682251154287,200.0,False
2642,26961.70000000001,16961.70000000001,1.3510470614726402,158.00000000000364,False
2643,27529.20000000002,17529.20000000002,2.1100785793262924,250.0,False
2644,25794.6,15794.599999999999,2.0499868800839667,250.0,False
2645,26971.40000000003,16971.40000000003,1.4348376536184173,336.59999999999854,False
2646,25481.399999999976,15481.399999999976,2.1433102998919784,250.0,False
2647,26645.400000000027,16645.400000000027,2.1750148554650925,249.79999999999563,False
2648,24809.900000000034,14809.900000000034,1.4754485363550514,287.70000000000437,False
2649,26784.40000000003,16784.40000000003,1.8238645037401864,227.00000000000728,False
2650,26195.200000000023,16195.200000000023,1.8111676597902666,250.0,False
2651,27433.20000000001,17433.20000000001,1.7119330291798993,200.0,False
2652,26374.300000000032,16374.300000000032,1.6880201211998451,200.0,False
2653,28412.900000000023,18412.900000000023,1.262052602352466,200.0,False
2654,25184.500000000044,15184.500000000044,1.6204829039053608,250.0,False
2655,27688.10000000003,17688.10000000003,1.0657496483026168,200.0,False
2656,28578.600000000035,18578.600000000035,1.3825394484589293,250.0,False
2657,27133.59999999998,17133.59999999998,2.489698697776338,286.4000000000033,False
2658,21733.00000000001,11733.000000000011,3.3489999999999784,350.0,False
2659,25679.60000000002,15679.60000000002,1.5427456243877224,264.59999999999854,False
2660,27473.800000000003,17473.800000000003,2.336864909210942,364.60000000000036,False
2661,26835.800000000025,16835.800000000025,1.0267731088122791,250.0,False
2662,29324.90000000006,19324.90000000006,1.232765932266907,250.0,False
2663,24071.80000000004,14071.80000000004,1.5,250.0,False
2664,24371.000000000004,14371.000000000004,1.853038509142273,305.1000000000022,False
2665,27418.39999999999,17418.39999999999,1.505516211398555,250.0,False
2666,27242.500000000025,17242.500000000025,1.4902980596118849,297.9999999999927,False
2667,25967.100000000046,15967.100000000046,1.7014030493607022,300.0,False
2668,28829.60000000003,18829.60000000003,1.40522462515633,250.0,False
2669,24115.40000000001,14115.400000000009,2.056580646753481,250.0,False
2670,25928.900000000023,15928.900000000023,1.9408778739922687,250.0,False
2671,26079.90000000001,16079.900000000009,2.5,250.0,False
2672,27884.50000000002,17884.50000000002,1.0473251316138572,250.0,False
2673,25112.700000000033,15112.700000000033,1.8950699754588443,250.0,False
2674,27630.200000000015,17630.200000000015,1.5012873539059737,200.0,False
2675,26764.000000000022,16764.000000000022,2.2958317700237174,385.4999999999927,False
2676,26390.29999999998,16390.29999999998,3.5945701357466295,397.20000000000255,False
2677,29147.90000000001,19147.90000000001,1.5814977416212235,250.0,False
2678,27660.000000000022,17660.000000000022,2.8706433737022885,298.9000000000033,False
2679,28143.099999999995,18143.099999999995,1.4504315033722541,300.0,False
2680,31059.699999999975,21059.699999999975,1.314428924446626,200.0,False
2681,25839.79999999999,15839.799999999988,2.1522998913437545,237.70000000000437,False
2682,25884.30000000002,15884.300000000021,2.1336883790796133,250.0,False
2683,26415.300000000007,16415.300000000007,1.835630318738848,250.0,False
2684,29023.600000000028,19023.600000000028,1.392488329885772,175.6999999999971,False
2685,26463.500000000022,16463.500000000022,3.0826642224830763,659.2000000000044,False
2686,29933.200000000033,19933.200000000033,1.2727612130262866,250.0,False
2687,27765.800000000017,17765.800000000017,1.5863195799425744,200.0,False
2688,28477.600000000064,18477.600000000064,2.33050254956979,250.0,False
2689,26037.900000000045,16037.900000000045,1.9686921696675148,350.0,False
2690,24258.200000000004,14258.200000000004,1.6366006786808003,200.0,False
2691,26085.4,16085.400000000001,2.140795862269756,250.0,False
2692,24902.60000000004,14902.600000000039,2.2898650073823843,521.0999999999949,False
2693,28492.999999999993,18492.999999999993,1.1163372231483684,200.0,False
2694,23581.600000000064,13581.600000000064,2.1178626101420237,351.3999999999851,False
2695,28477.300000000054,18477.300000000054,1.3281388347795284,250.0,False
2696,26579.1,16579.1,1.7880515244927297,250.0,False
2697,28115.999999999985,18115.999999999985,2.194726115290762,348.9000000000033,False
2698,25057.900000000038,15057.900000000038,2.8824673920876256,400.0,False
2699,27742.500000000015,17742.500000000015,2.0620427420219563,250.0,False
2700,26402.299999999996,16402.299999999996,1.7787338045179637,248.90000000000327,False
2701,25037.20000000004,15037.20000000004,3.8834951456310676,400.0,False
2702,26657.400000000045,16657.400000000045,1.9801980198019802,250.0,False
2703,26504.800000000043,16504.800000000043,1.3360648436804123,200.0,False
2704,26632.300000000007,16632.300000000007,1.0175424315193942,250.0,False
2705,26445.000000000044,16445.000000000044,1.287719448856074,300.0,False
2706,28702.700000000033,18702.700000000033,0.8595988538681949,150.0,False
2707,23445.599999999995,13445.599999999995,1.9295036544799187,300.0,False
2708,25692.299999999977,15692.299999999977,2.3521884761582195,250.0,False
2709,24458.10000000002,14458.10000000002,2.377239359476626,300.0000000000018,False
2710,28434.900000000038,18434.900000000038,1.4423076923076923,200.0,False
2711,30140.500000000036,20140.500000000036,0.9254060990431291,189.89999999999782,False
2712,27124.000000000007,17124.000000000007,1.3577794176079747,239.1999999999971,False
2713,30128.700000000055,20128.700000000055,1.3574660633484164,150.0,False
2714,26715.400000000045,16715.400000000045,1.7088613002725634,364.59999999999854,False
2715,25596.500000000044,15596.500000000044,1.6234908299826263,300.0,False
2716,26482.10000000002,16482.10000000002,1.2503230001083607,300.0,False
2717,26295.000000000055,16295.000000000055,2.380952380952381,250.0,False
2718,25687.100000000035,15687.100000000035,1.3669298986253073,247.69999999999345,False
2719,24956.100000000035,14956.100000000035,1.4513717882351784,300.0,False
2720,26552.70000000001,16552.70000000001,1.6339505485670511,264.2000000000007,False
2721,25999.70000000004,15999.70000000004,1.679900549887444,300.0,False
2722,27008.200000000033,17008.200000000033,1.4382970562853588,200.0,False
2723,27777.499999999993,17777.499999999993,1.6757155305315363,200.0,False
2724,27403.80000000003,17403.80000000003,1.5516592525402555,250.0,False
2725,26467.800000000007,16467.800000000007,1.496089149276691,247.69999999999527,False
2726,24270.300000000032,14270.300000000032,2.1946765924573355,331.5000000000073,False
2727,25928.80000000003,15928.800000000028,2.069108214359609,400.0,False
2728,25844.799999999996,15844.799999999996,1.874707077019217,300.0,False
2729,27909.40000000008,17909.40000000008,1.137518389880635,200.0,False
2730,27641.799999999996,17641.799999999996,0.9852216748768473,150.0,False
2731,25659.300000000047,15659.300000000047,1.6398147009387933,200.0,False
2732,24824.399999999994,14824.399999999994,2.3858376676050965,350.0,False
2733,25656.400000000038,15656.400000000038,1.8209098722449615,250.0,False
2734,25982.699999999986,15982.699999999986,2.735878308132852,300.0,False
2735,28670.600000000028,18670.600000000028,2.035802988558786,300.0,False
2736,27962.300000000036,17962.300000000036,1.385297377170299,200.0,False
2737,27002.0,17002.0,1.8053930701792398,300.0,False
2738,27249.600000000064,17249.600000000064,2.075463866174088,250.0,False
2739,26093.40000000002,16093.40000000002,1.8943699325604302,300.0,False
2740,26732.799999999996,16732.799999999996,1.3297730875203466,250.0,False
2741,26660.900000000023,16660.900000000023,1.8670301151957576,300.0,False
2742,27111.100000000035,17111.100000000035,1.5483870967741866,200.0,False
2743,28407.29999999998,18407.29999999998,1.9674066301603443,300.0,False
2744,29987.400000000005,19987.400000000005,1.0849033360161657,150.0,False
2745,28451.600000000013,18451.600000000013,1.2583498980522847,294.9999999999891,False
2746,26900.90000000003,16900.90000000003,2.174612701477865,350.0,False
2747,27373.00000000006,17373.00000000006,1.1998944092919817,197.20000000000073,False
2748,27949.499999999996,17949.499999999996,1.339100392356416,300.0,False
2749,25149.60000000001,15149.60000000001,1.4556888319552819,200.0,False
2750,26100.100000000002,16100.100000000002,1.678066330605917,250.0,False
2751,25815.700000000015,15815.700000000015,1.830925056575585,350.0,False
2752,27597.299999999996,17597.299999999996,1.904709778057535,250.0,False
2753,28942.000000000044,18942.000000000044,2.052362611426185,300.0,False
2754,28227.900000000056,18227.900000000056,1.3511322488245148,200.0,False
2755,26896.500000000007,16896.500000000007,2.314214833191395,250.0,False
2756,25329.20000000001,15329.200000000012,1.5588950551848848,255.99999999999272,False
2757,29191.200000000037,19191.200000000037,1.2625433683647023,250.0,False
2758,28361.200000000033,18361.200000000033,1.3389748808312352,250.0,False
2759,26369.900000000052,16369.900000000052,1.7843123260295481,200.0,False
2760,25664.400000000005,15664.400000000005,2.6094632768361934,295.600000000004,False
2761,26876.800000000032,16876.800000000032,1.2622914595072185,250.0,False
2762,29654.80000000004,19654.80000000004,1.3182293543312618,200.0,False
2763,25448.999999999996,15448.999999999996,2.003124874804697,300.0,False
2764,27511.500000000015,17511.500000000015,1.4408114650170978,200.0,False
2765,26920.000000000022,16920.000000000022,1.7699115044247788,200.0,False
2766,31103.200000000023,21103.200000000023,0.8842202062001518,250.0,False
2767,25971.90000000003,15971.90000000003,2.4470143347110693,445.19999999999345,False
2768,29121.50000000005,19121.50000000005,0.8099330185393667,200.0,False
2769,26195.200000000033,16195.200000000033,0.9796046315706984,200.0,False
2770,25481.30000000004,15481.30000000004,1.7320096161173866,250.0,False
2771,25828.800000000047,15828.800000000047,1.812579300344376,350.0,False
2772,27599.100000000024,17599.100000000024,1.82648401826484,200.0,False
2773,26282.900000000045,16282.900000000045,2.7238555267028612,300.0,False
2774,27567.100000000028,17567.100000000028,1.3278449077147794,200.0,False
2775,27693.000000000022,17693.000000000022,2.6695141484249856,350.0,False
2776,26024.700000000004,16024.700000000004,1.6856950973807658,200.0,False
2777,27383.800000000036,17383.800000000036,1.3066002913718637,264.6000000000022,False
2778,24975.00000000002,14975.000000000018,1.8037938869495045,300.0,False
2779,25515.800000000017,15515.800000000017,1.0652032194702101,250.0,False
2780,27263.19999999999,17263.19999999999,2.506223789076207,300.0,False
2781,26933.800000000047,16933.800000000047,1.477832512315271,200.0,False
2782,26640.00000000002,16640.00000000002,1.0,150.0,False
2783,27195.300000000036,17195.300000000036,3.2560157527617215,487.79999999999745,False
2784,28447.800000000025,18447.800000000025,1.8181818181818181,200.0,False
2785,27627.80000000004,17627.80000000004,1.968302457228786,250.0,False
2786,28272.29999999998,18272.29999999998,2.1230701292525094,250.0,False
2787,27574.000000000007,17574.000000000007,2.062365946213495,250.0,False
2788,28861.70000000004,18861.70000000004,1.0837915363106287,200.0,False
2789,26156.70000000002,16156.700000000019,1.5441789600469424,300.0,False
2790,24252.39999999998,14252.39999999998,2.2503465533692197,299.9999999999982,False
2791,25453.600000000013,15453.600000000013,2.357084800866994,339.3000000000029,False
2792,26639.70000000001,16639.70000000001,1.1255863099840386,200.0,False
2793,27825.10000000003,17825.10000000003,1.5197799358652873,200.0,False
2794,27330.200000000026,17330.200000000026,1.8846258292276015,271.00000000000364,False
2795,27449.70000000004,17449.70000000004,2.604799777723752,300.0,False
2796,28112.90000000001,18112.90000000001,0.979575843659695,250.0,False
2797,25053.800000000054,15053.800000000054,1.7570472235725425,300.0,False
2798,24667.599999999984,14667.599999999984,1.9138755980861244,376.8000000000029,False
2799,27608.1,17608.1,1.35128743910761,200.0,False
2800,26201.6,16201.599999999999,1.9417097030877253,337.8999999999978,False
2801,27338.400000000045,17338.400000000045,1.7403108195123647,200.0,False
2802,27483.000000000022,17483.000000000022,1.5380018280250285,350.0,False
2803,26775.20000000001,16775.20000000001,2.058695462858087,300.0,False
2804,27895.100000000002,17895.100000000002,1.9519999999999527,250.0,False
2805,26160.60000000005,16160.60000000005,1.9352372842815162,400.0,False
2806,28809.600000000013,18809.600000000013,1.5253086843449921,200.0,False
2807,27066.7,17066.7,1.862474856589436,250.0,False
2808,26424.699999999993,16424.699999999993,1.4068417528122772,250.0,False
2809,25407.199999999993,15407.199999999993,1.1649852046879015,200.0,False
2810,23849.300000000032,13849.300000000032,2.754765101804689,326.1999999999989,False
2811,27345.90000000002,17345.90000000002,1.243475267487739,200.0,False
2812,27410.900000000023,17410.900000000023,0.9860765984301662,208.79999999999927,False
2813,26489.100000000006,16489.100000000006,1.9900497512437811,250.0,False
2814,27241.500000000044,17241.500000000044,1.396258028483664,200.0,False
2815,25006.69999999999,15006.69999999999,2.385181932496322,238.99999999999636,False
2816,28919.10000000005,18919.10000000005,1.746694380884176,214.59999999999854,False
2817,28866.600000000017,18866.600000000017,2.2828444241524948,300.0,False
2818,25704.2,15704.2,1.4671218004518733,300.0,False
2819,23837.100000000057,13837.100000000057,2.726046140397513,350.0,False
2820,24851.100000000013,14851.100000000013,1.2680458778998613,226.8000000000029,False
2821,26935.9,16935.9,2.510165267576066,306.1999999999989,False
2822,26458.90000000003,16458.90000000003,1.645808783352313,250.0,False
2823,24127.40000000001,14127.400000000009,1.3338194364168272,200.0,False
2824,28418.80000000001,18418.80000000001,1.8153927148290359,250.0,False
2825,27971.80000000003,17971.80000000003,1.3005366881399736,200.0,False
2826,26594.600000000028,16594.600000000028,2.0,337.7999999999993,False
2827,26515.60000000002,16515.60000000002,1.5239178913040161,300.0,False
2828,28717.19999999998,18717.19999999998,1.3561896495605934,186.49999999999636,False
2829,25728.90000000003,15728.90000000003,2.6920315865039472,300.0,False
2830,26877.50000000002,16877.50000000002,1.684247270188601,308.7999999999993,False
2831,25694.900000000052,15694.900000000052,1.4846156701183963,200.0,False
2832,23810.700000000004,13810.700000000004,1.8408747836972106,428.6000000000058,False
2833,26951.40000000004,16951.40000000004,1.7025913440256053,250.0,False
2834,25522.40000000001,15522.400000000009,1.6652096082594419,206.1999999999989,False
2835,30292.200000000026,20292.200000000026,1.151445832149902,192.90000000000146,False
2836,29532.30000000004,19532.30000000004,1.9851904790264618,300.0,False
2837,25879.900000000034,15879.900000000034,1.4825357291110706,250.0,False
2838,29720.200000000037,19720.200000000037,1.1473131562692769,150.0,False
2839,27277.899999999998,17277.899999999998,1.406179691015449,155.99999999999636,False
2840,23999.70000000003,13999.70000000003,2.1569174926706896,360.8000000000029,False
2841,27475.300000000057,17475.300000000057,2.299321093973222,297.69999999999527,False
2842,25722.300000000032,15722.300000000032,1.8154586302364626,350.0,False
2843,24354.700000000004,14354.700000000004,2.3008167297082114,286.49999999999636,False
2844,25859.300000000032,15859.300000000032,2.924168987725799,400.0,False
2845,26222.0,16222.0,1.2120036844912,250.0,False
2846,25876.399999999976,15876.399999999976,2.652947819384396,295.99999999999454,False
2847,24959.299999999985,14959.299999999985,1.8505496132351302,300.0,False
2848,27401.6,17401.6,1.131136415051655,250.0,False
2849,27305.500000000065,17305.500000000065,1.2156222040689277,250.0,False
2850,27861.50000000003,17861.50000000003,1.6992064705782393,250.0,False
2851,24124.600000000028,14124.600000000028,2.380952380952381,450.0,False
2852,25437.900000000016,15437.900000000016,1.472548023472416,200.0,False
2853,28254.600000000042,18254.600000000042,1.4759776638426259,250.0,False
2854,24567.400000000034,14567.400000000034,1.7990949394711975,391.59999999999854,False
2855,27132.300000000003,17132.300000000003,3.5000000000000004,350.0,False
2856,25088.500000000022,15088.500000000022,1.8185620629768036,300.0,False
2857,27416.700000000037,17416.700000000037,1.5,200.0,False
2858,26923.400000000016,16923.400000000016,1.2947552830395082,250.0,False
2859,28949.100000000035,18949.100000000035,1.6543144520910533,200.0,False
2860,26515.800000000025,16515.800000000025,2.161975180524927,250.0,False
2861,29555.700000000008,19555.700000000008,1.2767114158694874,200.0,False
2862,25115.300000000054,15115.300000000054,1.659861235600705,300.0,False
2863,25544.60000000002,15544.60000000002,1.6409753779441274,350.0,False
2864,27189.300000000003,17189.300000000003,1.186901356628251,200.0,False
2865,26615.200000000004,16615.200000000004,1.1804794435883121,286.49999999999636,False
2866,26922.000000000025,16922.000000000025,1.558765457757456,300.0,False
2867,24585.400000000063,14585.400000000063,1.5525646731429474,303.50000000000364,False
2868,27133.20000000002,17133.20000000002,1.6117593965572816,350.0,False
2869,27572.700000000055,17572.700000000055,1.090960671180666,261.4999999999927,False
2870,26397.300000000003,16397.300000000003,2.7786847095927167,400.0,False
2871,28767.100000000013,18767.100000000013,1.4023278642546633,300.0,False
2872,25121.00000000003,15121.00000000003,1.5577698966160032,300.0,False
2873,27929.600000000035,17929.600000000035,1.350122861180367,250.0,False
2874,28363.400000000005,18363.400000000005,1.3880663310630745,200.0,False
2875,26075.60000000003,16075.600000000031,1.1781615966445953,219.89999999999782,False
2876,25347.30000000005,15347.30000000005,1.930161138547053,264.60000000000036,False
2877,27663.200000000048,17663.200000000048,1.2378075951874044,200.0,False
2878,27877.700000000026,17877.700000000026,2.272727272727273,250.0,False
2879,26886.99999999998,16886.99999999998,1.2081574793002359,200.0,False
2880,24571.50000000006,14571.500000000058,2.0409551670181614,350.0,False
2881,27941.500000000073,17941.500000000073,1.0899895361004508,200.0,False
2882,23921.200000000055,13921.200000000055,1.7324777203365147,250.0,False
2883,24093.9,14093.900000000001,2.100046201016421,300.0,False
2884,24316.70000000002,14316.700000000019,2.9148853478429855,300.0,False
2885,27072.9,17072.9,1.951219512195122,250.0,False
2886,24978.90000000003,14978.90000000003,3.132243312660525,350.0,False
2887,26301.300000000017,16301.300000000017,1.0634507914732505,200.0,False
2888,29421.000000000033,19421.000000000033,1.2288993015172827,250.0,False
2889,25181.300000000003,15181.300000000003,1.5,200.0,False
2890,25691.00000000005,15691.000000000051,1.2723509652902656,200.0,False
2891,26953.29999999999,16953.29999999999,1.8123006833713282,198.90000000000327,False
2892,26718.700000000055,16718.700000000055,1.4563106796116505,200.0,False
2893,29981.500000000044,19981.500000000044,1.241280007944192,153.50000000000364,False
2894,29402.20000000002,19402.20000000002,1.830992783304055,225.29999999999745,False
2895,26182.500000000044,16182.500000000044,2.3345682609720972,336.49999999999636,False
2896,26824.699999999968,16824.699999999968,2.0857319250471393,250.0,False
2897,27743.100000000053,17743.100000000053,1.3038602957155156,216.70000000000073,False
2898,24468.500000000022,14468.500000000022,1.5768961598469573,300.0,False
2899,27444.30000000004,17444.30000000004,1.2236475960688453,297.69999999999345,False
2900,28611.000000000022,18611.000000000022,1.1875638315559447,200.0,False
2901,26328.800000000017,16328.800000000017,2.001104609744577,250.0,False
2902,27249.50000000002,17249.50000000002,1.2305168170631664,200.0,False
2903,24520.0,14520.0,2.706666666666587,284.19999999999163,False
2904,27218.800000000032,17218.800000000032,1.8116204582675106,300.0,False
2905,27048.3,17048.3,1.8028900327224526,200.0,False
2906,25648.50000000004,15648.50000000004,1.7462063666684142,200.0,False
2907,25159.500000000025,15159.500000000025,1.7004393880550341,223.29999999999927,False
2908,26015.700000000015,16015.700000000015,1.6710950685984505,250.0,False
2909,25929.40000000004,15929.400000000041,1.4350710900473382,250.0,False
2910,25824.500000000036,15824.500000000036,2.025849844009562,250.0,False
2911,25713.600000000024,15713.600000000024,2.4859546473379717,427.0000000000073,False
2912,27097.000000000015,17097.000000000015,1.682017883214134,250.0,False
2913,26207.90000000008,16207.900000000081,2.44458134099954,250.0,False
2914,27938.700000000004,17938.700000000004,1.462741059726643,250.0,False
2915,26924.500000000044,16924.500000000044,2.1039520635561844,250.0,False
2916,25009.90000000001,15009.900000000009,1.3992276263502552,221.00000000000364,False
2917,27736.700000000004,17736.700000000004,1.0150360676149361,204.40000000000873,False
2918,25726.30000000003,15726.300000000028,2.982759649227463,400.0,False
2919,26025.200000000023,16025.200000000023,1.5935874042851568,200.0,False
2920,26152.600000000028,16152.600000000028,2.1585963942805835,250.0,False
2921,25643.700000000055,15643.700000000055,1.3790947621980931,200.0,False
2922,29334.60000000002,19334.60000000002,2.198736459447969,300.0,False
2923,27648.200000000004,17648.200000000004,1.5769015461519658,300.0,False
2924,28097.499999999993,18097.499999999993,1.477832512315271,150.0,False
2925,25797.70000000001,15797.700000000012,1.9061227195392396,258.8000000000011,False
2926,26092.50000000002,16092.500000000018,1.555659646531107,272.1000000000022,False
2927,26404.09999999999,16404.09999999999,1.477890754315441,200.0,False
2928,26940.800000000054,16940.800000000054,1.7601295455345505,200.0,False
2929,24583.899999999994,14583.899999999994,1.5102318205844605,300.0,False
2930,26361.50000000005,16361.500000000051,1.816645926625669,291.59999999999854,False
2931,27089.800000000014,17089.800000000014,1.3561344742944705,200.0,False
2932,28108.200000000004,18108.200000000004,1.3946093699154858,150.0,False
2933,26348.100000000006,16348.100000000006,1.6038106541141746,200.0,False
2934,27304.000000000022,17304.000000000022,2.2136039242770367,250.0,False
2935,28182.100000000057,18182.100000000057,1.4179461195770582,370.7999999999993,False
2936,26900.600000000035,16900.600000000035,1.513592056668886,250.0,False
2937,25357.800000000025,15357.800000000025,2.0720235381873917,250.0,False
2938,28144.200000000037,18144.200000000037,2.0,200.0,False
2939,25417.70000000001,15417.700000000012,2.184856323848144,250.0,False
2940,25736.19999999999,15736.19999999999,1.7333065248590833,250.0,False
2941,25255.90000000001,15255.900000000009,2.3623301758349893,400.0,False
2942,23459.6,13459.599999999999,2.2226099092811884,318.49999999999454,False
2943,26248.800000000047,16248.800000000047,1.3543597529737352,290.8000000000029,False
2944,25165.69999999996,15165.69999999996,2.0,223.29999999999927,False
2945,25431.700000000037,15431.700000000037,1.4933189275004475,270.90000000000146,False
2946,28199.99999999999,18199.99999999999,2.159469634257827,300.0,False
2947,28838.299999999996,18838.299999999996,1.2777266687110296,207.20000000000437,False
2948,22309.200000000026,12309.200000000026,2.0913928012519447,334.09999999999854,False
2949,25938.60000000005,15938.60000000005,1.5,200.0,False
2950,27049.599999999973,17049.599999999973,1.693399804920343,250.0,False
2951,25544.400000000005,15544.400000000005,1.3813871890152076,250.0,False
2952,24223.80000000001,14223.80000000001,2.0,250.0,False
2953,26847.20000000002,16847.20000000002,1.898517890366921,300.0,False
2954,28181.300000000032,18181.300000000032,1.7097706405238235,250.0,False
2955,28863.100000000028,18863.100000000028,1.4199052132701009,200.0,False
2956,27583.400000000027,17583.400000000027,1.5351904019896052,250.0,False
2957,27560.500000000015,17560.500000000015,1.9576060826736192,250.0,False
2958,28702.600000000035,18702.600000000035,0.9454297923836166,250.0,False
2959,25651.100000000024,15651.100000000024,1.2842233419143951,207.20000000000073,False
2960,25938.40000000003,15938.40000000003,1.4817733990147748,250.0,False
2961,25794.6,15794.599999999999,1.5854393252370227,200.0,False
2962,27421.100000000042,17421.100000000042,1.2109680109468515,206.1999999999971,False
2963,26737.100000000013,16737.100000000013,1.3707654697273113,250.0,False
2964,28586.700000000004,18586.700000000004,1.2227031521287262,150.0,False
2965,23746.70000000001,13746.700000000012,1.5638439283759469,300.0,False
2966,25137.20000000002,15137.200000000019,1.6298248636767902,350.0,False
2967,27184.199999999986,17184.199999999986,1.4496787511887377,250.0,False
2968,24507.799999999996,14507.799999999996,2.8273346716050787,300.0,False
2969,24693.29999999999,14693.299999999988,1.2533946104031752,227.00000000000728,False
2970,24878.300000000017,14878.300000000017,2.239661721493584,271.00000000000364,False
2971,25886.70000000002,15886.700000000019,1.9217464832039368,291.59999999999854,False
2972,25823.3,15823.3,1.0691985287828243,200.0,False
2973,26989.500000000044,16989.500000000044,1.236665349664148,276.2000000000007,False
2974,28858.100000000086,18858.100000000086,1.5743568752164712,250.0,False
2975,24375.300000000017,14375.300000000017,1.3953488372093024,300.0,False
2976,25320.20000000001,15320.200000000012,1.9320871371298847,400.0,False
2977,28158.70000000006,18158.70000000006,1.933095562579135,200.0,False
2978,26194.900000000045,16194.900000000045,1.9267240357490094,325.1000000000022,False
2979,29546.600000000035,19546.600000000035,1.4018691588785046,200.0,False
2980,29074.299999999996,19074.299999999996,1.431748546775225,150.0,False
2981,25343.800000000047,15343.800000000047,2.553430533922322,300.0,False
2982,25709.70000000004,15709.70000000004,1.488878080736895,150.0,False
2983,27490.200000000055,17490.200000000055,1.8578209617939108,200.0,False
2984,27473.09999999999,17473.09999999999,2.4091044876798406,300.0,False
2985,27233.700000000015,17233.700000000015,2.3255813953488373,327.0000000000073,False
2986,27304.60000000005,17304.60000000005,1.2491672218520984,200.0,False
2987,27320.000000000004,17320.000000000004,1.350994955037741,200.0,False
2988,27141.200000000055,17141.200000000055,2.7802684349173856,400.0,False
2989,26217.199999999983,16217.199999999983,1.6778523489932897,250.0,False
2990,25440.60000000003,15440.600000000031,1.446167811810408,200.0,False
2991,25227.600000000002,15227.600000000002,2.6886643154277254,475.6999999999971,False
2992,26131.200000000026,16131.200000000026,3.4783818567602376,400.0,False
2993,28542.300000000007,18542.300000000007,1.4323056540265697,268.1999999999971,False
2994,31064.4,21064.4,1.8737469317393989,200.0,False
2995,27503.699999999986,17503.699999999986,1.9981274691146582,350.0,False
2996,26043.90000000003,16043.90000000003,2.3954620367176416,250.0,False
2997,26847.600000000064,16847.600000000064,1.711596063329053,200.0,False
2998,26654.800000000032,16654.800000000032,1.571462245619547,406.1999999999971,False
2999,27526.80000000002,17526.80000000002,1.4749262536873147,250.0,False
3000,27256.000000000004,17256.000000000004,1.9189703370088067,200.0,False
3001,28217.80000000002,18217.80000000002,1.0205886755480555,200.0,False
3002,25146.800000000032,15146.800000000032,1.572252881153404,245.60000000000582,False
3003,25342.79999999999,15342.799999999988,2.178755875173368,347.20000000000255,False
3004,26638.100000000035,16638.100000000035,2.011376344605083,250.0,False
3005,25396.300000000083,15396.300000000083,1.190136151575739,200.0,False
3006,25750.500000000022,15750.500000000022,1.5886380605906574,350.0,False
3007,28098.300000000017,18098.300000000017,1.9957034396895077,327.00000000000546,False
3008,26213.80000000001,16213.80000000001,2.2569695218835744,500.0,False
3009,28858.100000000017,18858.100000000017,1.7969544189676219,350.0,False
3010,27940.899999999994,17940.899999999994,1.8201277001594436,250.0,False
3011,26526.000000000015,16526.000000000015,1.427103550633634,200.0,False
3012,28198.000000000073,18198.000000000073,1.3515705249499912,250.0,False
3013,26356.900000000016,16356.900000000016,1.6088963194951549,273.3000000000029,False
3014,24966.399999999976,14966.399999999976,2.3474178403755865,298.9000000000051,False
3015,24701.300000000017,14701.300000000017,1.9972677377347772,250.0,False
3016,25911.6,15911.599999999999,2.9613616340793487,400.0,False
3017,27058.099999999984,17058.099999999984,1.8567205858324818,250.0,False
3018,25552.600000000013,15552.600000000013,1.6690178435260237,198.9000000000051,False
3019,23444.50000000005,13444.500000000051,3.043984175005886,327.0000000000073,False
3020,26674.300000000047,16674.300000000047,1.8562977996683394,300.0,False
3021,26782.900000000034,16782.900000000034,2.0221492750594856,300.0,False
3022,25686.40000000005,15686.400000000049,1.2954374692333592,200.0,False
3023,24814.699999999993,14814.699999999993,3.3147234809603896,400.0,False
3024,25474.5,15474.5,1.8604651162790697,200.0,False
3025,26844.600000000006,16844.600000000006,1.1644968209236786,295.6000000000058,False
3026,26901.70000000001,16901.70000000001,1.5123407001129197,300.0,False
3027,24387.799999999996,14387.799999999996,3.004627125773692,400.0,False
3028,23610.20000000001,13610.200000000012,1.9900497512437811,300.0,False
3029,26949.70000000002,16949.70000000002,1.9551871114065602,425.2999999999993,False
3030,26112.900000000038,16112.900000000038,1.951219512195122,273.2999999999993,False
3031,26133.40000000001,16133.400000000009,1.3568889250725935,250.39999999999782,False
3032,26996.60000000004,16996.60000000004,1.7244877257050397,336.6999999999971,False
3033,24707.000000000007,14707.000000000007,2.150270614454022,337.70000000000437,False
3034,27127.800000000025,17127.800000000025,1.260578353348516,195.1999999999971,False
3035,27838.400000000023,17838.400000000023,1.7769718948322768,264.60000000000036,False
3036,25637.199999999993,15637.199999999993,1.561885007778189,250.0,False
3037,24747.700000000023,14747.700000000023,1.470380652143226,250.0,False
3038,27461.900000000027,17461.900000000027,1.1500115280620997,225.09999999999854,False
3039,24302.600000000002,14302.600000000002,2.762616822429944,295.600000000004,False
3040,25264.800000000003,15264.800000000003,1.4061691452741465,250.0,False
3041,24035.60000000002,14035.60000000002,1.7233535080583968,300.0,False
3042,23021.799999999996,13021.799999999996,2.4390243902439024,250.0,False
3043,28151.900000000023,18151.900000000023,1.4047169811321063,250.0,False
3044,27381.70000000001,17381.70000000001,2.051029616867667,250.0,False
3045,25411.100000000013,15411.100000000013,1.9828581909393268,400.0,False
3046,23657.100000000028,13657.100000000028,2.337692396713321,282.79999999999745,False
3047,25874.70000000002,15874.700000000019,1.9930981857111931,350.0,False
3048,27884.000000000065,17884.000000000065,1.379246931175578,226.20000000000073,False
3049,27067.999999999993,17067.999999999993,1.1765148098030214,187.79999999999745,False
3050,25384.700000000004,15384.700000000004,2.222222222222243,321.00000000000364,False
3051,29568.80000000004,19568.80000000004,1.7082628674900486,245.19999999999345,False
3052,25984.800000000014,15984.800000000014,1.8369183857161224,300.0,False
3053,23153.899999999987,13153.899999999987,2.283079962680406,332.79999999999745,False
3054,29170.20000000002,19170.20000000002,1.1788621494704647,200.0,False
3055,25987.499999999993,15987.499999999993,2.2152125600401686,300.0,False
3056,28573.50000000005,18573.50000000005,1.281777397991881,200.0,False
3057,26437.800000000054,16437.800000000054,1.1189687583922645,157.5,False
3058,26505.90000000002,16505.90000000002,1.8632521949110858,250.0,False
3059,24772.800000000032,14772.800000000032,1.6458737943974444,253.89999999999418,False
3060,25544.400000000052,15544.400000000052,1.0802021466631777,206.1999999999971,False
3061,26727.400000000034,16727.400000000034,1.569871035094466,253.99999999999636,False
3062,26464.400000000005,16464.400000000005,1.895950250265432,350.0,False
3063,28252.60000000005,18252.60000000005,1.9568965517242007,227.00000000000728,False
3064,27347.800000000017,17347.800000000017,1.5156291679802107,250.0,False
3065,26812.700000000023,16812.700000000023,1.230981338322912,200.0,False
3066,28133.30000000001,18133.30000000001,1.0,264.59999999999854,False
3067,26313.90000000003,16313.90000000003,1.5376394927327295,400.0,False
3068,26695.800000000017,16695.800000000017,2.34074726015533,500.0,False
3069,26649.20000000002,16649.20000000002,1.7193238243263682,257.8999999999978,False
3070,25232.80000000006,15232.800000000061,1.6803898504453023,250.0,False
3071,24970.0,14970.0,2.1141649048625775,250.0,False
3072,27666.099999999984,17666.099999999984,1.395180117753202,250.0,False
3073,26719.199999999983,16719.199999999983,2.549136083060047,296.1000000000058,False
3074,28086.000000000015,18086.000000000015,1.2975048980809902,200.0,False
3075,27446.600000000013,17446.600000000013,1.3884068031933339,200.0,False
3076,24182.300000000014,14182.300000000014,2.0187474345084677,300.0,False
3077,23438.00000000001,13438.000000000011,2.340186915887847,250.39999999999964,False
3078,25270.300000000007,15270.300000000007,1.4590765504512189,200.0,False
3079,22200.10000000005,12200.10000000005,2.4886971670330564,328.6000000000058,False
3080,26569.200000000026,16569.200000000026,1.4490513543799994,250.0,False
3081,27414.100000000017,17414.100000000017,1.8529155626378104,200.0,False
3082,26691.200000000033,16691.200000000033,1.2646125985765497,300.0,False
3083,27700.00000000001,17700.00000000001,1.751000000000022,250.0,False
3084,27702.20000000004,17702.20000000004,1.574231246327606,250.0,False
3085,28683.10000000005,18683.10000000005,1.8333418889288138,250.0,False
3086,24861.100000000042,14861.100000000042,1.792660846494452,300.0,False
3087,28662.10000000002,18662.10000000002,2.8470341508310004,377.4000000000069,False
3088,28186.30000000001,18186.30000000001,1.2655824843384167,200.0,False
3089,23915.00000000002,13915.000000000018,2.0948422031395593,268.100000000004,False
3090,25945.600000000013,15945.600000000013,1.6752523348829411,250.0,False
3091,25600.299999999996,15600.299999999996,2.2211955362854514,250.0,False
3092,26036.400000000023,16036.400000000023,1.6587762500447645,278.200000000008,False
3093,26173.000000000022,16173.000000000022,2.1193684807962443,357.5,False
3094,27901.30000000005,17901.30000000005,2.0829790163350443,257.20000000000255,False
3095,27816.2,17816.2,1.8398417736074695,250.0,False
3096,24830.800000000036,14830.800000000036,2.0597831460303855,400.0,False
3097,28405.40000000002,18405.40000000002,0.9722594921694213,250.0,False
3098,27370.20000000004,17370.20000000004,1.6519096075062765,250.0,False
3099,24093.200000000026,14093.200000000026,2.0376890975482524,250.0,False
3100,27183.00000000003,17183.00000000003,2.4634789249377937,300.0,False
3101,25415.599999999977,15415.599999999977,1.3532410122242773,250.0,False
3102,27271.59999999999,17271.59999999999,1.0022149741992836,200.0,False
3103,27527.000000000007,17527.000000000007,0.9947081526280188,200.0,False
3104,27680.900000000056,17680.900000000056,2.148671900981815,300.0,False
3105,27851.200000000008,17851.200000000008,1.1892209017465682,250.0,False
3106,25769.100000000042,15769.100000000042,1.8692112862977446,250.0,False
3107,24734.20000000001,14734.200000000012,1.2451426038735391,300.0,False
3108,25708.499999999985,15708.499999999985,2.202643171806166,250.0,False
3109,24713.800000000047,14713.800000000047,2.3515658068894147,350.0,False
3110,26481.900000000005,16481.900000000005,1.4066311464886165,200.0,False
3111,25469.000000000022,15469.000000000022,2.004747241467796,271.00000000000364,False
3112,27903.30000000001,17903.30000000001,2.5261456070327895,300.0,False
3113,27077.000000000036,17077.000000000036,1.779030215049171,250.0,False
3114,28430.699999999983,18430.699999999983,1.808252866080793,200.0,False
3115,24809.500000000036,14809.500000000036,2.7582076378709757,350.0,False
3116,28079.20000000004,18079.20000000004,1.554268923320792,250.0,False
3117,28222.799999999996,18222.799999999996,1.5390179526444159,200.0,False
3118,24662.800000000032,14662.800000000032,2.484353220913429,272.70000000000437,False
3119,25522.299999999996,15522.299999999996,1.8832037061448945,250.0,False
3120,27448.30000000001,17448.30000000001,1.2115484801124312,200.0,False
3121,26855.60000000002,16855.60000000002,1.3842458974412224,250.0,False
3122,26209.20000000002,16209.200000000019,2.580600763857827,300.0,False
3123,27636.700000000004,17636.700000000004,1.7208860498093261,250.0,False
3124,27222.300000000025,17222.300000000025,1.8891832738163483,295.19999999999527,False
3125,24564.100000000042,14564.100000000042,1.4423076923076923,301.70000000000437,False
3126,25912.000000000015,15912.000000000015,1.411379482306006,150.0,False
3127,24200.400000000016,14200.400000000016,1.528274133508899,287.79999999999563,False
3128,23347.5,13347.5,2.4630541871921183,250.0,False
3129,25894.60000000001,15894.60000000001,1.4846607897058894,286.4999999999927,False
3130,25298.499999999993,15298.499999999993,2.8035098868330453,458.8000000000011,False
3131,27413.800000000025,17413.800000000025,1.3823101166669733,250.0,False
3132,26169.1,16169.099999999999,1.3038489621362266,300.0,False
3133,25849.900000000023,15849.900000000023,2.223764801959948,300.0,False
3134,25848.10000000002,15848.10000000002,1.9230769230769231,292.90000000000146,False
3135,26569.200000000008,16569.200000000008,2.5605571772417672,350.0,False
3136,24035.20000000001,14035.200000000012,2.022391923375615,250.0,False
3137,28407.69999999995,18407.69999999995,1.702634827395395,250.0,False
3138,27176.499999999993,17176.499999999993,2.0,450.0,False
3139,26689.10000000001,16689.10000000001,1.8956986597410468,200.0,False
3140,27401.50000000005,17401.50000000005,1.7654276307078485,245.19999999999345,False
3141,25192.700000000033,15192.700000000033,1.663215494515547,200.0,False
3142,24713.600000000006,14713.600000000006,1.956074393421331,250.0,False
3143,25827.200000000066,15827.200000000066,1.36768969856119,250.0,False
3144,25839.299999999996,15839.299999999996,1.812480742392112,200.0,False
3145,25123.300000000025,15123.300000000025,2.389469947295118,350.0,False
3146,28479.000000000004,18479.000000000004,2.411383118387478,249.79999999999563,False
3147,28170.09999999997,18170.09999999997,1.3047449223676777,150.0,False
3148,27401.30000000005,17401.30000000005,1.2490944065552467,200.0,False
3149,26621.70000000002,16621.70000000002,1.7111203487979347,250.0,False
3150,27124.200000000037,17124.200000000037,3.0404761904762223,383.100000000004,False
3151,28754.90000000001,18754.90000000001,1.3791074416637554,200.0,False
3152,28385.200000000026,18385.200000000026,1.4545172457261428,250.0,False
3153,25991.99999999997,15991.99999999997,1.2948839136571406,250.0,False
3154,27923.499999999993,17923.499999999993,1.8314358260299517,250.0,False
3155,24970.700000000026,14970.700000000026,1.6436771029204849,250.0,False
3156,25835.4,15835.400000000001,2.7425742574258147,306.9000000000051,False
3157,27008.000000000015,17008.000000000015,1.5207730831628958,215.600000000004,False
3158,25897.299999999996,15897.299999999996,2.1434491430966665,450.0,False
3159,24798.100000000006,14798.100000000006,2.1244232190960157,250.0,False
3160,26208.000000000022,16208.000000000022,1.4522429892969697,250.0,False
3161,26967.900000000023,16967.900000000023,2.1755778334725724,250.0,False
3162,27316.50000000005,17316.50000000005,1.739106238521896,250.0,False
3163,25421.299999999992,15421.299999999992,1.1821057559093462,250.0,False
3164,28151.000000000044,18151.000000000044,2.2375202309120854,300.0,False
3165,26069.100000000006,16069.100000000006,1.3454375386260173,322.20000000000437,False
3166,27312.20000000003,17312.20000000003,1.274859765425802,250.0,False
3167,26511.500000000033,16511.500000000033,2.2194602272727284,300.0,False
3168,27033.60000000006,17033.60000000006,1.6702437720785346,200.0,False
3169,28091.499999999985,18091.499999999985,1.2099994353335977,175.10000000000218,False
3170,25979.900000000023,15979.900000000023,1.9138755980861244,250.0,False
3171,28071.700000000026,18071.700000000026,1.7157563625965095,300.0,False
3172,27400.000000000015,17400.000000000015,2.4808232363827623,345.1999999999971,False
3173,27151.300000000017,17151.300000000017,1.6371167100502588,300.0,False
3174,27141.100000000017,17141.100000000017,1.6833127595107171,300.0,False
3175,28131.49999999999,18131.49999999999,1.4347065068722438,250.0,False
3176,27840.70000000004,17840.70000000004,1.7093315829777898,250.0,False
3177,27198.70000000002,17198.70000000002,1.8440521940532992,250.0,False
3178,25781.600000000035,15781.600000000035,1.9047619047619049,200.0,False
3179,28045.700000000023,18045.700000000023,1.2466898027787454,206.1999999999989,False
3180,27787.400000000016,17787.400000000016,2.0432682484287272,250.0,False
3181,25788.400000000045,15788.400000000045,1.3891879501837197,250.0,False
3182,28550.400000000016,18550.400000000016,0.8451799388089727,200.0,False
3183,25943.700000000026,15943.700000000026,1.46098441129633,200.0,False
3184,25537.600000000064,15537.600000000064,2.745524803792229,307.2000000000007,False
3185,27937.300000000032,17937.300000000032,1.7045212425959855,200.0,False
3186,25812.20000000003,15812.20000000003,2.119750332831882,245.19999999999527,False
3187,24541.90000000003,14541.90000000003,2.4481961690626326,250.0,False
3188,25212.800000000054,15212.800000000054,2.955665024630542,300.0,False
3189,25702.90000000001,15702.900000000009,1.9749770408918996,203.5,False
3190,24276.99999999997,14276.99999999997,2.8387853783627777,300.0,False
3191,25769.70000000001,15769.700000000012,1.5250318731661596,250.00000000000182,False
3192,27304.60000000002,17304.60000000002,2.0082354321132274,325.29999999999745,False
3193,25126.799999999985,15126.799999999985,2.461048317090417,550.0,False
3194,26929.400000000023,16929.400000000023,1.2048047613884154,200.0,False
3195,28810.200000000004,18810.200000000004,1.3391661458798318,250.0,False
3196,26418.199999999997,16418.199999999997,1.2898842973785256,300.0,False
3197,27355.200000000048,17355.200000000048,1.3209341646412336,250.0,False
3198,26169.200000000026,16169.200000000026,2.4360931562022925,300.0,False
3199,26245.200000000023,16245.200000000023,1.1585963990823924,263.9000000000051,False
3200,26799.900000000023,16799.900000000023,1.3492225290509476,242.89999999999782,False
3201,27292.69999999999,17292.69999999999,1.270282172013143,256.1000000000058,False
3202,27254.99999999997,17254.99999999997,1.4542296802284542,237.79999999999745,False
3203,26328.099999999995,16328.099999999995,2.024389848899541,314.3999999999978,False
3204,26826.400000000038,16826.400000000038,2.6120778646217504,300.0,False
3205,28071.500000000022,18071.500000000022,4.252351550407377,500.0,False
3206,27413.400000000038,17413.400000000038,1.5806153335493498,300.0,False
3207,27144.800000000025,17144.800000000025,1.423193789182302,200.0,False
3208,28584.800000000025,18584.800000000025,1.8388437350593958,200.0,False
3209,26546.4,16546.4,1.1436650695153883,150.0,False
3210,25484.800000000014,15484.800000000014,2.5,250.0,False
3211,26037.000000000062,16037.000000000062,1.8128421739603335,250.0,False
3212,25402.300000000003,15402.300000000003,1.6396130513198857,414.59999999999854,False
3213,27388.700000000066,17388.700000000066,1.8429273057324245,200.0,False
3214,26564.900000000034,16564.900000000034,1.911729316070623,200.0,False
3215,23272.100000000035,13272.100000000035,2.58191744802839,282.79999999999745,False
3216,26561.4,16561.4,1.738435060758304,250.0,False
3217,25866.7,15866.7,1.7653497157786955,300.0,False
3218,27340.700000000033,17340.700000000033,1.8709423936836975,208.79999999999927,False
3219,25596.300000000017,15596.300000000017,1.976331454500897,250.0,False
3220,25698.500000000022,15698.500000000022,1.8395520393435436,275.29999999999745,False
3221,25192.30000000004,15192.30000000004,2.803738317757009,300.0,False
3222,25428.600000000006,15428.600000000006,1.3229146455470697,200.0,False
3223,28039.30000000004,18039.30000000004,1.4247382940931854,226.1999999999989,False
3224,28551.499999999985,18551.499999999985,0.9115604091083119,187.79999999999563,False
3225,24874.799999999996,14874.799999999996,3.1587502408861914,377.0000000000073,False
3226,25587.800000000025,15587.800000000025,2.4258628119245804,311.9000000000051,False
3227,26661.600000000035,16661.600000000035,1.9385730809741957,300.0,False
3228,25018.900000000067,15018.900000000067,1.8978933383943797,250.0,False
3229,28082.00000000005,18082.00000000005,1.3032712107389537,200.0,False
3230,26331.7,16331.7,1.460156775993084,242.90000000000146,False
3231,26064.400000000078,16064.400000000078,1.5603618036780698,280.4999999999927,False
3232,28682.799999999996,18682.799999999996,2.2894617537167554,292.89999999999964,False
3233,28356.00000000005,18356.00000000005,1.5230343718397128,250.00000000000182,False
3234,26789.399999999994,16789.399999999994,1.9230769230769231,232.79999999999927,False
3235,24004.899999999998,14004.899999999998,1.8301443068785967,245.99999999999272,False
3236,28850.800000000047,18850.800000000047,1.1011421045908802,250.0,False
3237,26533.599999999995,16533.599999999995,1.4627296485548225,200.0,False
3238,25347.40000000001,15347.400000000009,1.9801980198019802,214.20000000000073,False
3239,25452.29999999999,15452.299999999988,1.3068706546550726,257.09999999999854,False
3240,26891.60000000002,16891.60000000002,1.432278985029819,250.0,False
3241,26126.000000000022,16126.000000000022,1.608143639389869,200.0,False
3242,26040.800000000025,16040.800000000025,2.8674548848786867,345.600000000004,False
3243,25025.100000000013,15025.100000000013,2.266063348416286,250.39999999999964,False
3244,27065.399999999994,17065.399999999994,1.4206294335476906,250.0,False
3245,27430.00000000003,17430.00000000003,1.204862826367217,200.0,False
3246,25470.09999999999,15470.099999999991,1.677502511515128,252.10000000000946,False
3247,25429.6,15429.599999999999,1.8787810468567985,400.0,False
3248,29014.40000000001,19014.40000000001,1.1138420868945358,150.0,False
3249,24068.6,14068.599999999999,1.7036645825169945,200.0,False
3250,26039.500000000036,16039.500000000036,1.8363449390333484,250.0,False
3251,27348.900000000045,17348.900000000045,1.4218009478672986,250.0,False
3252,25469.400000000005,15469.400000000005,1.950671421103143,250.0,False
3253,25791.200000000044,15791.200000000044,2.0872037914692356,250.0,False
3254,26037.90000000001,16037.900000000009,1.8375841303577771,250.0,False
3255,26019.800000000025,16019.800000000025,1.2008780820535974,250.0,False
3256,28417.50000000004,18417.50000000004,1.594204746904055,250.0,False
3257,25616.500000000015,15616.500000000015,1.9201897157675847,300.0,False
3258,28035.40000000001,18035.40000000001,1.6849483563328778,200.0,False
3259,27892.200000000026,17892.200000000026,3.0124936326839125,550.0,False
3260,26845.400000000038,16845.400000000038,1.4725660936748364,300.0,False
3261,27887.70000000001,17887.70000000001,2.930810882100804,400.0,False
3262,25281.600000000017,15281.600000000017,1.5,350.0,False
3263,27292.700000000004,17292.700000000004,1.59235668789809,300.0,False
3264,27864.300000000014,17864.300000000014,1.3276686139139668,200.0,False
3265,26824.60000000001,16824.60000000001,1.3757933741791102,250.0,False
3266,27001.19999999999,17001.19999999999,1.922299832592465,200.0,False
3267,25253.6,15253.599999999999,1.84561776517836,250.0,False
3268,28213.500000000015,18213.500000000015,1.2206832571084458,200.0,False
3269,27160.500000000033,17160.500000000033,1.146276321370029,200.0,False
3270,22159.400000000067,12159.400000000067,2.173035730916084,414.59999999999854,False
3271,26849.00000000005,16849.00000000005,1.5081415610166184,175.6999999999971,False
3272,25573.70000000002,15573.700000000019,1.5084048317223677,250.00000000000182,False
3273,28888.600000000013,18888.600000000013,1.5200155649593858,250.0,False
3274,26939.599999999984,16939.599999999984,1.5010957999339531,250.0,False
3275,27658.200000000033,17658.200000000033,1.3165516878192636,250.0,False
3276,26692.600000000046,16692.600000000046,1.4563106796116505,227.00000000000728,False
3277,29053.300000000036,19053.300000000036,1.3776666460016673,225.29999999999927,False
3278,23139.70000000002,13139.700000000019,2.4630541871921183,300.0,False
3279,24777.700000000023,14777.700000000023,1.5919409580937447,250.0,False
3280,29148.40000000001,19148.40000000001,1.6645187206052465,250.0,False
3281,24703.90000000003,14703.90000000003,2.1714448794227668,350.0,False
3282,27867.59999999999,17867.59999999999,1.188542450774535,200.0,False
3283,28535.69999999999,18535.69999999999,0.9852216748768473,173.3000000000029,False
3284,27905.800000000003,17905.800000000003,2.0841008808654866,248.90000000000327,False
3285,26243.60000000006,16243.60000000006,2.481655075495644,310.7999999999993,False
3286,22716.00000000005,12716.000000000051,2.4158571656065844,409.80000000000655,False
3287,26633.60000000001,16633.60000000001,1.7171677525708446,350.0,False
3288,26533.200000000033,16533.200000000033,1.151874676035245,200.0,False
3289,27408.800000000057,17408.800000000057,1.4960728088766468,200.0,False
3290,27366.700000000004,17366.700000000004,1.4634146341463417,200.0,False
3291,28896.40000000003,18896.40000000003,2.5,250.0,False
3292,23547.900000000027,13547.900000000027,2.1151562584336596,313.50000000000364,False
3293,26366.80000000004,16366.80000000004,1.8462906635046419,286.49999999999636,False
3294,24095.199999999986,14095.199999999986,1.7162903414044757,400.0,False
3295,28521.90000000001,18521.90000000001,1.227415553809897,250.0,False
3296,26202.20000000002,16202.200000000019,1.9068867213943141,350.0,False
3297,25566.899999999987,15566.899999999987,2.6412521491669705,267.29999999999563,False
3298,25919.500000000036,15919.500000000036,1.6335865392469162,200.0,False
3299,27062.50000000001,17062.50000000001,1.9607843137254901,200.0,False
3300,26731.80000000001,16731.80000000001,1.6522137303681597,350.0,False
3301,29042.30000000007,19042.30000000007,1.4641931563611865,200.0,False
3302,28395.800000000017,18395.800000000017,1.274965416563075,250.0,False
3303,26053.599999999977,16053.599999999977,1.4634146341463417,200.0,False
3304,25947.70000000004,15947.70000000004,1.7441353449027635,200.0,False
3305,26713.000000000004,16713.000000000004,1.260565111339414,250.0,False
3306,27597.400000000023,17597.400000000023,1.8909489727419706,200.0,False
3307,27361.800000000032,17361.800000000032,1.3953488372093024,249.09999999999854,False
3308,24884.000000000033,14884.000000000033,1.8234366310184806,300.0,False
3309,24762.499999999964,14762.499999999964,1.7798208991655202,350.0,False
3310,27336.700000000004,17336.700000000004,1.3820963513687679,250.0,False
3311,26258.40000000003,16258.40000000003,1.5051536460841914,250.0,False
3312,24064.400000000016,14064.400000000016,1.73091997434618,242.89999999999964,False
3313,29955.500000000044,19955.500000000044,0.9627882347277711,200.0,False
3314,24779.99999999997,14779.99999999997,1.7405531477903704,300.0,False
3315,23688.799999999992,13688.799999999992,1.8416748928145215,250.0,False
3316,26438.700000000026,16438.700000000026,1.152764328860607,250.0,False
3317,25423.4,15423.400000000001,2.218199886428166,250.0,False
3318,25405.500000000036,15405.500000000036,1.8406466667112216,275.29999999999745,False
3319,24324.80000000005,14324.80000000005,2.764390958598637,314.59999999999854,False
3320,25721.500000000033,15721.500000000033,1.6255159357006377,414.70000000001164,False
3321,24755.000000000007,14755.000000000007,1.9515114647619556,250.0,False
3322,26144.000000000033,16144.000000000033,2.523850386149108,350.0,False
3323,26346.100000000006,16346.100000000006,1.6580310880829014,200.0,False
3324,27579.400000000052,17579.400000000052,2.3383061310386766,325.29999999999745,False
3325,27499.500000000044,17499.500000000044,1.3702759735810774,250.0,False
3326,26580.69999999999,16580.69999999999,1.9513993677411996,300.0,False
3327,26801.000000000022,16801.000000000022,1.4336095421051118,200.0,False
3328,27667.500000000004,17667.500000000004,2.0279204081798197,300.0,False
3329,25654.30000000002,15654.300000000021,1.493607360497073,300.0,False
3330,27120.50000000002,17120.50000000002,2.66818225203259,307.5,False
3331,29885.800000000003,19885.800000000003,1.735252522623354,242.89999999999782,False
3332,28904.200000000004,18904.200000000004,0.8336807002917883,150.0,False
3333,25988.300000000025,15988.300000000025,1.6372124353301085,350.0,False
3334,26115.500000000036,16115.500000000036,1.6246953696181958,250.0,False
3335,25858.00000000001,15858.000000000011,1.3159395369647418,200.0,False
3336,28136.100000000042,18136.100000000042,1.4932505077051719,250.0,False
3337,26051.299999999974,16051.299999999974,1.272718016596242,250.0,False
3338,27185.699999999997,17185.699999999997,1.8620413559385165,250.0,False
3339,25925.00000000003,15925.00000000003,1.381616214647896,200.0,False
3340,27946.70000000006,17946.70000000006,2.193543669798559,300.0,False
3341,27767.300000000032,17767.300000000032,1.1624392625485307,200.0,False
3342,25077.60000000005,15077.60000000005,2.030152340358374,257.20000000000255,False
3343,26408.599999999988,16408.599999999988,1.658726430919966,250.0,False
3344,28084.30000000005,18084.30000000005,2.305439493927878,295.19999999999527,False
3345,23663.300000000025,13663.300000000025,2.5656226158318907,497.6999999999971,False
3346,27538.700000000037,17538.700000000037,2.208383021951327,300.0,False
3347,27341.799999999985,17341.799999999985,1.2083959732821492,200.0,False
3348,29476.100000000006,19476.100000000006,1.8556893861458625,377.0000000000073,False
3349,25227.70000000001,15227.700000000012,1.296806613713729,200.0,False
3350,24231.800000000003,14231.800000000003,3.5658251319355294,400.0,False
3351,25667.30000000004,15667.30000000004,2.666666666666667,450.0,False
3352,25023.40000000003,15023.40000000003,1.7920761560683274,250.0,False
3353,27128.300000000025,17128.300000000025,1.494265448644342,250.0,False
3354,27741.70000000003,17741.70000000003,0.9600675887582477,200.0,False
3355,27562.600000000024,17562.600000000024,1.9009961219679097,300.0,False
3356,27621.900000000034,17621.900000000034,1.0840610118588607,210.8000000000029,False
3357,27347.50000000002,17347.50000000002,2.0,300.0,False
3358,29566.899999999994,19566.899999999994,1.3957532058853654,200.0,False
3359,25041.500000000033,15041.500000000033,1.775189945324149,200.0,False
3360,27899.20000000001,17899.20000000001,1.3598966478547625,200.0,False
3361,26746.199999999983,16746.199999999983,1.9005481180772523,250.0,False
3362,27933.100000000013,17933.100000000013,1.1278025894347459,250.0,False
3363,27268.200000000037,17268.200000000037,1.1372769041806294,150.0,False
3364,26926.100000000024,16926.100000000024,2.185926133184109,300.0,False
3365,27377.10000000001,17377.10000000001,1.0490464168071219,200.0,False
3366,26698.00000000004,16698.00000000004,1.765277001382799,300.0,False
3367,25747.700000000033,15747.700000000033,2.0212636940615236,291.49999999999636,False
3368,28035.399999999983,18035.399999999983,2.472133603709477,382.79999999999745,False
3369,27559.80000000006,17559.80000000006,1.462736780516344,250.0,False
3370,27596.199999999983,17596.199999999983,1.4680838569499093,250.0,False
3371,24794.70000000002,14794.700000000019,1.8091688678221216,250.0,False
3372,28911.19999999999,18911.19999999999,1.3727087203609314,300.0,False
3373,27225.400000000023,17225.400000000023,2.1964810062195097,350.0,False
3374,27556.300000000036,17556.300000000036,1.7577781683951466,350.0,False
3375,27541.80000000004,17541.80000000004,1.3065064018813688,210.79999999999927,False
3376,24516.299999999992,14516.299999999992,3.1951506741767903,350.0,False
3377,25835.90000000002,15835.90000000002,1.4995801175670815,250.0,False
3378,25757.40000000001,15757.400000000009,1.972046244484434,400.0,False
3379,26621.499999999996,16621.499999999996,1.234517098061809,200.0,False
3380,25445.40000000001,15445.400000000009,2.3312041668609353,350.0,False
3381,27739.200000000055,17739.200000000055,1.4285714285714286,198.90000000000146,False
3382,25864.100000000006,15864.100000000006,1.5,250.0,False
3383,27142.90000000002,17142.90000000002,1.6758840288252057,200.0,False
3384,27063.100000000068,17063.100000000068,2.276259909860105,450.0,False
3385,29025.699999999993,19025.699999999993,1.4135074774545562,200.0,False
3386,25810.700000000026,15810.700000000026,2.164822439526481,336.49999999999636,False
3387,26582.799999999996,16582.799999999996,1.2379608309193098,182.60000000000218,False
3388,27868.100000000006,17868.100000000006,1.951219512195122,200.0,False
3389,24371.400000000074,14371.400000000074,1.3714909744973354,256.2000000000007,False
3390,24130.200000000048,14130.200000000048,2.4403460030343753,329.59999999999127,False
3391,24877.50000000002,14877.500000000018,2.05800032928005,350.0,False
3392,23852.800000000017,13852.800000000017,3.054527682748027,350.0,False
3393,26635.700000000026,16635.700000000026,1.586265676366721,325.6999999999971,False
3394,25972.10000000001,15972.10000000001,1.7036355582813725,200.0,False
3395,26714.80000000007,16714.80000000007,2.134972264710683,231.69999999999163,False
3396,28470.800000000025,18470.800000000025,1.449977555629999,203.50000000000364,False
3397,27444.300000000014,17444.300000000014,1.6191035717424782,350.0,False
3398,26385.400000000016,16385.400000000016,1.309125728434958,350.0,False
3399,25651.800000000032,15651.800000000032,2.6899999999999635,268.99999999999636,False
3400,28132.90000000004,18132.90000000004,1.1639614263183315,200.0,False
3401,25046.000000000015,15046.000000000015,2.45627824719984,300.0,False
3402,25487.600000000013,15487.600000000013,1.9125919515361616,209.10000000000764,False
3403,28679.499999999985,18679.499999999985,2.4752475247524752,250.0,False
3404,26034.900000000034,16034.900000000034,2.322405640658819,250.0,False
3405,26293.299999999974,16293.299999999974,1.5412683547435275,348.90000000000146,False
3406,25463.70000000007,15463.70000000007,3.818105456072691,500.0,False
3407,25378.699999999983,15378.699999999983,1.1403982270608906,200.0,False
3408,26261.799999999967,16261.799999999967,1.5325556481371274,257.5,False
3409,27518.000000000007,17518.000000000007,2.4271844660194173,250.0,False
3410,27220.700000000023,17220.700000000023,2.15070414053561,300.0,False
3411,26785.50000000001,16785.50000000001,1.9705210057539204,250.0,False
3412,27352.500000000036,17352.500000000036,1.5513861024986533,272.20000000000437,False
3413,26725.699999999997,16725.699999999997,1.3230896790184448,250.0,False
3414,27641.000000000036,17641.000000000036,2.3801212275078516,300.0,False
3415,26529.200000000026,16529.200000000026,1.5851293729756553,300.0,False
3416,25044.400000000023,15044.400000000023,2.6841314150740816,300.0,False
3417,27772.700000000026,17772.700000000026,1.682666016035808,250.0,False
3418,25353.600000000013,15353.600000000013,1.5754109853408016,275.6999999999971,False
3419,27198.9,17198.9,1.4802826352978333,300.0,False
3420,27580.20000000005,17580.20000000005,1.133770929130515,200.0,False
3421,29239.700000000023,19239.700000000023,1.3886863721262863,200.0,False
3422,26880.40000000001,16880.40000000001,1.6583660061459975,200.0,False
3423,25722.70000000001,15722.700000000012,1.5946471732594927,324.60000000000946,False
3424,26795.30000000004,16795.30000000004,2.426163749878691,300.0,False
3425,24789.20000000002,14789.200000000019,2.4630541871921183,250.0,False
3426,26047.799999999996,16047.799999999996,1.5325200760129956,250.0,False
3427,27860.100000000028,17860.100000000028,1.811747369946746,300.0000000000018,False
3428,25970.10000000002,15970.10000000002,2.0569698365943143,250.0,False
3429,27745.300000000003,17745.300000000003,1.4851485148514851,285.4999999999927,False
3430,26106.099999999977,16106.099999999977,1.4814375870344585,258.7999999999993,False
3431,28062.90000000001,18062.90000000001,1.587137834985278,250.0,False
3432,25167.000000000007,15167.000000000007,1.8420390143863246,300.0,False
3433,27171.100000000024,17171.100000000024,1.877229209686502,236.49999999999272,False
3434,25244.20000000001,15244.200000000012,2.177074534323757,250.0,False
3435,26617.80000000001,16617.80000000001,1.5639158487723384,286.5,False
3436,25802.700000000004,15802.700000000004,1.540271950415565,250.0,False
3437,25191.300000000047,15191.300000000047,2.0,300.0,False
3438,27015.100000000013,17015.100000000013,1.0808707494757777,200.0,False
3439,28286.09999999999,18286.09999999999,1.9217317108793077,250.0,False
3440,28440.70000000001,18440.70000000001,1.8797345814770945,200.0,False
3441,27619.800000000032,17619.800000000032,2.7402165411833384,290.7999999999993,False
3442,26159.70000000002,16159.700000000019,2.0,250.0,False
3443,28666.100000000035,18666.100000000035,1.379158161858002,200.0,False
3444,26152.70000000006,16152.700000000059,1.9928893707252493,250.0,False
3445,26297.100000000035,16297.100000000035,1.9417475728155338,253.10000000000218,False
3446,25148.600000000024,15148.600000000024,1.830998809850775,250.0,False
3447,25162.40000000001,15162.400000000009,1.9411068191082552,271.0000000000073,False
3448,27009.400000000016,17009.400000000016,1.1361764254753484,200.0,False
3449,23794.000000000022,13794.000000000022,1.9755820171573981,262.30000000000473,False
3450,28635.699999999997,18635.699999999997,1.3465716286334997,175.10000000000218,False
3451,28066.799999999996,18066.799999999996,1.230082907587972,250.0,False
3452,25422.900000000027,15422.900000000027,2.422473549799277,300.0,False
3453,26582.300000000014,16582.300000000014,2.450980392156863,250.0,False
3454,25845.800000000036,15845.800000000036,1.9010684004410479,236.49999999999636,False
3455,27328.50000000002,17328.50000000002,1.6635613521426673,200.0,False
3456,27645.00000000003,17645.00000000003,1.9704433497536946,200.0,False
3457,25650.400000000038,15650.400000000038,1.4884939418296574,243.99999999999636,False
3458,26579.600000000035,16579.600000000035,2.1366760443004136,300.0,False
3459,25777.400000000023,15777.400000000023,1.3349827787221538,200.0,False
3460,28727.000000000015,18727.000000000015,1.951359121628215,300.0,False
3461,24641.600000000017,14641.600000000017,1.3983406357788737,208.79999999999927,False
3462,25302.999999999993,15302.999999999993,1.5354379068910458,350.0,False
3463,27041.500000000044,17041.500000000044,1.3254161806807334,195.1999999999971,False
3464,26338.199999999997,16338.199999999997,2.206706622767917,250.0,False
3465,24513.50000000003,14513.50000000003,2.4630541871921183,250.0,False
3466,28446.100000000028,18446.100000000028,2.00676453865553,275.29999999999745,False
3467,27055.70000000002,17055.70000000002,1.7811183642208923,300.0,False
3468,26648.800000000014,16648.800000000014,1.458806229686122,250.0,False
3469,24152.90000000001,14152.900000000009,1.9365302219747755,400.0,False
3470,26382.999999999985,16382.999999999985,1.3253107853791724,250.0,False
3471,27610.300000000007,17610.300000000007,1.020445518276466,222.99999999999272,False
3472,27365.899999999943,17365.899999999943,2.471045039202501,297.20000000000255,False
3473,25530.5,15530.5,2.1151486949532554,250.0,False
3474,26257.899999999972,16257.899999999972,2.2606334841628564,300.0,False
3475,25476.200000000008,15476.200000000008,1.450620865730533,250.0,False
3476,25726.99999999997,15726.99999999997,1.2094335819391253,250.0,False
3477,27117.300000000007,17117.300000000007,2.0896720050820825,250.0,False
3478,25445.500000000022,15445.500000000022,1.3072923743661815,250.0,False
3479,26969.10000000005,16969.10000000005,1.3101567106581573,273.3000000000029,False
3480,26086.800000000003,16086.800000000003,1.2252899852965202,200.0,False
3481,25196.300000000017,15196.300000000017,1.3224821973550351,247.0,False
3482,28303.000000000022,18303.000000000022,1.5389468986372612,250.0,False
3483,26970.10000000003,16970.10000000003,2.335619125917896,250.0,False
3484,25106.30000000003,15106.300000000028,2.9145884138480054,395.600000000004,False
3485,24518.30000000001,14518.30000000001,2.4630541871921183,250.0,False
3486,25501.00000000003,15501.00000000003,1.9695119549375657,277.0000000000073,False
3487,26856.90000000003,16856.90000000003,1.8454134095119974,250.0,False
3488,26519.40000000006,16519.40000000006,1.3841117808674226,300.0,False
3489,27644.10000000002,17644.10000000002,1.211074061215758,250.0,False
3490,24725.39999999999,14725.39999999999,1.8989464666017593,469.9000000000051,False
3491,26125.70000000005,16125.700000000052,2.593158837540403,395.19999999999527,False
3492,23981.4,13981.400000000001,2.03352882323754,250.0,False
3493,25144.500000000007,15144.500000000007,1.8694589368455514,256.1999999999989,False
3494,25841.700000000048,15841.700000000048,1.9237707075926598,253.50000000000364,False
3495,26533.900000000023,16533.900000000023,1.7695826439334281,250.0,False
3496,25577.20000000001,15577.200000000012,2.1121618278044867,349.9999999999982,False
3497,25431.70000000002,15431.700000000019,3.02896546312373,308.8000000000011,False
3498,26916.100000000013,16916.100000000013,2.177147211437279,300.0,False
3499,29076.100000000042,19076.100000000042,1.0952216009368554,150.00000000000182,False
3500,24764.500000000015,14764.500000000015,1.858114385521573,250.0,False
3501,24128.599999999977,14128.599999999977,1.6010656693094933,300.0,False
3502,27280.400000000038,17280.400000000038,1.1669809735422065,250.0,False
3503,28514.19999999999,18514.19999999999,1.7254468907447023,250.0,False
3504,28862.500000000004,18862.500000000004,3.9599647563136697,400.0,False
3505,27260.700000000048,17260.700000000048,1.7640542199705032,250.0,False
3506,28779.10000000002,18779.10000000002,1.9541555116956206,200.0,False
3507,24794.300000000057,14794.300000000057,1.743056100260587,250.0,False
3508,25512.399999999987,15512.399999999987,1.4094432699083863,200.0,False
3509,27446.099999999988,17446.099999999988,1.8608922203002427,435.6999999999971,False
3510,24792.600000000002,14792.600000000002,2.5288446341077906,400.0,False
3511,26337.000000000036,16337.000000000036,1.3452864858845062,241.59999999999854,False
3512,28816.69999999996,18816.69999999996,1.0687883082071095,187.79999999999563,False
3513,26325.499999999993,16325.499999999993,1.3781033164056304,250.0,False
3514,25821.000000000015,15821.000000000015,1.7782265126773198,345.1999999999971,False
3515,25619.30000000002,15619.300000000021,1.8518518518518516,350.0,False
3516,25521.90000000004,15521.900000000041,2.3723666729929773,250.0,False
3517,26483.900000000023,16483.900000000023,1.9047619047619049,208.8000000000029,False
3518,23416.30000000004,13416.30000000004,1.9467047850003578,350.0,False
3519,23845.700000000026,13845.700000000026,2.3336787177835645,325.2999999999993,False
3520,26927.400000000027,16927.400000000027,1.4216026742377148,350.0,False
3521,24457.500000000065,14457.500000000065,1.6771565407269884,200.0,False
3522,26673.999999999996,16673.999999999996,1.6378303708396003,214.60000000000036,False
3523,25410.29999999997,15410.29999999997,1.783781846848485,249.79999999999563,False
3524,26721.30000000002,16721.30000000002,2.0727453162120506,275.6999999999971,False
3525,26006.30000000003,16006.300000000028,1.8708572021944825,386.49999999999636,False
3526,25740.00000000003,15740.00000000003,2.3799324099195567,350.0,False
3527,26498.29999999999,16498.29999999999,3.6874176092627913,400.0,False
3528,25283.100000000013,15283.100000000013,2.666666666666667,300.0,False
3529,26073.499999999985,16073.499999999985,1.9246869977769865,221.39999999999418,False
3530,26711.4,16711.4,2.4242635523792595,347.69999999999527,False
3531,28685.599999999977,18685.599999999977,2.885434234474964,345.600000000004,False
3532,27132.999999999993,17132.999999999993,1.3085824313461578,350.0,False
3533,26928.099999999995,16928.099999999995,1.3948635544471046,250.0,False
3534,26981.60000000004,16981.60000000004,1.3482418925720865,250.0,False
3535,27202.79999999999,17202.79999999999,1.7261974631802064,250.0,False
3536,24076.800000000057,14076.800000000057,1.8059799608463534,295.6000000000022,False
3537,28198.00000000004,18198.00000000004,1.5545209355106984,350.0,False
3538,27848.40000000003,17848.40000000003,1.1422131522037102,232.79999999999563,False
3539,24045.000000000007,14045.000000000007,1.4751558662383923,200.0,False
3540,27175.50000000002,17175.50000000002,1.8856006109345995,200.0,False
3541,24464.100000000017,14464.100000000017,2.262648203457325,250.0,False
3542,26726.600000000017,16726.600000000017,1.5959541066150533,287.7999999999993,False
3543,28454.000000000044,18454.000000000044,1.477832512315271,200.0,False
3544,28380.900000000027,18380.900000000027,1.8747129345818907,200.0,False
3545,26809.70000000002,16809.70000000002,1.5773865859044733,200.0,False
3546,25381.300000000017,15381.300000000017,1.7475388827401401,300.0,False
3547,27632.600000000024,17632.600000000024,2.095935143382922,500.0,False
3548,27522.00000000001,17522.00000000001,1.8094739094819918,245.19999999999527,False
3549,27872.00000000002,17872.00000000002,1.5736136463775412,200.0,False
3550,27367.10000000005,17367.10000000005,1.7002870084470267,250.0,False
3551,27605.500000000022,17605.500000000022,1.92418703097941,200.0,False
3552,26915.600000000006,16915.600000000006,1.6190530158910044,200.0,False
3553,25652.700000000023,15652.700000000023,2.2851919561243146,250.0,False
3554,27322.800000000003,17322.800000000003,1.3119457029405075,200.0,False
3555,24223.80000000004,14223.80000000004,1.3791657702089142,250.0,False
3556,25504.899999999987,15504.899999999987,1.2738691226863363,200.0,False
3557,26416.500000000007,16416.500000000007,3.1770814422134266,350.0,False
3558,29769.600000000028,19769.600000000028,0.9766260824272405,200.0,False
3559,24142.500000000007,14142.500000000007,2.1608352924906633,271.00000000000364,False
3560,27075.000000000007,17075.000000000007,2.5017512258581007,300.0,False
3561,26598.700000000055,16598.700000000055,1.780208355585937,250.0,False
3562,23962.20000000001,13962.200000000012,1.951219512195122,350.0,False
3563,25891.99999999999,15891.999999999989,1.5,300.0,False
3564,26018.900000000012,16018.900000000012,1.477832512315271,308.7999999999993,False
3565,25323.09999999997,15323.09999999997,1.666194578202844,300.0,False
3566,29182.899999999998,19182.899999999998,1.673332106223123,210.39999999999964,False
3567,23948.999999999985,13948.999999999985,2.364353653264164,350.0,False
3568,28900.500000000036,18900.500000000036,1.7732841679552944,372.70000000000437,False
3569,24290.00000000003,14290.00000000003,1.6786691510970102,250.0,False
3570,22683.600000000035,12683.600000000035,2.466995073891622,329.8999999999942,False
3571,24856.19999999999,14856.19999999999,2.2236453201970154,248.90000000000327,False
3572,25309.900000000045,15309.900000000045,1.4563106796116505,299.79999999999563,False
3573,28857.40000000006,18857.40000000006,0.9034022127331518,198.59999999999854,False
3574,26922.69999999999,16922.69999999999,2.0,200.0,False
3575,27613.399999999983,17613.399999999983,1.6717536071032082,200.0,False
3576,26445.60000000003,16445.60000000003,2.4489526854430883,297.20000000000255,False
3577,27700.00000000003,17700.00000000003,2.0,257.2000000000007,False
3578,24865.10000000005,14865.10000000005,1.8323240281811433,250.0,False
3579,25576.700000000037,15576.700000000037,1.8696090021454448,256.1999999999989,False
3580,24062.800000000007,14062.800000000007,1.9066140441190496,350.0,False
3581,26676.299999999992,16676.299999999992,2.0,250.0,False
3582,26247.400000000045,16247.400000000045,1.328468187615134,186.89999999999418,False
3583,26390.300000000043,16390.300000000043,1.7265678077922946,307.5,False
3584,26080.20000000001,16080.200000000012,1.3620155167728776,245.60000000000218,False
3585,27676.70000000003,17676.70000000003,1.8927205965855314,250.0,False
3586,27316.400000000023,17316.400000000023,2.80659737489592,300.0,False
3587,24198.700000000008,14198.700000000008,1.8554769039512375,300.0,False
3588,25900.800000000047,15900.800000000047,2.901017290063047,300.0,False
3589,27928.500000000033,17928.500000000033,1.2526493533824024,250.0,False
3590,26603.500000000015,16603.500000000015,1.6252551650609144,250.0,False
3591,25873.99999999997,15873.99999999997,1.9183400986794146,300.0,False
3592,28342.50000000003,18342.50000000003,1.4346378973946985,243.29999999999563,False
3593,26113.700000000008,16113.700000000008,3.0190894242547803,354.8999999999978,False
3594,26762.000000000036,16762.000000000036,1.4429258146143225,250.0,False
3595,26682.20000000002,16682.20000000002,2.9865307463340356,300.0,False
3596,26366.69999999999,16366.69999999999,3.0,300.0,False
3597,26321.30000000003,16321.300000000028,1.3905111518994384,250.0,False
3598,26362.200000000004,16362.200000000004,4.009998557900392,417.10000000000946,False
3599,26321.20000000007,16321.20000000007,1.119896073644364,200.0,False
3600,27131.200000000033,17131.200000000033,1.477832512315271,250.0,False
3601,25014.000000000007,15014.000000000007,3.1925405063169454,332.79999999999745,False
3602,28238.79999999999,18238.79999999999,1.6730903994393884,229.20000000000073,False
3603,27832.000000000025,17832.000000000025,0.879182711751156,150.0,False
3604,26618.100000000024,16618.100000000024,1.9053970371076079,300.0,False
3605,26137.000000000025,16137.000000000025,2.0563269066263072,250.0,False
3606,25391.000000000004,15391.000000000004,1.7524752475248244,200.0,False
3607,24619.300000000003,14619.300000000003,1.6020762908729735,250.0,False
3608,25051.799999999996,15051.799999999996,1.8456991276520187,347.20000000000437,False
3609,24034.800000000025,14034.800000000025,1.2934187153881689,200.0,False
3610,28063.7,18063.7,1.4096684459815052,150.0,False
3611,25984.50000000005,15984.500000000051,1.374720000000017,322.20000000000437,False
3612,25552.89999999999,15552.89999999999,2.4666474033250405,350.0,False
3613,29397.000000000004,19397.000000000004,1.094890510948905,200.0,False
3614,27813.50000000002,17813.50000000002,2.0,200.0,False
3615,26310.5,16310.5,1.847302015406499,300.0,False
3616,27643.40000000003,17643.40000000003,2.3130372028903694,400.0,False
3617,27200.700000000033,17200.700000000033,1.8731327208189343,203.50000000000728,False
3618,26395.60000000003,16395.60000000003,1.6736121571187086,322.70000000000437,False
3619,24001.300000000054,14001.300000000054,2.2667059169855572,284.8999999999978,False
3620,27906.10000000005,17906.10000000005,1.0209220968378638,150.0,False
3621,24606.599999999944,14606.599999999944,2.0572745227123144,350.0,False
3622,27185.500000000033,17185.500000000033,1.4744695595759396,208.79999999999927,False
3623,24107.400000000034,14107.400000000034,1.872063200853662,200.0,False
3624,26724.699999999993,16724.699999999993,1.3369219013098401,200.0,False
3625,27967.3,17967.3,1.3170140657102223,200.0,False
3626,25186.000000000022,15186.000000000022,1.3769426365697595,236.49999999999272,False
3627,24608.099999999995,14608.099999999995,1.7201045823586054,250.0,False
3628,24214.800000000003,14214.800000000003,1.7836376219116312,350.0,False
3629,25845.500000000047,15845.500000000047,3.0,300.0,False
3630,26351.70000000001,16351.700000000012,1.6305366911518924,200.0,False
3631,27155.200000000033,17155.200000000033,0.8990695516930747,197.6999999999971,False
3632,26881.799999999996,16881.799999999996,1.5072953092969963,250.0,False
3633,25612.100000000028,15612.100000000028,2.2668314279401867,277.0000000000073,False
3634,26471.200000000026,16471.200000000026,3.331949847012107,350.40000000000146,False
3635,25961.70000000002,15961.700000000019,2.3896194929227446,300.0,False
3636,25106.59999999999,15106.599999999991,2.4258302403997676,399.9999999999982,False
3637,26225.90000000003,16225.90000000003,2.160442576100563,250.0,False
3638,24020.500000000022,14020.500000000022,1.6267886541252083,286.5,False
3639,28107.400000000016,18107.400000000016,1.293103448275862,150.0,False
3640,24395.400000000016,14395.400000000016,1.5117500774771901,200.0,False
3641,27475.100000000017,17475.100000000017,3.5391026605204234,400.0,False
3642,27967.800000000003,17967.800000000003,1.3967520858164482,210.79999999999927,False
3643,28234.79999999999,18234.79999999999,1.6352694924123496,250.0,False
3644,24481.10000000007,14481.100000000071,2.3910447761193776,240.29999999999745,False
3645,27701.7,17701.7,1.7092994436230315,250.0,False
3646,26834.20000000006,16834.20000000006,1.9047619047619049,250.0,False
3647,26363.200000000004,16363.200000000004,1.6205957861189877,292.90000000000146,False
3648,28175.90000000002,18175.90000000002,1.1170059494550406,200.0,False
3649,24779.699999999993,14779.699999999993,2.5845581267122704,353.50000000000546,False
3650,28118.40000000005,18118.40000000005,1.3026345784348834,200.0,False
3651,23973.099999999995,13973.099999999995,1.5472198650507705,300.0,False
3652,27428.8,17428.8,2.5254165133378073,350.0,False
3653,26158.10000000002,16158.10000000002,1.8329957566148223,200.0,False
3654,29710.000000000022,19710.000000000022,1.7315567561015734,200.0,False
3655,23414.900000000034,13414.900000000034,3.7042959543359135,532.7999999999975,False
3656,28129.60000000002,18129.60000000002,2.3806349629573194,250.0,False
3657,27708.999999999996,17708.999999999996,1.8967311193965146,350.0,False
3658,26380.5,16380.5,0.9559498317528283,200.0,False
3659,27361.899999999994,17361.899999999994,1.8057692307692064,324.70000000000437,False
3660,26089.500000000007,16089.500000000007,2.1191905454203943,361.4999999999927,False
3661,26553.300000000017,16553.300000000017,2.80531138956424,300.0,False
3662,25837.900000000052,15837.900000000052,1.9980861244019246,250.0,False
3663,28903.60000000002,18903.60000000002,1.51628489982411,300.0,False
3664,24324.500000000025,14324.500000000025,1.8194236278434675,287.70000000000437,False
3665,26476.70000000001,16476.70000000001,2.828077149944652,350.0,False
3666,26396.200000000008,16396.200000000008,2.0289737450797376,250.0,False
3667,27854.7,17854.7,1.3251527238514245,200.0,False
3668,28984.0,18984.0,2.0445215001880963,250.0,False
3669,27617.90000000001,17617.90000000001,2.2439637375460006,400.0,False
3670,25687.39999999998,15687.39999999998,2.040913512888367,300.0,False
3671,25361.00000000005,15361.000000000051,2.087944210130703,250.0,False
3672,27168.599999999988,17168.599999999988,2.2768501721520362,300.0,False
3673,28912.300000000007,18912.300000000007,1.196907191816346,273.2999999999993,False
3674,25691.80000000001,15691.80000000001,1.9230769230769231,200.0,False
3675,26150.500000000047,16150.500000000047,2.065191202285476,300.0,False
3676,26384.300000000003,16384.300000000003,1.4726383789196726,200.0,False
3677,25442.400000000016,15442.400000000016,2.2499381623760515,250.0,False
3678,24499.70000000002,14499.700000000019,3.1813629113031943,428.8000000000011,False
3679,27047.60000000005,17047.60000000005,2.3608068293419957,337.7999999999993,False
3680,27273.99999999997,17273.99999999997,1.3375540594765696,200.0,False
3681,27794.700000000026,17794.700000000026,1.9281446499856736,300.0,False
3682,28493.200000000037,18493.200000000037,1.4285714285714286,300.0,False
3683,26798.100000000006,16798.100000000006,2.1377807366438315,375.6999999999971,False
3684,28923.600000000017,18923.600000000017,1.461116760762585,300.0,False
3685,27621.400000000023,17621.400000000023,1.2118078557463923,150.0,False
3686,28936.000000000044,18936.000000000044,1.5071249331213303,200.0,False
3687,27967.399999999994,17967.399999999994,2.8086468875511406,300.0,False
3688,27168.600000000024,17168.600000000024,1.4339178938613961,300.0,False
3689,28225.000000000015,18225.000000000015,1.581539767460026,283.1999999999971,False
3690,26423.000000000022,16423.000000000022,1.2481278082875664,200.0,False
3691,25265.10000000004,15265.100000000039,2.118482488623747,300.0,False
3692,24314.100000000017,14314.100000000017,1.1643341173183062,200.0,False
3693,24883.10000000002,14883.10000000002,2.0453913242681585,250.0,False
3694,28321.600000000013,18321.600000000013,1.405598005744322,227.40000000000873,False
3695,24918.800000000003,14918.800000000003,1.6928780619931934,245.600000000004,False
3696,27056.300000000043,17056.300000000043,1.3937380733620917,250.0,False
3697,28235.70000000004,18235.70000000004,1.6355636970281788,200.0,False
3698,24241.700000000026,14241.700000000026,1.8804415276706972,250.0,False
3699,27810.60000000002,17810.60000000002,2.0016742782782817,250.0,False
3700,23871.100000000042,13871.100000000042,1.6229814168627756,300.0,False
3701,25940.000000000007,15940.000000000007,1.7091161171594704,342.6999999999971,False
3702,26729.200000000048,16729.200000000048,3.303115657114259,343.5999999999967,False
3703,25642.89999999999,15642.89999999999,1.4175282088113563,250.0,False
3704,27545.79999999998,17545.79999999998,2.103155574624167,250.0,False
3705,24275.800000000054,14275.800000000054,1.5323439499229992,300.0,False
3706,26957.90000000001,16957.90000000001,1.0970746504445898,200.0,False
3707,29314.70000000002,19314.70000000002,1.08927715567949,150.0,False
3708,22601.80000000002,12601.800000000021,2.270842884594725,325.29999999999745,False
3709,27872.300000000025,17872.300000000025,1.5393377768883836,232.5,False
3710,25536.700000000063,15536.700000000063,1.8423806505814533,256.2000000000007,False
3711,29149.000000000033,19149.000000000033,1.2078364428411532,300.0,False
3712,26506.100000000006,16506.100000000006,2.5848921669151053,300.0,False
3713,29420.800000000032,19420.800000000032,1.4199839068490552,150.0,False
3714,23839.000000000033,13839.000000000033,3.2211824960943143,400.0,False
3715,25156.80000000001,15156.80000000001,2.258270917234368,300.0,False
3716,26261.20000000002,16261.200000000019,2.6540456667251044,408.8000000000011,False
3717,27105.600000000064,17105.600000000064,1.7388413433204044,345.1999999999971,False
3718,24357.40000000006,14357.40000000006,2.461889943671955,500.0,False
3719,27509.20000000001,17509.20000000001,1.6525887099814982,200.0,False
3720,23919.100000000017,13919.100000000017,2.6181339437325613,350.0,False
3721,26120.4,16120.400000000001,1.501671712895886,209.3000000000029,False
3722,27114.199999999993,17114.199999999993,1.4634146341463417,200.0,False
3723,25972.400000000023,15972.400000000023,2.2661733962574133,400.0,False
3724,27989.999999999993,17989.999999999993,1.340878006918931,200.0,False
3725,26860.100000000035,16860.100000000035,2.4271844660194173,250.0,False
3726,27703.600000000006,17703.600000000006,1.6789087093389297,200.0,False
3727,26535.700000000033,16535.700000000033,2.202274509113011,250.0,False
3728,25239.70000000003,15239.70000000003,2.107688848920865,300.0,False
3729,27877.300000000025,17877.300000000025,1.2227529875931331,250.0,False
3730,27667.300000000014,17667.300000000014,1.2759333452420443,250.0,False
3731,26054.99999999997,16054.99999999997,1.9227367465756064,250.0,False
3732,25150.8,15150.8,1.693891263473494,300.0,False
3733,27254.10000000001,17254.10000000001,1.060822243320798,250.0,False
3734,23949.600000000035,13949.600000000035,2.0,250.0,False
3735,28198.699999999997,18198.699999999997,1.146646151591734,187.79999999999745,False
3736,25579.30000000002,15579.300000000021,1.5921145043713965,328.6999999999971,False
3737,25041.700000000026,15041.700000000026,1.7701464796211894,350.0,False
3738,26649.50000000002,16649.50000000002,1.421928988866296,200.00000000000182,False
3739,26374.4,16374.400000000001,1.071283182996593,200.0,False
3740,27119.100000000013,17119.100000000013,1.1376219151485727,207.20000000000437,False
3741,23048.700000000033,13048.700000000033,2.4923236431790055,500.0,False
3742,27267.50000000001,17267.50000000001,1.2488316955068068,236.49999999999272,False
3743,26947.00000000002,16947.00000000002,2.228573657145086,400.0,False
3744,27293.79999999998,17293.79999999998,2.173163725892494,397.2000000000007,False
3745,25441.100000000013,15441.100000000013,1.3957243924945695,250.0,False
3746,27222.49999999997,17222.49999999997,1.2250798343692064,250.0,False
3747,28793.5,18793.5,0.7606066598719134,150.0,False
3748,28346.200000000004,18346.200000000004,1.291188926763764,257.5,False
3749,27327.500000000025,17327.500000000025,1.5,200.0,False
3750,27232.399999999998,17232.399999999998,1.993982494529531,291.59999999999854,False
3751,24560.9,14560.900000000001,2.4108169914381574,350.0,False
3752,26827.89999999999,16827.89999999999,2.1763890803305217,300.0,False
3753,27173.60000000002,17173.60000000002,1.4492753623188406,250.0,False
3754,27112.000000000007,17112.000000000007,1.3099635830123921,200.0,False
3755,27584.700000000004,17584.700000000004,2.392451480189634,321.00000000000364,False
3756,27273.599999999988,17273.599999999988,0.6927990467085118,150.0,False
3757,27577.600000000013,17577.600000000013,1.9230769230769231,200.0,False
3758,27066.500000000025,17066.500000000025,1.7180802171653378,203.50000000000364,False
3759,28746.9,18746.9,1.2433944668946224,211.5,False
3760,27869.800000000047,17869.800000000047,1.3693127875556859,150.0,False
3761,27592.500000000036,17592.500000000036,2.288525690005441,300.0,False
3762,27838.899999999998,17838.899999999998,1.456042089323328,150.0,False
3763,27165.40000000003,17165.40000000003,1.8691588785046727,200.0,False
3764,26789.6,16789.6,1.851131967197943,300.0,False
3765,26817.000000000033,16817.000000000033,2.912621359223301,300.0,False
3766,27560.20000000008,17560.20000000008,3.170781006951453,360.7999999999993,False
3767,24083.10000000003,14083.100000000031,6.227999999999975,622.7999999999975,False
3768,28764.50000000005,18764.50000000005,2.0008620494090446,264.60000000000036,False
3769,24103.600000000013,14103.600000000013,2.4595729217469713,400.0,False
3770,27628.099999999973,17628.099999999973,2.1978505022088406,321.00000000000364,False
3771,28476.000000000033,18476.000000000033,1.2675556456928458,200.0,False
3772,27979.7,17979.7,2.382949519597377,400.0,False
3773,26615.100000000013,16615.100000000013,1.3559444605148954,200.0,False
3774,26840.300000000025,16840.300000000025,1.8358729575913353,300.0,False
3775,22814.200000000037,12814.200000000037,2.6420804343633515,356.1999999999989,False
3776,27977.500000000036,17977.500000000036,1.9838120933185197,307.70000000000437,False
3777,28816.400000000063,18816.400000000063,1.9377141174099721,250.0,False
3778,26728.200000000004,16728.200000000004,1.4769448902629951,250.0,False
3779,24845.000000000036,14845.000000000036,1.9835131999859115,261.9000000000051,False
3780,23661.800000000032,13661.800000000032,2.1431293793426494,365.4999999999927,False
3781,24859.2,14859.2,2.3511235011587686,350.0,False
3782,27799.900000000052,17799.900000000052,1.0311262648482173,173.3000000000029,False
3783,28743.400000000027,18743.400000000027,0.9641946323284816,200.0,False
3784,25694.699999999975,15694.699999999975,1.6914266618058424,222.70000000000437,False
3785,27584.20000000002,17584.20000000002,1.4354066985645932,250.0,False
3786,26806.700000000037,16806.700000000037,1.9999600007999834,300.0,False
3787,25807.800000000025,15807.800000000025,1.686887363541921,199.79999999999563,False
3788,24341.4,14341.400000000001,1.553965331033465,300.0,False
3789,28315.0,18315.0,2.382359107282395,250.0,False
3790,28288.500000000065,18288.500000000065,1.3819789939192917,261.5,False
3791,24587.500000000007,14587.500000000007,1.373758465786545,250.0,False
3792,24023.900000000023,14023.900000000023,1.8559340520556813,350.0,False
3793,27605.900000000016,17605.900000000016,1.4353380221042054,300.0,False
3794,25679.30000000001,15679.30000000001,1.5834371952754893,268.50000000000364,False
3795,25833.100000000006,15833.100000000006,1.6066708975666963,200.0,False
3796,26858.499999999993,16858.499999999993,1.2531642397052556,150.0,False
3797,24636.500000000022,14636.500000000022,2.0909566126502845,300.0,False
3798,24926.59999999999,14926.599999999991,1.8307809196012554,300.0,False
3799,25967.600000000028,15967.600000000028,2.394100935295434,300.0,False
3800,27477.20000000001,17477.20000000001,1.0584985626629382,177.00000000000728,False
3801,25759.60000000002,15759.60000000002,1.4626298083954945,250.0,False
3802,27154.600000000064,17154.600000000064,1.7209708626897031,226.1999999999989,False
3803,26265.4,16265.400000000001,2.0765326887775846,250.0,False
3804,27612.800000000032,17612.800000000032,1.6437155276326825,450.0,False
3805,27406.10000000005,17406.10000000005,1.6744453873197025,242.39999999999782,False
3806,26599.800000000054,16599.800000000054,2.157218654007283,250.0,False
3807,27213.500000000044,17213.500000000044,1.2169299291746771,200.0,False
3808,28305.40000000002,18305.40000000002,1.2345425729980202,240.6999999999971,False
3809,24477.700000000033,14477.700000000033,1.4029378133520918,250.0,False
3810,28862.70000000003,18862.70000000003,1.334000333500081,200.0,False
3811,25340.400000000027,15340.400000000027,2.0,300.0,False
3812,25792.400000000045,15792.400000000045,2.487512686314699,250.0,False
3813,27711.1,17711.1,1.4381512893384838,300.0,False
3814,26255.90000000001,16255.900000000009,1.4319193924843328,300.0,False
3815,25854.199999999983,15854.199999999983,1.8881996959998488,250.0,False
3816,29702.20000000001,19702.20000000001,1.9346550896906094,250.0,False
3817,27398.80000000002,17398.80000000002,1.4218009478672986,250.0,False
3818,24737.000000000025,14737.000000000025,1.7053496819522833,300.0,False
3819,25593.900000000023,15593.900000000023,2.1408815290237615,241.49999999999636,False
3820,26068.500000000015,16068.500000000015,1.773853400871158,450.0,False
3821,25555.900000000038,15555.900000000038,1.6849605237820113,350.0,False
3822,25668.10000000002,15668.10000000002,1.5861057139458345,250.0,False
3823,24347.999999999985,14347.999999999985,2.0503903943310826,250.0,False
3824,27164.90000000001,17164.90000000001,1.4322817202658318,200.0,False
3825,26101.600000000064,16101.600000000064,1.8524556151634577,250.0,False
3826,27262.799999999996,17262.799999999996,0.9851699089703004,200.0,False
3827,27266.100000000042,17266.100000000042,1.6408721563685513,250.0,False
3828,27179.800000000003,17179.800000000003,1.0832197817308966,173.29999999999927,False
3829,28226.50000000007,18226.50000000007,1.167446910351749,300.0,False
3830,25701.900000000023,15701.900000000023,1.1406358360404416,250.0,False
3831,27636.100000000024,17636.100000000024,1.0654211183512388,250.0,False
3832,25956.80000000007,15956.800000000068,1.477832512315271,200.0,False
3833,24510.800000000025,14510.800000000025,2.794109490265633,402.9999999999927,False
3834,27051.90000000003,17051.90000000003,1.5462004700449417,300.0,False
3835,26288.500000000015,16288.500000000015,2.4369525560150933,350.0,False
3836,25214.699999999983,15214.699999999983,1.935682240639594,277.0000000000073,False
3837,24392.700000000023,14392.700000000023,1.531966002610468,250.0,False
3838,27061.500000000015,17061.500000000015,1.335018423254241,208.8000000000029,False
3839,27148.30000000001,17148.30000000001,1.0377692385478856,200.0,False
3840,25312.29999999999,15312.299999999988,1.473339914251618,300.0,False
3841,27804.800000000017,17804.800000000017,2.119146916217407,250.0,False
3842,27353.29999999998,17353.29999999998,1.7052769796134126,250.0,False
3843,26824.20000000001,16824.20000000001,1.4149875481095766,364.6000000000022,False
3844,28819.200000000055,18819.200000000055,1.6760524328096809,200.0,False
3845,28613.400000000016,18613.400000000016,2.959405940594092,298.9000000000033,False
3846,27626.399999999983,17626.399999999983,1.151414897005938,300.0,False
3847,28600.499999999978,18600.499999999978,1.5433718353160535,250.0,False
3848,26001.80000000007,16001.800000000068,1.1812651349595389,300.0,False
3849,26986.79999999998,16986.79999999998,1.2137100689387326,153.50000000000364,False
3850,27498.80000000003,17498.80000000003,1.4282041760690112,200.0,False
3851,25013.0,15013.0,1.380472680021101,250.0,False
3852,25029.300000000003,15029.300000000003,2.3467445438189367,450.0,False
3853,23844.100000000035,13844.100000000035,1.9703645537960668,271.00000000000364,False
3854,26038.600000000006,16038.600000000006,1.2212907208746442,195.60000000000582,False
3855,28245.700000000004,18245.700000000004,1.1129910986676161,257.2000000000007,False
3856,28617.30000000002,18617.30000000002,1.8468926031951247,200.0,False
3857,28947.199999999997,18947.199999999997,1.1027729225136607,200.0,False
3858,23187.500000000044,13187.500000000044,1.8624228258541522,286.49999999999636,False
3859,24508.3,14508.3,1.8934194208029993,320.700000000008,False
3860,25215.60000000003,15215.600000000031,2.043168054658832,300.0,False
3861,25742.299999999996,15742.299999999996,1.4710270711010427,350.0,False
3862,27353.900000000016,17353.900000000016,1.3513513513513513,200.0,False
3863,26308.700000000008,16308.700000000008,1.4523695409059887,250.0,False
3864,27085.9,17085.9,1.5,250.0,False
3865,27664.10000000001,17664.10000000001,1.2822874587155206,250.0,False
3866,24059.70000000001,14059.700000000012,2.380952380952381,350.0,False
3867,23836.59999999999,13836.599999999991,1.981748099999009,250.0,False
3868,26906.900000000023,16906.900000000023,1.8253871972178168,227.00000000000728,False
3869,25078.40000000003,15078.40000000003,2.5977688876353615,408.4999999999927,False
3870,26954.39999999998,16954.39999999998,1.9821919871871116,250.0,False
3871,26804.500000000025,16804.500000000025,1.9431939631440864,300.0,False
3872,28341.70000000002,18341.70000000002,1.641557608245242,250.0,False
3873,24615.200000000023,14615.200000000023,1.602756741595544,241.299999999992,False
3874,27937.000000000015,17937.000000000015,1.0195394740195844,200.0,False
3875,25687.100000000057,15687.100000000057,1.2993087677355635,250.0,False
3876,26821.800000000007,16821.800000000007,2.0202346704593213,250.0,False
3877,28398.199999999993,18398.199999999993,1.9704433497536946,300.0,False
3878,25716.000000000004,15716.000000000004,1.8825655603456388,250.0,False
3879,25434.30000000002,15434.300000000021,2.402390859383258,250.0,False
3880,26136.499999999978,16136.499999999978,2.0767805362568925,388.90000000000146,False
3881,26652.40000000001,16652.40000000001,2.1672417081332247,250.0,False
3882,25058.4,15058.400000000001,1.5335065858154793,345.19999999999345,False
3883,25943.00000000003,15943.00000000003,1.3831335166446261,250.0,False
3884,27422.100000000046,17422.100000000046,1.1695564457179595,200.0,False
3885,23985.300000000025,13985.300000000025,2.7943888671547534,300.0,False
3886,27271.7,17271.7,1.8497451975990313,250.0,False
3887,25603.80000000004,15603.80000000004,3.5955378943840417,525.6999999999971,False
3888,25804.2,15804.2,1.426235119613585,200.0,False
3889,29087.000000000036,19087.000000000036,1.4421907142383434,195.600000000004,False
3890,26461.30000000002,16461.30000000002,1.5657293167157267,237.79999999999563,False
3891,25230.10000000002,15230.10000000002,1.275998468801837,250.0,False
3892,26740.100000000013,16740.100000000013,1.3636363636363635,200.0,False
3893,26322.10000000002,16322.10000000002,1.4136099382800302,206.799999999992,False
3894,26271.500000000015,16271.500000000015,0.960921254425042,250.0,False
3895,25297.000000000044,15297.000000000044,2.857114881867433,291.8000000000029,False
3896,26221.4,16221.400000000001,1.252792778124552,277.0000000000073,False
3897,28963.400000000012,18963.400000000012,1.477832512315271,200.0,False
3898,24654.000000000044,14654.000000000044,2.9148349717730238,373.2999999999993,False
3899,25055.700000000015,15055.700000000015,2.343259380067298,250.0,False
3900,26626.399999999965,16626.399999999965,1.4358731048760944,332.8999999999978,False
3901,27459.000000000015,17459.000000000015,1.2626350949599967,250.0,False
3902,27672.400000000034,17672.400000000034,1.2853158724384575,200.0,False
3903,23738.699999999997,13738.699999999997,2.0978266731381474,272.30000000000473,False
3904,26622.00000000002,16622.00000000002,1.6642707380407042,292.8999999999978,False
3905,26880.700000000055,16880.700000000055,1.7967514733362069,300.0,False
3906,26891.60000000005,16891.60000000005,1.991647407047022,245.600000000004,False
3907,28410.299999999977,18410.299999999977,1.8522771895768664,257.20000000000437,False
3908,24284.400000000016,14284.400000000016,1.939176348697149,350.0,False
3909,26190.20000000001,16190.200000000012,1.4321411255734182,307.2000000000007,False
3910,28058.500000000087,18058.500000000087,1.7271753773878156,250.0,False
3911,24913.899999999987,14913.899999999987,1.4672788897721574,371.0,False
3912,24651.500000000007,14651.500000000007,2.0212473521659677,300.0,False
3913,29719.20000000002,19719.20000000002,1.4145872234481978,258.8000000000029,False
3914,27990.500000000015,17990.500000000015,1.1398073792973535,253.50000000000728,False
3915,27392.300000000025,17392.300000000025,2.8125395019592645,311.49999999999636,False
3916,27412.200000000004,17412.200000000004,1.9230769230769231,200.0,False
3917,27259.700000000033,17259.700000000033,1.3183568000843726,200.0,False
3918,25480.500000000022,15480.500000000022,1.9047619047619049,200.0,False
3919,28130.500000000044,18130.500000000044,1.484416662728969,219.9000000000069,False
3920,26951.70000000002,16951.70000000002,2.084959105016411,350.0,False
3921,24207.300000000025,14207.300000000025,2.301368854194474,250.0,False
3922,26515.200000000026,16515.200000000026,1.6090881297568655,350.0,False
3923,27031.700000000004,17031.700000000004,1.4139605033699387,200.0,False
3924,23771.900000000016,13771.900000000016,2.3176689812454203,345.6000000000022,False
3925,28492.700000000004,18492.700000000004,1.0782368670749578,200.0,False
3926,26919.09999999999,16919.09999999999,1.477832512315271,150.0,False
3927,27202.200000000004,17202.200000000004,1.402852466682254,300.0,False
3928,29034.800000000017,19034.800000000017,1.2157049629939403,250.0,False
3929,27910.10000000004,17910.10000000004,1.2298489253580083,250.0,False
3930,26509.70000000003,16509.70000000003,1.994984752814951,287.19999999999345,False
3931,24222.20000000004,14222.20000000004,1.9704433497536946,200.0,False
3932,25692.800000000007,15692.800000000007,2.3923444976076556,300.0,False
3933,24361.500000000007,14361.500000000007,2.2582131211215195,250.0,False
3934,24305.30000000008,14305.30000000008,1.579701093299513,250.39999999999964,False
3935,27150.20000000004,17150.20000000004,1.284373033303791,250.0,False
3936,27290.20000000002,17290.20000000002,1.1644787404997958,158.8000000000029,False
3937,27854.100000000035,17854.100000000035,2.267100740888521,250.0,False
3938,26146.90000000003,16146.90000000003,1.570736549782922,250.0,False
3939,25468.100000000013,15468.100000000013,2.267182979803935,300.0,False
3940,23317.00000000005,13317.000000000051,1.7691099254143239,300.0,False
3941,26662.600000000002,16662.600000000002,1.477832512315271,200.0,False
3942,28461.00000000003,18461.00000000003,2.3679848448969905,250.0,False
3943,25959.100000000053,15959.100000000053,2.6259354895181413,300.0,False
3944,22774.100000000006,12774.100000000006,2.1715978057889473,332.9999999999927,False
3945,28794.70000000002,18794.70000000002,2.357556439901169,250.0,False
3946,28264.300000000014,18264.300000000014,1.1732889047934718,200.0,False
3947,24703.199999999997,14703.199999999997,3.4999301318179437,375.6999999999971,False
3948,25838.30000000001,15838.30000000001,1.2195221099358533,300.0,False
3949,26234.70000000002,16234.700000000019,2.1618923277781876,337.79999999999745,False
3950,26613.600000000024,16613.600000000024,1.318582787220295,200.0,False
3951,27863.30000000001,17863.30000000001,1.0340409366891632,160.600000000004,False
3952,25276.00000000004,15276.00000000004,2.2265962468493647,250.39999999999782,False
3953,28322.400000000012,18322.400000000012,1.493607360497073,200.0,False
3954,25661.900000000016,15661.900000000016,2.9109327356218078,400.0,False
3955,24815.29999999999,14815.299999999988,2.3634019575535974,408.8000000000029,False
3956,24333.700000000033,14333.700000000033,2.494514767932523,295.600000000004,False
3957,23720.400000000045,13720.400000000045,2.7703763513210506,350.0,False
3958,25415.70000000004,15415.70000000004,2.125326237577467,250.0,False
3959,27948.100000000013,17948.100000000013,1.368812965396407,200.0,False
3960,24845.300000000032,14845.300000000032,1.6933101299121092,209.19999999999163,False
3961,26119.00000000006,16119.000000000058,2.546380502000726,350.0,False
3962,28620.300000000054,18620.300000000054,1.1683880917885672,200.0,False
3963,25907.800000000017,15907.800000000017,2.2620749561157454,300.0,False
3964,26613.80000000001,16613.80000000001,1.6686974352878268,224.60000000000036,False
3965,25972.100000000028,15972.100000000028,2.864999999999964,286.49999999999636,False
3966,28234.300000000007,18234.300000000007,1.3799384547449183,200.0,False
3967,25108.699999999997,15108.699999999997,2.33781414377557,300.0,False
3968,26462.40000000001,16462.40000000001,1.647758636314952,200.0,False
3969,25260.10000000002,15260.10000000002,1.5709438230488852,250.0,False
3970,26645.800000000017,16645.800000000017,1.37226078902868,275.09999999999854,False
3971,27404.20000000001,17404.20000000001,1.73009183327451,250.0,False
3972,24744.900000000045,14744.900000000045,2.829147766387835,300.0,False
3973,26854.000000000033,16854.000000000033,1.535456767679249,250.0,False
3974,26524.000000000015,16524.000000000015,1.3971944335773767,250.0,False
3975,25816.499999999996,15816.499999999996,1.6260630685462911,208.09999999999854,False
3976,26975.200000000048,16975.200000000048,1.4785900165602062,200.0,False
3977,26013.300000000036,16013.300000000036,1.8712925017309443,250.0,False
3978,27610.4,17610.4,1.6171495475215552,250.0,False
3979,24810.79999999998,14810.799999999981,1.9298845926525303,310.20000000000437,False
3980,27488.0,17488.0,2.1834061135371177,250.0,False
3981,30135.399999999994,20135.399999999994,0.7791928422612621,195.60000000000218,False
3982,26482.0,16482.0,1.5,229.8000000000029,False
3983,25351.300000000076,15351.300000000076,2.5,250.0,False
3984,25913.200000000063,15913.200000000063,2.3022801782885787,300.0,False
3985,25523.700000000055,15523.700000000055,1.2512930027695282,239.89999999999782,False
3986,28551.400000000016,18551.400000000016,2.0,200.0,False
3987,24813.80000000001,14813.80000000001,2.4154589371980677,250.0,False
3988,25028.40000000003,15028.40000000003,1.6643642960571199,273.29999999999563,False
3989,27834.500000000007,17834.500000000007,1.414203124823224,250.0,False
3990,28409.200000000015,18409.200000000015,2.8846153846153846,300.0,False
3991,26254.000000000007,16254.000000000007,1.6488997716273812,300.0,False
3992,26677.10000000001,16677.10000000001,1.6848064157428313,200.0,False
3993,28344.700000000026,18344.700000000026,1.3582035494386098,200.0,False
3994,26339.1,16339.099999999999,2.448013586023773,273.8999999999942,False
3995,27029.10000000002,17029.10000000002,1.5619999999999892,208.8000000000029,False
3996,27510.20000000001,17510.20000000001,1.6502683608835933,300.40000000000146,False
3997,26976.500000000015,16976.500000000015,0.9622046031868219,200.0,False
3998,27748.500000000015,17748.500000000015,1.175566653860958,200.0,False
3999,25435.60000000003,15435.600000000031,2.934311437145672,395.99999999999454,False
4000,24220.39999999998,14220.39999999998,1.7483128780726602,250.0,False
4001,25219.600000000035,15219.600000000035,1.5779590677417816,250.0,False
4002,26232.299999999996,16232.299999999996,1.545853009898933,282.5,False
4003,27466.10000000006,17466.10000000006,1.2533684276493056,250.0,False
4004,24862.000000000015,14862.000000000015,1.3007396873021781,300.0,False
4005,28499.700000000023,18499.700000000023,1.4817733990147748,200.0,False
4006,27499.000000000015,17499.000000000015,2.204418915173957,350.0,False
4007,22962.000000000025,12962.000000000025,3.823251101574225,400.0,False
4008,27136.40000000005,17136.40000000005,1.5,200.0,False
4009,25688.100000000013,15688.100000000013,1.628040443596708,214.60000000000218,False
4010,28928.600000000024,18928.600000000024,1.3029380232963144,200.0,False
4011,25808.800000000003,15808.800000000003,1.632860181567921,300.0,False
4012,25314.300000000032,15314.300000000032,2.5191243523751177,300.0,False
4013,27042.30000000001,17042.30000000001,1.1454713100219611,161.49999999999636,False
4014,28254.700000000008,18254.700000000008,1.6878919074022503,223.29999999999563,False
4015,27052.600000000028,17052.600000000028,1.085623093374441,200.0,False
4016,27180.79999999999,17180.79999999999,2.413479052823321,339.2000000000007,False
4017,28855.700000000055,18855.700000000055,0.8909638446871824,150.0,False
4018,25828.20000000005,15828.200000000052,2.045700959433749,300.0,False
4019,25447.599999999984,15447.599999999984,1.8347103379697451,298.9000000000033,False
4020,28531.900000000027,18531.900000000027,1.1677150152581433,200.0,False
4021,26411.200000000033,16411.200000000033,1.888360148047436,373.3000000000029,False
4022,26894.30000000004,16894.30000000004,3.0512195121951016,403.50000000000364,False
4023,27712.400000000038,17712.400000000038,1.278336458155785,150.0,False
4024,24196.100000000006,14196.100000000006,1.4233416646265449,250.0,False
4025,26571.500000000033,16571.500000000033,2.0,300.0,False
4026,25147.10000000001,15147.10000000001,1.9177110201263774,200.0,False
4027,26983.10000000003,16983.10000000003,1.2940293485856256,200.0,False
4028,25558.30000000001,15558.30000000001,1.6205054246288149,250.0,False
4029,24703.499999999993,14703.499999999993,1.2948839136571406,200.00000000000182,False
4030,27285.30000000003,17285.30000000003,1.0094959923009104,150.40000000000146,False
4031,27812.80000000001,17812.80000000001,1.0493623105958414,200.0,False
4032,28546.80000000003,18546.80000000003,1.2202066216546,200.0,False
4033,26339.500000000025,16339.500000000025,1.4451356384866945,264.59999999999854,False
4034,25731.799999999996,15731.799999999996,1.9461500287057127,254.4000000000051,False
4035,24973.100000000068,14973.100000000068,1.765100434214702,300.0,False
4036,26420.60000000002,16420.60000000002,2.306911506874597,300.0,False
4037,27997.300000000025,17997.300000000025,1.2980775471526662,200.0,False
4038,26201.100000000024,16201.100000000024,2.269954317169364,400.0,False
4039,26950.60000000003,16950.60000000003,1.4458075196449092,350.0,False
4040,26606.100000000042,16606.100000000042,1.8303620456126297,300.0000000000018,False
4041,26405.700000000033,16405.700000000033,1.5927152858238165,250.0,False
4042,26411.500000000015,16411.500000000015,2.6739874500855696,300.0,False
4043,28107.90000000001,18107.90000000001,1.3914269547229674,250.0,False
4044,27893.20000000001,17893.20000000001,1.6191840931354673,250.0,False
4045,26830.399999999994,16830.399999999994,2.073776679136978,250.0,False
4046,25623.29999999998,15623.299999999981,2.1506169198250005,350.0,False
4047,26663.600000000064,16663.600000000064,2.0,300.0,False
4048,25901.000000000015,15901.000000000015,2.193983220416333,250.0,False
4049,26618.100000000006,16618.100000000006,3.0071311968382175,350.0,False
4050,26754.500000000007,16754.500000000007,1.0561111873858087,245.19999999999345,False
4051,28291.20000000002,18291.20000000002,1.4563106796116505,245.19999999999345,False
4052,25825.20000000004,15825.20000000004,1.4423076923076923,200.0,False
4053,28464.40000000002,18464.40000000002,1.1224016402029302,150.0,False
4054,26183.10000000002,16183.10000000002,1.4506208657305324,250.0,False
4055,26211.00000000005,16211.000000000051,1.5132583045453931,350.0,False
4056,23737.299999999996,13737.299999999996,2.3586653997263944,350.0,False
4057,25240.899999999994,15240.899999999994,1.7192985543461967,381.2999999999993,False
4058,24345.300000000017,14345.300000000017,2.0047533518387817,260.7999999999993,False
4059,24195.00000000002,14195.000000000018,2.2225185580299605,250.0,False
4060,27302.400000000045,17302.400000000045,1.8797522486536271,200.0,False
4061,26231.300000000003,16231.300000000003,1.143013899049011,200.0,False
4062,26224.500000000025,16224.500000000025,2.5,300.0,False
4063,24829.900000000034,14829.900000000034,3.6539023677287332,400.0,False
4064,27229.200000000026,17229.200000000026,1.816794447876167,349.79999999999563,False
4065,25288.300000000047,15288.300000000047,3.5000000000000004,350.0,False
4066,22659.500000000015,12659.500000000015,2.8739990013130816,310.7999999999993,False
4067,28630.300000000032,18630.300000000032,1.3949086070124819,297.6999999999971,False
4068,27244.50000000002,17244.50000000002,1.7647287223027817,272.70000000000437,False
4069,24665.899999999983,14665.899999999983,1.9555235718811352,250.0,False
4070,25763.00000000006,15763.000000000058,1.5650604519190365,348.5999999999949,False
4071,25506.299999999992,15506.299999999992,2.371466514892811,360.5999999999949,False
4072,26135.500000000022,16135.500000000022,1.5547747131440648,200.0,False
4073,27510.799999999996,17510.799999999996,1.841906610589877,256.1999999999989,False
4074,23942.9,13942.900000000001,2.919518603821328,450.0,False
4075,29177.900000000023,19177.900000000023,1.9492265469061871,256.1999999999989,False
4076,27963.400000000027,17963.400000000027,1.340746169935107,300.0,False
4077,25577.20000000002,15577.200000000019,2.059358518504954,300.0,False
4078,26679.500000000015,16679.500000000015,1.0978715929384895,200.0,False
4079,25424.200000000037,15424.200000000037,1.8841794869379251,250.0,False
4080,24622.800000000007,14622.800000000007,1.5333323541939083,248.5999999999949,False
4081,25849.6,15849.599999999999,1.4392465256588862,250.0,False
4082,26464.50000000003,16464.50000000003,1.0472654255273433,150.40000000000146,False
4083,26235.700000000033,16235.700000000033,1.7134101267433917,350.0,False
4084,26233.600000000006,16233.600000000006,1.1428310210052341,200.0,False
4085,28136.199999999986,18136.199999999986,1.316147373408559,150.0,False
4086,25629.600000000035,15629.600000000035,2.033828048263965,225.6999999999971,False
4087,27251.100000000017,17251.100000000017,1.5924291369034074,350.0,False
4088,27495.60000000002,17495.60000000002,2.1947563424498444,295.6000000000058,False
4089,27158.300000000017,17158.300000000017,2.1663461538461295,242.8000000000102,False
4090,28403.79999999999,18403.79999999999,1.664306871780605,250.0,False
4091,26980.80000000003,16980.80000000003,2.5814718660944465,386.7999999999938,False
4092,24438.500000000022,14438.500000000022,1.1165363637244348,250.0,False
4093,25260.90000000002,15260.90000000002,2.3720501116830213,390.8000000000011,False
4094,28259.20000000001,18259.20000000001,1.6059406958219846,250.0,False
4095,24850.499999999985,14850.499999999985,1.5565171372536812,200.0,False
4096,27642.100000000017,17642.100000000017,1.2510008006405129,200.0,False
4097,26587.49999999998,16587.49999999998,1.9009961219679115,200.0,False
4098,28782.000000000004,18782.000000000004,1.8652540476012835,300.0,False
4099,25049.100000000028,15049.100000000028,1.9193415890612888,250.0,False
4100,24161.100000000024,14161.100000000024,1.9352620846452138,300.0,False
4101,28556.000000000044,18556.000000000044,2.272727272727273,250.0,False
4102,29162.100000000006,19162.100000000006,1.350584803219793,200.0,False
4103,27393.300000000057,17393.300000000057,2.0363833831115903,300.0,False
4104,23791.30000000001,13791.30000000001,1.3161820191987075,250.0,False
4105,23521.900000000005,13521.900000000005,2.1551346136981184,491.4999999999927,False
4106,26245.60000000003,16245.600000000031,1.514744960227123,350.0,False
4107,27748.399999999994,17748.399999999994,1.5305146355462012,250.0,False
4108,26381.00000000004,16381.00000000004,1.5603171129924924,278.09999999999127,False
4109,23046.80000000004,13046.80000000004,1.94147220430226,349.09999999999854,False
4110,27052.10000000001,17052.10000000001,1.292780253212559,200.0,False
4111,26581.500000000015,16581.500000000015,2.0311992200194995,300.0,False
4112,26207.800000000017,16207.800000000017,2.648234951404889,300.0,False
4113,25294.000000000033,15294.000000000033,1.5587492595941006,200.0,False
4114,25850.500000000036,15850.500000000036,1.1453915707410607,200.39999999999782,False
4115,27073.700000000055,17073.700000000055,1.345523778768977,250.0,False
4116,24898.50000000003,14898.50000000003,2.3147076524234986,400.0,False
4117,26010.700000000015,16010.700000000015,1.8203927679436103,250.0,False
4118,27068.10000000002,17068.10000000002,1.4089137275160857,300.0,False
4119,26924.200000000004,16924.200000000004,3.6896551724138646,374.5000000000073,False
4120,26830.30000000007,16830.30000000007,1.4786355383946073,232.79999999999927,False
4121,27405.700000000023,17405.700000000023,1.6483335347963206,300.0,False
4122,27424.200000000048,17424.200000000048,1.7970743629371375,250.0,False
4123,26062.5,16062.5,2.659220848291449,300.0,False
4124,23414.900000000052,13414.900000000052,2.004874998404779,314.2000000000007,False
4125,24708.399999999994,14708.399999999994,2.253652773901264,347.20000000000255,False
4126,27543.900000000038,17543.900000000038,1.3086378824494207,150.0,False
4127,26009.800000000014,16009.800000000014,1.0579174542274365,200.0,False
4128,26710.100000000013,16710.100000000013,1.592620433957216,250.0,False
4129,28647.50000000005,18647.50000000005,1.2298459003086912,200.0,False
4130,25428.000000000036,15428.000000000036,1.2398393652022432,307.5,False
4131,26168.300000000047,16168.300000000047,2.631578947368421,300.0,False
4132,29674.300000000025,19674.300000000025,1.1529037597157554,284.20000000001164,False
4133,28762.099999999995,18762.099999999995,1.5,208.79999999999927,False
4134,28355.80000000001,18355.80000000001,1.243214122912436,200.0,False
4135,28865.19999999999,18865.19999999999,0.9779236395766938,200.0,False
4136,26438.899999999987,16438.899999999987,2.695587323551346,300.0,False
4137,27936.20000000004,17936.20000000004,1.7312419930057814,200.0,False
4138,27314.5,17314.5,2.0665768394600454,250.0,False
4139,26685.500000000004,16685.500000000004,2.5774081583559574,300.0,False
4140,26891.50000000003,16891.50000000003,1.3567661930045127,300.0,False
4141,27671.49999999999,17671.49999999999,1.7896931571082135,350.0,False
4142,27036.400000000038,17036.400000000038,1.364042476282711,200.0,False
4143,28074.40000000002,18074.40000000002,1.9883680469254852,200.0,False
4144,27026.4,17026.4,1.5557543463887051,200.0,False
4145,25682.400000000023,15682.400000000023,1.3585018441662533,291.2999999999993,False
4146,28739.60000000002,18739.60000000002,1.3207597009800038,200.0,False
4147,27130.500000000015,17130.500000000015,1.7579784006794954,347.69999999999345,False
4148,28156.5,18156.5,1.0617439498290595,200.0,False
4149,25900.10000000002,15900.10000000002,4.263084590472067,508.100000000004,False
4150,25726.500000000033,15726.500000000033,1.1767474699929374,200.0,False
4151,24758.60000000005,14758.60000000005,3.354882718633219,432.79999999999745,False
4152,27850.500000000022,17850.500000000022,1.5,250.0,False
4153,25862.700000000004,15862.700000000004,1.717488807308397,426.2000000000007,False
4154,25218.500000000022,15218.500000000022,2.1503526578358847,250.0,False
4155,29241.200000000004,19241.200000000004,2.3172178555539076,300.0,False
4156,26152.49999999998,16152.499999999982,1.1529769865793473,250.0,False
4157,25145.100000000013,15145.100000000013,2.0938190065052797,421.00000000000364,False
4158,27169.30000000005,17169.30000000005,1.3103984484882374,200.0,False
4159,30484.099999999977,20484.099999999977,1.6311883206916233,200.0,False
4160,27277.00000000005,17277.00000000005,2.136615745572756,300.0,False
4161,26033.90000000005,16033.900000000049,1.8968565293595412,300.0,False
4162,26673.50000000003,16673.50000000003,1.3069162005332207,275.29999999999563,False
4163,26554.699999999983,16554.699999999983,1.9230769230769231,200.0,False
4164,29918.80000000004,19918.80000000004,0.9798349957867096,200.0,False
4165,27042.500000000007,17042.500000000007,1.2675556456928465,200.0,False
4166,24253.30000000001,14253.30000000001,1.7137960582690661,200.0,False
4167,26664.100000000024,16664.100000000024,1.272685621197851,200.0,False
4168,26310.50000000006,16310.500000000058,1.3514487530632837,200.0,False
4169,24325.599999999995,14325.599999999995,2.9179053281499905,382.79999999999745,False
4170,24060.100000000013,14060.100000000013,1.7910715085299758,250.0,False
4171,24980.600000000006,14980.600000000006,2.1800979593658263,390.7999999999993,False
4172,27031.700000000004,17031.700000000004,2.0043293513990217,300.0,False
4173,26514.2,16514.2,1.9607843137254901,200.0,False
4174,26147.49999999998,16147.499999999982,1.2871835137535574,250.0,False
4175,26704.30000000001,16704.30000000001,1.2310116453701643,200.0,False
4176,26193.000000000022,16193.000000000022,1.0,150.0,False
4177,26964.899999999987,16964.899999999987,1.988642482285339,277.0000000000073,False
4178,23399.500000000025,13399.500000000025,2.4875621890547266,250.0,False
4179,24095.300000000025,14095.300000000025,1.6405921881562338,250.0,False
4180,28867.100000000017,18867.100000000017,3.010778587342686,400.0,False
4181,28031.299999999967,18031.299999999967,1.197069573683623,200.0,False
4182,28499.70000000004,18499.70000000004,1.497925373357898,200.0,False
4183,28069.100000000006,18069.100000000006,1.9253513766262338,350.0,False
4184,25364.800000000003,15364.800000000003,3.067602285363701,400.0,False
4185,25456.100000000024,15456.100000000024,1.8135841641567378,450.3999999999978,False
4186,27181.70000000002,17181.70000000002,1.7026348273953935,250.0,False
4187,27588.20000000002,17588.20000000002,2.3811111216938263,300.0,False
4188,25127.699999999997,15127.699999999997,1.7397759168619082,300.0,False
4189,25153.70000000002,15153.700000000019,2.3434199851147435,349.4999999999982,False
4190,27508.900000000023,17508.900000000023,1.6069625825723317,348.59999999999854,False
4191,29394.199999999997,19394.199999999997,1.5121109978835112,200.0,False
4192,25104.70000000004,15104.70000000004,2.347307638139054,281.8000000000029,False
4193,28448.800000000014,18448.800000000014,1.9433049610809006,550.0,False
4194,26363.400000000038,16363.400000000038,1.2208031855484596,250.0,False
4195,26165.50000000001,16165.500000000011,1.9809291720897637,214.60000000000036,False
4196,23072.400000000023,13072.400000000023,1.6802063293372427,250.0,False
4197,26992.400000000038,16992.400000000038,1.4075288719359844,200.0,False
4198,30304.1,20304.1,1.3822336896424625,200.0,False
4199,25990.90000000003,15990.90000000003,1.6994952499107743,400.0,False
4200,24893.200000000015,14893.200000000015,2.3696682464454977,250.0,False
4201,29411.30000000006,19411.30000000006,1.195207219051602,200.0,False
4202,28017.800000000036,18017.800000000036,2.336448598130841,250.0,False
4203,27880.50000000002,17880.50000000002,1.9704433497536946,200.0,False
4204,27002.300000000025,17002.300000000025,3.299288048368523,418.0000000000018,False
4205,26012.100000000028,16012.100000000028,2.153872663048163,350.0,False
4206,27700.400000000027,17700.400000000027,1.4718436313326073,250.0,False
4207,26744.59999999999,16744.59999999999,2.0032853880363786,300.0,False
4208,26069.60000000002,16069.60000000002,1.3563122773387348,250.0,False
4209,23883.600000000013,13883.600000000013,2.684077381950921,400.0,False
4210,26810.100000000064,16810.100000000064,1.1991845545029363,250.0,False
4211,26482.400000000016,16482.400000000016,1.1534224928920336,297.20000000000437,False
4212,25098.50000000003,15098.50000000003,2.159757243285853,400.0,False
4213,26806.30000000004,16806.30000000004,2.5213776807647665,350.0,False
4214,28272.89999999999,18272.89999999999,1.7225378111837275,337.79999999999563,False
4215,24443.40000000003,14443.40000000003,1.2821438517953023,250.0,False
4216,26672.399999999994,16672.399999999994,1.6844854321390945,300.0,False
4217,27120.100000000042,17120.100000000042,2.3619693585291115,434.59999999999854,False
4218,27403.900000000038,17403.900000000038,1.417344039005307,200.0,False
4219,25758.700000000008,15758.700000000008,2.5478634345199103,350.0,False
4220,26235.600000000013,16235.600000000013,1.174260216063879,200.0,False
4221,28417.10000000005,18417.10000000005,1.7211822660098772,200.0,False
4222,24950.70000000004,14950.70000000004,2.1701415465000955,425.29999999999563,False
4223,26950.800000000017,16950.800000000017,1.8462788250281554,311.2000000000007,False
4224,29246.99999999997,19246.99999999997,2.5,250.0,False
4225,25918.9,15918.900000000001,2.7884533718362463,525.2999999999993,False
4226,26247.000000000036,16247.000000000036,2.1337794354873125,250.0,False
4227,24972.70000000001,14972.700000000012,2.3845201077494522,275.29999999999745,False
4228,29836.800000000047,19836.800000000047,1.69187561330491,200.0,False
4229,26034.60000000001,16034.60000000001,1.7727872476998658,397.6999999999971,False
4230,24349.40000000003,14349.40000000003,1.3676070101640267,275.6999999999971,False
4231,24770.60000000002,14770.60000000002,1.4825180397097546,300.0,False
4232,26696.4,16696.4,1.2947218505890983,272.1000000000022,False
4233,29268.800000000003,19268.800000000003,1.3997855167353563,347.20000000000437,False
4234,25525.400000000038,15525.400000000038,1.674209684554355,295.19999999999345,False
4235,27970.899999999972,17970.899999999972,2.2490291960304853,375.2999999999993,False
4236,28292.10000000001,18292.10000000001,1.0844105144443474,300.0,False
4237,27836.80000000002,17836.80000000002,3.3717073170732097,345.600000000004,False
4238,25835.60000000005,15835.60000000005,1.240304949643619,250.0,False
4239,26126.40000000005,16126.400000000049,1.4286462624232683,300.0,False
4240,25284.70000000002,15284.700000000019,1.8487192997051278,200.0,False
4241,26277.60000000002,16277.60000000002,1.7108639863130881,200.0,False
4242,28022.800000000025,18022.800000000025,2.0,225.10000000000218,False
4243,28349.00000000003,18349.00000000003,1.1248240326923349,164.60000000000036,False
4244,24172.999999999975,14172.999999999975,1.5885825395715936,250.0,False
4245,28072.999999999993,18072.999999999993,1.0971107588166567,250.0,False
4246,25249.60000000002,15249.60000000002,1.8299078899924537,300.0,False
4247,25266.899999999994,15266.899999999994,1.512699139817806,297.20000000000437,False
4248,25609.900000000016,15609.900000000016,2.7462467960454053,300.0,False
4249,28305.69999999999,18305.69999999999,1.2734851893672468,250.0,False
4250,27579.200000000037,17579.200000000037,1.2207527975584944,300.0,False
4251,27292.299999999996,17292.299999999996,2.0,250.0,False
4252,27298.900000000016,17298.900000000016,2.21387836066735,250.0,False
4253,27554.299999999985,17554.299999999985,1.3173581699260306,200.40000000000146,False
4254,26349.600000000028,16349.600000000028,1.9025513213218923,250.0,False
4255,24519.80000000005,14519.80000000005,1.447569049043639,295.1999999999862,False
4256,26508.200000000004,16508.200000000004,1.995151781171752,235.80000000000837,False
4257,26345.600000000006,16345.600000000006,1.7539551689058832,200.0,False
4258,23981.6,13981.599999999999,2.6094898447353554,300.0,False
4259,25794.600000000035,15794.600000000035,2.349955350848333,300.0,False
4260,24356.400000000012,14356.400000000012,1.7505164023386883,250.0,False
4261,27919.800000000032,17919.800000000032,1.5,250.0,False
4262,26166.000000000015,16166.000000000015,1.949558425016733,300.0,False
4263,27020.300000000017,17020.300000000017,1.6050333846944005,250.0,False
4264,26954.00000000001,16954.00000000001,1.8996148530885346,400.0,False
4265,24422.59999999999,14422.599999999991,1.6086729698633033,250.0,False
4266,26652.299999999996,16652.299999999996,1.8984079715954953,198.90000000000327,False
4267,25383.500000000022,15383.500000000022,1.5,258.49999999999636,False
4268,27373.000000000015,17373.000000000015,1.9410817001287588,300.0,False
4269,27328.600000000028,17328.600000000028,1.442259387473623,157.89999999999964,False
4270,24350.10000000002,14350.10000000002,1.855203433363153,450.0,False
4271,30749.300000000017,20749.300000000017,0.8915421182327488,250.0,False
4272,25762.900000000027,15762.900000000027,1.7167120005798655,450.0,False
4273,28197.900000000023,18197.900000000023,1.3824884792626728,186.49999999999272,False
4274,29986.19999999999,19986.19999999999,1.809954751131222,200.0,False
4275,26212.599999999955,16212.599999999955,1.5265200517465052,200.0,False
4276,27333.200000000037,17333.200000000037,1.9656599211770365,250.0,False
4277,26688.600000000013,16688.600000000013,2.0248804730749868,257.5,False
4278,28635.800000000017,18635.800000000017,1.9704433497536946,353.50000000000364,False
4279,25885.800000000047,15885.800000000047,1.992329531304477,200.0,False
4280,27002.80000000003,17002.80000000003,2.1367521367521367,350.0,False
4281,28101.899999999994,18101.899999999994,3.732596767571198,400.0,False
4282,24963.90000000003,14963.90000000003,1.4533616254396413,250.0,False
4283,26642.000000000015,16642.000000000015,2.3547210109459855,275.6999999999971,False
4284,27841.60000000004,17841.60000000004,1.9218695947417632,300.0,False
4285,24351.300000000017,14351.300000000017,2.2332794368562565,250.0,False
4286,25336.70000000002,15336.700000000019,1.4928269664263198,350.0,False
4287,28646.400000000005,18646.400000000005,0.9082212184695878,250.0,False
4288,25624.100000000028,15624.100000000028,3.708457711442829,372.70000000000437,False
4289,24902.70000000001,14902.700000000012,2.4559221278872876,509.3999999999978,False
4290,25389.400000000005,15389.400000000005,2.9322073657049064,350.0,False
4291,25078.90000000005,15078.900000000049,1.4590190722973102,250.0,False
4292,25314.000000000015,15314.000000000015,2.3244019138755947,364.6000000000022,False
4293,27817.200000000004,17817.200000000004,1.1592679609249403,150.0,False
4294,26570.50000000003,16570.50000000003,1.3487086115044826,300.0,False
4295,26475.999999999993,16475.999999999993,1.7387826782469584,207.89999999999782,False
4296,26570.299999999985,16570.299999999985,1.9770034953421798,250.0,False
4297,26784.00000000005,16784.00000000005,1.9957689697840546,350.0,False
4298,28796.60000000001,18796.60000000001,1.4846575488897735,250.0,False
4299,26076.500000000022,16076.500000000022,2.553110070733747,427.0000000000073,False
4300,21323.20000000005,11323.200000000052,1.7583035886976215,335.90000000000146,False
4301,27308.900000000034,17308.900000000034,1.4736764543344514,250.0,False
4302,29638.20000000004,19638.20000000004,3.297220913801225,350.0,False
4303,28422.99999999999,18422.99999999999,1.8592371549953055,200.0,False
4304,22825.000000000055,12825.000000000055,2.531499081427473,350.0,False
4305,27511.300000000047,17511.300000000047,1.528970162147286,200.0,False
4306,26440.69999999999,16440.69999999999,1.50401270589934,250.0,False
4307,28232.299999999996,18232.299999999996,1.5,200.0,False
4308,24575.500000000022,14575.500000000022,1.816942993413582,300.0,False
4309,26680.899999999983,16680.899999999983,1.7109108204843941,250.0,False
4310,25013.300000000025,15013.300000000025,2.073389886185777,214.60000000000036,False
4311,24601.300000000047,14601.300000000047,2.5889552174936754,605.0000000000109,False
4312,25346.000000000004,15346.000000000004,1.3031466648133012,250.0,False
4313,27285.600000000024,17285.600000000024,2.122871820999447,250.0,False
4314,24736.100000000035,14736.100000000035,1.795702883000978,258.8000000000011,False
4315,24893.599999999988,14893.599999999988,1.7979251943257488,300.0,False
4316,25551.200000000008,15551.200000000008,1.5799410681981558,400.0,False
4317,26447.20000000002,16447.20000000002,1.4915956568472908,191.49999999999636,False
4318,28528.700000000048,18528.700000000048,1.3789370136030707,236.89999999999418,False
4319,29200.50000000003,19200.50000000003,1.4818986084972068,221.0,False
4320,26403.90000000002,16403.90000000002,1.548786783686112,300.0,False
4321,27621.70000000003,17621.70000000003,1.2258807953514594,200.0,False
4322,23743.499999999993,13743.499999999993,1.8199452826908764,300.0,False
4323,25893.40000000001,15893.400000000009,2.08743364943043,350.0,False
4324,25692.99999999995,15692.999999999949,1.0827526170130772,250.0,False
4325,25880.20000000004,15880.20000000004,1.488684278461344,200.0,False
4326,26316.800000000047,16316.800000000047,2.350286734981668,250.0,False
4327,26869.000000000007,16869.000000000007,1.4612619458164067,200.0,False
4328,26581.4,16581.4,1.4327961303042118,250.0,False
4329,27344.400000000023,17344.400000000023,1.7408864593851185,200.0,False
4330,25667.50000000002,15667.500000000018,3.0392397804538036,445.19999999999527,False
4331,23262.50000000002,13262.500000000018,1.5730112058842056,250.0,False
4332,28069.00000000002,18069.00000000002,1.3967260740823515,250.0,False
4333,27068.600000000035,17068.600000000035,3.0608653066221825,400.0,False
4334,25345.199999999997,15345.199999999997,2.379955066448346,250.0,False
4335,25259.600000000035,15259.600000000035,1.6425424795468924,297.2000000000007,False
4336,24422.400000000023,14422.400000000023,1.6387532365376427,239.20000000000073,False
4337,25566.80000000001,15566.80000000001,1.3953488372093024,200.0,False
4338,26835.100000000028,16835.100000000028,1.7932502062237732,300.0,False
4339,29369.20000000002,19369.20000000002,1.5164151944802469,250.0,False
4340,28094.500000000044,18094.500000000044,1.7813333333333303,200.39999999999964,False
4341,26510.300000000054,16510.300000000054,1.3602440915993548,292.8999999999978,False
4342,26843.400000000038,16843.400000000038,2.153223137891362,273.2999999999993,False
4343,28382.1,18382.1,0.8951910337666059,200.0,False
4344,29036.39999999999,19036.39999999999,1.4120077135964242,350.0,False
4345,23888.900000000012,13888.900000000012,2.157602041091531,400.0,False
4346,25959.30000000001,15959.30000000001,1.915447945253046,275.6999999999971,False
4347,26973.200000000023,16973.200000000023,1.5734524267249972,425.59999999999127,False
4348,25646.100000000042,15646.100000000042,2.1473051320592638,300.0,False
4349,27681.100000000006,17681.100000000006,1.909956987768635,250.0,False
4350,24104.300000000047,14104.300000000047,1.8605343454640173,250.0,False
4351,27874.299999999985,17874.299999999985,1.015120215611535,200.0,False
4352,25447.800000000032,15447.800000000032,1.4894192930463708,250.0,False
4353,25330.400000000016,15330.400000000016,1.6265981326653443,250.0,False
4354,24726.800000000047,14726.800000000047,1.6974836741211567,250.0,False
4355,26349.99999999998,16349.999999999982,2.255799755799785,295.600000000004,False
4356,26630.100000000013,16630.100000000013,1.7687010659371751,300.0,False
4357,27207.89999999998,17207.89999999998,2.0002720369970315,250.0,False
4358,26108.6,16108.599999999999,1.4306560988869494,200.0,False
4359,26198.300000000036,16198.300000000036,2.911971113246555,300.0,False
4360,24001.000000000015,14001.000000000015,2.311232573541094,275.6999999999971,False
4361,27912.299999999996,17912.299999999996,1.6356439530243065,250.00000000000182,False
4362,27447.9,17447.9,1.262728301276872,250.0,False
4363,25250.200000000033,15250.200000000033,1.9476264122257618,297.20000000000255,False
4364,29459.00000000002,19459.00000000002,2.4225258895896906,250.0,False
4365,28093.80000000004,18093.80000000004,1.9138755980861244,200.0,False
4366,28322.70000000002,18322.70000000002,1.4285714285714286,200.0,False
4367,25993.90000000003,15993.90000000003,1.5167256925748702,300.0,False
4368,26946.59999999999,16946.59999999999,1.7266385800124322,200.0,False
4369,23592.800000000007,13592.800000000007,1.9048556107639756,297.69999999999345,False
4370,26906.499999999985,16906.499999999985,2.065996182039056,250.0,False
4371,26667.700000000033,16667.700000000033,2.655055225148681,300.0,False
4372,28597.500000000022,18597.500000000022,1.45651572308723,300.0,False
4373,26097.199999999983,16097.199999999983,2.0460441781858956,250.0,False
4374,23966.700000000037,13966.700000000037,1.9962790697674455,250.0,False
4375,26407.10000000002,16407.10000000002,2.3803856224708415,300.0,False
4376,24303.700000000044,14303.700000000044,1.477832512315271,250.0,False
4377,27475.400000000005,17475.400000000005,1.1585002056337872,200.0,False
4378,25572.50000000002,15572.500000000018,2.049110344592056,300.0,False
4379,25474.900000000045,15474.900000000045,1.7285586701621942,300.0,False
4380,24588.500000000015,14588.500000000015,1.9801980198019802,364.2000000000007,False
4381,26196.200000000026,16196.200000000026,0.9966150374397421,242.90000000000146,False
4382,26581.50000000005,16581.50000000005,1.8689667417368314,200.0,False
4383,26267.800000000017,16267.800000000017,1.9405146221041063,327.0000000000073,False
4384,26053.100000000057,16053.100000000057,1.7454809498209132,250.0,False
4385,24409.6,14409.599999999999,1.874639131967096,250.0,False
4386,26374.60000000001,16374.60000000001,1.4666197348351517,300.0,False
4387,29171.600000000064,19171.600000000064,1.364330932110892,250.0,False
4388,27091.80000000004,17091.80000000004,1.5154270473419418,241.59999999999854,False
4389,26259.100000000042,16259.100000000042,3.4906798847078297,350.0,False
4390,26368.3,16368.3,2.2443525061325666,245.19999999999527,False
4391,25727.199999999993,15727.199999999993,1.5952627078627313,250.0,False
4392,27534.000000000015,17534.000000000015,1.5873822162395568,300.0,False
4393,27104.60000000002,17104.60000000002,1.9182689540958242,300.0,False
4394,28362.60000000002,18362.60000000002,1.2894873122733879,200.0,False
4395,28667.50000000003,18667.50000000003,1.1077632045373975,200.0,False
4396,25453.500000000015,15453.500000000015,1.877440672874738,327.0000000000073,False
4397,27374.4,17374.4,1.3540228017439815,242.39999999999782,False
4398,26743.300000000047,16743.300000000047,1.3743221248978776,203.50000000000364,False
4399,27650.300000000014,17650.300000000014,1.9607843137254901,275.2999999999993,False
4400,24327.600000000028,14327.600000000028,2.172175303235674,250.0,False
4401,25685.000000000044,15685.000000000044,3.21822863391061,456.1999999999989,False
4402,25267.900000000027,15267.900000000027,2.2083342534726045,301.0999999999949,False
4403,26220.00000000002,16220.000000000018,1.398541398541394,260.7999999999993,False
4404,27659.000000000007,17659.000000000007,1.4920585185350965,250.0,False
4405,26866.500000000007,16866.500000000007,1.2677913384495758,250.0,False
4406,26269.000000000033,16269.000000000033,1.735187284547577,300.0,False
4407,27285.4,17285.4,1.7729553392550037,200.0,False
4408,24799.300000000003,14799.300000000003,1.6677228911644053,300.0,False
4409,24359.900000000034,14359.900000000034,1.9711230473562318,350.0,False
4410,28902.4,18902.4,1.7876136251910522,250.0,False
4411,27191.100000000028,17191.100000000028,1.7895200734013543,247.69999999999527,False
4412,26409.60000000001,16409.60000000001,1.3559260749103945,300.0,False
4413,25182.500000000007,15182.500000000007,1.9704433497536946,246.00000000000364,False
4414,26455.80000000001,16455.80000000001,1.6644574320660621,241.49999999999272,False
4415,23649.900000000052,13649.900000000052,3.3926563529913523,350.0,False
4416,27380.90000000002,17380.90000000002,1.3513513513513513,250.0,False
4417,26624.200000000026,16624.200000000026,2.2500630017640493,250.0,False
4418,25618.200000000004,15618.200000000004,1.4831768458613444,300.0,False
4419,25283.500000000015,15283.500000000015,2.237333603674601,286.9000000000051,False
4420,29127.299999999996,19127.299999999996,2.325031898303444,295.19999999999527,False
4421,27558.900000000023,17558.900000000023,1.9939153844470154,273.2999999999993,False
4422,25253.100000000006,15253.100000000006,1.9409033740664248,250.0,False
4423,25099.30000000002,15099.300000000021,2.571169985190059,500.0,False
4424,24339.100000000017,14339.100000000017,2.1789530566353474,250.0,False
4425,28042.800000000054,18042.800000000054,1.0610135862789705,200.0,False
4426,25075.800000000054,15075.800000000054,2.1162946220721057,395.1999999999971,False
4427,27437.80000000006,17437.80000000006,1.5107261557055063,303.50000000000364,False
4428,28102.100000000002,18102.100000000002,1.1030066956898044,200.0,False
4429,26022.700000000033,16022.700000000033,2.2515625844335965,250.0,False
4430,25898.00000000001,15898.000000000011,1.620451098549019,200.0,False
4431,24056.6,14056.599999999999,1.7453834607463259,250.0,False
4432,25752.000000000036,15752.000000000036,0.9977871334190601,249.79999999999563,False
4433,25815.900000000038,15815.900000000038,1.4170461201277231,250.0,False
4434,27655.199999999968,17655.199999999968,1.8744001919385769,250.0,False
4435,28566.70000000002,18566.70000000002,2.500152895847355,408.8000000000011,False
4436,26024.70000000002,16024.700000000019,1.698802344347235,200.0,False
4437,25240.500000000036,15240.500000000036,1.9679699899004515,250.0,False
4438,29082.800000000032,19082.800000000032,1.163575434595424,150.0,False
4439,28302.00000000001,18302.00000000001,1.1140654476314962,250.0,False
4440,29300.699999999997,19300.699999999997,1.9333211145862716,350.0,False
4441,26743.000000000044,16743.000000000044,1.1100928280021227,225.29999999999927,False
4442,27810.500000000025,17810.500000000025,1.5783006492536253,200.0,False
4443,28758.500000000033,18758.500000000033,1.2710248697199493,150.0,False
4444,23970.400000000045,13970.400000000045,1.7478443253320881,300.0,False
4445,27368.700000000008,17368.700000000008,1.248855216051953,197.20000000000255,False
4446,26932.700000000033,16932.700000000033,1.3853611335957352,200.0,False
4447,24211.80000000002,14211.800000000021,1.790285829909681,350.0,False
4448,29017.600000000042,19017.600000000042,1.4413237116968225,200.0,False
4449,24017.700000000023,14017.700000000023,1.9689432025517484,316.200000000008,False
4450,28385.80000000001,18385.80000000001,1.0580816274706193,245.60000000000582,False
4451,26877.800000000025,16877.800000000025,2.679815628684745,345.600000000004,False
4452,27879.200000000023,17879.200000000023,1.7591232529707175,200.0,False
4453,26941.600000000035,16941.600000000035,1.9985743502967852,300.0,False
4454,27299.899999999972,17299.899999999972,1.4242681042279413,300.0,False
4455,25892.50000000003,15892.50000000003,2.029847669393231,275.6999999999971,False
4456,25524.299999999996,15524.299999999996,2.059424699710136,400.0,False
4457,27107.499999999964,17107.499999999964,1.7356031716908276,350.0,False
4458,24449.20000000001,14449.200000000012,2.380952380952381,250.0,False
4459,26261.900000000005,16261.900000000005,1.240325461401072,300.0,False
4460,24219.100000000028,14219.100000000028,1.9844419749166502,250.0,False
4461,25868.600000000006,15868.600000000006,1.9338432233298846,250.0,False
4462,24796.70000000002,14796.700000000019,1.6417268036914918,308.8000000000029,False
4463,24133.9,14133.900000000001,1.7724588257814755,337.7999999999993,False
4464,27046.300000000072,17046.300000000072,1.3954786491766669,291.5,False
4465,23730.9,13730.900000000001,2.4599554396643217,350.0,False
4466,25260.400000000016,15260.400000000016,2.6030956012890494,500.0,False
4467,25807.90000000001,15807.900000000009,1.7191435226969913,250.0,False
4468,28434.500000000022,18434.500000000022,1.9360484476763546,295.6000000000022,False
4469,26752.700000000026,16752.700000000026,1.2274873957156323,250.0,False
4470,28164.800000000043,18164.800000000043,1.6490512202979022,215.0,False
4471,25693.500000000015,15693.500000000015,1.461048448366548,250.0,False
4472,26432.300000000032,16432.300000000032,2.6390473148697415,289.2000000000007,False
4473,22955.600000000006,12955.600000000006,2.1048000351973304,250.0,False
4474,27722.00000000003,17722.00000000003,1.4253406564168836,200.0,False
4475,26954.400000000052,16954.400000000052,3.2117174432069526,449.2999999999938,False
4476,26628.999999999996,16628.999999999996,1.7790903511034806,250.0,False
4477,26526.900000000016,16526.900000000016,1.182927983344374,250.0,False
4478,25684.5,15684.5,1.2855563459346409,200.0,False
4479,23478.000000000036,13478.000000000036,2.5649171182962305,403.6999999999989,False
4480,24030.9,14030.900000000001,2.3392485353217327,386.4999999999982,False
4481,27769.60000000003,17769.60000000003,1.085286522179705,250.0,False
4482,26496.900000000005,16496.900000000005,1.7359605911329943,250.0,False
4483,26893.500000000022,16893.500000000022,1.518482974768886,250.0,False
4484,22715.200000000004,12715.200000000004,2.3812018401927815,250.0,False
4485,27390.30000000006,17390.30000000006,0.9678168632410244,187.79999999999927,False
4486,25832.900000000016,15832.900000000016,1.590431961320694,300.0,False
4487,27475.000000000007,17475.000000000007,1.2695457142252597,300.0,False
4488,28138.200000000015,18138.200000000015,1.3706440930722166,250.0,False
4489,25704.30000000002,15704.300000000021,3.008866995073888,305.39999999999964,False
4490,24902.700000000023,14902.700000000023,2.8174768086440203,400.0,False
4491,27419.400000000023,17419.400000000023,1.735580794757157,250.0,False
4492,23725.300000000032,13725.300000000032,2.922330097087326,400.0,False
4493,28830.600000000028,18830.600000000028,1.5,150.0,False
4494,24744.600000000057,14744.600000000057,1.4608065599953242,250.0,False
4495,30634.399999999976,20634.399999999976,1.6108974411767452,195.600000000004,False
4496,26650.800000000017,16650.800000000017,1.6283886768364946,250.0,False
4497,28450.200000000023,18450.200000000023,1.1833572634468814,200.0,False
4498,27826.30000000003,17826.30000000003,0.7702729827378548,200.0,False
4499,27005.100000000013,17005.100000000013,2.0,286.4999999999927,False
4500,27334.100000000028,17334.100000000028,2.383403882088243,250.0,False
4501,29148.1,19148.1,1.6174424999191275,247.69999999999345,False
4502,29078.80000000001,19078.80000000001,1.9801980198019802,200.0,False
4503,30024.90000000001,20024.90000000001,1.630549984509774,200.0,False
4504,25848.399999999994,15848.399999999994,1.8964248598542022,250.0,False
4505,27453.100000000035,17453.100000000035,1.4117779932046421,214.60000000000218,False
4506,25612.400000000023,15612.400000000023,3.353930135142763,353.8999999999942,False
4507,26310.499999999975,16310.499999999975,2.096351020126347,242.89999999999964,False
4508,27817.899999999972,17817.899999999972,1.2629558218053536,200.0,False
4509,25479.100000000017,15479.100000000017,1.4890000000000327,250.0,False
4510,25894.000000000033,15894.000000000033,3.0692839574922006,330.6999999999971,False
4511,27331.300000000017,17331.300000000017,1.665241959656738,300.0,False
4512,25516.600000000017,15516.600000000017,1.9900655925619268,250.0,False
4513,22789.300000000047,12789.300000000047,2.301644294684122,250.40000000000146,False
4514,25940.000000000007,15940.000000000007,1.3130711859658954,200.0,False
4515,24464.800000000014,14464.800000000014,1.6490855751825781,264.2000000000007,False
4516,27294.700000000026,17294.700000000026,1.423109399163212,200.0,False
4517,27338.70000000002,17338.70000000002,1.2879627006001906,250.0,False
4518,24170.400000000027,14170.400000000027,2.3652963716353654,300.0,False
4519,26150.29999999999,16150.299999999988,1.4563106796116505,200.0,False
4520,25773.80000000003,15773.800000000028,2.2096680342056607,300.0,False
4521,28373.000000000025,18373.000000000025,1.4634146341463417,300.0,False
4522,27800.800000000047,17800.800000000047,1.1145687510588387,250.0,False
4523,25748.90000000003,15748.90000000003,1.7695983011856296,250.0,False
4524,26883.800000000003,16883.800000000003,2.9882604055496262,350.0,False
4525,25629.000000000007,15629.000000000007,1.6852749104697702,200.0,False
4526,29487.20000000002,19487.20000000002,1.439180242933623,221.0,False
4527,24952.300000000014,14952.300000000014,2.188068897913457,300.0,False
4528,28185.600000000028,18185.600000000028,1.5620728706994165,200.0,False
4529,27091.300000000003,17091.300000000003,0.95287705345005,200.0,False
4530,27128.700000000026,17128.700000000026,1.6783169837287182,200.0,False
4531,26980.599999999995,16980.599999999995,2.1552467326459532,250.0,False
4532,24449.100000000035,14449.100000000035,2.5668857075803793,350.0,False
4533,25994.100000000017,15994.100000000017,0.985431382441977,250.0,False
4534,26958.50000000002,16958.50000000002,1.2888341850379226,300.0,False
4535,29645.100000000013,19645.100000000013,0.9625380202518006,200.0,False
4536,26712.400000000016,16712.400000000016,1.6455758692754539,200.0,False
4537,27018.50000000003,17018.50000000003,2.403846153846154,250.0,False
4538,28053.700000000026,18053.700000000026,1.8422567645365557,400.0,False
4539,27531.500000000007,17531.500000000007,2.377725467817486,300.0,False
4540,26786.90000000003,16786.90000000003,1.3948849568631831,200.0,False
4541,26678.000000000036,16678.000000000036,1.125323530515023,206.20000000000073,False
4542,24934.79999999999,14934.799999999988,1.521500982454921,350.0,False
4543,25648.80000000001,15648.80000000001,2.358490566037736,250.0,False
4544,27101.800000000003,17101.800000000003,1.2274758187263715,150.0,False
4545,27322.000000000022,17322.000000000022,1.5563620969800347,250.0,False
4546,25639.800000000003,15639.800000000003,1.6522313564298463,300.0,False
4547,26801.100000000002,16801.100000000002,2.4664789570955152,397.69999999999527,False
4548,28293.499999999993,18293.499999999993,1.1039720915855251,250.0,False
4549,26528.60000000008,16528.60000000008,1.4459503749831304,200.0,False
4550,28768.100000000042,18768.100000000042,0.8580892069539547,158.49999999999636,False
4551,25233.699999999997,15233.699999999997,2.9453924244506844,300.0,False
4552,27191.30000000004,17191.30000000004,1.703791634662342,223.6999999999971,False
4553,25093.40000000003,15093.40000000003,1.5436950335743291,350.0,False
4554,26485.200000000023,16485.200000000023,2.2371507647859676,350.0,False
4555,28596.800000000047,18596.800000000047,1.3316288484073724,250.0,False
4556,27552.20000000003,17552.20000000003,1.2496563445052602,250.0,False
4557,27220.70000000008,17220.70000000008,2.276072409450252,350.0,False
4558,23836.90000000004,13836.900000000041,3.9361555568676065,400.0,False
4559,25653.800000000003,15653.800000000003,2.1686705182255093,300.0,False
4560,26248.500000000022,16248.500000000022,1.8542880410950553,250.0,False
4561,26685.700000000004,16685.700000000004,2.5,250.0,False
4562,24843.000000000047,14843.000000000047,2.4732246548238623,345.0,False
4563,26715.900000000012,16715.900000000012,1.8174812617681904,364.2000000000007,False
4564,26430.60000000008,16430.60000000008,1.460991526249148,200.0,False
4565,25850.500000000036,15850.500000000036,1.6871486512933662,250.0,False
4566,24339.70000000001,14339.700000000012,1.5140558274783498,200.0,False
4567,27818.20000000002,17818.20000000002,1.2455626829420199,200.0,False
4568,26437.300000000003,16437.300000000003,1.8049238322142807,300.0,False
4569,23602.900000000045,13602.900000000045,1.5277438279149333,275.29999999999563,False
4570,23342.000000000025,13342.000000000025,3.853081983951913,400.0,False
4571,26022.60000000004,16022.600000000039,1.8791694071220517,350.0,False
4572,24235.499999999975,14235.499999999975,1.812020946962147,250.0,False
4573,27367.59999999999,17367.59999999999,2.042328120717351,275.6999999999971,False
4574,23024.699999999993,13024.699999999993,2.195642746968642,400.0,False
4575,26921.500000000033,16921.500000000033,1.4173741726078264,250.0,False
4576,26626.30000000003,16626.30000000003,2.0263659153673763,350.0,False
4577,26119.6,16119.599999999999,1.7642801886556863,282.79999999999745,False
4578,27398.300000000007,17398.300000000007,0.9683854432300177,150.0,False
4579,25908.10000000005,15908.10000000005,2.4137931034482727,350.0,False
4580,26654.6,16654.6,1.584902237909187,241.59999999999854,False
4581,27338.800000000047,17338.800000000047,1.2062532166752449,200.0,False
4582,27356.70000000003,17356.70000000003,1.0070290628587526,186.5,False
4583,28644.999999999996,18644.999999999996,1.1399908800729586,200.0,False
4584,26295.8,16295.8,1.4598086235978862,225.6999999999971,False
4585,27127.900000000038,17127.900000000038,1.1140902710210263,200.0,False
4586,26141.400000000023,16141.400000000023,3.397893306150185,400.0,False
4587,25362.00000000005,15362.000000000051,2.4544695891217856,350.0,False
4588,26311.90000000003,16311.90000000003,1.4462989210610047,200.0,False
4589,26094.900000000034,16094.900000000034,1.7787076081470077,218.49999999999454,False
4590,25749.900000000023,15749.900000000023,1.8628912071535022,250.0,False
4591,26834.70000000001,16834.70000000001,1.7691130551697902,200.0,False
4592,25903.50000000003,15903.50000000003,1.8155251141551783,250.0,False
4593,24225.300000000017,14225.300000000017,2.002253965893033,350.0,False
4594,25688.200000000015,15688.200000000015,1.8042236876527946,250.0,False
4595,27772.800000000003,17772.800000000003,1.2800600774863016,200.0,False
4596,22710.60000000008,12710.600000000079,2.0018614190253845,359.19999999998254,False
4597,25272.5,15272.5,4.646149271483795,500.0,False
4598,27715.200000000026,17715.200000000026,1.2986225943016443,200.0,False
4599,27861.20000000002,17861.20000000002,2.000746945526328,300.0,False
4600,26138.200000000026,16138.200000000026,1.5518432017628918,290.7999999999993,False
4601,27848.20000000001,17848.20000000001,1.6351491664827122,232.79999999999563,False
4602,27276.200000000044,17276.200000000044,1.1629529701818841,200.0,False
4603,26221.899999999987,16221.899999999987,2.5,250.0,False
4604,25211.900000000052,15211.900000000052,1.948140499892852,300.0,False
4605,28513.30000000001,18513.30000000001,1.3707565540196995,205.99999999999272,False
4606,29291.600000000057,19291.600000000057,1.0918381459132498,200.0,False
4607,24082.799999999996,14082.799999999996,1.2972748579484026,200.0,False
4608,27469.999999999993,17469.999999999993,1.5097188148707312,200.0,False
4609,27008.10000000003,17008.10000000003,1.6592883644062724,250.0,False
4610,26184.100000000035,16184.100000000035,1.5,250.0,False
4611,24674.89999999995,14674.89999999995,1.6108636645537509,200.0,False
4612,29631.400000000012,19631.400000000012,1.7725467952353948,250.0,False
4613,25424.200000000026,15424.200000000026,1.8004636193819894,400.0,False
4614,27566.600000000006,17566.600000000006,1.7699115044247788,250.0,False
4615,24655.199999999975,14655.199999999975,1.8543070917974729,242.90000000000146,False
4616,26574.30000000004,16574.30000000004,1.4286122460641724,200.0,False
4617,28464.00000000002,18464.00000000002,1.5,200.0,False
4618,30885.700000000055,20885.700000000055,1.466175668303303,236.49999999999636,False
4619,27248.1,17248.1,1.5248435129344866,250.0,False
4620,26263.400000000038,16263.400000000038,1.616762594580613,248.90000000000146,False
4621,26432.699999999997,16432.699999999997,2.0,207.20000000000255,False
4622,27839.100000000035,17839.100000000035,1.4069314824368044,150.0,False
4623,27989.400000000023,17989.400000000023,2.632596580354115,347.20000000000255,False
4624,26385.200000000004,16385.200000000004,1.8867924528301887,250.0,False
4625,25145.0,15145.0,2.3940627244433808,300.39999999999964,False
4626,25447.600000000002,15447.600000000002,2.273585301396903,271.00000000000364,False
4627,28344.90000000004,18344.90000000004,1.5564444582795056,200.0,False
4628,25757.80000000006,15757.800000000061,2.5544920925711203,300.0,False
4629,26423.500000000004,16423.500000000004,1.4305604848616906,366.799999999992,False
4630,26124.59999999999,16124.599999999991,1.772876858147334,250.0,False
4631,27562.399999999994,17562.399999999994,1.086596291446858,200.0,False
4632,25573.10000000002,15573.10000000002,2.3095755000230964,300.0,False
4633,26218.50000000006,16218.500000000058,0.9853672956594558,200.0,False
4634,25231.200000000026,15231.200000000026,1.8021625951141071,211.49999999999636,False
4635,26574.100000000042,16574.100000000042,1.0293925897458778,200.0,False
4636,25139.400000000016,15139.400000000016,1.8723085564501034,200.0,False
4637,26799.90000000001,16799.90000000001,3.3992133249162353,350.0,False
4638,26339.500000000015,16339.500000000015,1.4830188679245524,221.00000000000728,False
4639,25597.199999999993,15597.199999999993,1.6995385752768124,250.0,False
4640,25114.40000000003,15114.40000000003,2.1466782301067324,300.0,False
4641,25009.79999999999,15009.799999999988,2.6600945740161563,331.899999999996,False
4642,26242.000000000036,16242.000000000036,1.4583778948801214,261.5,False
4643,26616.400000000074,16616.400000000074,2.015743356897063,366.7000000000007,False
4644,28828.399999999983,18828.399999999983,0.9560000000000399,200.0,False
4645,23862.999999999985,13862.999999999985,1.7343647022095818,350.0,False
4646,25619.59999999999,15619.599999999991,2.0,250.0,False
4647,26930.100000000064,16930.100000000064,1.1485891496611647,200.0,False
4648,25194.900000000023,15194.900000000023,1.6665972251156187,200.0,False
4649,25630.600000000013,15630.600000000013,1.4378765439199386,200.0,False
4650,26830.000000000015,16830.000000000015,2.6569069617604644,400.0,False
4651,28765.300000000003,18765.300000000003,1.1691600895276337,160.79999999999927,False
4652,26414.5,16414.5,1.4806391623135866,250.0,False
4653,27236.799999999996,17236.799999999996,2.315693498567259,248.90000000000327,False
4654,28529.00000000003,18529.00000000003,1.4018691588785046,150.0,False
4655,23536.400000000023,13536.400000000023,1.5344677370601219,350.0,False
4656,28778.500000000007,18778.500000000007,1.1090163025396478,150.0,False
4657,24108.800000000003,14108.800000000003,1.7575052998700764,231.3000000000011,False
4658,26576.500000000015,16576.500000000015,1.8740326853965033,357.2000000000007,False
4659,28145.30000000003,18145.30000000003,1.477832512315271,156.1999999999971,False
4660,27426.800000000036,17426.800000000036,1.446061891448955,200.0,False
4661,22463.700000000044,12463.700000000044,2.0146266625140004,349.3000000000029,False
4662,26679.500000000044,16679.500000000044,2.441120181228763,250.0,False
4663,25787.10000000001,15787.10000000001,3.897568954819791,414.60000000000036,False
4664,26688.800000000054,16688.800000000054,3.02482208265542,332.79999999999745,False
4665,25136.300000000017,15136.300000000017,1.3444233320187857,200.0,False
4666,27397.300000000014,17397.300000000014,1.993540927395239,250.0,False
4667,22899.100000000028,12899.100000000028,1.560464082017991,250.0,False
4668,26388.700000000008,16388.700000000008,1.0735065734385847,200.0,False
4669,29588.800000000065,19588.800000000065,1.171518053093197,197.6999999999971,False
4670,27120.200000000023,17120.200000000023,1.3707918949103788,206.1999999999989,False
4671,22197.600000000013,12197.600000000013,1.8236993376324002,310.79999999999563,False
4672,27068.299999999996,17068.299999999996,1.4062851571289277,200.0,False
4673,26254.200000000073,16254.200000000073,1.6793034249393348,325.2999999999993,False
4674,26706.800000000047,16706.800000000047,1.2810332267992888,250.0,False
4675,28108.80000000002,18108.80000000002,1.6267145571432298,400.0,False
4676,29266.20000000002,19266.20000000002,1.3378045735079,150.0,False
4677,27784.300000000017,17784.300000000017,1.6462666787392877,247.6999999999971,False
4678,25818.30000000001,15818.30000000001,1.7607907124159203,300.0,False
4679,25553.00000000003,15553.00000000003,2.293577981651376,250.0,False
4680,29259.400000000038,19259.400000000038,1.9801980198019802,286.49999999999636,False
4681,25436.900000000023,15436.900000000023,1.5363264386416826,300.0,False
4682,26324.2,16324.2,1.4061928734145175,250.0,False
4683,25631.800000000032,15631.800000000032,1.5191381018065588,250.0,False
4684,26293.199999999997,16293.199999999997,1.2970841548199639,200.0,False
4685,28105.700000000026,18105.700000000026,1.1831939136505076,200.0,False
4686,25247.300000000003,15247.300000000003,1.9130907761998446,250.0,False
4687,25348.10000000005,15348.10000000005,1.8022565846573828,250.0,False
4688,27242.800000000047,17242.800000000047,1.5250400552689205,207.5,False
4689,22344.400000000067,12344.400000000067,2.3843464142114197,372.9999999999927,False
4690,26944.100000000028,16944.100000000028,1.6467720914476063,350.0,False
4691,27147.10000000002,17147.10000000002,1.6776310365863996,214.6999999999971,False
4692,27471.700000000055,17471.700000000055,3.4482758620689653,350.0,False
4693,26852.300000000025,16852.300000000025,1.9801980198019802,295.1999999999971,False
4694,25520.700000000004,15520.700000000004,1.6384981525933329,200.0,False
4695,25943.00000000003,15943.00000000003,2.0630518226538364,345.1999999999971,False
4696,25142.800000000007,15142.800000000007,1.900316972871074,250.0,False
4697,28803.40000000006,18803.40000000006,1.0178117048346043,201.20000000000073,False
4698,25987.40000000001,15987.400000000009,1.6621925982563592,250.0,False
4699,27288.000000000047,17288.000000000047,1.0478885046631032,200.0,False
4700,26259.500000000025,16259.500000000025,1.6081750429612462,350.0,False
4701,27010.999999999967,17010.999999999967,1.797082976505851,400.0,False
4702,24981.200000000044,14981.200000000044,1.8682609159816344,350.0,False
4703,25152.400000000034,15152.400000000034,1.7908469810797016,250.0,False
4704,26061.600000000017,16061.600000000017,2.5957770066124275,300.6999999999971,False
4705,27079.400000000005,17079.400000000005,1.7334176929943923,200.0,False
4706,25883.59999999997,15883.59999999997,1.3567982323646663,250.0,False
4707,24478.40000000001,14478.400000000009,1.644629596087718,250.0,False
4708,27629.9,17629.9,2.0,350.0,False
4709,23352.300000000014,13352.300000000014,1.941221193274562,311.49999999999636,False
4710,24210.500000000047,14210.500000000047,2.376854826372923,248.59999999999673,False
4711,29887.599999999995,19887.599999999995,1.2797051559320727,200.0,False
4712,23426.4,13426.400000000001,2.561887891785853,350.0,False
4713,27275.40000000003,17275.40000000003,1.3653119737860087,300.0,False
4714,26169.100000000053,16169.100000000053,2.7051467348878875,350.0,False
4715,25181.600000000017,15181.600000000017,1.5738712195613291,250.0,False
4716,27235.700000000004,17235.700000000004,2.00288415318058,250.0,False
4717,28471.00000000004,18471.00000000004,1.7182425814876539,200.0,False
4718,27993.900000000027,17993.900000000027,1.025177533892841,200.0,False
4719,24856.40000000003,14856.40000000003,1.2347101723655396,211.49999999999272,False
4720,27236.500000000025,17236.500000000025,1.951219512195122,250.0,False
4721,26574.800000000036,16574.800000000036,1.2313602837054078,200.0,False
4722,25809.59999999999,15809.599999999991,2.884227123271866,300.0,False
4723,27104.40000000003,17104.40000000003,1.5,250.0,False
4724,27036.700000000026,17036.700000000026,2.299781060843007,250.0,False
4725,28216.400000000038,18216.400000000038,1.4167784347431842,245.99999999999272,False
4726,25725.29999999999,15725.299999999988,1.4364789029131801,200.0,False
4727,26475.60000000003,16475.60000000003,1.9324418335008113,300.0,False
4728,23385.700000000015,13385.700000000015,1.9656212837472609,200.0,False
4729,24976.10000000007,14976.100000000071,1.832515994933559,250.0,False
4730,26658.10000000002,16658.10000000002,2.0173913043478366,291.49999999999636,False
4731,25853.40000000003,15853.40000000003,2.4843360967468113,363.1999999999971,False
4732,26192.59999999999,16192.599999999991,1.5124179773319135,250.0,False
4733,26534.800000000032,16534.800000000032,1.9768315344166363,200.0,False
4734,25967.800000000007,15967.800000000007,2.2697322790955585,392.6999999999971,False
4735,25930.10000000004,15930.100000000039,1.2109469605231302,250.0,False
4736,25704.800000000003,15704.800000000003,1.8097189144582062,250.0,False
4737,26047.700000000033,16047.700000000033,1.7457033875374222,250.0,False
4738,27144.49999999999,17144.49999999999,1.1104695065073507,177.00000000000728,False
4739,25026.000000000022,15026.000000000022,2.203827607789208,300.0,False
4740,25925.700000000004,15925.700000000004,1.7223680493837379,250.0,False
4741,26190.300000000017,16190.300000000017,1.0182262498727224,200.0,False
4742,24975.10000000005,14975.10000000005,2.124134415225794,300.0,False
4743,23910.400000000016,13910.400000000016,2.715725603085064,350.0,False
4744,25993.200000000026,15993.200000000026,2.298998556228906,250.0,False
4745,27822.40000000001,17822.40000000001,0.9828686002968261,250.0,False
4746,27913.70000000002,17913.70000000002,0.9182095320053947,226.1999999999971,False
4747,27627.100000000035,17627.100000000035,1.0097215047198613,198.9000000000051,False
4748,28600.100000000042,18600.100000000042,2.7427747476647233,350.0,False
4749,28252.00000000006,18252.00000000006,1.7465540488615945,250.0,False
4750,28389.400000000034,18389.400000000034,0.803199948595203,150.39999999999782,False
4751,23554.2,13554.2,1.9048464406177905,286.7000000000007,False
4752,26442.0,16442.0,2.0252805709807027,250.0,False
4753,26875.800000000065,16875.800000000065,1.5104028999735664,200.39999999999964,False
4754,26566.900000000016,16566.900000000016,1.6520296836693562,250.0,False
4755,28280.700000000026,18280.700000000026,1.4936371059287425,300.0,False
4756,27827.30000000001,17827.30000000001,1.3157894736842104,200.0,False
4757,27171.200000000004,17171.200000000004,1.3767787630257995,300.0,False
4758,24369.70000000003,14369.70000000003,2.7488889906995917,300.0,False
4759,27549.400000000045,17549.400000000045,2.259437671152403,282.79999999999563,False
4760,27909.800000000065,17909.800000000065,2.800282053590177,373.2999999999993,False
4761,26665.399999999987,16665.399999999987,1.3795386822646498,287.20000000000437,False
4762,24430.900000000045,14430.900000000045,1.5444525695355862,287.79999999999563,False
4763,25689.70000000002,15689.700000000019,2.3619354295576316,448.9000000000051,False
4764,26899.999999999964,16899.999999999964,1.9704433497536946,200.0,False
4765,29128.100000000024,19128.100000000024,1.4552482071342079,250.0,False
4766,28342.399999999983,18342.399999999983,0.9478672985781991,150.0,False
4767,26785.8,16785.8,1.9136192280460027,200.0,False
4768,26116.200000000008,16116.200000000008,1.2773440320135163,247.6999999999971,False
4769,24930.700000000026,14930.700000000026,1.468745685048096,287.1999999999898,False
4770,27674.900000000016,17674.900000000016,1.5940319444001643,200.0,False
4771,26743.900000000023,16743.900000000023,1.5773741452603833,250.0,False
4772,28064.699999999997,18064.699999999997,1.6733461065419466,200.0,False
4773,27423.100000000024,17423.100000000024,1.5,250.0,False
4774,24939.699999999993,14939.699999999993,1.5146346830985682,275.29999999999563,False
4775,25754.300000000032,15754.300000000032,1.6612914452771803,350.0,False
4776,26500.200000000004,16500.200000000004,1.445631067961197,250.0,False
4777,26665.700000000055,16665.700000000055,1.3973226945153336,150.0,False
4778,24810.400000000052,14810.400000000052,1.4551098607944895,250.0,False
4779,27439.3,17439.3,2.3598708678661104,250.0,False
4780,27977.10000000002,17977.10000000002,1.8373374226160133,258.8000000000011,False
4781,27198.900000000012,17198.900000000012,1.2808361298255493,197.6999999999971,False
4782,27442.900000000045,17442.900000000045,1.2487434519015244,299.09999999999854,False
4783,25670.600000000006,15670.600000000006,1.2542330364981815,200.0,False
4784,28323.300000000025,18323.300000000025,2.151080506194995,259.8999999999978,False
4785,25356.100000000006,15356.100000000006,1.8020209665139453,400.0,False
4786,24760.800000000017,14760.800000000017,2.7640914017176854,303.50000000000364,False
4787,25254.400000000023,15254.400000000023,1.9591978269663801,338.9999999999927,False
4788,26659.100000000053,16659.100000000053,2.4575886407726517,297.69999999999527,False
4789,28590.00000000001,18590.00000000001,1.7766281019926662,250.0,False
4790,28435.800000000017,18435.800000000017,1.014219355362178,250.0,False
4791,26658.600000000013,16658.600000000013,1.5658764210328528,250.0,False
4792,26767.200000000026,16767.200000000026,1.2022698855439056,200.0,False
4793,25709.299999999974,15709.299999999974,2.2841654040307917,300.0,False
4794,25118.500000000015,15118.500000000015,1.3408150814880373,245.60000000000218,False
4795,27426.100000000024,17426.100000000024,2.171432161067057,414.79999999999563,False
4796,25432.599999999977,15432.599999999977,1.3912462784162063,189.1999999999971,False
4797,27215.60000000005,17215.60000000005,1.3645083586955007,200.0,False
4798,27343.40000000002,17343.40000000002,1.4786774708700534,200.0,False
4799,26465.999999999978,16465.999999999978,1.2452163673829442,211.49999999999272,False
4800,26305.60000000005,16305.60000000005,2.1247361785911574,300.0,False
4801,24341.100000000035,14341.100000000035,2.2804412388629265,264.6000000000022,False
4802,29268.300000000054,19268.300000000054,3.2878977181989857,350.0,False
4803,24428.300000000036,14428.300000000036,2.221164524829445,350.0,False
4804,25648.200000000004,15648.200000000004,2.317905355288532,250.0,False
4805,24506.10000000005,14506.10000000005,2.0885616318726488,297.6999999999971,False
4806,27000.00000000004,17000.00000000004,2.4129643749939684,295.19999999999527,False
4807,29845.50000000003,19845.50000000003,1.7459177797840637,245.600000000004,False
4808,26572.100000000082,16572.100000000082,1.4905239937099863,200.0,False
4809,27809.20000000002,17809.20000000002,1.4629807354696738,250.0,False
4810,24976.19999999999,14976.19999999999,1.5132828401292342,200.0,False
4811,27307.40000000008,17307.40000000008,1.2884083739181933,350.0,False
4812,23570.100000000013,13570.100000000013,1.8412476293936768,250.0,False
4813,27139.399999999987,17139.399999999987,1.2891249419893775,150.0,False
4814,26055.10000000005,16055.10000000005,1.5949980860022945,250.0,False
4815,26204.600000000028,16204.600000000028,1.4254730277426493,300.0,False
4816,25754.600000000046,15754.600000000046,1.409217681818487,300.0,False
4817,25195.500000000022,15195.500000000022,1.9582692816089133,248.90000000000146,False
4818,25417.900000000016,15417.900000000016,1.7069536103423606,264.60000000000036,False
4819,23447.700000000023,13447.700000000023,2.017213348435486,300.0,False
4820,26319.19999999999,16319.19999999999,2.044703050696954,350.0,False
4821,29945.40000000002,19945.40000000002,1.089055716090435,250.0,False
4822,26455.00000000002,16455.00000000002,3.086538832516687,400.0,False
4823,26318.500000000004,16318.500000000004,1.3876457895357632,200.0,False
4824,28072.500000000022,18072.500000000022,1.1997024737865003,210.79999999999927,False
4825,24018.90000000003,14018.90000000003,1.8317059947202254,361.5,False
4826,26068.90000000003,16068.90000000003,1.6902823254421273,350.0,False
4827,26099.30000000004,16099.30000000004,1.6078204386134145,268.1999999999971,False
4828,25976.600000000006,15976.600000000006,2.582511233923866,400.0,False
4829,26332.300000000014,16332.300000000014,1.4888144514894421,248.9000000000051,False
4830,28109.100000000042,18109.100000000042,1.928789106199126,250.0,False
4831,25967.000000000007,15967.000000000007,1.567160670535812,300.0,False
4832,26140.90000000003,16140.90000000003,1.7319166255336467,276.2000000000007,False
4833,26755.500000000036,16755.500000000036,1.2174484714934422,200.0,False
4834,27119.700000000004,17119.700000000004,1.1489657010758916,250.0,False
4835,26303.70000000002,16303.700000000019,2.3569563208854603,250.0,False
4836,24699.000000000007,14699.000000000007,2.0,450.0,False
4837,25526.099999999977,15526.099999999977,1.9115159277064677,274.20000000001164,False
4838,24494.29999999996,14494.29999999996,1.5358303403454663,359.1999999999971,False
4839,24446.300000000054,14446.300000000054,1.6819513680125058,300.0,False
4840,27697.200000000023,17697.200000000023,2.2090269678012224,250.0,False
4841,24113.0,14113.0,1.4699613400167577,250.0,False
4842,26846.900000000038,16846.900000000038,0.9852216748768473,200.0,False
4843,24753.40000000001,14753.400000000009,1.8460947711211702,250.0,False
4844,26564.5,16564.5,2.4703150475123925,300.0,False
4845,25764.700000000055,15764.700000000055,2.963226360861704,400.0,False
4846,26071.100000000006,16071.100000000006,1.4806128552730538,250.0,False
4847,28462.600000000006,18462.600000000006,0.9426906906151991,160.20000000000437,False
4848,26624.699999999997,16624.699999999997,1.6895202438315604,250.0,False
4849,24636.500000000007,14636.500000000007,1.516520979551221,300.0,False
4850,25626.70000000002,15626.700000000019,2.1417338253201885,350.0,False
4851,27393.300000000003,17393.300000000003,2.2921585256836354,300.0,False
4852,27204.200000000026,17204.200000000026,1.5,200.0,False
4853,25455.599999999984,15455.599999999984,1.2860278476936402,303.50000000000364,False
4854,25287.900000000045,15287.900000000045,1.88675685364427,300.0,False
4855,26121.100000000006,16121.100000000006,2.824880382775074,295.19999999999527,False
4856,26454.700000000004,16454.700000000004,1.6745089502503392,242.89999999999782,False
4857,25828.29999999998,15828.299999999981,2.239044875054115,250.0,False
4858,26333.80000000004,16333.80000000004,2.6492639461669536,300.0,False
4859,25234.20000000002,15234.200000000019,2.0296189052235616,300.0,False
4860,24559.500000000062,14559.500000000062,1.553792289046797,347.6999999999971,False
4861,26405.300000000057,16405.300000000057,1.9882889779200466,400.0,False
4862,27073.800000000017,17073.800000000017,1.7714791851195753,350.0,False
4863,26275.800000000036,16275.800000000036,1.9801980198019802,200.0,False
4864,25939.200000000026,15939.200000000026,1.4253406564168836,150.0,False
4865,26246.400000000012,16246.400000000012,2.0684377089983923,300.0,False
4866,25578.300000000036,15578.300000000036,3.6241440124564948,456.1999999999989,False
4867,28215.499999999996,18215.499999999996,1.2722754221833936,303.50000000000364,False
4868,29077.40000000003,19077.40000000003,1.147798140567012,200.0,False
4869,24456.200000000026,14456.200000000026,1.4723203769140158,250.0,False
4870,26590.199999999997,16590.199999999997,1.5800583989584234,300.0,False
4871,23469.799999999996,13469.799999999996,1.6044024804062338,250.0,False
4872,27948.200000000048,17948.200000000048,2.0,200.0,False
4873,28002.20000000001,18002.20000000001,0.9622786759045416,200.0,False
4874,28256.70000000004,18256.70000000004,1.3473366522726187,276.2000000000007,False
4875,24896.200000000026,14896.200000000026,1.5238772015534985,308.8000000000029,False
4876,25796.300000000083,15796.300000000083,2.157351019502449,350.0,False
4877,26171.299999999974,16171.299999999974,2.761210514689641,300.0,False
4878,26606.600000000017,16606.600000000017,2.5339901477832765,257.20000000000255,False
4879,27831.500000000025,17831.500000000025,1.1437023933878747,200.0,False
4880,28643.800000000003,18643.800000000003,1.6776553089402246,200.0,False
4881,26104.400000000005,16104.400000000005,1.3110684771065595,300.0,False
4882,26859.100000000024,16859.100000000024,1.273352318223666,250.0,False
4883,28704.399999999987,18704.399999999987,1.2862067191439004,200.0,False
4884,25939.40000000004,15939.400000000041,1.4331780723754926,200.0,False
4885,25965.600000000013,15965.600000000013,1.562995036434702,207.20000000000255,False
4886,27664.400000000016,17664.400000000016,1.2994691668453435,200.0,False
4887,27079.300000000072,17079.300000000072,1.2026024316621147,200.0,False
4888,26574.30000000003,16574.30000000003,1.6078979949511998,227.00000000000728,False
4889,28387.90000000001,18387.90000000001,0.9463961235614776,150.0,False
4890,24169.90000000001,14169.900000000009,1.7979305819002322,350.0,False
4891,23042.699999999997,13042.699999999997,1.435655174724455,250.0,False
4892,24473.40000000002,14473.40000000002,2.8204567729743815,400.0,False
4893,24996.900000000016,14996.900000000016,1.626823058590031,200.0,False
4894,25682.500000000044,15682.500000000044,1.9138755980861244,261.49999999999636,False
4895,26271.200000000026,16271.200000000026,1.166534459427931,250.0,False
4896,26533.800000000017,16533.800000000017,2.2631578947368074,236.49999999999636,False
4897,26196.40000000005,16196.400000000049,2.3923444976076556,250.0,False
4898,28708.500000000025,18708.500000000025,1.5555244450666545,250.0,False
4899,25296.500000000033,15296.500000000033,1.7888539516016901,245.19999999999527,False
4900,26371.30000000001,16371.30000000001,3.0,300.0,False
4901,27654.900000000016,17654.900000000016,1.577713232526981,163.50000000000364,False
4902,24625.900000000045,14625.900000000045,1.7114399943886809,250.0,False
4903,25709.600000000035,15709.600000000035,1.3668297750198186,222.70000000000437,False
4904,25945.50000000001,15945.500000000011,1.0373228771187315,250.0,False
4905,26954.20000000003,16954.20000000003,2.41721053903795,250.0,False
4906,26471.700000000055,16471.700000000055,2.092897819924227,333.6999999999989,False
4907,26519.700000000048,16519.700000000048,1.9922705314009557,250.0,False
4908,25473.700000000026,15473.700000000026,2.127840667290834,250.0,False
4909,25815.800000000036,15815.800000000036,1.438735064131616,300.0,False
4910,26682.800000000025,16682.800000000025,1.367677228174151,223.89999999999418,False
4911,27440.40000000003,17440.40000000003,2.859512167224274,300.0,False
4912,21209.70000000003,11209.70000000003,2.799447575678399,450.0,False
4913,27364.000000000025,17364.000000000025,1.3083068764609422,150.0,False
4914,25009.400000000005,15009.400000000005,1.8832037061448945,345.6000000000058,False
4915,26918.800000000003,16918.800000000003,1.7565431231336717,250.0,False
4916,25238.09999999996,15238.099999999959,1.894714504418477,250.0,False
4917,26849.500000000044,16849.500000000044,1.0978066165703777,211.49999999999636,False
4918,26904.399999999987,16904.399999999987,2.3633510427104807,250.0,False
4919,26578.399999999994,16578.399999999994,2.096535498804725,268.5999999999949,False
4920,28280.300000000014,18280.300000000014,0.959526050606255,173.29999999999563,False
4921,26445.900000000045,16445.900000000045,1.9525859236380714,237.70000000000437,False
4922,27418.10000000002,17418.10000000002,1.637818876500742,200.0,False
4923,26111.30000000004,16111.30000000004,1.1128999948064653,182.79999999999563,False
4924,25882.70000000001,15882.700000000012,1.4364926595225098,302.3999999999978,False
4925,26970.000000000007,16970.000000000007,1.8753855644663415,425.59999999999127,False
4926,27588.700000000033,17588.700000000033,1.2607240338126169,200.0,False
4927,26839.5,16839.5,1.2962994970357968,158.8000000000029,False
4928,26301.30000000003,16301.300000000028,2.2072562143752426,373.2999999999993,False
4929,27211.500000000033,17211.500000000033,1.7800879363440554,200.0,False
4930,25897.800000000017,15897.800000000017,1.8987221599863289,250.0,False
4931,28546.399999999998,18546.399999999998,1.6988081162256572,300.0,False
4932,25000.800000000017,15000.800000000017,1.8657412590022011,350.0,False
4933,27825.30000000003,17825.30000000003,1.61092853921,245.0,False
4934,26196.299999999992,16196.299999999992,2.436731501971679,341.59999999999854,False
4935,27207.800000000014,17207.800000000014,1.6414082845725848,250.0,False
4936,24773.3,14773.3,1.352454178236542,263.50000000000364,False
4937,24711.600000000017,14711.600000000017,1.423114373455202,300.0,False
4938,25999.400000000023,15999.400000000023,1.7398687443019274,250.0,False
4939,26222.70000000004,16222.70000000004,2.4271844660194173,250.0,False
4940,27354.700000000063,17354.700000000063,2.722175732217552,325.29999999999745,False
4941,28044.70000000004,18044.70000000004,1.6495389538623944,200.0,False
4942,26899.100000000042,16899.100000000042,1.1953899102232461,200.0,False
4943,29425.600000000013,19425.600000000013,1.7618537520437503,250.0,False
4944,26589.80000000004,16589.80000000004,1.6052395017336585,250.0,False
4945,26802.79999999999,16802.79999999999,1.9310984087749106,300.0,False
4946,23410.200000000004,13410.200000000004,2.783786325590092,300.0,False
4947,27626.800000000025,17626.800000000025,2.1663465287907444,300.0,False
4948,27928.700000000055,17928.700000000055,1.1804075947424646,200.0,False
4949,28814.200000000008,18814.200000000008,1.4796510982710267,200.0,False
4950,27004.300000000047,17004.300000000047,1.8842038681858762,236.49999999999272,False
4951,23395.10000000002,13395.10000000002,1.5269851187528065,300.0,False
4952,28163.800000000007,18163.800000000007,1.4563106796116505,200.0,False
4953,24012.600000000013,14012.600000000013,2.907033096486044,457.20000000000437,False
4954,29653.70000000001,19653.70000000001,1.350305168968186,200.0,False
4955,25370.600000000006,15370.600000000006,2.579418145077433,347.20000000000255,False
4956,29628.499999999978,19628.499999999978,1.5614509001764443,200.0,False
4957,25704.800000000032,15704.800000000032,1.6145829128690306,200.0,False
4958,26978.800000000017,16978.800000000017,1.9488010975647778,250.0,False
4959,28665.000000000044,18665.000000000044,1.4362588329918227,200.0,False
4960,27574.30000000007,17574.30000000007,1.8384718621881482,200.0,False
4961,29030.199999999986,19030.199999999986,1.3924861447628607,250.0,False
4962,28458.100000000013,18458.100000000013,1.8354517505621077,250.0,False
4963,27041.299999999992,17041.299999999992,4.0,400.0,False
4964,26826.300000000057,16826.300000000057,1.4752236193136274,300.0,False
4965,27286.800000000007,17286.800000000007,1.3720150098442077,250.0,False
4966,27734.500000000015,17734.500000000015,1.0881156014014923,300.0,False
4967,25600.00000000002,15600.000000000018,2.204650342455686,340.1000000000022,False
4968,27847.1,17847.1,1.8511454502270919,257.20000000000255,False
4969,27405.100000000075,17405.100000000075,2.3283661522086176,350.0,False
4970,23598.9,13598.900000000001,1.9679388353784404,407.2000000000007,False
4971,24685.70000000004,14685.70000000004,1.5032394810817302,250.0,False
4972,27429.80000000004,17429.80000000004,1.5214563380067383,207.5,False
4973,27718.200000000033,17718.200000000033,1.6563531079809706,250.0,False
4974,25190.90000000003,15190.90000000003,3.0496389066642,333.5999999999967,False
4975,25797.000000000044,15797.000000000044,1.9975496724018524,300.0,False
4976,25197.400000000016,15197.400000000016,1.8477798924592115,200.0,False
4977,24744.20000000001,14744.200000000012,3.097253768325415,450.0,False
4978,26149.500000000015,16149.500000000015,2.2618935549298937,264.3000000000029,False
4979,26271.200000000008,16271.200000000008,1.7028563732046142,211.09999999999854,False
4980,24409.800000000025,14409.800000000025,2.4390243902439024,376.1999999999971,False
4981,26300.600000000013,16300.600000000013,2.2110399512046133,391.49999999999636,False
4982,29651.500000000055,19651.500000000055,1.1372941497588935,200.0,False
4983,26437.800000000003,16437.800000000003,2.373459715639807,375.1000000000058,False
4984,26178.80000000003,16178.800000000028,2.4271844660194173,250.0,False
4985,28634.900000000052,18634.900000000052,1.0414605442672789,200.0,False
4986,30035.70000000002,20035.70000000002,1.6831758161298744,200.0,False
4987,28149.800000000003,18149.800000000003,1.8350374714651674,250.0,False
4988,27301.400000000045,17301.400000000045,1.1133625776570388,200.0,False
4989,25531.099999999977,15531.099999999977,1.9425925062551486,400.0,False
4990,28291.999999999978,18291.999999999978,1.9488618646710334,250.0,False
4991,27655.100000000042,17655.100000000042,1.5407650695517727,223.29999999999927,False
4992,25290.10000000002,15290.10000000002,2.1224598703480124,349.9999999999982,False
4993,23885.0,13885.0,3.50285852622953,376.1999999999989,False
4994,28054.800000000036,18054.800000000036,1.5190368992854868,232.79999999999745,False
4995,24995.399999999972,14995.399999999972,1.8036542034161214,200.0,False
4996,28921.000000000007,18921.000000000007,1.7200602021070723,200.0,False
4997,26850.60000000008,16850.60000000008,1.162052028942842,200.0,False
4998,26705.9,16705.9,1.5,200.0,False
4999,28002.20000000003,18002.20000000003,1.1149999999999636,207.20000000000437,False
5000,27470.600000000028,17470.600000000028,1.5693659761456364,200.0,False
5001,25089.800000000032,15089.800000000032,1.4705882352941175,275.09999999999854,False
5002,24481.399999999987,14481.399999999987,1.6628817985693274,292.90000000000146,False
5003,25699.20000000002,15699.200000000019,1.6899864909586872,311.49999999999636,False
5004,28829.700000000015,18829.700000000015,2.7959909650398242,611.5,False
5005,26431.59999999998,16431.59999999998,1.115926955885176,250.0,False
5006,25172.899999999972,15172.899999999972,1.5827492988420628,327.0000000000073,False
5007,25678.700000000026,15678.700000000026,2.8598938026101277,300.0,False
5008,29035.100000000035,19035.100000000035,1.6998708098184516,250.0,False
5009,27667.600000000006,17667.600000000006,1.332054560954817,250.0,False
5010,27919.000000000007,17919.000000000007,2.26243482893783,250.0,False
5011,28267.600000000064,18267.600000000064,2.0,250.0,False
5012,29688.90000000001,19688.90000000001,1.3853869385719437,180.0,False
5013,25058.699999999997,15058.699999999997,2.0457707100188203,300.0,False
5014,27820.800000000054,17820.800000000054,1.4902728007745731,298.59999999999854,False
5015,27082.800000000032,17082.800000000032,1.6268627578577464,200.0,False
5016,27360.400000000016,17360.400000000016,1.0849203306837174,150.0,False
5017,26407.099999999984,16407.099999999984,1.58467304233454,250.0,False
5018,29588.500000000015,19588.500000000015,1.6956607107795125,275.1000000000022,False
5019,25470.599999999995,15470.599999999995,1.79600926740782,250.0,False
5020,27107.50000000002,17107.50000000002,1.3252054068380592,300.0,False
5021,28805.50000000001,18805.50000000001,1.4235010533907797,200.0,False
5022,25190.80000000001,15190.80000000001,1.918520437038955,250.0,False
5023,27638.300000000017,17638.300000000017,1.108585998558839,200.0,False
5024,29102.500000000036,19102.500000000036,1.382389737138591,250.0,False
5025,26908.89999999998,16908.89999999998,2.600667504659531,400.0,False
5026,26019.000000000033,16019.000000000033,0.99765123080109,200.0,False
5027,25819.000000000015,15819.000000000015,1.4563106796116505,150.0,False
5028,26087.50000000003,16087.50000000003,1.7544475244745408,250.0,False
5029,26140.900000000038,16140.900000000038,1.8308647174060306,207.5,False
5030,26136.800000000047,16136.800000000047,2.295879879564698,350.0,False
5031,24853.80000000004,14853.80000000004,1.6568031651567654,250.0,False
5032,25881.500000000044,15881.500000000044,2.682999747031452,350.0,False
5033,27414.00000000004,17414.00000000004,1.4829004300008974,221.39999999999418,False
5034,25941.700000000026,15941.700000000026,3.3897968701933885,341.59999999999854,False
5035,24506.399999999994,14506.399999999994,1.6461092882893757,325.09999999999854,False
5036,26302.300000000032,16302.300000000032,2.3770000000000437,237.70000000000437,False
5037,27063.500000000062,17063.500000000062,1.4171030163037674,200.0,False
5038,27778.600000000046,17778.600000000046,0.9090909090909091,150.0,False
5039,27441.200000000008,17441.200000000008,1.871712804387295,200.0,False
5040,25633.999999999985,15633.999999999985,2.286495175165306,436.6999999999971,False
5041,25821.500000000044,15821.500000000044,2.5134679993632534,300.0,False
5042,25666.100000000035,15666.100000000035,1.4175616993729632,300.0,False
5043,24915.00000000002,14915.000000000018,2.3923444976076556,250.0,False
5044,22286.500000000007,12286.500000000007,3.669109245106983,700.0,False
5045,24429.400000000005,14429.400000000005,1.5545813512421112,350.0,False
5046,27610.200000000026,17610.200000000026,2.405580947798893,256.2000000000007,False
5047,27317.800000000025,17317.800000000025,1.6122141342813157,222.70000000000437,False
5048,28861.200000000015,18861.200000000015,1.5,175.29999999999563,False
5049,25898.900000000023,15898.900000000023,1.6439797461695278,200.0,False
5050,27030.100000000002,17030.100000000002,2.1555750355669883,300.0,False
5051,28512.700000000055,18512.700000000055,0.971540344832051,150.0,False
5052,26796.099999999977,16796.099999999977,1.5359724753732416,300.0,False
5053,27558.400000000012,17558.400000000012,1.2076030689219333,200.0,False
5054,27075.999999999996,17075.999999999996,1.5858793304417478,200.0,False
5055,26183.70000000002,16183.700000000019,1.3497766119707175,300.0,False
5056,27067.10000000002,17067.10000000002,2.2123502238898416,250.0,False
5057,25202.20000000001,15202.200000000012,1.3337601365770382,250.0,False
5058,26223.900000000012,16223.900000000012,2.7241028621240724,382.79999999999563,False
5059,27910.800000000025,17910.800000000025,1.7288326057829446,242.89999999999782,False
5060,25528.699999999997,15528.699999999997,2.8141107354652672,406.1999999999989,False
5061,26510.999999999993,16510.999999999993,1.108958909375878,250.0,False
5062,25303.499999999985,15303.499999999985,1.671372390844033,250.0,False
5063,26585.10000000004,16585.10000000004,1.2624774858181693,200.0,False
5064,26402.50000000003,16402.50000000003,1.2002568549669625,250.0,False
5065,26406.100000000035,16406.100000000035,1.3793293700602762,250.0,False
5066,26049.70000000004,16049.70000000004,2.088711766131118,250.0,False
5067,27792.000000000044,17792.000000000044,2.470782991129888,300.0,False
5068,25753.600000000042,15753.600000000042,1.5095068742943154,250.00000000000182,False
5069,28522.40000000003,18522.40000000003,2.73972602739726,300.0,False
5070,25928.10000000003,15928.100000000031,2.158354125478074,250.0,False
5071,25183.600000000042,15183.600000000042,1.6886566514260786,387.7999999999993,False
5072,25905.599999999995,15905.599999999995,1.5596147127813536,250.0,False
5073,28345.20000000001,18345.20000000001,1.1725345506847595,200.0,False
5074,27771.600000000017,17771.600000000017,1.1604502809339163,200.0,False
5075,26668.600000000035,16668.600000000035,1.3911753112754734,300.0,False
5076,26724.300000000003,16724.300000000003,1.660640912498458,350.0,False
5077,25031.600000000035,15031.600000000035,1.4224832004734012,300.0,False
5078,29990.09999999999,19990.09999999999,1.34659580580293,150.0,False
5079,25509.300000000032,15509.300000000032,1.9156904627350326,347.6999999999971,False
5080,24527.400000000016,14527.400000000016,4.2626472744633315,500.0,False
5081,26032.300000000025,16032.300000000025,1.2726921001455953,250.0,False
5082,26963.00000000003,16963.00000000003,1.371789156006721,200.0,False
5083,24248.69999999999,14248.69999999999,1.8857487679774725,300.0,False
5084,26508.699999999997,16508.699999999997,1.5684921300907355,200.0,False
5085,26650.50000000001,16650.50000000001,2.4154589371980677,300.0,False
5086,26874.600000000028,16874.600000000028,1.6010759230202687,207.20000000000437,False
5087,27376.70000000001,17376.70000000001,1.1696727255713846,200.0,False
5088,27463.200000000026,17463.200000000026,2.075406433759943,300.0,False
5089,26549.2,16549.2,2.3408239700374547,350.0,False
5090,27614.500000000036,17614.500000000036,2.0907904860669717,250.0,False
5091,23370.599999999984,13370.599999999984,1.4728082771825188,200.0,False
5092,28440.400000000045,18440.400000000045,1.7263405034008903,200.0,False
5093,28512.500000000044,18512.500000000044,1.2862839257385417,300.0,False
5094,28104.200000000033,18104.200000000033,1.3623885395876056,206.5,False
5095,27615.699999999983,17615.699999999983,1.3007509668915527,200.0,False
5096,25554.100000000028,15554.100000000028,1.689232753062573,350.0,False
5097,24031.700000000026,14031.700000000026,3.5302714605942707,357.5,False
5098,24889.000000000095,14889.000000000095,3.0927693658108,450.99999999999454,False
5099,26595.70000000004,16595.70000000004,2.145707869025987,300.0,False
5100,27663.79999999998,17663.79999999998,1.7005645874430326,200.00000000000182,False
5101,25079.600000000035,15079.600000000035,1.3106600349508877,155.99999999999454,False
5102,26270.100000000075,16270.100000000075,1.5,200.0,False
5103,27955.300000000036,17955.300000000036,1.9140343377760187,300.0,False
5104,28563.900000000074,18563.900000000074,1.0655225322498139,158.8000000000011,False
5105,26677.900000000027,16677.900000000027,2.721680910130096,400.0,False
5106,27090.700000000023,17090.700000000023,1.549941323649889,350.0,False
5107,24669.399999999987,14669.399999999987,2.3734252323583305,250.0,False
5108,27436.600000000028,17436.600000000028,1.3408920297170632,250.0,False
5109,26736.300000000047,16736.300000000047,2.3474178403755865,250.0,False
5110,26581.59999999999,16581.59999999999,1.9295930102422802,250.0,False
5111,28698.99999999999,18698.99999999999,3.686635944700461,400.0,False
5112,27581.800000000032,17581.800000000032,1.268413130612729,250.0,False
5113,25506.300000000065,15506.300000000065,2.0294814603575726,300.0,False
5114,25841.400000000038,15841.400000000038,1.8156399222906114,235.0,False
5115,25660.50000000003,15660.50000000003,2.9085469730336158,350.0,False
5116,27414.000000000033,17414.000000000033,1.2312167567247936,200.0,False
5117,27681.400000000016,17681.400000000016,1.477832512315271,150.0,False
5118,25708.600000000042,15708.600000000042,2.8616046243530704,350.0,False
5119,26048.600000000013,16048.600000000013,1.8867924528301887,200.0,False
5120,24833.70000000002,14833.700000000019,1.7418452137329055,250.0,False
5121,27074.49999999999,17074.49999999999,2.279511926499148,314.60000000000036,False
5122,25884.800000000003,15884.800000000003,1.4200914538896299,200.0,False
5123,25846.600000000017,15846.600000000017,1.880717380837746,250.0,False
5124,27170.80000000001,17170.80000000001,2.3361429345693083,250.0,False
5125,28020.700000000033,18020.700000000033,1.5237596183016855,221.00000000000364,False
5126,26983.300000000072,16983.300000000072,1.9270187349043333,300.0,False
5127,27097.800000000007,17097.800000000007,1.982651796778191,200.0,False
5128,24717.100000000046,14717.100000000046,2.265284196082994,350.0,False
5129,27006.100000000006,17006.100000000006,1.6464382649664537,225.10000000000218,False
5130,22818.899999999976,12818.899999999976,2.576285770323381,407.20000000000255,False
5131,24350.90000000002,14350.90000000002,1.6882623559701184,200.0,False
5132,26511.1,16511.1,1.2135112340802505,264.6000000000022,False
5133,25714.500000000044,15714.500000000044,1.4846916010097586,300.0,False
5134,24959.900000000016,14959.900000000016,1.8604651162790697,200.0,False
5135,26391.90000000004,16391.90000000004,2.3751711676101186,336.49999999999636,False
5136,24634.900000000023,14634.900000000023,2.457800037098839,300.0,False
5137,28892.20000000002,18892.20000000002,1.4710930221154324,200.0,False
5138,30939.200000000004,20939.200000000004,2.068038465515459,300.0,False
5139,26262.90000000001,16262.900000000009,1.9101351475929698,310.7999999999993,False
5140,27265.299999999996,17265.299999999996,2.0118700331958546,350.0,False
5141,27661.100000000035,17661.100000000035,2.5740467446888826,300.0,False
5142,27417.300000000014,17417.300000000014,1.1887266058863906,250.0,False
5143,23359.900000000023,13359.900000000023,2.0807209376201974,300.0,False
5144,28456.699999999997,18456.699999999997,1.3621256424692612,200.0,False
5145,27168.500000000055,17168.500000000055,1.3586710385681424,150.0,False
5146,26155.600000000042,16155.600000000042,1.562820753117182,200.0,False
5147,27172.70000000001,17172.70000000001,1.7462154614932601,190.10000000000218,False
5148,26171.90000000004,16171.900000000041,1.9596059113300817,250.0,False
5149,25130.100000000028,15130.100000000028,2.559268390476105,300.0,False
5150,26556.500000000022,16556.500000000022,2.4508771190606313,348.99999999999636,False
5151,24170.400000000038,14170.400000000038,1.8123382422926233,277.9999999999927,False
5152,25804.900000000023,15804.900000000023,1.8585978737640327,200.0,False
5153,25687.9,15687.900000000001,2.5598359907604435,364.60000000000036,False
5154,26779.800000000047,16779.800000000047,2.322750880322583,300.0,False
5155,24762.1,14762.099999999999,1.9464909634157028,200.0,False
5156,27420.299999999996,17420.299999999996,1.1935880450221419,300.0,False
5157,27391.400000000023,17391.400000000023,1.4911500246039748,300.0,False
5158,25419.000000000007,15419.000000000007,2.477611689761347,295.19999999999527,False
5159,25613.000000000036,15613.000000000036,1.453882836428488,220.90000000000146,False
5160,25246.300000000017,15246.300000000017,1.8263283494861935,350.0,False
5161,26512.00000000002,16512.00000000002,1.0432315139375725,200.0,False
5162,29020.6,19020.6,2.0697791545642086,300.0,False
5163,26733.899999999958,16733.899999999958,1.213084327557031,200.0,False
5164,27066.000000000015,17066.000000000015,1.8881996959998488,200.0,False
5165,27934.30000000003,17934.30000000003,1.323409526431134,300.0,False
5166,28808.50000000002,18808.50000000002,1.1404849341940184,200.0,False
5167,22603.999999999978,12603.999999999978,2.2263394941781107,295.600000000004,False
5168,27169.000000000007,17169.000000000007,1.9924446498876252,250.0,False
5169,26857.70000000001,16857.70000000001,1.206233816362963,150.0,False
5170,27819.700000000048,17819.700000000048,1.2469087055009442,300.0,False
5171,26742.10000000002,16742.10000000002,2.3163697852725207,300.0,False
5172,27649.100000000028,17649.100000000028,2.1845406565545287,348.0999999999949,False
5173,26342.499999999993,16342.499999999993,2.8708133971291865,300.0,False
5174,24567.500000000007,14567.500000000007,1.5727598002595058,237.79999999999563,False
5175,29284.20000000005,19284.20000000005,1.1206892687278365,250.0,False
5176,28379.100000000057,18379.100000000057,1.2330980525555282,200.0,False
5177,26541.699999999983,16541.699999999983,1.5795542497907096,263.50000000000364,False
5178,27967.800000000017,17967.800000000017,2.4158479626348863,300.0,False
5179,24136.300000000054,14136.300000000054,1.4850544123936689,250.0,False
5180,28409.699999999975,18409.699999999975,1.1961817877335548,300.0,False
5181,27117.10000000002,17117.10000000002,1.7583345055563364,300.0,False
5182,29979.100000000013,19979.100000000013,1.0759166810122225,250.0,False
5183,27617.200000000023,17617.200000000023,2.192770872985939,250.0,False
5184,26825.800000000036,16825.800000000036,1.3996193035494342,200.0,False
5185,24550.100000000028,14550.100000000028,1.8416401021286257,250.0,False
5186,27641.299999999992,17641.299999999992,2.1802072068929426,250.0,False
5187,26194.70000000001,16194.700000000012,1.5,291.59999999999854,False
5188,27218.40000000002,17218.40000000002,1.2150515453543758,250.0,False
5189,25445.800000000025,15445.800000000025,1.3133356097817257,200.0,False
5190,25592.400000000045,15592.400000000045,1.13085500177167,182.79999999999563,False
5191,26864.700000000037,16864.700000000037,2.488000000000011,250.0,False
5192,28116.30000000002,18116.30000000002,1.0279957509508963,200.0,False
5193,28465.80000000001,18465.80000000001,2.3943608014404454,250.0,False
5194,26119.80000000006,16119.800000000061,1.5003188177487694,250.0,False
5195,25847.10000000002,15847.10000000002,1.3596193065941535,200.0,False
5196,25182.100000000028,15182.100000000028,1.3953488372093024,200.0,False
5197,29001.200000000055,19001.200000000055,1.5539999999999963,200.0,False
5198,24985.500000000036,14985.500000000036,3.7331696269319155,450.0,False
5199,28819.900000000023,18819.900000000023,1.463467458733626,250.0,False
5200,27333.700000000048,17333.700000000048,1.4463909652634726,250.0,False
5201,26357.29999999999,16357.299999999988,2.628659213109155,450.0,False
5202,28199.20000000002,18199.20000000002,1.8004555152453559,200.0,False
5203,28064.999999999985,18064.999999999985,3.043009901954214,499.9999999999982,False
5204,25050.700000000026,15050.700000000026,2.426148053258803,277.0000000000073,False
5205,25205.09999999999,15205.099999999991,1.4465813665854164,200.0,False
5206,26282.499999999993,16282.499999999993,1.625931559463523,234.09999999999854,False
5207,31008.099999999966,21008.099999999966,1.6458060746702228,200.0,False
5208,28391.80000000001,18391.80000000001,1.0,195.60000000000218,False
5209,26778.000000000055,16778.000000000055,1.4650619354933219,200.0,False
5210,22905.8,12905.8,1.9230769230769231,315.7999999999993,False
5211,26346.900000000005,16346.900000000005,2.137665669089354,550.0,False
5212,28159.200000000033,18159.200000000033,1.7789829233313785,300.0,False
5213,27242.400000000023,17242.400000000023,1.5964622396768744,200.0,False
5214,25814.70000000003,15814.70000000003,1.824118494737418,200.0,False
5215,26246.300000000017,16246.300000000017,1.3232180663373319,200.0,False
5216,26475.400000000016,16475.400000000016,1.76538088092506,207.20000000000073,False
5217,25248.69999999996,15248.69999999996,1.861712030383141,250.0,False
5218,26883.500000000022,16883.500000000022,1.5895724050230486,300.0,False
5219,25232.60000000002,15232.60000000002,1.733228431522172,295.19999999999345,False
5220,26999.100000000017,16999.100000000017,2.1781204687315254,350.0,False
5221,25097.50000000003,15097.50000000003,1.4094035404216938,195.1999999999971,False
5222,24715.20000000004,14715.20000000004,2.0148626230029705,443.2999999999993,False
5223,26309.300000000003,16309.300000000003,1.6368234182226944,348.90000000000146,False
5224,24850.300000000025,14850.300000000025,3.316938181749257,350.0,False
5225,23765.39999999999,13765.39999999999,3.386386725364037,400.0,False
5226,26809.40000000004,16809.40000000004,1.1268113492439096,214.60000000000218,False
5227,24660.400000000016,14660.400000000016,2.565944780868314,300.0,False
5228,28070.600000000035,18070.600000000035,1.1905045358222812,223.29999999999927,False
5229,23619.399999999994,13619.399999999994,2.4271844660194173,250.0,False
5230,27951.600000000035,17951.600000000035,1.225239942822136,250.0,False
5231,27492.499999999993,17492.499999999993,1.6702995682275612,200.0,False
5232,26555.69999999998,16555.69999999998,1.7621775650235323,295.6000000000022,False
5233,27914.300000000017,17914.300000000017,1.6805253994608884,300.0,False
5234,26413.00000000003,16413.00000000003,1.4572755941312576,277.0000000000073,False
5235,26322.400000000016,16322.400000000016,1.7267379617585097,300.0,False
5236,30153.600000000042,20153.600000000042,1.285578381713933,200.0,False
5237,27510.30000000001,17510.30000000001,2.039250638852359,361.49999999999636,False
5238,28928.00000000003,18928.00000000003,1.423295070417524,200.0,False
5239,27763.800000000003,17763.800000000003,1.1786754045803327,200.0,False
5240,25411.899999999994,15411.899999999994,1.1936782798300194,283.5000000000073,False
5241,29324.200000000026,19324.200000000026,1.4634146341463417,250.0,False
5242,26564.399999999994,16564.399999999994,1.1825460200050348,250.0,False
5243,28712.800000000003,18712.800000000003,1.90103226051746,200.0,False
5244,27360.700000000037,17360.700000000037,1.5985549063646451,250.0,False
5245,26730.200000000077,16730.200000000077,1.088455119367243,175.6999999999971,False
5246,26422.100000000035,16422.100000000035,1.199174967622276,200.0,False
5247,25529.90000000006,15529.90000000006,2.257336343115122,250.0,False
5248,25459.300000000003,15459.300000000003,1.570709410905436,200.0,False
5249,25900.60000000003,15900.600000000031,2.3121814969987895,250.0,False
5250,26416.80000000002,16416.80000000002,1.4890037076192317,200.0,False
5251,25507.200000000004,15507.200000000004,1.833180568285976,350.0,False
5252,26607.20000000004,16607.20000000004,1.2442866504632892,200.0,False
5253,28205.300000000025,18205.300000000025,1.4501440476420655,200.0,False
5254,27085.899999999994,17085.899999999994,1.477832512315271,250.0,False
5255,27000.200000000023,17000.200000000023,1.1829839587375186,225.09999999999854,False
5256,23309.000000000022,13309.000000000022,2.466560487110459,350.0,False
5257,26856.200000000037,16856.200000000037,1.2536460205096487,250.0,False
5258,24312.700000000033,14312.700000000033,1.537349916214429,200.0,False
5259,27295.800000000017,17295.800000000017,1.477832512315271,200.0,False
5260,27587.700000000033,17587.700000000033,1.5,225.6999999999971,False
5261,25272.900000000027,15272.900000000027,2.900288095284131,300.0,False
5262,26305.300000000043,16305.300000000043,1.6955187439597132,298.40000000000146,False
5263,27022.200000000004,17022.200000000004,1.875824956848435,295.600000000004,False
5264,29219.9,19219.9,3.259498765697122,485.90000000000146,False
5265,26317.300000000014,16317.300000000014,1.4930164157154902,200.0,False
5266,25542.70000000001,15542.700000000012,2.2726239716376546,350.0,False
5267,27138.80000000002,17138.80000000002,1.623495222865306,200.0,False
5268,24588.900000000012,14588.900000000012,1.4443353168871687,200.0,False
5269,27178.299999999992,17178.299999999992,1.4223739421093802,200.0,False
5270,28197.300000000003,18197.300000000003,2.3923444976076556,250.0,False
5271,25962.900000000027,15962.900000000027,3.1163976836464586,338.49999999999454,False
5272,28665.100000000024,18665.100000000024,1.1075014766686337,200.0,False
5273,26137.600000000013,16137.600000000013,1.2200577494001383,250.0,False
5274,27469.19999999999,17469.19999999999,2.5,300.0,False
5275,26684.20000000002,16684.20000000002,1.9154886411523582,200.0,False
5276,25086.000000000004,15086.000000000004,2.3107761261156603,298.0000000000018,False
5277,25846.100000000013,15846.100000000013,2.228700394959551,497.6999999999971,False
5278,28392.600000000057,18392.600000000057,1.5589104036757784,171.00000000000364,False
5279,27985.600000000057,17985.600000000057,1.156974434721572,300.0,False
5280,27008.600000000035,17008.600000000035,1.849608345432854,300.0,False
5281,25397.499999999993,15397.499999999993,1.7178573227166067,307.0000000000073,False
5282,25060.800000000025,15060.800000000025,2.187158256522416,400.0,False
5283,26402.500000000065,16402.500000000065,1.8429273057324245,221.00000000000364,False
5284,24494.400000000016,14494.400000000016,1.5014113266470483,200.0,False
5285,28146.900000000034,18146.900000000034,1.4109631538755034,236.49999999999636,False
5286,26492.2,16492.2,1.7684716867682946,248.59999999999854,False
5287,27376.900000000052,17376.900000000052,1.4538518350517857,250.0,False
5288,25242.000000000025,15242.000000000025,1.4756336001770747,248.90000000000146,False
5289,26912.800000000065,16912.800000000065,1.55771974752478,250.0,False
5290,27925.199999999983,17925.199999999983,1.5,261.5,False
5291,27043.500000000036,17043.500000000036,1.874681304178289,400.0,False
5292,26532.800000000032,16532.800000000032,1.2127760799271015,250.0,False
5293,26189.100000000017,16189.100000000017,2.4543663176791504,350.0,False
5294,27204.900000000027,17204.900000000027,1.69547417279526,272.5,False
5295,27169.70000000002,17169.70000000002,2.248032046589285,273.2999999999993,False
5296,27386.900000000027,17386.900000000027,2.034587995930824,250.0,False
5297,27868.100000000028,17868.100000000028,1.2018797399132228,200.0,False
5298,29028.600000000064,19028.600000000064,1.9704433497536946,200.0,False
5299,27219.80000000004,17219.80000000004,1.1093361732339346,200.0,False
5300,25512.400000000034,15512.400000000034,1.8533619986655796,250.0,False
5301,26288.200000000055,16288.200000000055,1.7706134821592956,250.0,False
5302,25966.4,15966.400000000001,1.4682275556947648,211.49999999999636,False
5303,26519.000000000015,16519.000000000015,1.5180726549572663,300.0,False
5304,28238.200000000008,18238.200000000008,1.6148951986280853,275.90000000001237,False
5305,25578.300000000017,15578.300000000017,1.5886380605906538,200.0,False
5306,26900.90000000003,16900.90000000003,1.4749371308047987,200.0,False
5307,28756.80000000002,18756.80000000002,1.4563106796116505,150.0,False
5308,29369.700000000026,19369.700000000026,1.1558074702148415,250.0,False
5309,29975.59999999999,19975.59999999999,0.782337938695999,150.0,False
5310,25731.700000000055,15731.700000000055,1.431560209908204,250.0,False
5311,25310.100000000028,15310.100000000028,1.9479507558048927,300.0,False
5312,27889.000000000022,17889.000000000022,1.2320353840562295,200.0,False
5313,27454.20000000004,17454.20000000004,1.3666503315364449,298.9000000000051,False
5314,27107.50000000002,17107.50000000002,2.4217570654762395,300.0,False
5315,25480.600000000042,15480.600000000042,2.388446904185394,276.1999999999989,False
5316,26330.90000000002,16330.90000000002,2.640542895619339,300.0,False
5317,28920.40000000001,18920.40000000001,1.1920844283971874,247.69999999999345,False
5318,26427.900000000016,16427.900000000016,1.8597904016217384,375.6999999999971,False
5319,26628.0,16628.0,1.6291863300405662,300.0,False
5320,25499.399999999994,15499.399999999994,3.013993541442438,386.4000000000033,False
5321,23795.100000000028,13795.100000000028,1.482184146558369,240.79999999999927,False
5322,25518.200000000026,15518.200000000026,2.5737375817161685,400.0,False
5323,27118.999999999996,17118.999999999996,1.7948809993897406,300.0,False
5324,26679.30000000001,16679.30000000001,2.832299543999773,300.0,False
5325,24979.200000000026,14979.200000000026,1.813854949647388,250.0,False
5326,25824.500000000036,15824.500000000036,4.181220852293106,500.0,False
5327,25413.700000000026,15413.700000000026,1.7725939253206182,250.0,False
5328,27890.600000000017,17890.600000000017,1.3012587509651008,295.6000000000022,False
5329,24165.700000000004,14165.700000000004,1.3325249348728438,250.0,False
5330,28978.0,18978.0,1.3072489417167046,273.3000000000029,False
5331,24623.00000000003,14623.00000000003,3.5546798029556577,360.7999999999993,False
5332,27665.400000000038,17665.400000000038,2.5732834361421317,350.0,False
5333,26519.30000000001,16519.30000000001,1.8004230994283652,360.8000000000029,False
5334,27943.400000000023,17943.400000000023,1.8520576360336338,300.0,False
5335,25960.700000000026,15960.700000000026,1.304767620886718,250.0,False
5336,26557.09999999999,16557.09999999999,1.477832512315271,257.20000000000437,False
5337,26975.20000000004,16975.20000000004,1.29677787203268,200.0,False
5338,25118.3,15118.3,2.546080032131587,291.59999999999854,False
5339,25927.900000000027,15927.900000000027,2.154336679736308,350.0,False
5340,25513.700000000033,15513.700000000033,2.543242761768184,299.79999999999563,False
5341,27720.500000000004,17720.500000000004,1.9167663385162685,250.0,False
5342,26647.500000000044,16647.500000000044,2.1769193362105357,286.49999999999636,False
5343,26442.60000000005,16442.60000000005,2.3349210796675077,350.0,False
5344,25290.900000000056,15290.900000000056,1.7704755497326568,250.0,False
5345,29948.000000000022,19948.000000000022,2.466995073891622,250.39999999999964,False
5346,26224.89999999998,16224.89999999998,1.634734846007978,300.0,False
5347,27865.900000000056,17865.900000000056,0.9216589861751152,200.0,False
5348,29542.000000000015,19542.000000000015,1.309830196546432,273.3000000000029,False
5349,26195.400000000016,16195.400000000016,1.3998244734202547,224.1999999999971,False
5350,24570.500000000036,14570.500000000036,1.5989993576957917,300.0,False
5351,27896.200000000026,17896.200000000026,1.3888888888888888,200.0,False
5352,23801.80000000002,13801.800000000021,2.5694581280788107,350.0,False
5353,25663.999999999985,15663.999999999985,1.3376867975793452,250.40000000000146,False
5354,22383.700000000044,12383.700000000044,2.009404010770404,350.0,False
5355,29415.400000000012,19415.400000000012,1.0898897467532178,250.0,False
5356,24610.000000000065,14610.000000000065,1.8968408456994716,350.0,False
5357,25243.70000000002,15243.700000000019,2.4978768047159923,300.0,False
5358,27232.900000000016,17232.900000000016,1.5245655547922459,299.59999999999854,False
5359,27290.900000000027,17290.900000000027,1.5765311270305709,250.0,False
5360,25283.600000000042,15283.600000000042,1.4911722602195003,200.0,False
5361,28623.300000000003,18623.300000000003,1.4382556835070437,200.0,False
5362,27479.100000000013,17479.100000000013,1.5272888332276946,200.0,False
5363,25814.60000000002,15814.60000000002,2.315871661009321,350.0,False
5364,26901.200000000063,16901.200000000063,2.1657522379439764,300.0,False
5365,26085.900000000045,16085.900000000045,1.910509011301459,248.90000000000327,False
5366,25812.79999999999,15812.799999999988,1.3683941085721631,250.39999999999782,False
5367,26867.90000000003,16867.90000000003,1.1940590326027256,200.0,False
5368,26721.5,16721.5,1.636661211129295,200.0,False
5369,25604.99999999998,15604.999999999982,1.8078638641085234,236.70000000000073,False
5370,28334.099999999977,18334.099999999977,0.9495894608231041,150.0,False
5371,25818.3,15818.3,1.710187568959154,446.3999999999942,False
5372,25488.300000000017,15488.300000000017,1.3484479364251754,204.39999999999782,False
5373,28771.700000000037,18771.700000000037,1.4899044077332007,250.0,False
5374,25229.70000000002,15229.700000000019,1.8565275508688521,300.0,False
5375,25078.200000000015,15078.200000000015,1.6838418535731123,300.0,False
5376,26523.400000000038,16523.400000000038,2.2617606960677477,295.29999999999745,False
5377,25278.700000000008,15278.700000000008,1.4389938554962374,250.0,False
5378,27385.50000000003,17385.50000000003,1.8827144223455599,250.0,False
5379,29191.199999999997,19191.199999999997,2.5,250.0,False
5380,27221.500000000036,17221.500000000036,2.2938034538126284,350.0,False
5381,25284.100000000028,15284.100000000028,2.380952380952381,250.0,False
5382,26539.500000000025,16539.500000000025,1.7930787161556383,250.0,False
5383,26904.800000000007,16904.800000000007,1.112792664470755,200.0,False
5384,29145.700000000026,19145.700000000026,1.496808803630659,250.0,False
5385,27356.40000000003,17356.40000000003,1.330671989354622,250.0,False
5386,24903.700000000044,14903.700000000044,1.9174416522976658,203.50000000000364,False
5387,26522.900000000027,16522.900000000027,1.8359700249791844,264.60000000000036,False
5388,27588.200000000026,17588.200000000026,2.9720000000000253,297.20000000000255,False
5389,24608.90000000005,14608.900000000049,2.752709359605872,371.00000000000364,False
5390,25235.4,15235.400000000001,1.7576133953575575,300.0,False
5391,26861.700000000026,16861.700000000026,1.5582270492633479,200.0,False
5392,25949.100000000028,15949.100000000028,2.4630541871921183,250.0,False
5393,27124.500000000007,17124.500000000007,1.4611338398597309,200.0,False
5394,28736.69999999999,18736.69999999999,1.0085100978026234,158.8000000000011,False
5395,29377.00000000002,19377.00000000002,1.326566870450212,300.0,False
5396,24565.60000000002,14565.60000000002,1.4113529229119042,300.0,False
5397,25623.700000000026,15623.700000000026,1.9704433497536946,200.0,False
5398,24968.199999999997,14968.199999999997,1.9407378459637785,307.89999999999964,False
5399,27419.4,17419.4,1.5,200.0,False
5400,26317.800000000017,16317.800000000017,1.3827306164213093,250.0,False
5401,27787.300000000043,17787.300000000043,1.3150973172014726,250.0,False
5402,27121.600000000017,17121.600000000017,1.3647281461532865,250.0,False
5403,29252.700000000026,19252.700000000026,1.6139444803098757,350.0,False
5404,23910.60000000003,13910.600000000031,2.0,350.0,False
5405,28812.499999999993,18812.499999999993,1.4610769110885993,250.0,False
5406,26174.400000000016,16174.400000000016,2.0117121836420013,257.29999999999563,False
5407,25825.39999999998,15825.39999999998,1.8507825108455858,250.0,False
5408,26677.000000000015,16677.000000000015,1.4150476163522911,200.0,False
5409,25034.800000000025,15034.800000000025,1.5486998315737501,226.1999999999989,False
5410,26986.900000000023,16986.900000000023,1.7020552316922681,250.0,False
5411,28311.300000000036,18311.300000000036,1.2759876144135556,350.0,False
5412,22958.900000000023,12958.900000000023,1.6253291291486511,250.0,False
5413,27172.300000000032,17172.300000000032,1.298330347173536,250.0,False
5414,27560.00000000003,17560.00000000003,2.4204635671823858,250.0,False
5415,26056.30000000001,16056.30000000001,1.749597592553713,309.80000000000655,False
5416,26866.500000000036,16866.500000000036,1.4354066985645932,200.0,False
5417,26307.30000000004,16307.30000000004,1.376983717167543,225.29999999999927,False
5418,26335.800000000036,16335.800000000036,1.7171066752522013,200.0,False
5419,26948.00000000001,16948.00000000001,1.9360003228909346,287.79999999999745,False
5420,27492.60000000001,17492.60000000001,1.3769896303388551,200.0,False
5421,28272.799999999996,18272.799999999996,1.5066594347013815,200.0,False
5422,28199.40000000003,18199.40000000003,2.035602691066757,400.0,False
5423,26173.600000000006,16173.600000000006,1.2130603947445506,200.0,False
5424,27754.899999999998,17754.899999999998,1.1228553462885886,250.0,False
5425,24695.8,14695.8,1.5,250.0,False
5426,25566.200000000033,15566.200000000033,1.76119171386459,300.0,False
5427,25279.200000000026,15279.200000000026,2.4271844660194173,250.0,False
5428,26936.900000000016,16936.900000000016,1.341333643330442,245.19999999999345,False
5429,27371.700000000037,17371.700000000037,1.215450810705691,200.0,False
5430,27595.200000000026,17595.200000000026,1.5798869854176425,300.0,False
5431,28115.800000000025,18115.800000000025,1.4171291585249834,227.00000000000728,False
5432,27082.299999999996,17082.299999999996,1.5687751004016062,200.0,False
5433,25694.199999999975,15694.199999999975,1.6674443629715194,200.0,False
5434,25578.999999999985,15578.999999999985,2.5,250.0,False
5435,26003.199999999997,16003.199999999997,1.5231633246944318,306.1999999999971,False
5436,27527.400000000016,17527.400000000016,1.4497560975609436,150.0,False
5437,28208.100000000013,18208.100000000013,0.9985283397746783,150.0,False
5438,26858.999999999985,16858.999999999985,1.928077211229121,350.0,False
5439,28344.80000000001,18344.80000000001,1.6430073606729754,250.0,False
5440,26750.400000000063,16750.400000000063,2.1537798836958846,250.0,False
5441,26770.300000000007,16770.300000000007,1.936408349792804,350.0,False
5442,28531.200000000015,18531.200000000015,1.3683727994854908,248.90000000000146,False
5443,26590.80000000001,16590.80000000001,1.303597407405478,250.0,False
5444,26793.600000000028,16793.600000000028,1.484435691771772,300.0,False
5445,25141.200000000033,15141.200000000033,2.4151322526421537,250.0,False
5446,25830.400000000045,15830.400000000045,2.1382507398347554,250.0,False
5447,27901.70000000002,17901.70000000002,0.9049012182504694,182.79999999999563,False
5448,26311.500000000007,16311.500000000007,2.3353573096683813,300.0,False
5449,25520.600000000013,15520.600000000013,1.9453788785285464,258.49999999999454,False
5450,27763.40000000001,17763.40000000001,3.4482758620689653,350.0,False
5451,27671.90000000004,17671.90000000004,1.4604189942094383,246.59999999999854,False
5452,26399.100000000006,16399.100000000006,3.262604519029449,445.600000000004,False
5453,24848.699999999997,14848.699999999997,1.553454364688947,300.0,False
5454,26337.50000000002,16337.500000000018,1.8159837702936177,350.0,False
5455,26233.500000000015,16233.500000000015,0.8743398733955864,150.0,False
5456,28469.600000000028,18469.600000000028,1.3953488372093024,150.0,False
5457,27263.300000000036,17263.300000000036,1.2719021551110088,250.0,False
5458,27661.400000000023,17661.400000000023,0.9971150138931353,150.0,False
5459,27214.19999999999,17214.19999999999,2.1688591716475134,311.49999999999636,False
5460,27724.399999999998,17724.399999999998,1.7342293518317768,200.0,False
5461,25887.70000000001,15887.700000000012,1.3251140923233482,250.0,False
5462,26591.300000000003,16591.300000000003,1.6795178158528883,347.20000000000437,False
5463,25995.199999999968,15995.199999999968,2.0426650430288933,275.1000000000022,False
5464,23278.300000000017,13278.300000000017,2.0,350.0,False
5465,25342.50000000002,15342.500000000018,2.224284098275225,350.0,False
5466,24932.90000000001,14932.900000000009,2.194464682285404,300.0,False
5467,24200.000000000007,14200.000000000007,1.951219512195122,285.40000000000146,False
5468,24361.800000000003,14361.800000000003,2.1048377591055303,250.0,False
5469,24036.30000000003,14036.300000000028,2.6642717219193566,425.6999999999971,False
5470,27776.400000000045,17776.400000000045,1.7841333080376676,300.0,False
5471,25932.800000000017,15932.800000000017,1.7552327877484755,200.00000000000182,False
5472,27245.300000000036,17245.300000000036,2.312138728323699,300.0,False
5473,25624.40000000004,15624.400000000041,1.4049778364746284,264.2000000000007,False
5474,27220.30000000004,17220.30000000004,1.5,250.0,False
5475,26482.100000000028,16482.100000000028,1.4321415528710846,250.0,False
5476,24234.199999999975,14234.199999999975,2.6526371634466606,300.0,False
5477,24607.000000000015,14607.000000000015,2.3343106313843385,300.0,False
5478,24270.599999999995,14270.599999999995,2.3987027815357442,300.0,False
5479,26157.400000000052,16157.400000000052,1.9527158461768772,208.8000000000011,False
5480,25435.500000000036,15435.500000000036,2.6485856552600904,300.0,False
5481,28553.40000000004,18553.40000000004,1.4218009478672986,250.0,False
5482,26095.200000000023,16095.200000000023,2.6295952176428297,300.0,False
5483,27849.40000000001,17849.40000000001,1.6842615860354484,250.0,False
5484,26550.10000000002,16550.10000000002,3.1931742706789965,500.0,False
5485,26740.10000000004,16740.10000000004,1.2377769525931424,237.79999999999927,False
5486,25153.100000000006,15153.100000000006,1.4046423429434276,248.90000000000146,False
5487,25973.40000000002,15973.40000000002,2.677232812165344,500.0,False
5488,29002.400000000027,19002.400000000027,1.5,150.0,False
5489,23893.40000000001,13893.400000000009,2.247263154515394,350.0,False
5490,26917.90000000001,16917.90000000001,2.0137444615245905,222.70000000000437,False
5491,27778.00000000004,17778.00000000004,2.15793771141953,295.99999999999454,False
5492,28407.799999999967,18407.799999999967,1.295224937397462,200.0,False
5493,27381.899999999994,17381.899999999994,1.7699115044247788,300.0,False
5494,27792.20000000002,17792.20000000002,1.7815916108035863,256.1999999999989,False
5495,25991.89999999998,15991.89999999998,2.040621981579985,300.0,False
5496,25986.400000000012,15986.400000000012,1.752203395770181,200.0,False
5497,26635.200000000023,16635.200000000023,2.17397394593078,232.79999999999745,False
5498,26185.50000000003,16185.50000000003,1.9385405116196104,250.0,False
5499,26295.200000000048,16295.200000000048,1.3152183920139942,250.0,False
5500,25271.000000000004,15271.000000000004,2.2214206270478547,295.600000000004,False
5501,26762.400000000045,16762.400000000045,1.4492753623188406,350.0,False
5502,24909.90000000001,14909.900000000009,2.0323861093380247,277.0000000000073,False
5503,27198.50000000001,17198.50000000001,1.1376046596286853,200.0,False
5504,29307.100000000006,19307.100000000006,2.091773056568514,300.0,False
5505,25962.20000000002,15962.200000000019,1.731092146034933,250.0,False
5506,28176.699999999975,18176.699999999975,1.4207290044667726,250.0,False
5507,26001.900000000023,16001.900000000023,1.9084552200067175,250.0,False
5508,27413.100000000002,17413.100000000002,1.7285657842749909,350.0,False
5509,25481.100000000024,15481.100000000024,2.330133283623824,250.0,False
5510,24527.800000000032,14527.800000000032,1.9630847146557204,337.9999999999927,False
5511,26864.900000000045,16864.900000000045,1.8539392501186513,250.0,False
5512,27286.6,17286.6,1.4492753623188406,175.10000000000218,False
5513,27447.600000000006,17447.600000000006,1.809954751131222,200.0,False
5514,28284.70000000001,18284.70000000001,1.809954751131222,200.0,False
5515,25464.600000000035,15464.600000000035,1.9681475008463012,250.0,False
5516,24981.600000000042,14981.600000000042,1.5840730954689166,250.0,False
5517,26600.200000000023,16600.200000000023,1.4341507546653047,225.10000000000218,False
5518,27132.10000000004,17132.10000000004,1.6866819592497635,260.8000000000029,False
5519,23954.899999999987,13954.899999999987,2.1641274238227153,350.0,False
5520,25887.49999999998,15887.499999999982,1.8062931252483656,250.0,False
5521,27340.800000000036,17340.800000000036,1.5925341996719382,250.0,False
5522,28924.200000000004,18924.200000000004,1.7547063447323363,221.00000000000364,False
5523,28294.600000000013,18294.600000000013,1.1912285894861727,200.0,False
5524,25575.800000000054,15575.800000000054,2.9530037065528836,337.79999999999745,False
5525,27205.40000000003,17205.40000000003,1.0760864886580488,250.0,False
5526,25642.200000000077,15642.200000000077,1.3978194017332926,250.0,False
5527,24579.89999999998,14579.89999999998,1.8642803877703218,237.79999999999927,False
5528,26834.800000000032,16834.800000000032,1.6309089871239728,221.00000000000364,False
5529,26424.70000000001,16424.70000000001,1.8267509407767342,326.1999999999971,False
5530,25786.500000000033,15786.500000000033,1.399266784205075,250.0,False
5531,27396.000000000033,17396.000000000033,1.9178029649233843,250.0,False
5532,23614.70000000001,13614.700000000012,1.8173392336280463,300.0,False
5533,25069.2,15069.2,1.8453861296306586,250.0,False
5534,27625.300000000007,17625.300000000007,2.2420088399205707,350.0,False
5535,27135.50000000006,17135.50000000006,1.417987167216136,250.0,False
5536,25642.5,15642.5,1.57879364377679,350.0,False
5537,27741.500000000022,17741.500000000022,1.6330476588628744,250.0,False
5538,26572.600000000006,16572.600000000006,1.6160459511123018,350.0,False
5539,25580.600000000013,15580.600000000013,1.8524521835780121,200.0,False
5540,24967.700000000023,14967.700000000023,1.9888465485556963,250.0,False
5541,25003.700000000044,15003.700000000044,1.951219512195122,250.0,False
5542,27532.400000000034,17532.400000000034,2.0170725016539977,300.0,False
5543,26707.39999999996,16707.39999999996,1.547945554432871,300.0,False
5544,25255.700000000033,15255.700000000033,1.9588241827887147,299.79999999999563,False
5545,28479.800000000017,18479.800000000017,1.442439453603933,250.0,False
5546,23919.799999999996,13919.799999999996,2.0,398.59999999999854,False
5547,25713.499999999993,15713.499999999993,1.383432018150629,250.0,False
5548,24444.800000000032,14444.800000000032,1.2893203883494897,300.0,False
5549,28717.400000000016,18717.400000000016,1.4484776499898604,200.0,False
5550,26281.900000000023,16281.900000000023,1.6768394929237345,200.0,False
5551,28784.600000000024,18784.600000000024,1.477832512315271,150.0,False
5552,27226.300000000032,17226.300000000032,2.9513552758954327,487.79999999999745,False
5553,24718.20000000004,14718.20000000004,1.9003097504893298,282.7999999999993,False
5554,26225.00000000003,16225.00000000003,2.0533169571858174,300.0,False
5555,27011.000000000015,17011.000000000015,1.194628948248674,200.0,False
5556,27096.700000000055,17096.700000000055,1.6314917054961673,250.0,False
5557,26780.50000000006,16780.50000000006,1.053755584904599,198.90000000000146,False
5558,28698.800000000014,18698.800000000014,2.2276180080639767,300.0,False
5559,27717.600000000013,17717.600000000013,2.4181123524087873,350.0,False
5560,23928.10000000003,13928.100000000031,3.2251525036398143,350.0,False
5561,24677.600000000028,14677.600000000028,2.6760626198653066,350.0,False
5562,27674.500000000047,17674.500000000047,1.4634146341463417,250.0,False
5563,27037.0,17037.0,1.3458950201884268,200.0,False
5564,27689.700000000055,17689.700000000055,1.2141030206883132,200.0,False
5565,24601.000000000022,14601.000000000022,2.238287836542172,406.2000000000007,False
5566,27869.600000000053,17869.600000000053,1.9417475728155338,250.0,False
5567,25236.50000000005,15236.500000000051,3.5143797794694307,403.50000000000364,False
5568,26551.099999999995,16551.099999999995,2.3134298130392024,399.79999999999563,False
5569,30194.30000000004,20194.30000000004,1.1008366358432402,200.0,False
5570,25222.300000000003,15222.300000000003,1.513672244548888,294.40000000000146,False
5571,26479.600000000046,16479.600000000046,2.4665517894679168,350.3999999999978,False
5572,24855.60000000003,14855.600000000031,2.3768099407698946,250.0,False
5573,26311.500000000015,16311.500000000015,1.7433903712549788,200.0,False
5574,26506.200000000044,16506.200000000044,1.6222178963078289,400.0,False
5575,28761.900000000034,18761.900000000034,1.270944099642016,300.0,False
5576,28974.10000000003,18974.10000000003,2.4390243902439024,250.0,False
5577,26751.399999999987,16751.399999999987,1.3869065504807248,250.0,False
5578,23996.700000000048,13996.700000000048,2.9162368215786008,347.69999999999527,False
5579,26641.600000000006,16641.600000000006,1.6923623686303715,300.0,False
5580,28105.000000000004,18105.000000000004,1.2280410902548802,200.0,False
5581,26530.00000000003,16530.00000000003,1.8728555803604878,250.0,False
5582,25759.299999999985,15759.299999999985,1.264840798704803,200.0,False
5583,23452.100000000028,13452.100000000028,2.4517384328331433,337.70000000000437,False
5584,25193.100000000013,15193.100000000013,3.035361966914554,400.0,False
5585,27484.000000000007,17484.000000000007,2.2290580000891613,300.0,False
5586,26521.80000000001,16521.80000000001,2.646584494873834,275.6999999999971,False
5587,24753.40000000002,14753.40000000002,2.7603829834219273,350.0,False
5588,25074.500000000007,15074.500000000007,2.242865511758321,428.8000000000029,False
5589,26289.900000000034,16289.900000000034,0.9901284196560292,198.70000000000073,False
5590,26009.49999999999,16009.499999999989,1.8184242747517863,300.0,False
5591,25947.500000000007,15947.500000000007,2.4608890368263188,325.29999999999745,False
5592,27956.60000000001,17956.60000000001,1.9704433497536946,250.0,False
5593,25372.000000000015,15372.000000000015,2.0313890308778757,214.60000000000036,False
5594,25792.900000000016,15792.900000000016,2.0467036235159655,344.09999999999854,False
5595,27329.900000000034,17329.900000000034,1.4556323266827103,200.0,False
5596,27948.70000000002,17948.70000000002,1.4654448113484047,200.0,False
5597,26030.0,16030.0,2.110227546559221,245.19999999999527,False
5598,27576.899999999998,17576.899999999998,1.1958098821728653,200.0,False
5599,24948.600000000035,14948.600000000035,3.210679611650457,330.6999999999971,False
5600,26721.90000000001,16721.90000000001,1.977191123202733,300.0,False
5601,26200.499999999993,16200.499999999993,1.2369705765932177,250.0,False
5602,29621.80000000008,19621.80000000008,1.4218009478672986,200.0,False
5603,25634.200000000037,15634.200000000037,1.802971296696957,200.0,False
5604,27343.500000000015,17343.500000000015,1.1043478260870199,200.0,False
5605,24980.10000000004,14980.100000000039,1.4175750960407132,270.9999999999927,False
5606,25367.500000000007,15367.500000000007,1.923915552933329,300.0,False
5607,24654.30000000004,14654.30000000004,2.1133249363889206,250.0,False
5608,24746.200000000026,14746.200000000026,1.7968698527165674,300.0,False
5609,27053.800000000036,17053.800000000036,2.5502211406046205,350.0,False
5610,24851.20000000002,14851.200000000019,1.631321370309951,250.0,False
5611,27859.100000000028,17859.100000000028,1.2763784887678675,300.0,False
5612,23569.100000000006,13569.100000000006,1.8634318967470513,386.49999999999636,False
5613,26340.600000000006,16340.600000000006,1.1773016246762418,258.7999999999993,False
5614,28169.20000000002,18169.20000000002,1.2027470743177413,250.0,False
5615,25006.90000000004,15006.900000000041,1.3628062907138367,150.0,False
5616,27829.800000000032,17829.800000000032,1.6558758755443697,200.0,False
5617,25460.000000000044,15460.000000000044,1.734319583069573,250.0,False
5618,26246.300000000047,16246.300000000047,1.412801868665938,200.0,False
5619,25191.200000000044,15191.200000000044,2.1659092055343945,386.49999999999636,False
5620,25150.300000000017,15150.300000000017,1.0573208898412614,200.0,False
5621,24379.40000000006,14379.40000000006,2.501222237742669,286.49999999999636,False
5622,26729.000000000015,16729.000000000015,1.7644775382009394,300.0,False
5623,28678.10000000006,18678.10000000006,1.4644862094215279,200.0,False
5624,26855.70000000001,16855.70000000001,1.8897018806313102,250.0,False
5625,26695.50000000002,16695.50000000002,1.0573408579198817,180.8000000000102,False
5626,26096.199999999983,16096.199999999983,2.336448598130841,250.0,False
5627,24627.999999999993,14627.999999999993,1.6447909470706277,250.0,False
5628,26155.499999999985,16155.499999999985,2.08361114815309,250.0,False
5629,25864.300000000003,15864.300000000003,1.5432213583324224,250.0,False
5630,26530.800000000047,16530.800000000047,2.803738317757009,300.0,False
5631,27539.400000000005,17539.400000000005,1.674551011010175,208.8000000000011,False
5632,27901.300000000017,17901.300000000017,2.216017373576206,250.0,False
5633,28124.500000000076,18124.500000000076,1.3842267363394112,300.0,False
5634,26354.800000000003,16354.800000000003,1.4057843339393832,225.6999999999971,False
5635,27868.100000000024,17868.100000000024,1.560565548954941,300.0,False
5636,27394.80000000004,17394.80000000004,2.5,300.0,False
5637,27195.100000000024,17195.100000000024,1.571388164304345,250.0,False
5638,27438.100000000006,17438.100000000006,1.4326373899256946,250.0,False
5639,25266.299999999992,15266.299999999992,1.4423076923076923,205.10000000000218,False
5640,26091.600000000017,16091.600000000017,1.7283843926889346,292.8999999999978,False
5641,24925.700000000033,14925.700000000033,2.2653721682847885,400.0,False
5642,26187.799999999996,16187.799999999996,2.220626660843691,300.0,False
5643,26883.799999999992,16883.799999999992,1.344178937100107,350.0,False
5644,23831.600000000035,13831.600000000035,2.388260449717184,276.9999999999982,False
5645,25977.600000000002,15977.600000000002,1.6142831775550048,387.70000000000437,False
5646,22864.70000000002,12864.700000000019,3.3726415094339623,357.5,False
5647,26057.79999999999,16057.799999999988,1.2072774685806047,200.0,False
5648,24616.200000000026,14616.200000000026,1.9118752947474407,300.0,False
5649,26047.300000000003,16047.300000000003,1.894729005360337,407.2000000000007,False
5650,26351.300000000054,16351.300000000054,2.4055423696196003,300.0,False
5651,27748.000000000007,17748.000000000007,1.8976772430545026,350.0,False
5652,26410.800000000017,16410.800000000017,1.5890545919705064,200.0,False
5653,25879.79999999999,15879.799999999988,1.459901285508779,315.6000000000022,False
5654,27907.80000000001,17907.80000000001,1.9467069505224932,250.0,False
5655,27135.300000000017,17135.300000000017,1.6033606439096335,207.5,False
5656,27985.50000000003,17985.50000000003,1.276707117003823,200.0,False
5657,28820.50000000003,18820.50000000003,1.0551491277433882,250.0,False
5658,24565.900000000038,14565.900000000038,2.341174707821394,250.0,False
5659,24873.90000000003,14873.90000000003,1.8025812964164678,300.0,False
5660,25042.900000000016,15042.900000000016,1.422110981540999,200.0,False
5661,24653.0,14653.0,1.2866590610819948,300.0,False
5662,26454.100000000028,16454.100000000028,1.8230543452500327,250.0,False
5663,24743.300000000025,14743.300000000025,2.009679566758356,223.39999999999236,False
5664,29502.000000000036,19502.000000000036,2.0,250.0,False
5665,27217.80000000006,17217.80000000006,1.6230340999464372,300.0,False
5666,26265.700000000033,16265.700000000033,1.4816744421026382,187.70000000000437,False
5667,26377.40000000001,16377.400000000009,1.7372943535895715,250.0,False
5668,24065.20000000001,14065.200000000012,3.561576354679767,361.49999999999636,False
5669,30011.70000000002,20011.70000000002,1.5,200.0,False
5670,25593.099999999995,15593.099999999995,1.8564930845632595,250.0,False
5671,26436.40000000006,16436.40000000006,1.1439082311060664,250.0,False
5672,28824.800000000003,18824.800000000003,1.1835253274420068,200.0,False
5673,25017.200000000004,15017.200000000004,1.4899708540034848,250.0,False
5674,24099.700000000048,14099.700000000048,1.7008827581514772,400.0,False
5675,26146.700000000048,16146.700000000048,2.3474178403755865,339.2000000000007,False
5676,24991.20000000002,14991.200000000019,2.2400138486173145,258.8000000000011,False
5677,25867.09999999999,15867.099999999991,2.0047169811321224,202.30000000000473,False
5678,25799.900000000034,15799.900000000034,2.3559345992555234,250.0,False
5679,27086.1,17086.1,2.517931267670481,350.0,False
5680,25116.900000000005,15116.900000000005,1.5731627515658455,295.19999999999345,False
5681,24297.500000000055,14297.500000000055,2.1042331911222365,400.0,False
5682,24662.20000000002,14662.200000000019,2.134614356522589,279.4999999999982,False
5683,25418.6,15418.599999999999,1.5634980143853328,281.5000000000073,False
5684,27370.199999999983,17370.199999999983,1.9539992425025587,227.00000000000728,False
5685,27382.899999999972,17382.899999999972,2.116742901433356,387.7999999999993,False
5686,25498.200000000033,15498.200000000033,1.5372613558036226,308.8000000000029,False
5687,27449.400000000052,17449.400000000052,1.477890754315441,250.0,False
5688,23039.79999999999,13039.799999999988,2.245064692543709,269.3000000000029,False
5689,26662.199999999983,16662.199999999983,3.3126685911693716,350.0,False
5690,27307.999999999993,17307.999999999993,1.8197832274219494,250.0,False
5691,27244.700000000033,17244.700000000033,1.3387358763365047,250.0,False
5692,26457.000000000025,16457.000000000025,2.127349201332314,349.9999999999982,False
5693,27584.60000000002,17584.60000000002,1.0321834809355708,200.0,False
5694,27894.199999999983,17894.199999999983,1.422272791921491,200.0,False
5695,28151.500000000025,18151.500000000025,1.4566212514417485,323.2999999999993,False
5696,27558.099999999977,17558.099999999977,1.3184089440862756,200.0,False
5697,26631.300000000054,16631.300000000054,1.6263997202592455,200.0,False
5698,27156.19999999999,17156.19999999999,1.9388299161456075,248.9000000000051,False
5699,26614.399999999998,16614.399999999998,1.1616482690862806,200.0,False
5700,25781.300000000017,15781.300000000017,1.6069807242662129,200.0,False
5701,30404.400000000074,20404.400000000074,2.2186526566146885,250.0,False
5702,27750.20000000004,17750.20000000004,1.597086913469827,397.2000000000007,False
5703,26608.600000000057,16608.600000000057,1.36986301369863,300.0,False
5704,27619.499999999996,17619.499999999996,1.142195757123494,200.0,False
5705,25808.99999999997,15808.99999999997,1.5841665077505733,348.90000000000146,False
5706,28766.200000000026,18766.200000000026,1.1198408930059212,252.70000000000437,False
5707,25970.60000000005,15970.60000000005,3.9408866995073892,400.0,False
5708,28382.70000000005,18382.70000000005,2.3709637616507115,249.79999999999563,False
5709,26169.200000000026,16169.200000000026,2.0482065903095252,250.0,False
5710,27548.99999999999,17548.99999999999,1.0472885698925491,200.0,False
5711,27082.599999999984,17082.599999999984,2.9353633001311144,400.0,False
5712,23075.100000000013,13075.100000000013,2.004945308243583,345.19999999999345,False
5713,26441.30000000004,16441.30000000004,0.9748641039439091,250.0,False
5714,28453.800000000017,18453.800000000017,1.3761467889908259,299.79999999999563,False
5715,25147.399999999972,15147.399999999972,1.4907276738685373,250.0,False
5716,27562.500000000044,17562.500000000044,1.4705882352941175,200.0,False
5717,22743.900000000012,12743.900000000012,3.364999999999964,336.49999999999636,False
5718,24844.900000000016,14844.900000000016,2.9502006136417283,350.0,False
5719,25133.999999999996,15133.999999999996,1.995234240499835,350.0,False
5720,28102.200000000004,18102.200000000004,1.1276118309033298,200.0,False
5721,24158.9,14158.900000000001,2.764225394938703,400.0,False
5722,25051.199999999997,15051.199999999997,1.7958963767790603,250.0,False
5723,25319.299999999996,15319.299999999996,1.7616302831292174,250.0,False
5724,27290.700000000015,17290.700000000015,1.4030853847610893,250.0,False
5725,26564.400000000052,16564.400000000052,1.0579898193432273,200.0,False
5726,27171.500000000044,17171.500000000044,1.8326142504084093,350.0,False
5727,25062.50000000003,15062.50000000003,2.125805148700068,300.0,False
5728,28154.400000000067,18154.400000000067,1.9016468261514468,200.0,False
5729,25133.300000000047,15133.300000000047,1.3627072450601863,200.0,False
5730,28420.700000000004,18420.700000000004,1.3100436681222707,195.19999999999345,False
5731,26211.499999999996,16211.499999999996,2.0,300.0,False
5732,27786.100000000006,17786.100000000006,1.3636363636363635,300.0,False
5733,25071.100000000013,15071.100000000013,1.0574792866244738,200.0,False
5734,30548.800000000032,20548.800000000032,1.4693637654895424,182.79999999999745,False
5735,27164.500000000007,17164.500000000007,2.7958844580777074,350.0,False
5736,25917.300000000003,15917.300000000003,1.8010067627803945,250.0,False
5737,26524.900000000023,16524.900000000023,2.8301886792452833,300.0,False
5738,26980.000000000036,16980.000000000036,1.7172098773912114,298.8999999999942,False
5739,26559.699999999986,16559.699999999986,1.7853157777281858,300.0,False
5740,26000.200000000023,16000.200000000023,1.6408936963427747,250.0,False
5741,24901.40000000003,14901.40000000003,1.1546277480140403,250.0,False
5742,22637.500000000036,12637.500000000036,2.546044558687543,437.7999999999993,False
5743,24122.60000000002,14122.60000000002,2.0,205.89999999999236,False
5744,27175.500000000022,17175.500000000022,1.2894352273704106,300.0,False
5745,28659.5,18659.5,0.99094132620076,150.0,False
5746,24863.500000000004,14863.500000000004,2.9016378319900933,345.99999999999454,False
5747,25940.80000000001,15940.80000000001,1.702481550873692,356.1999999999971,False
5748,27309.199999999983,17309.199999999983,1.8574701256888135,350.0,False
5749,27145.90000000003,17145.90000000003,2.063380200330422,357.2000000000007,False
5750,26911.60000000002,16911.60000000002,2.38442315701787,297.69999999999527,False
5751,26377.000000000015,16377.000000000015,2.773195939976912,448.9000000000033,False
5752,25943.300000000036,15943.300000000036,1.4860055428006744,250.0,False
5753,25435.900000000045,15435.900000000045,1.9662010047287122,400.0,False
5754,22659.200000000055,12659.200000000055,2.4874589483561023,275.6999999999971,False
5755,24811.700000000026,14811.700000000026,3.217059607518728,350.0,False
5756,26893.000000000015,16893.000000000015,2.9158769499927093,300.0,False
5757,22974.900000000023,12974.900000000023,2.6919255935048443,392.89999999999964,False
5758,26800.400000000016,16800.400000000016,1.4707720818043442,200.0,False
5759,26496.900000000005,16496.900000000005,1.9704433497536946,200.0,False
5760,24035.300000000025,14035.300000000025,3.695400458229656,450.0,False
5761,26955.200000000015,16955.200000000015,2.11864406779661,250.0,False
5762,27857.000000000007,17857.000000000007,0.8429678907695822,200.0,False
5763,23941.500000000033,13941.500000000033,2.1472282861539527,300.0,False
5764,28338.400000000067,18338.400000000067,1.6155436843012212,300.0,False
5765,26704.70000000001,16704.70000000001,1.6774864542968826,200.0,False
5766,26556.500000000022,16556.500000000022,2.380952380952381,250.0,False
5767,24608.9,14608.900000000001,4.9955352713563235,503.50000000000364,False
5768,23229.300000000003,13229.300000000003,2.582489002900998,300.0,False
5769,25487.20000000003,15487.20000000003,1.131194534562332,200.0,False
5770,27938.80000000006,17938.80000000006,1.4398496788195352,208.8000000000029,False
5771,25946.499999999985,15946.499999999985,1.4285580900271886,306.00000000000364,False
5772,24975.300000000007,14975.300000000007,1.411233418007339,200.0,False
5773,26723.400000000038,16723.400000000038,2.788855732492958,300.0,False
5774,27370.199999999997,17370.199999999997,2.1846940336005893,300.0,False
5775,24689.000000000033,14689.000000000033,3.3018326510310585,345.19999999999527,False
5776,28665.50000000003,18665.50000000003,1.4000504018144635,250.0,False
5777,26547.600000000002,16547.600000000002,1.4799029183685544,200.0,False
5778,27642.400000000063,17642.400000000063,1.0069006256209212,192.89999999999782,False
5779,28329.00000000001,18329.00000000001,1.3242927285480341,200.0,False
5780,25776.4,15776.400000000001,2.363379195062338,275.6999999999971,False
5781,26130.300000000032,16130.300000000032,1.7887959905753874,227.00000000000728,False
5782,25987.70000000004,15987.70000000004,1.7772406561572487,350.0,False
5783,27656.999999999978,17656.999999999978,1.4913531345260183,250.0,False
5784,25996.80000000001,15996.80000000001,2.1568272208849897,321.299999999992,False
5785,24690.700000000004,14690.700000000004,2.6431950942299056,450.0,False
5786,25904.500000000036,15904.500000000036,1.7894081353651459,250.0,False
5787,25869.20000000001,15869.200000000012,2.5116372526037294,300.0,False
5788,25850.300000000025,15850.300000000025,1.2887225081890388,275.3999999999978,False
5789,25634.000000000022,15634.000000000022,1.6967126193001048,257.8999999999978,False
5790,27162.0,17162.0,1.2310722639418916,250.0,False
5791,25679.999999999993,15679.999999999993,2.3302237791569262,300.0,False
5792,28836.70000000003,18836.70000000003,1.9330208282994255,250.0,False
5793,28971.000000000015,18971.000000000015,0.8566680182984298,179.8000000000029,False
5794,28830.900000000023,18830.900000000023,1.895260332959334,250.0,False
5795,26693.000000000007,16693.000000000007,1.8235197578365767,200.0,False
5796,23591.50000000005,13591.500000000051,2.5791002327562333,384.4999999999982,False
5797,25471.099999999988,15471.099999999988,2.1089515978321542,300.0,False
5798,24728.900000000012,14728.900000000012,1.2480031948881773,250.0,False
5799,27339.000000000033,17339.000000000033,1.3953354282583803,200.0,False
5800,24588.000000000022,14588.000000000022,2.1412315930388655,319.9000000000069,False
5801,26709.900000000052,16709.900000000052,1.4938482250203353,300.0,False
5802,25735.400000000016,15735.400000000016,3.6975369458127827,375.29999999999745,False
5803,29123.600000000024,19123.600000000024,1.2171847004751877,250.0,False
5804,23948.6,13948.599999999999,1.4012536549366164,221.50000000001455,False
5805,28697.300000000025,18697.300000000025,1.2628574675919202,250.0,False
5806,24723.100000000013,14723.100000000013,1.8459039391590037,200.0,False
5807,24695.90000000001,14695.900000000009,1.4510025298458884,250.0,False
5808,24846.000000000022,14846.000000000022,2.110891089108882,300.0,False
5809,29236.40000000003,19236.40000000003,1.389043227025224,200.0,False
5810,28915.400000000056,18915.400000000056,1.2478370823905223,200.0,False
5811,26932.200000000048,16932.200000000048,1.1791989308596358,250.0,False
5812,26293.600000000006,16293.600000000006,1.5,250.0,False
5813,26902.300000000003,16902.300000000003,1.2305208548674484,250.0,False
5814,26276.80000000007,16276.800000000068,1.7723457350272194,250.0,False
5815,27656.300000000017,17656.300000000017,1.8891211808266795,300.0,False
5816,27048.100000000024,17048.100000000024,1.4582106006077813,250.0,False
5817,26034.000000000022,16034.000000000022,2.992727671757628,300.0,False
5818,26664.70000000004,16664.70000000004,1.603026514058541,257.20000000000437,False
5819,24693.200000000026,14693.200000000026,2.112750448959468,300.0,False
5820,25115.500000000036,15115.500000000036,1.4218009478672986,200.0,False
5821,26521.700000000037,16521.700000000037,1.994634936655045,225.29999999999745,False
5822,26803.10000000003,16803.10000000003,1.7869747411120345,200.0,False
5823,27405.600000000017,17405.600000000017,1.4210899317987398,308.8000000000029,False
5824,29033.19999999998,19033.19999999998,1.547125440930751,250.0,False
5825,24836.299999999992,14836.299999999992,2.180720684571836,286.4999999999927,False
5826,26449.800000000025,16449.800000000025,1.5659254619480096,300.0,False
5827,25661.100000000006,15661.100000000006,1.6976775770745633,200.0,False
5828,28340.30000000006,18340.30000000006,1.5,250.0,False
5829,28161.400000000023,18161.400000000023,1.2598478103845057,150.0,False
5830,28222.800000000017,18222.800000000017,1.2195518553448903,200.0,False
5831,26233.00000000003,16233.00000000003,1.7554205466489534,256.00000000000364,False
5832,25100.20000000001,15100.200000000012,2.2801005850086624,350.0,False
5833,27911.70000000003,17911.70000000003,1.4331575326759913,200.0,False
5834,25532.800000000025,15532.800000000025,1.773287722326989,332.79999999999563,False
5835,25587.50000000003,15587.50000000003,1.4210331858616676,200.40000000000146,False
5836,22537.400000000045,12537.400000000045,2.0692902339301913,430.6999999999971,False
5837,23219.600000000046,13219.600000000046,2.5045499323771527,303.99999999999636,False
5838,26692.300000000014,16692.300000000014,2.251400371030781,250.0,False
5839,25301.40000000003,15301.40000000003,2.162347972696474,386.8999999999942,False
5840,24948.600000000006,14948.600000000006,1.728608470181505,250.0,False
5841,26332.10000000001,16332.10000000001,1.5887966614993132,242.89999999999964,False
5842,28631.30000000003,18631.30000000003,1.7268174753928514,200.0,False
5843,28420.500000000022,18420.500000000022,1.387796641532127,200.0,False
5844,25265.100000000057,15265.100000000057,2.5590719099206667,300.0,False
5845,25163.9,15163.900000000001,1.9279338333108405,300.0,False
5846,23425.09999999999,13425.099999999991,2.719978240174083,400.0,False
5847,29889.900000000052,19889.900000000052,1.360840455065047,250.0,False
5848,25740.700000000033,15740.700000000033,3.269958424814312,350.0,False
5849,27628.600000000028,17628.600000000028,1.8296864014720744,250.0,False
5850,24022.700000000023,14022.700000000023,2.1203361439566843,300.0,False
5851,28807.70000000002,18807.70000000002,1.8024383385844378,250.0,False
5852,26007.09999999999,16007.099999999991,1.3044952907719998,213.49999999999636,False
5853,27682.40000000002,17682.40000000002,2.502437072807894,444.09999999999854,False
5854,22912.29999999999,12912.299999999988,2.9268292682926833,300.0,False
5855,26434.60000000002,16434.60000000002,1.3747820970376181,250.0,False
5856,25651.20000000002,15651.200000000019,1.8039633073863275,200.0,False
5857,28914.300000000032,18914.300000000032,1.5295899169432654,200.0,False
5858,24683.300000000017,14683.300000000017,1.77504814818102,257.8999999999978,False
5859,28342.70000000005,18342.70000000005,2.061158700975339,250.0,False
5860,29675.599999999977,19675.599999999977,0.9708737864077669,160.79999999999927,False
5861,25115.300000000007,15115.300000000007,2.3005958543262732,300.0,False
5862,24979.30000000001,14979.30000000001,1.3801987486197997,250.0,False
5863,24435.90000000003,14435.90000000003,1.834122005795826,237.79999999999563,False
5864,27074.20000000001,17074.20000000001,1.951219512195122,200.0,False
5865,25657.000000000036,15657.000000000036,1.9966134017228858,300.0,False
5866,28069.60000000003,18069.60000000003,1.454587769826031,272.5,False
5867,27691.80000000004,17691.80000000004,1.7009116886651263,250.0,False
5868,26875.9,16875.9,1.777335418740225,245.60000000000582,False
5869,26385.20000000005,16385.20000000005,2.2519416556166134,297.20000000000255,False
5870,27470.300000000017,17470.300000000017,3.6015395064523004,397.69999999999527,False
5871,24506.900000000023,14506.900000000023,3.3816425120772946,371.0000000000073,False
5872,25820.100000000013,15820.100000000013,1.7496208777528628,386.49999999999636,False
5873,24790.500000000022,14790.500000000022,1.8957345971563981,300.0,False
5874,25683.500000000015,15683.500000000015,1.484810389713233,200.0,False
5875,24672.20000000004,14672.20000000004,1.0788242972808222,207.20000000000437,False
5876,26769.60000000004,16769.60000000004,2.2319236503557693,250.0,False
5877,27544.30000000001,17544.30000000001,1.4715692814817727,250.0,False
5878,26483.700000000033,16483.700000000033,1.872815533980579,200.0,False
5879,26245.000000000007,16245.000000000007,1.672643579724882,250.0,False
5880,27145.90000000002,17145.90000000002,1.7000772320799704,350.0,False
5881,29074.700000000055,19074.700000000055,2.4567577128599876,263.8999999999942,False
5882,24840.300000000043,14840.300000000043,1.3699631023271084,300.0,False
5883,25037.800000000017,15037.800000000017,3.530386168340429,375.1000000000022,False
5884,28269.200000000033,18269.200000000033,2.3455458085096392,250.0,False
5885,26969.700000000048,16969.700000000048,2.0080052475870453,300.0,False
5886,26789.700000000004,16789.700000000004,1.8257127920537852,350.0,False
5887,27350.40000000002,17350.40000000002,1.4274023181013638,200.0,False
5888,24859.799999999996,14859.799999999996,1.1710333198013945,257.2000000000007,False
5889,29427.800000000057,19427.800000000057,1.314875225230523,223.29999999999927,False
5890,27382.300000000047,17382.300000000047,1.0343686213935004,200.0,False
5891,27597.500000000015,17597.500000000015,1.1140529371557373,200.0,False
5892,26268.999999999996,16268.999999999996,2.6023809341997723,340.7999999999993,False
5893,22209.20000000002,12209.200000000019,1.7806267806267797,250.0,False
5894,25003.999999999985,15003.999999999985,2.6218505020843703,300.0,False
5895,26790.800000000036,16790.800000000036,1.7196867248573369,250.0,False
5896,25138.800000000017,15138.800000000017,2.6423744376696883,400.0,False
5897,26683.69999999999,16683.69999999999,1.2878714704272514,200.0,False
5898,27196.500000000022,17196.500000000022,2.1224512897429,300.0,False
5899,27661.30000000001,17661.30000000001,1.4358966909734971,254.6999999999971,False
5900,25892.700000000004,15892.700000000004,1.298549520185952,275.6999999999971,False
5901,27022.29999999999,17022.29999999999,1.3397163373941632,200.0,False
5902,27152.300000000017,17152.300000000017,1.430287773900109,200.0,False
5903,25848.200000000026,15848.200000000026,1.602257431522898,250.0,False
5904,25359.70000000003,15359.70000000003,1.8082964641776444,300.0,False
5905,23632.50000000002,13632.500000000018,2.122741114494627,286.49999999999636,False
5906,27856.90000000001,17856.90000000001,1.5,250.0,False
5907,28747.89999999998,18747.89999999998,1.0871810482599678,200.0,False
5908,25126.899999999994,15126.899999999994,2.2984067444447507,375.2999999999993,False
5909,25933.10000000003,15933.100000000031,2.44498777506112,350.0,False
5910,27934.200000000033,17934.200000000033,1.3205740345144106,200.0,False
5911,26110.600000000057,16110.600000000057,1.2253700617586498,200.0,False
5912,27468.900000000016,17468.900000000016,2.0664743467874604,250.0,False
5913,25472.20000000003,15472.20000000003,1.992329531304477,350.0,False
5914,26686.900000000067,16686.900000000067,1.8340379095635895,200.0,False
5915,28650.700000000026,18650.700000000026,0.9209035906030995,200.0,False
5916,27113.4,17113.4,2.523892852335443,300.0,False
5917,27378.600000000024,17378.600000000024,1.3378786904226252,300.0,False
5918,26463.400000000045,16463.400000000045,1.8818570165038837,300.0,False
5919,26017.700000000048,16017.700000000048,1.6504059106429165,291.59999999999854,False
5920,23702.89999999998,13702.89999999998,1.9516510968279166,300.0,False
5921,26410.800000000047,16410.800000000047,1.713340929144784,300.0,False
5922,29204.40000000007,19204.40000000007,1.955554164939258,250.0,False
5923,28094.30000000001,18094.30000000001,2.9426131635126604,325.29999999999745,False
5924,25479.699999999983,15479.699999999983,5.645497630331792,595.600000000004,False
5925,25630.000000000036,15630.000000000036,1.9090253948103133,400.0,False
5926,25005.600000000042,15005.600000000042,1.847768511560869,450.0,False
5927,25150.100000000028,15150.100000000028,2.3448124931609633,300.0,False
5928,26862.000000000015,16862.000000000015,1.3102725366876302,350.0,False
5929,25800.599999999984,15800.599999999984,2.8362558586410107,400.0,False
5930,26436.500000000022,16436.500000000022,2.344533953540714,250.0,False
5931,27983.200000000026,17983.200000000026,1.0269400609317767,211.49999999999636,False
5932,28721.500000000025,18721.500000000025,1.4419887909404645,200.0,False
5933,27434.70000000001,17434.70000000001,1.2905723688455824,300.0,False
5934,27029.100000000046,17029.100000000046,2.3155449368701917,245.19999999999527,False
5935,29968.40000000001,19968.40000000001,1.5816653354316752,200.0,False
5936,28086.400000000016,18086.400000000016,1.5696320154702934,250.0,False
5937,27069.800000000017,17069.800000000017,2.591126686661527,400.0,False
5938,26420.0,16420.0,1.5491386788945345,350.0,False
5939,28256.80000000004,18256.80000000004,1.4638716477339264,150.0,False
5940,26546.800000000032,16546.800000000032,1.1957889097753336,250.0,False
5941,23303.000000000073,13303.000000000073,1.628836928990853,264.2000000000007,False
5942,27589.900000000023,17589.900000000023,1.0571271512537534,200.0,False
5943,23531.600000000006,13531.600000000006,2.080937869370499,300.0,False
5944,24973.700000000033,14973.700000000033,1.82225704757913,250.0,False
5945,24889.600000000046,14889.600000000046,1.940180359166184,250.0,False
5946,26238.700000000026,16238.700000000026,1.6102199790924112,300.0,False
5947,27292.100000000028,17292.100000000028,1.6657780362884238,206.1999999999989,False
5948,26643.500000000015,16643.500000000015,2.136679087894431,250.0,False
5949,27152.400000000016,17152.400000000016,1.6079999999999928,200.0,False
5950,30226.40000000005,20226.40000000005,1.3954397030504309,150.0,False
5951,25037.60000000002,15037.60000000002,1.269261036224709,200.0,False
5952,28292.70000000001,18292.70000000001,1.85615422639642,225.29999999999745,False
5953,28130.899999999987,18130.899999999987,1.3130481976225072,250.0,False
5954,28131.900000000034,18131.900000000034,1.890575211382147,250.0,False
5955,25282.400000000016,15282.400000000016,2.0873166292341234,250.0,False
5956,26157.400000000023,16157.400000000023,1.6361042394733047,250.0,False
5957,25549.800000000025,15549.800000000025,2.3696682464454977,329.1999999999971,False
5958,27714.40000000004,17714.40000000004,1.6125664860565034,300.0,False
5959,28375.60000000003,18375.60000000003,1.7927701166734793,250.0,False
5960,24095.50000000001,14095.500000000011,1.8233009708737615,197.6999999999971,False
5961,25424.100000000006,15424.100000000006,1.6963528413910072,300.0,False
5962,25925.200000000033,15925.200000000033,1.8779999999999746,250.0,False
5963,26745.00000000002,16745.00000000002,1.4563106796116505,200.0,False
5964,26467.09999999999,16467.09999999999,1.1505096757863738,250.0,False
5965,26230.100000000002,16230.100000000002,1.4564031832164117,320.99999999999636,False
5966,26548.600000000013,16548.600000000013,2.1281667120675545,250.0,False
5967,27038.100000000013,17038.100000000013,2.954384306310566,400.0000000000018,False
5968,26630.300000000025,16630.300000000025,2.4154589371980677,250.0,False
5969,24124.899999999998,14124.899999999998,3.862727257120295,450.0,False
5970,27323.600000000028,17323.600000000028,2.6448629205332046,350.0,False
5971,26390.499999999993,16390.499999999993,1.6850335321672916,250.0,False
5972,26159.40000000004,16159.400000000041,1.383860861093581,250.0,False
5973,26595.50000000002,16595.50000000002,1.1938245841908974,250.0,False
5974,27179.099999999984,17179.099999999984,1.7528637411370829,200.40000000000146,False
5975,26802.800000000032,16802.800000000032,1.1371324929924198,250.0,False
5976,27042.600000000002,17042.600000000002,3.210685160213189,400.0,False
5977,25477.10000000002,15477.10000000002,1.3844215655962009,300.0,False
5978,26929.60000000002,16929.60000000002,1.9940444538976951,300.0,False
5979,27561.500000000015,17561.500000000015,1.3947098654802337,200.0,False
5980,27186.500000000015,17186.500000000015,2.373624286923703,379.49999999999636,False
5981,26292.09999999999,16292.099999999991,2.3933751376190706,350.0,False
5982,26700.50000000003,16700.50000000003,1.341995407165866,200.0,False
5983,25196.800000000032,15196.800000000032,1.8920000000000072,220.39999999999782,False
5984,25745.400000000027,15745.400000000027,1.8165469259484635,250.0,False
5985,25188.00000000001,15188.000000000011,1.7605191016322532,350.0,False
5986,24964.399999999994,14964.399999999994,1.734737270273264,375.2999999999993,False
5987,25220.100000000013,15220.100000000013,1.9831432821021338,325.100000000004,False
5988,25247.800000000054,15247.800000000054,1.6779762264328215,300.0,False
5989,26917.90000000001,16917.90000000001,1.1000454685460341,200.0,False
5990,28456.2,18456.2,2.8882415560195067,350.0,False
5991,24148.69999999999,14148.69999999999,2.507585445974072,350.0,False
5992,26838.300000000017,16838.300000000017,1.4851485148514851,260.8000000000029,False
5993,26566.7,16566.7,1.9723513592128972,386.5,False
5994,27257.600000000017,17257.600000000017,1.4281123924452848,350.0,False
5995,26577.90000000001,16577.90000000001,1.293086727326802,300.0,False
5996,25597.60000000002,15597.60000000002,1.4509364333665227,345.6000000000058,False
5997,25165.50000000001,15165.500000000011,1.52304365043102,350.0,False
5998,27188.700000000008,17188.700000000008,1.6308880884593695,350.0,False
5999,27133.80000000002,17133.80000000002,1.2244598091475303,150.0,False
6000,25709.70000000004,15709.70000000004,1.3696128560993417,200.0,False
6001,26247.900000000016,16247.900000000016,2.1831582440421613,321.00000000000364,False
6002,26644.20000000003,16644.20000000003,1.9414836818296537,200.0,False
6003,27925.800000000017,17925.800000000017,1.8523046374298913,253.5,False
6004,28534.100000000013,18534.100000000013,0.975609756097561,200.0,False
6005,28984.700000000048,18984.700000000048,1.7764513607617411,250.0,False
6006,26916.900000000027,16916.900000000027,1.3848233776542918,250.0,False
6007,24887.000000000025,14887.000000000025,1.8479598113594589,360.50000000000364,False
6008,25885.000000000036,15885.000000000036,2.843143758825592,300.0,False
6009,24688.100000000013,14688.100000000013,1.6154545454545852,214.60000000000218,False
6010,28904.700000000026,18904.700000000026,1.3516679582604927,200.0,False
6011,28272.20000000004,18272.20000000004,1.0064884958364915,200.0,False
6012,26527.60000000002,16527.60000000002,1.6789623462220793,341.59999999999854,False
6013,26095.300000000017,16095.300000000017,1.9061234214915415,263.50000000000364,False
6014,24353.60000000005,14353.60000000005,1.562345922492871,336.40000000000146,False
6015,27858.600000000046,17858.600000000046,2.9802113963283783,300.0,False
6016,24772.50000000003,14772.50000000003,1.2381856453010847,250.0,False
6017,27706.200000000008,17706.200000000008,2.021982999166942,250.0,False
6018,25805.400000000052,15805.400000000052,1.9094354754016971,200.0,False
6019,25510.0,15510.0,1.5585840575553926,300.0,False
6020,28417.900000000023,18417.900000000023,3.1708004509582848,450.0,False
6021,25245.4,15245.400000000001,1.7815403910837448,250.0,False
6022,28413.20000000002,18413.20000000002,1.1198709908618523,232.79999999999563,False
6023,27197.399999999998,17197.399999999998,1.203217403336521,250.0,False
6024,29715.600000000028,19715.600000000028,1.8010229810532365,292.8999999999978,False
6025,24158.19999999999,14158.19999999999,1.812933745512242,311.4999999999927,False
6026,29292.800000000032,19292.800000000032,2.064125498830328,300.0,False
6027,27910.0,17910.0,1.874376039933423,257.2000000000007,False
6028,25307.300000000003,15307.300000000003,1.6779495436939567,341.8000000000029,False
6029,25798.900000000023,15798.900000000023,1.8341066966859745,250.0,False
6030,28844.700000000026,18844.700000000026,1.4354066985645932,200.0,False
6031,27525.000000000022,17525.000000000022,1.3802876519466651,200.0,False
6032,27660.700000000033,17660.700000000033,1.7829602489012502,225.10000000000582,False
6033,25289.20000000002,15289.200000000019,1.3394531459289558,250.0,False
6034,28983.299999999967,18983.299999999967,1.2120953588143615,198.90000000000146,False
6035,27216.70000000001,17216.70000000001,2.26891137632164,250.0,False
6036,26212.89999999998,16212.89999999998,1.7387373289517165,250.0,False
6037,25347.500000000007,15347.500000000007,3.84176067010579,514.6000000000004,False
6038,26581.4,16581.4,1.7879811904378768,200.0,False
6039,25431.600000000042,15431.600000000042,1.683688014623258,250.0,False
6040,28581.899999999994,18581.899999999994,1.498138562835678,210.79999999999927,False
6041,26357.300000000025,16357.300000000025,1.829933317229919,250.0,False
6042,26926.000000000022,16926.000000000022,2.4154589371980677,276.2000000000007,False
6043,27388.299999999952,17388.299999999952,2.9549954197570982,300.0,False
6044,27049.40000000003,17049.40000000003,1.5087033014556637,350.3999999999978,False
6045,28489.10000000002,18489.10000000002,1.0552604734602,150.0,False
6046,28424.40000000001,18424.40000000001,0.8950147677436684,207.20000000000073,False
6047,24553.80000000001,14553.80000000001,2.7888372093022853,299.79999999999563,False
6048,25082.30000000004,15082.30000000004,1.908692287851454,350.0,False
6049,25999.10000000007,15999.100000000071,1.8944297992481522,250.0,False
6050,27638.40000000003,17638.40000000003,1.298386538328371,200.0,False
6051,23354.300000000032,13354.300000000032,1.9322364670988423,400.0,False
6052,23365.60000000002,13365.60000000002,2.955665024630542,300.0,False
6053,26257.20000000002,16257.200000000019,1.4273751522533507,250.0,False
6054,27237.300000000025,17237.300000000025,1.127357586552879,200.0,False
6055,28580.40000000003,18580.40000000003,1.4967819188744191,200.0,False
6056,25843.900000000023,15843.900000000023,2.1950738916255905,222.79999999999745,False
6057,23914.80000000005,13914.80000000005,2.633334503704222,300.0,False
6058,25095.50000000006,15095.500000000058,1.7281305084159926,257.5,False
6059,26675.900000000012,16675.900000000012,1.8291734879594665,250.0,False
6060,25273.900000000023,15273.900000000023,2.040680975241436,400.0,False
6061,25153.800000000017,15153.800000000017,1.9277975555526972,300.0,False
6062,25794.200000000048,15794.200000000048,1.6654823236809355,300.0,False
6063,25108.10000000002,15108.10000000002,1.612632719672826,250.0,False
6064,24479.60000000001,14479.60000000001,2.7612735899050453,442.89999999999964,False
6065,25436.400000000023,15436.400000000023,2.03668286192847,395.19999999999345,False
6066,27572.100000000006,17572.100000000006,1.1197393246852128,200.0,False
6067,27205.400000000038,17205.400000000038,1.1450294272562795,150.0,False
6068,26881.000000000022,16881.000000000022,1.546312045770837,200.0,False
6069,28050.300000000032,18050.300000000032,0.9523809523809511,250.0,False
6070,27469.000000000036,17469.000000000036,0.9239787263138041,250.0,False
6071,26442.399999999998,16442.399999999998,1.4150943396226416,250.0,False
6072,27383.000000000087,17383.000000000087,1.3668173203090823,200.0,False
6073,25033.300000000036,15033.300000000036,2.284795145267274,250.0,False
6074,25305.600000000057,15305.600000000057,1.6085021937644373,300.0,False
6075,26338.90000000005,16338.900000000049,1.174154538423687,248.9000000000051,False
6076,24136.499999999978,14136.499999999978,1.8072398026494136,200.0,False
6077,27404.09999999999,17404.09999999999,1.2521913348359641,150.0,False
6078,24887.9,14887.900000000001,1.3778469763148113,200.0,False
6079,26939.89999999999,16939.89999999999,4.477611940298507,450.0,False
6080,27477.19999999996,17477.19999999996,1.5867039586919762,200.0,False
6081,25553.999999999996,15553.999999999996,1.890655301127371,350.0,False
6082,27074.100000000028,17074.100000000028,1.8958783604443938,250.0,False
6083,26965.300000000017,16965.300000000017,1.6419359832616343,350.0,False
6084,27344.80000000006,17344.80000000006,1.5097302112112556,200.0,False
6085,25339.30000000002,15339.300000000021,2.1859070202589868,250.0,False
6086,23691.099999999988,13691.099999999988,1.5,210.79999999999563,False
6087,25915.600000000042,15915.600000000042,1.5061677569647698,300.0,False
6088,25940.100000000013,15940.100000000013,1.9316872721226324,325.29999999999563,False
6089,26755.700000000033,16755.700000000033,1.8583906337112048,300.0,False
6090,27070.40000000002,17070.40000000002,1.478342285517174,150.0,False
6091,24932.499999999964,14932.499999999964,1.9330208282994255,250.0,False
6092,27251.500000000025,17251.500000000025,1.5,200.0,False
6093,28402.800000000032,18402.800000000032,1.7391304347826073,250.0,False
6094,25853.600000000006,15853.600000000006,1.2570815594515774,200.0,False
6095,25977.89999999999,15977.89999999999,1.3403334488092196,274.7000000000007,False
6096,27157.60000000002,17157.60000000002,1.3494821362302205,250.0,False
6097,25238.19999999999,15238.19999999999,1.815580586359907,250.0,False
6098,27433.1,17433.1,1.477832512315271,197.20000000000073,False
6099,25923.30000000006,15923.300000000061,1.4684287812041084,300.0,False
6100,27025.40000000002,17025.40000000002,1.3574660633484164,250.0,False
6101,26023.90000000003,16023.90000000003,2.669146794044118,295.600000000004,False
6102,27080.50000000004,17080.50000000004,1.4538264712723898,293.2999999999993,False
6103,27911.600000000024,17911.600000000024,1.4851485148514851,200.0,False
6104,26379.70000000001,16379.700000000012,0.9886209726053126,200.0,False
6105,27582.70000000001,17582.70000000001,1.8144045577842476,200.0,False
6106,21265.00000000003,11265.00000000003,2.8441410693970393,450.0,False
6107,25850.499999999993,15850.499999999993,2.6080606461035583,300.0,False
6108,27336.000000000007,17336.000000000007,1.8783011142082227,250.0,False
6109,24844.000000000022,14844.000000000022,2.040108533773994,300.0,False
6110,26908.29999999999,16908.29999999999,1.1854427628719333,300.0,False
6111,26789.40000000006,16789.40000000006,1.3106732491589848,250.0,False
6112,27232.500000000015,17232.500000000015,1.3373766280222192,250.0,False
6113,28977.3,18977.3,1.7908052893225033,250.0,False
6114,27781.90000000004,17781.90000000004,2.0537395173712123,300.0,False
6115,26541.100000000013,16541.100000000013,1.3119801278743304,200.0,False
6116,26443.699999999997,16443.699999999997,1.6843239965639796,300.0,False
6117,26963.50000000003,16963.50000000003,1.593028905509489,245.1999999999971,False
6118,24439.000000000033,14439.000000000033,2.1013877564743733,250.0,False
6119,25786.700000000037,15786.700000000037,2.380907030342278,250.0,False
6120,26418.200000000033,16418.200000000033,2.2119391628252645,350.0,False
6121,24255.20000000001,14255.200000000012,2.01977766287487,500.0,False
6122,26270.599999999995,16270.599999999995,1.8468073318251061,300.0,False
6123,28551.400000000034,18551.400000000034,1.1669882367585729,200.0,False
6124,25356.600000000017,15356.600000000017,1.9656406022722828,250.0,False
6125,24844.399999999987,14844.399999999987,1.8624979822938532,450.0,False
6126,27580.60000000005,17580.60000000005,1.3630044252210336,250.0,False
6127,27248.300000000043,17248.300000000043,1.413293923243405,242.89999999999782,False
6128,26408.20000000004,16408.20000000004,1.3789204431850297,200.0,False
6129,26480.00000000002,16480.00000000002,1.2253743746842838,200.0,False
6130,25703.9,15703.900000000001,1.2758356723654005,241.5,False
6131,27494.900000000052,17494.900000000052,1.7895330213580758,200.0,False
6132,26198.800000000047,16198.800000000047,1.4980291247018864,200.0,False
6133,25451.200000000063,15451.200000000063,1.913454455000334,250.0,False
6134,27611.400000000038,17611.400000000038,1.9034747932350504,200.0,False
6135,25207.800000000032,15207.800000000032,2.70646458397773,350.0,False
6136,25711.700000000026,15711.700000000026,2.467605819162876,450.0,False
6137,28099.400000000023,18099.400000000023,2.1421349373639718,250.0,False
6138,25541.30000000003,15541.300000000028,2.3044129508007813,300.0,False
6139,23673.50000000003,13673.50000000003,3.598517914993473,556.4999999999964,False
6140,27187.50000000003,17187.50000000003,1.7615743974174487,227.00000000000728,False
6141,25086.100000000035,15086.100000000035,1.4218009478672986,250.0,False
6142,26997.70000000002,16997.70000000002,1.18968306843057,200.0,False
6143,27711.10000000003,17711.10000000003,0.9785246457740769,150.0,False
6144,26789.70000000001,16789.70000000001,2.868507611106861,300.0,False
6145,24368.700000000033,14368.700000000033,1.807566473257054,200.0,False
6146,27290.6,17290.6,2.0319091005144783,250.0,False
6147,24442.400000000023,14442.400000000023,1.9136872378931908,350.0,False
6148,26211.800000000032,16211.800000000032,1.7148246591785987,237.5,False
6149,28065.10000000003,18065.10000000003,1.3606645485655187,200.0,False
6150,28125.90000000001,18125.90000000001,1.595341602520639,200.0,False
6151,25504.699999999993,15504.699999999993,1.9806215982824042,250.0,False
6152,26670.300000000007,16670.300000000007,1.8662008629312803,250.0,False
6153,29768.700000000023,19768.700000000023,1.6334211024939056,275.29999999999563,False
6154,25242.900000000027,15242.900000000027,1.7938989496721645,200.0,False
6155,26216.899999999994,16216.899999999994,1.767299654492919,225.10000000000218,False
6156,25785.00000000003,15785.00000000003,1.989305493666051,250.0,False
6157,26169.40000000003,16169.40000000003,2.0,250.0,False
6158,26611.200000000008,16611.200000000008,1.2474701804245985,289.70000000000437,False
6159,25696.1,15696.099999999999,1.8348287187391048,208.8000000000029,False
6160,24935.69999999998,14935.699999999979,1.3398270283306437,200.0,False
6161,31078.000000000015,21078.000000000015,0.8825891635702499,200.0,False
6162,26604.200000000055,16604.200000000055,1.3570485099607337,300.0,False
6163,24809.60000000002,14809.60000000002,1.3512174469196752,250.0,False
6164,28181.60000000003,18181.60000000003,1.4639145073927688,150.0,False
6165,25017.80000000006,15017.800000000061,1.7467248908296942,250.0,False
6166,26215.199999999975,16215.199999999975,1.6576188305499135,200.0,False
6167,25706.600000000017,15706.600000000017,2.05824843058557,327.0000000000073,False
6168,27154.500000000007,17154.500000000007,1.3913333843488906,200.0,False
6169,26892.900000000056,16892.900000000056,1.0616567791031963,250.0,False
6170,27529.100000000002,17529.100000000002,1.5705465932532883,423.2999999999993,False
6171,28254.399999999987,18254.399999999987,1.5545454545454875,277.0000000000073,False
6172,27247.900000000023,17247.900000000023,2.010923335558755,250.0,False
6173,27136.899999999994,17136.899999999994,1.4705882352941175,150.0,False
6174,26388.40000000003,16388.40000000003,1.1743429551166111,200.0,False
6175,27657.70000000001,17657.70000000001,1.41320754716977,250.0,False
6176,28038.600000000028,18038.600000000028,2.2953271028037756,245.600000000004,False
6177,29948.80000000004,19948.80000000004,1.3865106380028698,221.00000000000364,False
6178,28962.20000000001,18962.20000000001,1.767580800537345,200.0,False
6179,23397.100000000028,13397.100000000028,1.980543144151851,347.69999999999345,False
6180,25237.90000000001,15237.900000000009,1.7396598964902366,300.0,False
6181,26325.100000000028,16325.100000000028,1.1725528821349847,200.0,False
6182,25457.400000000052,15457.400000000052,1.745322535604577,250.0,False
6183,25368.999999999985,15368.999999999985,1.508140944820139,250.0,False
6184,27303.900000000023,17303.900000000023,1.4018691588785046,250.0,False
6185,26542.700000000023,16542.700000000023,1.3953488372093024,150.0,False
6186,24784.100000000035,14784.100000000035,1.978333293766668,250.0,False
6187,26846.800000000014,16846.800000000014,1.5197234469524976,223.29999999999927,False
6188,25427.999999999993,15427.999999999993,1.3397761680615212,200.0,False
6189,24699.500000000036,14699.500000000036,1.7574846879146542,300.0,False
6190,24652.800000000025,14652.800000000025,1.5414373346228492,283.7000000000007,False
6191,25326.800000000003,15326.800000000003,1.8128994770482414,358.8000000000029,False
6192,25343.79999999998,15343.799999999981,2.608425138807213,385.7000000000062,False
6193,26435.300000000032,16435.300000000032,1.638887523149286,200.0,False
6194,26219.500000000036,16219.500000000036,1.5438318395291786,366.2000000000007,False
6195,27573.900000000023,17573.900000000023,1.350536162856654,250.0,False
6196,23996.900000000016,13996.900000000016,3.199297366486062,469.9000000000069,False
6197,27016.000000000015,17016.000000000015,1.951219512195122,300.0,False
6198,25154.000000000022,15154.000000000022,3.150649373898013,352.0000000000073,False
6199,25372.600000000028,15372.600000000028,1.6828878355257604,300.0,False
6200,23251.00000000005,13251.000000000051,1.3208876364917208,207.5,False
6201,28777.70000000001,18777.70000000001,1.3489715161669857,200.0,False
6202,25780.000000000065,15780.000000000065,1.4801469829604246,250.0,False
6203,24479.399999999994,14479.399999999994,2.5399620698997563,300.0,False
6204,29122.699999999997,19122.699999999997,2.0992174117489,250.0,False
6205,24899.000000000033,14899.000000000033,2.170531418442281,300.0,False
6206,26230.80000000001,16230.80000000001,1.920965971459934,350.0,False
6207,24777.300000000003,14777.300000000003,1.1826004578826514,187.79999999999927,False
6208,24848.600000000013,14848.600000000013,1.6351548958873516,350.0,False
6209,25826.199999999997,15826.199999999997,1.3874652013420778,247.6999999999971,False
6210,28011.900000000023,18011.900000000023,2.0,223.29999999999927,False
6211,26707.70000000001,16707.70000000001,1.0348838653326313,250.0,False
6212,27205.200000000033,17205.200000000033,1.7478392337472806,200.0,False
6213,23610.199999999997,13610.199999999997,2.092152336585466,300.0,False
6214,26128.20000000005,16128.200000000052,2.4008450974743103,300.0,False
6215,25550.39999999998,15550.39999999998,1.4078954778397257,250.0,False
6216,25382.60000000002,15382.60000000002,2.5703106260494097,342.89999999999964,False
6217,27460.30000000006,17460.30000000006,1.2258707768751729,150.0,False
6218,27174.400000000063,17174.400000000063,1.2846287743999156,242.89999999999782,False
6219,26327.70000000006,16327.700000000059,1.2755427434373312,250.0,False
6220,27809.50000000002,17809.50000000002,1.9374212922600034,200.0,False
6221,27812.700000000008,17812.700000000008,1.477832512315271,200.0,False
6222,25417.300000000025,15417.300000000025,1.4971314960535609,295.1999999999971,False
6223,25661.400000000023,15661.400000000023,1.5798786653185035,200.0,False
6224,28044.80000000004,18044.80000000004,1.189532117367169,300.0,False
6225,28671.69999999998,18671.69999999998,2.0,300.0,False
6226,27302.10000000002,17302.10000000002,2.030690502460519,300.0,False
6227,27726.80000000001,17726.80000000001,2.006937134376808,348.9000000000051,False
6228,27372.59999999999,17372.59999999999,1.5611650485436823,200.0,False
6229,26490.400000000038,16490.400000000038,0.951945777168532,200.0,False
6230,24674.699999999993,14674.699999999993,1.4227989300552035,250.0,False
6231,27907.900000000067,17907.900000000067,1.44029958231312,200.0,False
6232,28774.899999999994,18774.899999999994,1.8394187436769995,200.0,False
6233,27738.70000000001,17738.70000000001,1.510510129480917,249.99999999999818,False
6234,27992.999999999993,17992.999999999993,1.6901027582477017,250.0,False
6235,25741.700000000037,15741.700000000037,1.4450031790069946,200.0,False
6236,27779.900000000016,17779.900000000016,1.6286910210264005,200.0,False
6237,28272.300000000003,18272.300000000003,1.7590355794263202,300.0,False
6238,27558.300000000025,17558.300000000025,2.1663461538461295,300.40000000000146,False
6239,22674.2,12674.2,2.3540211534623654,375.29999999999563,False
6240,25352.699999999997,15352.699999999997,2.7566055159676384,400.0,False
6241,26569.200000000037,16569.200000000037,1.932367149758454,200.0,False
6242,26504.600000000006,16504.600000000006,1.6667572794420344,214.60000000000036,False
6243,26146.900000000016,16146.900000000016,3.0,350.0,False
6244,26865.4,16865.4,1.8604305036185365,200.0,False
6245,26998.300000000032,16998.300000000032,1.2758356723653976,225.6999999999971,False
6246,28599.600000000024,18599.600000000024,0.9835549610512233,150.0,False
6247,26913.20000000001,16913.20000000001,1.767597865109089,277.20000000000255,False
6248,24181.500000000007,14181.500000000007,1.7375561355247093,300.0,False
6249,26646.899999999983,16646.899999999983,2.90444379901249,300.0,False
6250,26086.19999999999,16086.19999999999,1.5224291880123941,250.0,False
6251,26592.50000000002,16592.50000000002,2.0958904109588876,229.49999999999818,False
6252,23897.20000000002,13897.200000000019,1.9217908015405065,300.0,False
6253,24559.200000000048,14559.200000000048,1.9500276292750445,300.0,False
6254,30153.400000000023,20153.400000000023,1.0635356178078401,200.0,False
6255,24312.70000000004,14312.70000000004,2.6683160839764652,371.00000000000364,False
6256,23693.700000000026,13693.700000000026,2.824938557586372,400.0,False
6257,27509.399999999994,17509.399999999994,3.5394855989960137,445.600000000004,False
6258,25163.3,15163.3,1.5771923974657975,250.0,False
6259,26031.900000000016,16031.900000000016,1.837334098889205,332.7999999999993,False
6260,26509.000000000044,16509.000000000044,1.1632573532405432,200.0,False
6261,31049.800000000017,21049.800000000017,1.7777777777777777,200.0,False
6262,25886.500000000007,15886.500000000007,1.8666606933524479,250.0,False
6263,27436.400000000005,17436.400000000005,1.4234933339840727,350.0,False
6264,25781.00000000003,15781.00000000003,1.5503240767295767,300.0,False
6265,27512.599999999984,17512.599999999984,1.8830973184694189,200.0,False
6266,25952.79999999998,15952.799999999981,1.9117647058823832,350.0,False
6267,26922.70000000004,16922.70000000004,1.884108486966679,200.0,False
6268,25767.900000000038,15767.900000000038,2.1812532552667943,250.0,False
6269,28052.50000000001,18052.50000000001,1.7686843818094353,267.19999999999345,False
6270,22466.40000000003,12466.40000000003,3.1251953247077933,350.0,False
6271,28861.600000000013,18861.600000000013,1.3557851351717771,250.0,False
6272,25967.499999999993,15967.499999999993,2.343001823500876,357.20000000000255,False
6273,28472.100000000017,18472.100000000017,1.0248631807653676,200.0,False
6274,27206.899999999994,17206.899999999994,1.6260162601626018,300.0,False
6275,26234.800000000032,16234.800000000032,1.477832512315271,250.0,False
6276,24658.300000000017,14658.300000000017,1.7860172707870092,279.6000000000204,False
6277,26725.600000000013,16725.600000000013,1.642964170237374,250.0,False
6278,25597.300000000025,15597.300000000025,1.7440927578292305,357.8999999999978,False
6279,25450.900000000038,15450.900000000038,1.7910747164728709,250.0,False
6280,28452.500000000022,18452.500000000022,1.2954486570515593,150.0,False
6281,26711.60000000002,16711.60000000002,1.5,200.0,False
6282,26613.600000000013,16613.600000000013,1.488913691332308,258.7999999999993,False
6283,27143.800000000032,17143.800000000032,1.8086322399548573,300.0,False
6284,26385.40000000005,16385.40000000005,1.7447744006699923,387.7999999999993,False
6285,28049.800000000032,18049.800000000032,0.9957065135137277,250.0,False
6286,24475.400000000074,14475.400000000074,2.901115104598616,314.79999999999563,False
6287,25403.500000000022,15403.500000000022,3.20715470397962,350.0,False
6288,25716.4,15716.400000000001,1.5207120987854577,300.0,False
6289,24959.100000000042,14959.100000000042,1.5236000942432872,232.79999999999745,False
6290,24683.200000000033,14683.200000000033,1.3080615835393525,200.0,False
6291,25387.100000000035,15387.100000000035,2.0937848091724507,300.0,False
6292,28582.399999999983,18582.399999999983,0.9772687293551978,250.0,False
6293,23510.800000000017,13510.800000000017,1.7015194568749905,300.0,False
6294,25475.80000000001,15475.80000000001,1.5948047640007919,257.20000000000437,False
6295,23567.29999999999,13567.299999999988,1.6972021622355535,264.70000000001164,False
6296,25079.000000000015,15079.000000000015,2.0992811893780177,260.7999999999993,False
6297,26004.100000000006,16004.100000000006,1.5,200.0,False
6298,25446.900000000005,15446.900000000005,1.9050667154363747,250.0,False
6299,27193.800000000025,17193.800000000025,1.5032274625445419,240.10000000000218,False
6300,27128.69999999999,17128.69999999999,1.4705882352941175,300.0,False
6301,24968.50000000003,14968.50000000003,1.8779342723004695,250.0,False
6302,28688.4,18688.4,1.7699741583772874,200.0,False
6303,25222.9,15222.900000000001,2.1956238080899304,350.0,False
6304,26832.2,16832.2,1.4599439630571398,225.10000000000218,False
6305,26028.80000000001,16028.80000000001,2.0332405788345462,350.0,False
6306,26257.899999999998,16257.899999999998,1.2882724266758283,250.0,False
6307,27126.20000000002,17126.20000000002,1.3493091537132984,250.0,False
6308,24550.300000000007,14550.300000000007,1.7793910923681922,250.0,False
6309,27643.40000000001,17643.40000000001,2.5,250.0,False
6310,30109.80000000004,20109.80000000004,1.5874979775579734,166.79999999999382,False
6311,24777.20000000002,14777.200000000019,1.5562298130566632,197.29999999999563,False
6312,26360.800000000017,16360.800000000017,2.4386675120714036,300.0,False
6313,24903.900000000023,14903.900000000023,1.4654110191867313,200.0,False
6314,27046.500000000007,17046.500000000007,3.5000000000000004,350.0,False
6315,26899.600000000046,16899.600000000046,1.9607843137254901,357.2000000000007,False
6316,27319.800000000047,17319.800000000047,2.0666793422999645,250.0,False
6317,28445.600000000006,18445.600000000006,2.023704323307002,300.0,False
6318,21929.200000000048,11929.200000000048,2.398880796609437,349.79999999999563,False
6319,25126.70000000002,15126.700000000019,1.9270793185847526,264.60000000000036,False
6320,27935.40000000001,17935.40000000001,1.1690778898144083,200.0,False
6321,25462.699999999997,15462.699999999997,2.1916367142982365,250.0,False
6322,27785.20000000002,17785.20000000002,1.6323365675202872,275.29999999999563,False
6323,25465.500000000047,15465.500000000047,1.2985296547166891,200.0,False
6324,24371.30000000009,14371.30000000009,1.5601085840612894,247.69999999999527,False
6325,25522.500000000044,15522.500000000044,2.208870825234138,250.0,False
6326,27506.4,17506.4,1.716233525348008,350.0,False
6327,28529.40000000001,18529.40000000001,2.0,207.5,False
6328,24560.800000000017,14560.800000000017,2.862332639967181,390.7999999999993,False
6329,26783.800000000017,16783.800000000017,1.3974775530168042,200.0,False
6330,23424.999999999993,13424.999999999993,1.7337461300309605,350.0,False
6331,25257.000000000044,15257.000000000044,0.983913022088847,150.0,False
6332,27500.800000000017,17500.800000000017,1.4218009478672986,200.0,False
6333,26559.100000000035,16559.100000000035,1.5,250.0,False
6334,26825.300000000007,16825.300000000007,1.4288163685203186,221.00000000000364,False
6335,23971.400000000023,13971.400000000023,2.1113463754215234,350.0000000000018,False
6336,24002.000000000007,14002.000000000007,1.8437258010988598,400.0,False
6337,24344.800000000025,14344.800000000025,3.313295782647795,350.0,False
6338,25978.000000000047,15978.000000000047,1.9461007924522415,250.0,False
6339,25817.400000000023,15817.400000000023,1.380668795964765,200.0,False
6340,25923.699999999997,15923.699999999997,1.4925373134328357,258.7999999999993,False
6341,26817.499999999978,16817.499999999978,1.0118316851719433,200.0,False
6342,28793.600000000028,18793.600000000028,1.5357798306034842,221.00000000000728,False
6343,25583.200000000033,15583.200000000033,1.9417475728155338,200.0,False
6344,28561.30000000001,18561.30000000001,1.4354066985645932,200.0,False
6345,23895.20000000001,13895.200000000012,1.8440172178521923,350.0,False
6346,26582.200000000004,16582.200000000004,1.9838750634840023,300.0,False
6347,27482.79999999999,17482.79999999999,1.7131853598031896,250.0,False
6348,26680.20000000004,16680.20000000004,1.2303755106058367,150.0,False
6349,24676.40000000003,14676.40000000003,1.6886044528499424,350.0,False
6350,23803.30000000001,13803.30000000001,2.3072413927859263,326.2000000000007,False
6351,25295.90000000002,15295.90000000002,1.3543528901890678,323.3000000000029,False
6352,29055.100000000013,19055.100000000013,1.8687571830354215,200.0,False
6353,27046.800000000047,17046.800000000047,1.3665122507823275,300.0,False
6354,24519.60000000001,14519.60000000001,2.767261510994943,350.0,False
6355,26911.90000000002,16911.90000000002,1.4713780190837715,250.0,False
6356,25418.80000000001,15418.80000000001,1.932367149758454,250.0,False
6357,23638.700000000026,13638.700000000026,1.9690776052865795,300.0,False
6358,28023.30000000006,18023.30000000006,1.5056384937494403,295.1999999999971,False
6359,26112.000000000007,16112.000000000007,2.378709597617485,250.0,False
6360,27644.000000000007,17644.000000000007,2.0333468889792643,250.0,False
6361,28509.800000000032,18509.800000000032,1.070686738474057,250.0,False
6362,26467.300000000025,16467.300000000025,1.5418535772527238,303.50000000000364,False
6363,23875.700000000026,13875.700000000026,3.316812448470948,350.0,False
6364,26892.800000000036,16892.800000000036,2.037174357678924,264.59999999999854,False
6365,25451.499999999985,15451.499999999985,1.0970766564029062,158.8000000000029,False
6366,27220.70000000004,17220.70000000004,3.1885041449636407,347.69999999999527,False
6367,25973.90000000003,15973.90000000003,1.4426184101191009,250.0,False
6368,27511.800000000017,17511.800000000017,1.65599927136032,245.60000000000582,False
6369,26440.4,16440.4,3.5000000000000004,350.0,False
6370,26194.900000000023,16194.900000000023,2.1289460014136203,308.7999999999993,False
6371,27066.500000000025,17066.500000000025,1.943785717062551,200.0,False
6372,27573.30000000001,17573.30000000001,1.7784628153066344,300.0,False
6373,27154.300000000007,17154.300000000007,2.2003070195840935,236.49999999999636,False
6374,25644.30000000001,15644.30000000001,1.749922077261203,275.1000000000022,False
6375,29080.800000000003,19080.800000000003,2.327692558366891,300.0,False
6376,25765.599999999984,15765.599999999984,1.7640542199705067,273.2999999999993,False
6377,23494.09999999999,13494.099999999991,1.477832512315271,200.0,False
6378,25698.00000000001,15698.000000000011,1.3627589386038204,236.5,False
6379,27026.70000000001,17026.70000000001,1.5,368.8000000000029,False
6380,28412.90000000002,18412.90000000002,1.6116165319623863,257.70000000000437,False
6381,26254.00000000007,16254.00000000007,1.091099537373796,182.79999999999563,False
6382,24581.200000000026,14581.200000000026,1.7617006283398913,340.39999999999054,False
6383,24858.800000000054,14858.800000000054,2.016633190555703,256.1999999999971,False
6384,27492.400000000052,17492.400000000052,2.0364442055016574,250.0,False
6385,29800.899999999994,19800.899999999994,1.0035448393253974,242.89999999999782,False
6386,24726.50000000005,14726.500000000051,2.0584371253019236,358.8000000000029,False
6387,25685.800000000017,15685.800000000017,3.2869027880239834,450.0,False
6388,30109.900000000023,20109.900000000023,1.1840484986265032,200.0,False
6389,26959.200000000048,16959.200000000048,1.6728836912323346,300.0,False
6390,25719.500000000015,15719.500000000015,1.7644650847649008,350.0,False
6391,26094.299999999996,16094.299999999996,1.2492036326841642,300.0,False
6392,28031.400000000012,18031.400000000012,1.2571895527548163,200.0,False
6393,27133.400000000005,17133.400000000005,1.9385320671750244,207.20000000000255,False
6394,26169.80000000005,16169.80000000005,1.8595814071779915,250.0,False
6395,25527.50000000003,15527.50000000003,1.471008283347633,200.0,False
6396,27820.80000000002,17820.80000000002,1.9072140370953137,200.0,False
6397,25382.900000000016,15382.900000000016,1.9253478461775428,300.0,False
6398,26531.300000000017,16531.300000000017,1.3555554049382867,200.0,False
6399,23489.100000000028,13489.100000000028,2.8847349046231265,325.1000000000022,False
6400,24604.30000000004,14604.30000000004,1.8249107618637443,250.00000000000182,False
6401,23854.90000000001,13854.900000000009,2.0771368963985934,341.49999999999636,False
6402,26775.100000000028,16775.100000000028,1.237525740535402,250.0,False
6403,26079.20000000002,16079.200000000019,1.4720000000000255,200.0,False
6404,26583.10000000002,16583.10000000002,1.4634146341463417,200.0,False
6405,24593.500000000004,14593.500000000004,1.806358381502889,250.0,False
6406,26502.900000000027,16502.900000000027,2.333885686279083,300.0,False
6407,26835.60000000003,16835.60000000003,1.2296371602158966,248.5999999999949,False
6408,24530.300000000054,14530.300000000054,1.8765070697403845,250.40000000000146,False
6409,26620.20000000001,16620.20000000001,2.4617000500545676,300.0,False
6410,27818.8,17818.8,2.270000000000073,227.00000000000728,False
6411,24367.70000000001,14367.700000000012,1.92651006280423,300.0,False
6412,25966.700000000037,15966.700000000037,1.5622656601509766,250.0,False
6413,26428.29999999999,16428.29999999999,3.738536585365914,383.2000000000062,False
6414,26457.40000000001,16457.40000000001,1.9827893881111942,250.0,False
6415,26504.100000000024,16504.100000000024,1.9365733496521906,425.29999999999563,False
6416,28076.800000000003,18076.800000000003,1.0238321162864479,200.0,False
6417,25070.90000000001,15070.900000000009,2.5708981136354416,362.80000000000655,False
6418,26796.40000000003,16796.40000000003,1.3972726038846741,195.600000000004,False
6419,25726.10000000005,15726.10000000005,1.0785915751212054,200.0,False
6420,25839.100000000028,15839.100000000028,1.2361122785504857,250.0,False
6421,26075.50000000003,16075.50000000003,1.562902935913164,200.0,False
6422,27116.400000000005,17116.400000000005,1.201882628949987,250.0,False
6423,27070.500000000015,17070.500000000015,2.668272712718512,350.0,False
6424,25069.700000000004,15069.700000000004,2.1566502463053614,250.0,False
6425,25699.600000000028,15699.600000000028,1.5898756717224714,250.0,False
6426,26698.399999999994,16698.399999999994,1.6774301769688835,200.0,False
6427,28527.200000000015,18527.200000000015,1.2111816287970538,200.0,False
6428,25669.20000000002,15669.200000000019,1.682244248406916,250.0,False
6429,27432.10000000001,17432.10000000001,1.3276328948830987,227.00000000000728,False
6430,26703.700000000026,16703.700000000026,1.706208037946066,200.0,False
6431,26624.800000000025,16624.800000000025,1.1070356046586112,200.0,False
6432,25149.80000000006,15149.800000000061,1.4488218180975219,250.0,False
6433,27946.00000000005,17946.00000000005,2.141070878010345,300.0,False
6434,23167.800000000043,13167.800000000043,2.4271560635020006,248.90000000000327,False
6435,28052.700000000004,18052.700000000004,1.1628177399474404,200.0,False
6436,25456.300000000047,15456.300000000047,1.5047248359849914,300.0,False
6437,26751.300000000017,16751.300000000017,2.7425813175360636,300.0,False
6438,28208.60000000002,18208.60000000002,1.1393414606357515,250.0,False
6439,26712.100000000042,16712.100000000042,1.8494588531433567,385.0,False
6440,25523.000000000022,15523.000000000022,1.7709182439513347,300.0,False
6441,25962.799999999996,15962.799999999996,1.3037724656292973,200.0,False
6442,28633.90000000004,18633.90000000004,1.6634001708628294,200.0,False
6443,27095.700000000023,17095.700000000023,1.71498640873271,200.0,False
6444,28855.30000000002,18855.30000000002,1.2292663738280987,200.0,False
6445,30832.700000000055,20832.700000000055,1.2006339347175317,150.0,False
6446,29013.399999999994,19013.399999999994,2.0574607642232277,250.0,False
6447,27201.900000000023,17201.900000000023,2.0523092583775275,250.0,False
6448,27237.500000000036,17237.500000000036,1.390150321588107,203.09999999999127,False
6449,29999.6,19999.6,0.9624330307016147,150.0,False
6450,24707.60000000002,14707.60000000002,1.788387886608589,250.0,False
6451,26170.200000000023,16170.200000000023,1.7094017094017095,350.0,False
6452,24254.900000000016,14254.900000000016,1.4783131461460355,300.0,False
6453,26664.900000000038,16664.900000000038,2.718924393509924,400.0,False
6454,27768.3,17768.3,2.200462097040378,300.0,False
6455,27793.099999999977,17793.099999999977,1.3787525047337175,296.59999999999854,False
6456,25968.600000000035,15968.600000000035,1.9230769230769231,258.8000000000029,False
6457,28329.000000000007,18329.000000000007,1.314659327946151,250.0,False
6458,27739.900000000045,17739.900000000045,1.3092863249603006,276.1999999999971,False
6459,24923.200000000015,14923.200000000015,1.4851485148514851,198.9000000000051,False
6460,28104.199999999983,18104.199999999983,1.073798598334895,300.0,False
6461,25835.800000000047,15835.800000000047,1.9503061980730967,300.0,False
6462,26040.700000000004,16040.700000000004,1.6427158692923847,350.0,False
6463,25558.800000000003,15558.800000000003,1.6343368614692149,238.100000000004,False
6464,28464.700000000026,18464.700000000026,2.0227530936223346,300.0,False
6465,27994.800000000014,17994.800000000014,1.192136666547453,200.0,False
6466,27902.500000000007,17902.500000000007,1.3496223756592913,250.0,False
6467,25607.20000000004,15607.20000000004,2.7409919258209277,350.0,False
6468,26609.300000000003,16609.300000000003,1.423609133876203,236.5,False
6469,27335.100000000002,17335.100000000002,1.795122651755181,250.0,False
6470,27084.79999999997,17084.79999999997,1.7992892807341097,200.0,False
6471,27881.299999999996,17881.299999999996,1.983969526228078,250.0,False
6472,27524.100000000035,17524.100000000035,1.923969766189413,207.20000000000255,False
6473,25772.79999999999,15772.799999999988,2.175180322448729,386.49999999999636,False
6474,28290.00000000002,18290.00000000002,1.3964822611840755,200.0,False
6475,27529.100000000046,17529.100000000046,1.983292741941879,250.0,False
6476,27934.300000000032,17934.300000000032,1.8691588785046727,200.0,False
6477,24553.800000000065,14553.800000000065,3.377999999999975,350.0,False
6478,25823.300000000017,15823.300000000017,2.1585684374123093,300.0,False
6479,26992.300000000017,16992.300000000017,1.8957345971563981,347.20000000000437,False
6480,24250.00000000003,14250.00000000003,2.1893303424757975,386.4999999999927,False
6481,27365.90000000002,17365.90000000002,1.448199535712359,214.60000000000036,False
6482,26931.200000000015,16931.200000000015,1.5610657708230562,250.0,False
6483,27055.199999999968,17055.199999999968,1.2505002000800336,200.0,False
6484,27735.300000000036,17735.300000000036,1.8779342723004695,200.0,False
6485,26616.60000000001,16616.60000000001,1.9671679666368302,200.0,False
6486,26614.400000000067,16614.400000000067,2.3683168316831757,300.0,False
6487,27696.700000000033,17696.700000000033,1.6110946421436574,250.0,False
6488,25651.899999999987,15651.899999999987,1.5391769355964102,300.0,False
6489,22974.600000000046,12974.600000000046,2.0442014764975216,350.0,False
6490,26659.40000000003,16659.40000000003,1.6720319810578643,250.0,False
6491,28557.20000000001,18557.20000000001,1.9154886411523582,250.0,False
6492,28699.300000000032,18699.300000000032,1.7045975816365757,278.6999999999989,False
6493,26269.2,16269.2,3.29890638212968,347.20000000000255,False
6494,27067.20000000003,17067.20000000003,1.4052509543996046,300.0,False
6495,25604.70000000003,15604.70000000003,1.3701727102701287,292.8999999999978,False
6496,26890.300000000054,16890.300000000054,0.850998125068921,192.89999999999782,False
6497,25295.40000000001,15295.400000000009,1.477832512315271,200.0,False
6498,26831.800000000003,16831.800000000003,1.7218579536062626,250.0,False
6499,25402.700000000023,15402.700000000023,2.5305893071532766,297.20000000000255,False
6500,27005.700000000004,17005.700000000004,2.4111207982176057,250.0,False
6501,27809.200000000004,17809.200000000004,2.412769738937958,287.79999999999745,False
6502,27450.000000000007,17450.000000000007,1.2190060844792965,200.0,False
6503,26434.60000000001,16434.60000000001,1.9417475728155338,300.0,False
6504,28988.50000000002,18988.50000000002,1.494958253290777,250.0,False
6505,25942.399999999972,15942.399999999972,2.22500335225498,316.7000000000007,False
6506,23258.600000000024,13258.600000000024,3.8244720316360303,500.0,False
6507,28309.900000000052,18309.900000000052,1.0,200.0,False
6508,26682.59999999999,16682.59999999999,1.5510705488928476,250.0,False
6509,23143.500000000015,13143.500000000015,3.19340152005912,350.0,False
6510,26014.800000000025,16014.800000000025,3.1865654401045163,400.0,False
6511,24022.699999999997,14022.699999999997,1.9355275764291444,400.0,False
6512,23571.900000000023,13571.900000000023,1.8336780648095174,250.0,False
6513,26959.300000000047,16959.300000000047,1.3299074916348808,250.0,False
6514,24821.200000000033,14821.200000000033,2.1213586878123687,250.0,False
6515,26283.200000000015,16283.200000000015,1.318749999999958,200.0,False
6516,26594.200000000037,16594.200000000037,1.863539233712667,300.0,False
6517,27019.19999999999,17019.19999999999,1.5372081226077194,300.0,False
6518,27278.2,17278.2,1.094203638591833,200.0,False
6519,29180.30000000001,19180.30000000001,1.7170259890679533,253.50000000000364,False
6520,26179.600000000035,16179.600000000035,2.5880000000000107,258.8000000000011,False
6521,25251.000000000015,15251.000000000015,2.0873831015981494,295.29999999998836,False
6522,25162.300000000014,15162.300000000014,2.058816263001426,250.0,False
6523,23147.000000000025,13147.000000000025,2.0439212134932947,300.0,False
6524,25079.20000000002,15079.200000000019,2.5,250.0,False
6525,27753.80000000001,17753.80000000001,2.3487410747839146,250.0,False
6526,25584.799999999996,15584.799999999996,1.283622897265242,200.0,False
6527,25016.100000000042,15016.100000000042,2.682727260533052,400.0,False
6528,24623.200000000015,14623.200000000015,2.8053638556920832,300.0,False
6529,26428.200000000015,16428.200000000015,2.5473596617106375,348.5999999999949,False
6530,28767.000000000015,18767.000000000015,1.209774981853375,250.0,False
6531,27336.800000000043,17336.800000000043,1.8874512801638308,250.0,False
6532,27233.100000000024,17233.100000000024,1.1933459032435132,150.0,False
6533,23712.90000000001,13712.900000000009,1.7997523540760791,250.0,False
6534,27020.899999999994,17020.899999999994,1.9967253703925554,250.0,False
6535,25177.700000000033,15177.700000000033,1.3360856698131478,200.0,False
6536,24502.300000000032,14502.300000000032,3.3574107648181717,350.0,False
6537,26732.30000000006,16732.30000000006,1.4883855352046125,205.99999999999454,False
6538,27306.200000000044,17306.200000000044,2.38703363330389,300.0,False
6539,25065.40000000001,15065.400000000009,2.237186514239692,300.0,False
6540,26173.000000000022,16173.000000000022,1.4786599791804664,250.0,False
6541,27094.20000000003,17094.20000000003,1.4994931713080966,350.0,False
6542,25004.800000000032,15004.800000000032,2.3912130889690655,450.0,False
6543,27263.700000000055,17263.700000000055,1.5032922099397656,300.0,False
6544,27222.50000000004,17222.50000000004,1.6325005568609032,227.20000000000255,False
6545,26059.09999999998,16059.09999999998,1.1240185912674996,206.20000000000073,False
6546,28909.200000000033,18909.200000000033,1.6842388924445049,250.0,False
6547,26652.499999999993,16652.499999999993,1.279896243077895,250.0,False
6548,27570.39999999998,17570.39999999998,1.5097416077238386,200.0,False
6549,26132.500000000007,16132.500000000007,1.3300332996302964,340.6999999999971,False
6550,24959.000000000033,14959.000000000033,1.811216866051459,200.0,False
6551,28059.90000000006,18059.90000000006,2.358486065659818,247.20000000000255,False
6552,28829.400000000016,18829.400000000016,0.9345794392523363,150.0,False
6553,25076.400000000023,15076.400000000023,1.686455008273996,250.0,False
6554,29884.799999999996,19884.799999999996,1.3996193035494342,200.0,False
6555,25581.600000000042,15581.600000000042,1.9104189057700454,300.39999999999964,False
6556,24010.200000000004,14010.200000000004,1.9064807636090964,350.0,False
6557,25185.300000000025,15185.300000000025,2.300565219176385,336.1999999999989,False
6558,27444.00000000003,17444.00000000003,1.712985802773665,250.0,False
6559,23954.30000000004,13954.30000000004,1.9954102309532329,300.0,False
6560,24268.000000000084,14268.000000000084,1.6643919976032713,250.0,False
6561,28470.20000000004,18470.20000000004,1.8342733984500397,250.0,False
6562,29082.20000000004,19082.20000000004,1.220077596935164,150.0,False
6563,25954.300000000032,15954.300000000032,1.9269493501363322,200.0,False
6564,26378.999999999985,16378.999999999985,2.1313614615049943,470.3999999999978,False
6565,26254.800000000014,16254.800000000014,1.7127540228310096,298.7000000000007,False
6566,26816.000000000022,16816.000000000022,1.2218545797553348,250.0,False
6567,26808.00000000003,16808.00000000003,1.2229244526190146,250.0,False
6568,23029.70000000004,13029.70000000004,1.6882338541534785,299.79999999999563,False
6569,26365.90000000001,16365.900000000009,1.477832512315271,250.0,False
6570,27385.700000000033,17385.700000000033,1.2355502399438547,250.0,False
6571,27730.500000000004,17730.500000000004,1.221458124461654,200.0,False
6572,26640.700000000004,16640.700000000004,1.9919425922144924,400.0,False
6573,28565.00000000001,18565.00000000001,2.3053692048781604,300.0,False
6574,25335.69999999998,15335.699999999979,1.6617919598078303,200.0,False
6575,25645.600000000042,15645.600000000042,1.3274212733639215,237.70000000000437,False
6576,28945.50000000004,18945.50000000004,1.1231239938045254,150.0,False
6577,25633.600000000024,15633.600000000024,1.5675666593860635,350.0,False
6578,26973.40000000003,16973.40000000003,2.1886730984236813,295.600000000004,False
6579,26500.40000000001,16500.40000000001,2.401176576522498,400.0,False
6580,30194.90000000002,20194.90000000002,1.1539615500011549,208.8000000000029,False
6581,27775.399999999994,17775.399999999994,1.5253539977398387,292.90000000000146,False
6582,25683.60000000006,15683.60000000006,3.3011743927902364,400.0,False
6583,25827.80000000007,15827.800000000068,2.0260304390813144,350.0,False
6584,30301.400000000045,20301.400000000045,1.6071356824299883,200.0,False
6585,28333.0,18333.0,1.7198594629124604,350.0,False
6586,25589.399999999994,15589.399999999994,1.5,300.0,False
6587,26918.50000000003,16918.50000000003,1.9554776840886676,250.0,False
6588,26613.50000000004,16613.50000000004,5.029464278229963,600.0,False
6589,25739.100000000017,15739.100000000017,1.9768274047854406,250.0,False
6590,27316.10000000001,17316.10000000001,3.027336338660985,398.9000000000033,False
6591,27769.900000000038,17769.900000000038,1.0,200.0,False
6592,26221.400000000012,16221.400000000012,3.2280348369519616,500.0,False
6593,30015.400000000023,20015.400000000023,1.2042002504736518,200.0,False
6594,25387.20000000003,15387.20000000003,1.3308136594714006,272.4999999999927,False
6595,24297.300000000014,14297.300000000014,3.5818951481602044,550.0,False
6596,28166.00000000003,18166.00000000003,1.5693659761456362,250.0,False
6597,26914.200000000048,16914.200000000048,1.2636048118071235,200.0,False
6598,24968.6,14968.599999999999,2.5602985287353057,395.19999999999527,False
6599,24573.600000000006,14573.600000000006,2.572385658850437,387.79999999999745,False
6600,27434.800000000025,17434.800000000025,1.9417475728155338,200.0,False
6601,28061.899999999983,18061.899999999983,1.6320135783529723,250.0,False
6602,25044.000000000015,15044.000000000015,2.1079080277569324,250.0,False
6603,25740.09999999999,15740.099999999991,1.7718087509634224,300.0,False
6604,26115.200000000023,16115.200000000023,1.5897492965359368,200.0,False
6605,24677.40000000001,14677.400000000009,1.986490438454421,278.49999999999454,False
6606,24998.80000000001,14998.80000000001,1.9357519412055175,372.70000000000437,False
6607,25263.500000000022,15263.500000000022,1.477832512315271,250.0,False
6608,25050.600000000013,15050.600000000013,1.871245813087492,300.0,False
6609,24737.500000000007,14737.500000000007,2.178079804844051,307.20000000000255,False
6610,27906.200000000055,17906.200000000055,1.666809536055468,350.0,False
6611,24157.20000000003,14157.20000000003,1.335716357051109,225.6999999999971,False
6612,26900.800000000047,16900.800000000047,2.006621852111968,300.0,False
6613,25364.300000000003,15364.300000000003,1.3564982352678456,242.90000000000146,False
6614,28117.100000000024,18117.100000000024,1.3525119528243825,200.0,False
6615,25519.90000000001,15519.900000000009,1.5552018911255003,300.0,False
6616,27744.799999999996,17744.799999999996,1.1774587300715116,195.19999999999345,False
6617,25461.30000000004,15461.30000000004,1.4425351690074186,250.0,False
6618,29664.700000000037,19664.700000000037,1.9907741836403852,350.0,False
6619,26086.80000000002,16086.800000000021,2.364491019663104,300.0,False
6620,25271.1,15271.099999999999,1.8078997989615437,250.0,False
6621,25830.400000000016,15830.400000000016,2.7783510883198104,350.0,False
6622,27087.199999999986,17087.199999999986,1.4928403377401989,250.0,False
6623,27309.79999999998,17309.79999999998,1.702127659574468,200.0,False
6624,26504.000000000033,16504.000000000033,1.6792639393990147,200.39999999999964,False
6625,30011.000000000007,20011.000000000007,1.6981760583008427,249.79999999999563,False
6626,24994.70000000004,14994.70000000004,2.513963926903067,550.0,False
6627,28661.90000000001,18661.90000000001,1.9538424265159855,250.0,False
6628,24851.899999999994,14851.899999999994,1.840231133030308,300.0,False
6629,27378.300000000047,17378.300000000047,1.8344752942039744,250.0,False
6630,27166.10000000002,17166.10000000002,1.44455439108421,200.0,False
6631,28429.500000000022,18429.500000000022,1.6937799043062898,250.0,False
6632,25062.800000000017,15062.800000000017,3.39509578413981,400.0,False
6633,25563.00000000003,15563.00000000003,1.5972380549131664,245.19999999999527,False
6634,26482.000000000022,16482.000000000022,1.5700805451319657,200.0,False
6635,27332.100000000064,17332.100000000064,1.4851485148514851,200.0,False
6636,27182.59999999999,17182.59999999999,1.4686444411807897,200.0,False
6637,25416.600000000006,15416.600000000006,1.7247666637099237,350.0,False
6638,27306.70000000002,17306.70000000002,1.3109023377758358,187.79999999999927,False
6639,27267.80000000004,17267.80000000004,1.1967351051229833,223.3000000000029,False
6640,25208.199999999997,15208.199999999997,1.5264285845122447,250.0,False
6641,28436.90000000001,18436.90000000001,1.7981529032899013,300.0,False
6642,24811.400000000038,14811.400000000038,1.79587618788274,257.20000000000255,False
6643,27299.700000000023,17299.700000000023,1.979978457834381,250.0,False
6644,27322.70000000001,17322.70000000001,1.603097183759021,400.0,False
6645,28315.200000000044,18315.200000000044,2.4271844660194173,250.0,False
6646,25704.900000000016,15704.900000000016,1.679591864647901,245.600000000004,False
6647,27204.300000000043,17204.300000000043,0.9979292967093271,200.0,False
6648,27051.100000000035,17051.100000000035,1.7294006761956642,300.0,False
6649,25110.600000000006,15110.600000000006,2.737272959836281,331.7000000000007,False
6650,24172.699999999986,14172.699999999986,2.5954475849360223,300.0,False
6651,27183.40000000002,17183.40000000002,2.9157706746364394,400.0,False
6652,28342.600000000017,18342.600000000017,3.607113227284204,400.0,False
6653,27008.500000000022,17008.500000000022,1.1307484423940195,200.0,False
6654,27022.399999999994,17022.399999999994,1.4693421755080254,300.0,False
6655,23292.699999999975,13292.699999999975,1.4591062628052451,250.0,False
6656,23635.400000000027,13635.400000000027,1.3902018573096828,250.0,False
6657,26827.399999999994,16827.399999999994,1.8284544074893498,295.6000000000058,False
6658,29014.59999999999,19014.59999999999,1.6653205325695057,292.90000000000146,False
6659,27916.99999999998,17916.99999999998,1.1310234065293991,200.0,False
6660,28004.90000000006,18004.90000000006,0.8047447751945458,150.0,False
6661,26073.70000000002,16073.700000000019,1.9417475728155338,323.2999999999993,False
6662,27703.6,17703.6,2.59402985074633,300.0,False
6663,25558.699999999997,15558.699999999997,2.6406126221283306,350.0,False
6664,22981.500000000007,12981.500000000007,1.7606444905150416,282.79999999999745,False
6665,26075.999999999985,16075.999999999985,1.8071913429453388,347.6999999999971,False
6666,23633.40000000001,13633.400000000009,2.342194636374282,350.0,False
6667,26330.200000000023,16330.200000000023,1.8021395000144163,250.0,False
6668,24604.800000000032,14604.800000000032,3.760258265050164,595.1999999999953,False
6669,25751.300000000047,15751.300000000047,1.3875013875013875,200.0,False
6670,27510.800000000017,17510.800000000017,1.315795244715985,300.0,False
6671,30036.000000000036,20036.000000000036,0.8576819715249577,150.0,False
6672,26940.200000000026,16940.200000000026,1.487995595533037,200.0,False
6673,28553.00000000003,18553.00000000003,1.5,200.0,False
6674,25686.40000000003,15686.40000000003,1.2672406812599366,200.0,False
6675,27154.700000000033,17154.700000000033,2.1392727695025275,350.0,False
6676,28670.600000000035,18670.600000000035,1.3363386103860235,292.8999999999978,False
6677,26862.700000000026,16862.700000000026,1.4582394625814317,391.6000000000058,False
6678,25061.399999999976,15061.399999999976,1.7065182781678048,250.0,False
6679,26365.500000000047,16365.500000000047,1.2669197127639602,250.0,False
6680,26829.70000000002,16829.70000000002,1.6506144412257462,250.0,False
6681,28005.70000000004,18005.70000000004,2.0302919559832677,300.0,False
6682,30127.30000000002,20127.30000000002,1.368335351627978,200.0,False
6683,26121.4,16121.400000000001,1.63044567854205,400.0,False
6684,28028.700000000055,18028.700000000055,2.3184642492812757,250.0,False
6685,25889.30000000002,15889.300000000021,2.2206430982412506,250.0,False
6686,26653.0,16653.0,1.9393894787200705,210.79999999999927,False
6687,25719.300000000032,15719.300000000032,1.661295145695583,250.0,False
6688,25771.600000000006,15771.600000000006,1.599853426163491,218.30000000000837,False
6689,25575.600000000042,15575.600000000042,1.659174194648008,311.49999999999636,False
6690,28138.700000000015,18138.700000000015,1.7695513302602117,250.0,False
6691,25492.800000000025,15492.800000000025,1.8448142272073205,250.0,False
6692,26018.600000000035,16018.600000000035,1.6291446990330396,200.0,False
6693,25844.800000000003,15844.800000000003,2.4154589371980677,307.2000000000007,False
6694,25647.400000000023,15647.400000000023,1.882170839516821,250.0,False
6695,26274.800000000025,16274.800000000025,1.9450205392247115,242.89999999999964,False
6696,28101.300000000014,18101.300000000014,1.3593088186518927,250.0,False
6697,26177.500000000007,16177.500000000007,1.0637347300879492,250.0,False
6698,27788.400000000023,17788.400000000023,1.813473381837702,273.2999999999993,False
6699,24755.900000000038,14755.900000000038,1.7763251385533605,250.0,False
6700,25065.299999999996,15065.299999999996,1.7078585041845957,391.59999999999854,False
6701,25727.300000000014,15727.300000000014,1.237899532073976,250.0,False
6702,25306.100000000035,15306.100000000035,1.8486509469714494,200.0,False
6703,25041.1,15041.099999999999,1.2697223765916807,315.2999999999993,False
6704,26454.500000000025,16454.500000000025,1.3314822406917342,250.0,False
6705,27739.10000000002,17739.10000000002,1.9884372374641444,400.0,False
6706,28829.0,18829.0,1.7600366087614634,250.0,False
6707,28051.4,18051.4,2.293577981651376,250.0,False
6708,27244.000000000015,17244.000000000015,1.7895810590740722,300.0,False
6709,27892.900000000045,17892.900000000045,3.1218224307401385,350.0,False
6710,27297.90000000003,17297.90000000003,1.6689627137017877,295.6000000000058,False
6711,26678.300000000036,16678.300000000036,1.3281965623147969,250.0,False
6712,25318.299999999952,15318.299999999952,1.9801509667097021,373.3000000000029,False
6713,26540.999999999985,16540.999999999985,1.4849044612469635,250.0,False
6714,26856.000000000004,16856.000000000004,1.7018611553595007,250.0,False
6715,25464.699999999993,15464.699999999993,1.4323664211274294,198.6999999999989,False
6716,26758.300000000017,16758.300000000017,3.0,400.0,False
6717,26883.00000000003,16883.00000000003,1.2256043455027672,250.0,False
6718,25969.500000000015,15969.500000000015,2.1773968784838353,271.00000000000364,False
6719,26148.80000000004,16148.80000000004,1.3118539119483643,200.0,False
6720,25525.20000000004,15525.20000000004,1.7422209833095208,250.0,False
6721,27725.70000000002,17725.70000000002,1.5543160329229089,182.79999999999745,False
6722,27805.0,17805.0,2.651939550599422,300.5999999999949,False
6723,26454.300000000032,16454.300000000032,2.7119134357231327,300.0,False
6724,26347.400000000045,16347.400000000045,1.3470368776007924,300.3999999999978,False
6725,25548.099999999977,15548.099999999977,1.3636363636363635,175.6999999999971,False
6726,27299.699999999997,17299.699999999997,1.2796892064259875,337.70000000000437,False
6727,25396.600000000035,15396.600000000035,1.5949721579992686,244.89999999999782,False
6728,24530.10000000002,14530.10000000002,1.8117386168462721,250.0,False
6729,24558.399999999983,14558.399999999983,1.914541062480482,287.70000000000437,False
6730,27978.700000000037,17978.700000000037,2.1904845351791815,250.0,False
6731,28830.900000000016,18830.900000000016,0.9346405839634362,200.0,False
6732,25216.70000000002,15216.700000000019,2.7740277032899967,300.0,False
6733,26450.100000000002,16450.100000000002,1.3432074001773036,300.0,False
6734,27987.6,17987.6,1.5606710885680832,200.0,False
6735,26664.30000000001,16664.30000000001,1.584698154618997,213.0999999999949,False
6736,31538.400000000023,21538.400000000023,2.4126150817393985,250.0,False
6737,26511.600000000006,16511.600000000006,2.4133137694030427,250.0,False
6738,26672.399999999987,16672.399999999987,1.4463407578825578,200.0,False
6739,28092.300000000014,18092.300000000014,1.9090673060769405,250.0,False
6740,22738.80000000003,12738.800000000028,1.7810150591758043,387.7999999999993,False
6741,27344.700000000015,17344.700000000015,1.3511320295382312,200.40000000000146,False
6742,26146.800000000003,16146.800000000003,2.3029649028148786,400.0,False
6743,25575.09999999999,15575.099999999991,1.5458339774308236,200.0,False
6744,27497.800000000025,17497.800000000025,1.2017208642776442,250.0,False
6745,27809.200000000026,17809.200000000026,1.771290916820179,200.0,False
6746,28125.500000000036,18125.500000000036,1.5434460145210023,197.69999999999527,False
6747,24956.100000000013,14956.100000000013,1.3603961473581099,200.0,False
6748,24931.900000000016,14931.900000000016,1.3886651595020802,257.2000000000007,False
6749,27454.500000000044,17454.500000000044,2.0116029256752954,250.0,False
6750,27354.200000000015,17354.200000000015,1.4166713889046305,250.0,False
6751,28062.600000000035,18062.600000000035,1.4432521755165122,203.50000000000364,False
6752,28162.70000000002,18162.70000000002,1.5678773292777577,250.0,False
6753,27223.700000000026,17223.700000000026,1.768889429214009,250.0,False
6754,26492.00000000002,16492.00000000002,1.5,225.6999999999971,False
6755,26922.499999999993,16922.499999999993,1.301529731277495,168.60000000000582,False
6756,25054.500000000044,15054.500000000044,1.4705882352941175,200.0,False
6757,26916.500000000033,16916.500000000033,1.696583081673508,234.89999999999782,False
6758,26903.900000000016,16903.900000000016,1.2082937281500226,200.0,False
6759,26721.20000000002,16721.20000000002,2.0244882093806695,250.0,False
6760,26214.60000000002,16214.60000000002,1.6504782260660034,250.0,False
6761,28328.500000000015,18328.500000000015,1.8110692552883216,250.0,False
6762,27088.300000000007,17088.300000000007,1.1971670093671662,200.0,False
6763,24354.70000000004,14354.70000000004,1.5030554408996093,298.59999999999854,False
6764,28745.799999999996,18745.799999999996,1.1520206442099439,200.0,False
6765,27157.899999999972,17157.899999999972,2.301856216853271,250.00000000000182,False
6766,26918.700000000015,16918.700000000015,1.5831483547448197,275.29999999999563,False
6767,27515.500000000022,17515.500000000022,2.321586107628733,350.0,False
6768,27390.200000000048,17390.200000000048,1.980498689570032,300.0,False
6769,28447.000000000025,18447.000000000025,1.294509553480504,156.49999999999636,False
6770,23140.700000000026,13140.700000000026,1.7848696598930853,300.0,False
6771,26923.600000000017,16923.600000000017,1.2901006278489724,250.0,False
6772,26524.70000000002,16524.70000000002,1.7938249370367434,300.0,False
6773,28521.900000000005,18521.900000000005,2.2041384904296315,250.0,False
6774,24637.900000000027,14637.900000000027,1.639236771359255,257.20000000000437,False
6775,27475.500000000036,17475.500000000036,1.0596767562022869,250.0,False
6776,28657.700000000008,18657.700000000008,1.5,300.0,False
6777,23058.899999999994,13058.899999999994,2.0707333315089658,227.00000000000728,False
6778,26975.00000000002,16975.00000000002,1.646750138601468,300.0,False
6779,25855.10000000004,15855.100000000039,1.3431443785313435,247.69999999999345,False
6780,26770.400000000074,16770.400000000074,1.443426347727178,250.0,False
6781,24259.000000000033,14259.000000000033,1.6027053666589186,200.0,False
6782,25785.900000000067,15785.900000000067,1.4164807535677593,250.0,False
6783,27966.900000000023,17966.900000000023,1.1237529218313163,152.39999999999782,False
6784,26199.09999999998,16199.09999999998,2.2950940070505292,250.0,False
6785,23046.20000000002,13046.200000000019,2.1743192512187615,300.0,False
6786,26038.10000000003,16038.100000000031,2.313672260612043,300.0,False
6787,28230.799999999996,18230.799999999996,1.477832512315271,300.0,False
6788,23736.500000000044,13736.500000000044,3.915068752636819,454.69999999999345,False
6789,26759.700000000023,16759.700000000023,1.6371301109155645,300.0,False
6790,24598.399999999994,14598.399999999994,1.603350284175883,253.79999999999927,False
6791,25592.999999999985,15592.999999999985,2.987317073170721,306.1999999999989,False
6792,26868.300000000047,16868.300000000047,2.0980370765112126,250.0,False
6793,27776.899999999994,17776.899999999994,1.2795440217181733,200.0,False
6794,25591.899999999994,15591.899999999994,3.0210665847868343,403.40000000000146,False
6795,26294.799999999996,16294.799999999996,1.9930641368039201,250.0,False
6796,26030.999999999985,16030.999999999985,2.28933536015824,250.0,False
6797,27632.6,17632.6,1.4029180695847352,300.0,False
6798,27020.699999999993,17020.699999999993,2.061728140527391,300.0,False
6799,27482.50000000003,17482.50000000003,1.5713387806411048,200.0,False
6800,26374.400000000023,16374.400000000023,1.8280373831776073,249.79999999999563,False
6801,28875.500000000025,18875.500000000025,1.37068918252097,200.0,False
6802,24794.000000000022,14794.000000000022,2.30433860873252,500.0,False
6803,26750.10000000002,16750.10000000002,1.3960020996779408,295.1999999999971,False
6804,27159.89999999999,17159.89999999999,1.3174362690204866,200.0,False
6805,26786.000000000004,16786.000000000004,1.8752051005578732,250.0,False
6806,27231.60000000002,17231.60000000002,1.7254055047557577,250.0,False
6807,25485.599999999995,15485.599999999995,1.7220002755200432,250.0,False
6808,26690.90000000001,16690.90000000001,1.8200901551323385,299.9999999999982,False
6809,29182.400000000038,19182.400000000038,1.7024985869261724,300.0,False
6810,24979.400000000023,14979.400000000023,1.8726767104560893,247.20000000000073,False
6811,24834.30000000001,14834.30000000001,2.3888583645875627,400.0,False
6812,25750.80000000001,15750.80000000001,2.382359107282395,250.0,False
6813,25552.800000000025,15552.800000000025,1.547783960314818,200.0,False
6814,24804.00000000005,14804.000000000051,1.8548746104763307,250.0,False
6815,29204.800000000043,19204.800000000043,1.588557990144719,347.2000000000007,False
6816,27646.399999999994,17646.399999999994,1.2127018390623383,200.00000000000182,False
6817,28962.000000000025,18962.000000000025,1.9704433497536946,200.0,False
6818,28523.69999999999,18523.69999999999,1.4321887281018344,250.0,False
6819,26184.299999999985,16184.299999999985,1.4827408959708983,310.7999999999993,False
6820,27865.50000000006,17865.50000000006,1.4719301132368843,295.1999999999971,False
6821,26791.900000000016,16791.900000000016,1.5134088019855918,200.0,False
6822,27421.600000000017,17421.600000000017,1.751000000000022,200.0,False
6823,27308.700000000033,17308.700000000033,1.5865209182783053,373.3999999999942,False
6824,25512.80000000006,15512.800000000061,1.1817630328766469,158.8000000000011,False
6825,28043.00000000004,18043.00000000004,1.6934131871729592,300.0,False
6826,26665.10000000002,16665.10000000002,2.4154589371980677,311.4999999999927,False
6827,29174.40000000001,19174.40000000001,1.828885160896713,299.7999999999938,False
6828,22295.90000000002,12295.90000000002,2.1102388790411055,300.0,False
6829,26552.20000000001,16552.20000000001,1.691589417416605,300.0,False
6830,26039.00000000006,16039.000000000058,1.3704262025489924,250.0,False
6831,25546.800000000047,15546.800000000047,2.617519008804411,325.6999999999971,False
6832,26653.600000000013,16653.600000000013,1.4840329808024462,300.0,False
6833,28183.500000000022,18183.500000000022,1.4423076923076923,200.0,False
6834,26916.900000000034,16916.900000000034,1.5083232016673804,330.0,False
6835,28486.600000000013,18486.600000000013,2.336448598130841,250.0,False
6836,25456.200000000044,15456.200000000044,2.7906584605008176,397.20000000000255,False
6837,27901.000000000025,17901.000000000025,1.6336559259235044,250.0,False
6838,29493.400000000016,19493.400000000016,0.9881488020342691,150.0,False
6839,29449.000000000036,19449.000000000036,1.3889274702075054,300.0,False
6840,23731.80000000001,13731.80000000001,2.2086171406359063,300.0,False
6841,27510.599999999995,17510.599999999995,1.6952792124862948,300.0,False
6842,24773.100000000057,14773.100000000057,4.6524625866072835,482.79999999999745,False
6843,26488.4,16488.4,2.255537344179961,300.0,False
6844,27920.400000000038,17920.400000000038,2.0986535039118888,250.0,False
6845,25225.300000000043,15225.300000000043,1.5937397901044685,200.0,False
6846,26164.70000000001,16164.700000000012,2.131161743047687,300.0,False
6847,26951.90000000005,16951.90000000005,1.2504585014505325,161.49999999999272,False
6848,23052.10000000002,13052.10000000002,3.0,300.0,False
6849,25376.89999999998,15376.89999999998,3.29120589784097,350.0,False
6850,27029.500000000036,17029.500000000036,2.7292328126563623,300.0,False
6851,29132.699999999997,19132.699999999997,1.2051604972492214,200.0,False
6852,27268.90000000004,17268.90000000004,1.809954751131222,300.0,False
6853,27331.399999999987,17331.399999999987,2.3317197832433307,378.6000000000058,False
6854,27374.30000000001,17374.30000000001,1.7141463414633862,200.0,False
6855,26123.50000000004,16123.50000000004,2.061005770816157,250.0,False
6856,28086.6,18086.6,1.3980734547793143,300.0,False
6857,26997.7,16997.7,2.526615462174902,340.7999999999993,False
6858,26488.900000000038,16488.900000000038,1.764701730113575,250.0,False
6859,24703.90000000003,14703.90000000003,1.3525698827772767,200.0,False
6860,25662.000000000036,15662.000000000036,1.3178240089963444,200.0,False
6861,25552.400000000034,15552.400000000034,1.533280155986818,225.09999999999854,False
6862,26588.100000000024,16588.100000000024,1.9456489947479838,305.99999999999454,False
6863,29939.80000000001,19939.80000000001,1.4705882352941175,153.50000000000364,False
6864,27643.300000000003,17643.300000000003,2.710149509914631,300.0,False
6865,26186.600000000006,16186.600000000006,1.929414306992971,250.0,False
6866,26793.60000000002,16793.60000000002,1.112817431172241,200.39999999999782,False
6867,28766.700000000026,18766.700000000026,1.1568807410206763,150.0,False
6868,25520.400000000045,15520.400000000045,1.477832512315271,300.0,False
6869,27483.600000000013,17483.600000000013,1.1633137379597018,300.0,False
6870,25701.80000000004,15701.80000000004,1.4468507425654722,206.20000000000073,False
6871,26441.800000000003,16441.800000000003,1.6747753707533983,250.0,False
6872,25963.600000000035,15963.600000000035,2.1416454622561463,292.89999999999964,False
6873,26627.90000000001,16627.90000000001,1.1819750509824738,200.0,False
6874,30860.699999999997,20860.699999999997,1.585150311878324,200.0,False
6875,27067.700000000008,17067.700000000008,1.477832512315271,250.0,False
6876,27369.80000000001,17369.80000000001,2.1580373944719713,250.0,False
6877,26547.40000000004,16547.40000000004,1.1943435887636145,200.0,False
6878,28426.400000000052,18426.400000000052,1.6086791457270249,250.0,False
6879,23564.000000000007,13564.000000000007,2.3333520001493366,275.6999999999971,False
6880,27172.09999999999,17172.09999999999,2.873256548972605,350.0,False
6881,27373.300000000047,17373.300000000047,1.4629293697700267,200.0,False
6882,27483.000000000015,17483.000000000015,1.2338523612613002,300.0,False
6883,24785.100000000013,14785.100000000013,1.3467661268705629,300.0,False
6884,27244.60000000004,17244.60000000004,1.1651209395535247,150.0,False
6885,26478.200000000015,16478.200000000015,2.05804046858358,386.49999999999636,False
6886,28343.9,18343.9,1.6163424757874345,397.20000000000437,False
6887,23822.399999999987,13822.399999999987,2.2935253778583067,398.6999999999971,False
6888,28048.00000000001,18048.00000000001,1.201614970520379,200.0,False
6889,27378.90000000001,17378.90000000001,0.8333993107787698,200.0,False
6890,25450.899999999972,15450.899999999972,1.1657185489135502,200.0,False
6891,26281.59999999999,16281.599999999991,2.1522409132388662,250.0,False
6892,24508.9,14508.900000000001,1.9579089669710406,341.8000000000029,False
6893,25785.60000000002,15785.60000000002,1.3995549595042645,250.0,False
6894,27617.400000000005,17617.400000000005,1.5066231152144827,250.0,False
6895,26599.20000000002,16599.20000000002,1.2987012987012987,175.6999999999971,False
6896,25788.40000000003,15788.40000000003,1.6259316588405137,250.0,False
6897,26965.000000000044,16965.000000000044,1.6826991127895545,297.20000000000437,False
6898,29572.100000000053,19572.100000000053,1.6080660593537177,200.0,False
6899,27075.800000000017,17075.800000000017,1.1499451859461374,200.0,False
6900,28630.200000000023,18630.200000000023,3.2454873886401114,487.79999999999745,False
6901,29610.100000000035,19610.100000000035,1.7322916486219606,247.69999999999345,False
6902,26036.6,16036.599999999999,1.845888339323204,300.0,False
6903,26183.50000000004,16183.50000000004,2.6517930540700596,300.0,False
6904,26886.100000000042,16886.100000000042,1.7606253741328908,225.6999999999971,False
6905,28796.20000000002,18796.20000000002,1.3953488372093024,200.0,False
6906,26874.600000000035,16874.600000000035,1.5350000000000363,200.0,False
6907,26387.00000000005,16387.00000000005,1.4396049723955733,250.0,False
6908,28104.600000000028,18104.600000000028,2.5,250.0,False
6909,27540.30000000002,17540.30000000002,1.4453666891415082,186.49999999999636,False
6910,24804.100000000006,14804.100000000006,3.0284905246102714,400.0,False
6911,26334.500000000015,16334.500000000015,2.3530736320648433,300.0,False
6912,26175.900000000038,16175.900000000038,1.4934050852842642,220.89999999999236,False
6913,28486.800000000032,18486.800000000032,1.4633147004594795,200.0,False
6914,25936.700000000055,15936.700000000055,1.4259086672880006,250.0,False
6915,26459.400000000023,16459.400000000023,2.6022691787238426,400.0,False
6916,24332.400000000016,14332.400000000016,2.4720000000000257,250.0,False
6917,28173.20000000005,18173.20000000005,1.4245014245014236,200.0,False
6918,22282.400000000016,12282.400000000016,2.3666808461270317,305.99999999999454,False
6919,27280.90000000001,17280.90000000001,1.450929562206187,300.0,False
6920,26505.29999999999,16505.29999999999,2.593136831186791,300.0,False
6921,27606.799999999985,17606.799999999985,1.3687679992991915,285.5999999999949,False
6922,28143.80000000001,18143.80000000001,1.5295431254684226,222.70000000000437,False
6923,23500.60000000003,13500.600000000031,1.5630128635958676,200.0,False
6924,29122.4,19122.4,1.3824884792626728,150.0,False
6925,27756.40000000003,17756.40000000003,1.9370520411343006,310.7999999999993,False
6926,27637.699999999997,17637.699999999997,1.3447125900957442,200.0,False
6927,28501.100000000006,18501.100000000006,1.62791686147827,250.0,False
6928,25958.500000000015,15958.500000000015,3.1561269400047034,327.0000000000073,False
6929,26484.400000000005,16484.400000000005,1.9047619047619049,250.0,False
6930,27108.200000000004,17108.200000000004,1.7337807606263906,210.79999999999927,False
6931,25769.300000000003,15769.300000000003,1.5176612406663827,350.0,False
6932,27492.800000000036,17492.800000000036,1.2282698590765044,200.0,False
6933,26272.900000000016,16272.900000000016,1.6393039515421755,250.0,False
6934,26960.40000000001,16960.40000000001,1.4780290974661658,300.0,False
6935,24600.600000000013,14600.600000000013,1.9032876121353615,300.0,False
6936,27575.00000000001,17575.00000000001,1.2765115492382413,200.0,False
6937,26722.700000000023,16722.700000000023,1.4168051987305434,250.0,False
6938,26174.70000000001,16174.700000000012,1.4563106796116505,250.0,False
6939,26596.200000000063,16596.200000000063,1.610409688224683,300.0,False
6940,25304.30000000001,15304.30000000001,2.3677829974238516,250.0,False
6941,26025.000000000007,16025.000000000007,3.5736621102474753,400.0,False
6942,25945.600000000013,15945.600000000013,2.624235691354894,300.0,False
6943,26051.00000000004,16051.00000000004,1.4040309729232625,300.0,False
6944,27014.400000000038,17014.400000000038,1.6248462199113276,350.0,False
6945,27190.900000000045,17190.900000000045,1.3481667628358944,250.0,False
6946,26029.40000000006,16029.40000000006,1.485091558402727,322.70000000000437,False
6947,27215.90000000001,17215.90000000001,1.3649999999999636,200.0,False
6948,23999.30000000001,13999.30000000001,1.7313469013218834,300.0,False
6949,27354.50000000003,17354.50000000003,1.9669772617428531,350.0,False
6950,26203.399999999983,16203.399999999983,2.7325390753087784,400.0,False
6951,25931.30000000004,15931.30000000004,2.0,200.50000000000182,False
6952,24453.10000000003,14453.100000000031,1.877595776160541,250.0,False
6953,25358.10000000002,15358.10000000002,1.0306826290335698,221.00000000000728,False
6954,26716.400000000005,16716.400000000005,1.6505463308355086,250.0,False
6955,25360.599999999995,15360.599999999995,2.666666666666667,300.0,False
6956,25639.100000000053,15639.100000000053,2.4483400254627354,250.0,False
6957,26319.400000000016,16319.400000000016,2.912621359223301,361.4000000000033,False
6958,28267.600000000057,18267.600000000057,1.3636363636363635,200.0,False
6959,27983.000000000022,17983.000000000022,1.1717491285115855,200.0,False
6960,26722.499999999993,16722.499999999993,2.0501886173527946,350.0,False
6961,27127.9,17127.9,1.2624987375012626,250.0,False
6962,24666.000000000022,14666.000000000022,1.507166901706667,345.19999999999345,False
6963,26844.699999999983,16844.699999999983,1.3290213972444949,250.0,False
6964,27980.60000000005,17980.60000000005,1.940079266095727,350.0,False
6965,27057.39999999996,17057.39999999996,1.3288765693788611,250.0,False
6966,24926.90000000004,14926.900000000041,1.9546673547095759,250.0,False
6967,26104.20000000002,16104.200000000019,1.2871779909725924,200.0,False
6968,26928.50000000007,16928.50000000007,2.137738785422328,250.0,False
6969,25586.90000000003,15586.90000000003,1.451266471874456,242.8000000000029,False
6970,24430.20000000004,14430.20000000004,2.0739315104857967,250.0,False
6971,24842.399999999998,14842.399999999998,1.0869959056487548,250.0,False
6972,28480.600000000013,18480.600000000013,1.6752511275112518,261.49999999999636,False
6973,26207.500000000036,16207.500000000036,1.2158415841583905,200.0,False
6974,27748.6,17748.6,1.6763897270837522,250.0,False
6975,24151.30000000001,14151.30000000001,1.8512001778040994,399.79999999999563,False
6976,25874.299999999974,15874.299999999974,1.477832512315271,200.0,False
6977,26686.800000000003,16686.800000000003,2.8601876998177778,332.79999999999745,False
6978,27337.09999999999,17337.09999999999,2.660742080966383,400.0,False
6979,27668.500000000004,17668.500000000004,1.798938571341402,294.899999999996,False
6980,26043.800000000017,16043.800000000017,1.9454647326153274,250.0,False
6981,26826.600000000035,16826.600000000035,0.9420749514831387,150.0,False
6982,24146.800000000057,14146.800000000057,2.013968888208615,250.0,False
6983,25003.700000000033,15003.700000000033,1.7509288647542631,300.0,False
6984,25566.6,15566.599999999999,1.455123976562803,200.0,False
6985,26065.800000000036,16065.800000000036,1.2551671045805208,227.99999999999272,False
6986,27162.5,17162.5,1.178930160177311,250.0,False
6987,28025.99999999997,18025.99999999997,1.453044855494689,257.20000000000437,False
6988,29550.400000000023,19550.400000000023,1.5,150.0,False
6989,26960.10000000004,16960.10000000004,2.042622727582212,300.0,False
6990,26960.200000000004,16960.200000000004,1.6510504808684532,250.0,False
6991,27598.600000000013,17598.600000000013,2.2534703443302675,250.0,False
6992,24840.200000000033,14840.200000000033,1.6758551369133055,300.0,False
6993,25210.20000000004,15210.20000000004,1.1905706802127147,150.0,False
6994,25215.09999999999,15215.099999999991,1.918152435574055,200.0,False
6995,29742.800000000032,19742.800000000032,2.6322947468171156,450.0,False
6996,27851.000000000095,17851.000000000095,1.477832512315271,250.0,False
6997,27123.90000000003,17123.90000000003,2.0470588235294223,250.0,False
6998,26974.30000000002,16974.30000000002,1.3514000504522685,200.0,False
6999,23838.900000000023,13838.900000000023,4.646591098027346,475.1000000000022,False
7000,26281.59999999999,16281.599999999991,2.841970216152139,350.0,False
7001,24568.50000000004,14568.50000000004,1.7201489649003583,250.0,False
7002,28657.100000000013,18657.100000000013,1.5349743915105687,300.0,False
7003,25219.5,15219.5,2.7360118314025077,310.7999999999993,False
7004,24925.199999999997,14925.199999999997,1.464720736344409,250.0,False
7005,27786.20000000001,17786.20000000001,2.196508430199355,250.0,False
7006,26712.500000000007,16712.500000000007,1.7271208099871938,348.9000000000051,False
7007,26205.0,16205.0,2.1456310679612005,250.0,False
7008,23638.100000000013,13638.100000000013,2.07506190601353,300.0,False
7009,25382.400000000034,15382.400000000034,1.5103230581021254,300.0,False
7010,26896.60000000001,16896.60000000001,1.9881957975221398,350.0,False
7011,26416.500000000033,16416.500000000033,1.9441069258809234,200.0,False
7012,28577.50000000001,18577.50000000001,1.9748175078278918,207.5,False
7013,26057.20000000002,16057.200000000019,1.7233158895469403,300.3999999999978,False
7014,28385.500000000007,18385.500000000007,1.405738223428033,300.0,False
7015,25167.0,15167.0,1.8154586302364626,300.0,False
7016,26244.100000000006,16244.100000000006,1.029806725873688,250.0,False
7017,24872.100000000028,14872.100000000028,2.7135199830123518,421.7000000000007,False
7018,26983.200000000015,16983.200000000015,1.1971268954509178,200.0,False
7019,25365.00000000002,15365.000000000018,1.6000433910072793,250.0,False
7020,26233.40000000003,16233.40000000003,1.6974758534059837,300.0,False
7021,28442.000000000055,18442.000000000055,1.5,200.0,False
7022,25981.600000000028,15981.600000000028,1.7614472050236456,200.0,False
7023,25959.699999999993,15959.699999999993,1.1856489056460602,250.0,False
7024,24917.700000000048,14917.700000000048,1.3845301827579846,200.0,False
7025,23657.60000000002,13657.60000000002,1.903639523067983,316.6000000000058,False
7026,24806.1,14806.099999999999,2.1362435073456254,350.0,False
7027,26437.40000000003,16437.40000000003,1.7186855492918998,250.40000000000146,False
7028,27554.600000000013,17554.600000000013,1.0155057634406257,171.00000000000364,False
7029,26344.100000000035,16344.100000000035,1.6759482275650373,350.0,False
7030,27996.800000000032,17996.800000000032,1.262031365686207,200.0,False
7031,25146.000000000022,15146.000000000022,1.6013918971700407,360.7999999999993,False
7032,25253.800000000017,15253.800000000017,3.3069162493751163,403.50000000000364,False
7033,28171.90000000003,18171.90000000003,1.9704433497536946,200.0,False
7034,26419.20000000002,16419.20000000002,1.710144927536302,250.0,False
7035,27055.900000000023,17055.900000000023,1.1847311844942394,200.0,False
7036,27833.3,17833.3,1.7504452180450134,200.0,False
7037,27280.9,17280.9,1.8955411265414712,300.0,False
7038,26029.20000000001,16029.200000000012,1.755546028585743,241.59999999999854,False
7039,26229.799999999996,16229.799999999996,2.335201494528958,350.0,False
7040,25371.600000000006,15371.600000000006,1.7952569311878028,300.0,False
7041,24797.700000000033,14797.700000000033,1.6793081250524768,300.0,False
7042,25458.70000000002,15458.700000000019,1.4849463563128769,200.0,False
7043,28570.80000000001,18570.80000000001,1.1412745754458582,150.39999999999782,False
7044,27220.700000000044,17220.700000000044,1.8458869025094835,300.0,False
7045,25366.200000000033,15366.200000000033,1.7484113651303448,226.5,False
7046,23923.300000000025,13923.300000000025,1.5568806339617942,250.0,False
7047,28194.20000000006,18194.20000000006,1.8785163477885165,200.0,False
7048,25644.40000000004,15644.400000000041,1.4285714285714286,300.0,False
7049,26051.500000000022,16051.500000000022,1.4007858408567202,200.0,False
7050,29230.9,19230.9,1.9230769230769231,250.0,False
7051,25462.100000000035,15462.100000000035,1.4035186211833057,300.0,False
7052,25029.6,15029.599999999999,2.5,250.0,False
7053,27475.999999999996,17475.999999999996,1.8118920833280399,286.49999999999636,False
7054,27012.000000000015,17012.000000000015,1.2288786482334864,200.0,False
7055,27864.000000000015,17864.000000000015,1.3085066014158024,280.4999999999927,False
7056,24586.300000000003,14586.300000000003,3.6939651776569993,375.1000000000022,False
7057,25942.600000000057,15942.600000000057,1.4509913172679536,250.0,False
7058,26269.30000000001,16269.30000000001,1.3761467889908259,250.0,False
7059,29690.900000000016,19690.900000000016,1.0546520702820132,200.0,False
7060,25665.000000000065,15665.000000000065,1.6016913861037219,350.0,False
7061,26772.399999999998,16772.399999999998,2.405673540477863,250.0,False
7062,26690.300000000025,16690.300000000025,1.4926455222766677,350.0,False
7063,25547.20000000001,15547.200000000012,1.9912226903807981,250.0,False
7064,24983.30000000001,14983.30000000001,1.8279999999999745,250.0,False
7065,26313.399999999994,16313.399999999994,1.4354066985645932,200.0,False
7066,26935.700000000015,16935.700000000015,2.2911082090407113,300.0,False
7067,26002.1,16002.099999999999,1.6235084016559802,200.0,False
7068,26092.20000000002,16092.200000000019,1.385593766344,182.79999999999745,False
7069,26811.80000000004,16811.80000000004,1.5742825207411721,250.0,False
7070,26166.600000000028,16166.600000000028,3.054941113170326,408.8000000000011,False
7071,28343.200000000033,18343.200000000033,1.6373043421311146,200.0,False
7072,27946.900000000034,17946.900000000034,1.476123699165989,300.0,False
7073,25738.00000000001,15738.000000000011,2.9268292682926833,300.0,False
7074,24319.20000000002,14319.200000000019,3.0,300.0,False
7075,27277.50000000002,17277.50000000002,1.243255339781683,250.0,False
7076,25936.300000000017,15936.300000000017,2.514050750304479,450.0,False
7077,25222.5,15222.5,3.352899324084019,377.0000000000073,False
7078,27637.20000000001,17637.20000000001,1.383968113374668,275.1000000000058,False
7079,24896.899999999994,14896.899999999994,1.7048118313941103,200.0,False
7080,26290.100000000013,16290.100000000013,2.536999999999989,253.6999999999989,False
7081,26460.800000000017,16460.800000000017,2.443001716208706,400.0,False
7082,24367.600000000057,14367.600000000057,2.635549610926982,400.0,False
7083,25802.09999999999,15802.099999999991,1.6527832870554002,200.0,False
7084,25242.10000000002,15242.10000000002,1.9704433497536946,200.0,False
7085,25928.700000000008,15928.700000000008,2.0215686274509697,206.1999999999989,False
7086,28597.700000000023,18597.700000000023,1.446193400161348,211.49999999999636,False
7087,27299.90000000003,17299.90000000003,2.2989774148458753,250.0,False
7088,25139.90000000001,15139.900000000009,2.2662547119212575,300.0,False
7089,26091.00000000005,16091.000000000051,1.5811901618348119,224.29999999999382,False
7090,27428.600000000013,17428.600000000013,1.5,200.0,False
7091,27052.300000000054,17052.300000000054,1.477832512315271,200.0,False
7092,25923.699999999997,15923.699999999997,1.6009221311475401,250.0,False
7093,24633.40000000002,14633.40000000002,2.1930305489155444,300.0,False
7094,26670.100000000028,16670.100000000028,2.658160552897394,400.0,False
7095,27835.500000000007,17835.500000000007,1.4282653717060618,300.0,False
7096,27893.000000000033,17893.000000000033,1.3874917617676639,200.0,False
7097,26470.50000000002,16470.50000000002,1.1694721002939272,200.0,False
7098,28065.600000000035,18065.600000000035,1.8514404206472632,250.0,False
7099,28088.600000000046,18088.600000000046,0.9953219866626833,150.0,False
7100,24796.19999999999,14796.19999999999,1.9185960500036994,300.0000000000018,False
7101,25544.6,15544.599999999999,1.9397287483318344,250.0,False
7102,25960.000000000055,15960.000000000055,2.171388139801867,325.29999999999745,False
7103,24802.0,14802.0,2.1757629675472856,450.0,False
7104,27376.200000000055,17376.200000000055,1.6085445888560015,250.0,False
7105,28554.49999999997,18554.49999999997,1.5332132316301907,400.0,False
7106,25260.600000000013,15260.600000000013,1.4805821649072428,332.79999999999563,False
7107,26203.199999999997,16203.199999999997,1.3783850840355434,248.9000000000051,False
7108,27263.300000000017,17263.300000000017,1.7271873100093953,250.0,False
7109,27882.200000000015,17882.200000000015,3.355339805825282,345.600000000004,False
7110,26662.400000000074,16662.400000000074,1.3861858265271572,250.0,False
7111,28540.800000000014,18540.800000000014,1.3552775596980928,236.49999999999636,False
7112,27465.90000000001,17465.90000000001,1.5851544997252411,300.0,False
7113,25825.900000000045,15825.900000000045,1.4137073060393566,185.0,False
7114,27357.60000000002,17357.60000000002,1.6239249616753704,250.0,False
7115,27342.800000000017,17342.800000000017,1.368027395580614,200.0,False
7116,26984.600000000028,16984.600000000028,1.9091110415346195,250.0,False
7117,29656.500000000033,19656.500000000033,1.0919719291998828,200.0,False
7118,28510.00000000002,18510.00000000002,1.2994911192776897,250.0,False
7119,27090.70000000004,17090.70000000004,1.650464605786528,200.0,False
7120,25897.100000000028,15897.100000000028,1.474284787592419,250.0,False
7121,24780.999999999985,14780.999999999985,1.7426072625802647,250.0,False
7122,26200.300000000032,16200.300000000032,3.014197716346188,321.00000000000364,False
7123,26243.699999999997,16243.699999999997,1.1366477983132153,200.0,False
7124,22643.40000000001,12643.400000000009,3.1993437243642413,358.8000000000011,False
7125,26353.700000000033,16353.700000000033,1.4285714285714286,200.0,False
7126,28019.300000000003,18019.300000000003,1.9902213789580518,300.0,False
7127,26970.10000000002,16970.10000000002,1.4870834200606176,257.20000000000437,False
7128,26767.400000000034,16767.400000000034,2.4013063106329815,300.0,False
7129,25795.000000000044,15795.000000000044,1.3613369417837855,250.0,False
7130,31377.90000000001,21377.90000000001,0.9906809941153545,150.0,False
7131,25938.80000000001,15938.80000000001,2.382654276864427,250.0,False
7132,26426.100000000042,16426.100000000042,1.5228696956544898,200.0,False
7133,25230.300000000043,15230.300000000043,1.7012065245293928,250.0,False
7134,26218.30000000001,16218.30000000001,2.252387530782631,300.0,False
7135,28216.700000000063,18216.700000000063,1.5324496207187173,200.0,False
7136,24294.800000000014,14294.800000000014,1.7196667973613418,250.0,False
7137,24971.100000000024,14971.100000000024,1.2129543524845343,200.0,False
7138,27611.500000000044,17611.500000000044,1.4248397055331274,250.0,False
7139,27171.90000000001,17171.90000000001,1.9198174527862033,350.0,False
7140,29258.599999999995,19258.599999999995,1.1920371915603765,200.0,False
7141,23620.100000000013,13620.100000000013,2.5041457524123265,450.0,False
7142,28936.300000000007,18936.300000000007,1.1595923800865522,250.0,False
7143,25323.999999999985,15323.999999999985,1.7924102181721702,250.0,False
7144,27217.79999999999,17217.79999999999,1.3028750108572915,250.0,False
7145,25514.000000000044,15514.000000000044,1.3292805047721168,250.0,False
7146,29626.600000000035,19626.600000000035,1.4354066985645932,150.0,False
7147,27581.70000000002,17581.70000000002,0.9147157046330749,200.0,False
7148,26281.000000000022,16281.000000000022,2.830135280466405,300.0,False
7149,28301.100000000002,18301.100000000002,1.865167072340505,255.99999999999454,False
7150,27501.400000000012,17501.400000000012,1.1076486833749308,150.0,False
7151,26302.60000000004,16302.600000000039,1.907319529426125,250.0,False
7152,29123.000000000047,19123.000000000047,2.2631578947368074,236.49999999999636,False
7153,24512.20000000002,14512.200000000019,2.2510000000000217,247.69999999999527,False
7154,26326.500000000015,16326.500000000015,1.5565171372536812,300.0,False
7155,25162.500000000044,15162.500000000044,1.86482272995129,300.0,False
7156,28734.700000000026,18734.700000000026,1.5,150.0,False
7157,27292.400000000016,17292.400000000016,1.4973287654823784,250.0,False
7158,26396.500000000022,16396.500000000022,2.0021556651533055,245.19999999999527,False
7159,27908.000000000007,17908.000000000007,1.4970620157940044,200.0,False
7160,26827.10000000001,16827.10000000001,2.5569779929427403,300.0,False
7161,26940.60000000003,16940.60000000003,1.857855477422411,200.0,False
7162,24634.80000000005,14634.80000000005,1.845790367435333,300.0,False
7163,29528.20000000004,19528.20000000004,1.2019616013333752,250.0,False
7164,29378.000000000015,19378.000000000015,1.5018494202861243,350.0,False
7165,26504.900000000052,16504.900000000052,1.1356409557554266,150.0,False
7166,24999.000000000033,14999.000000000033,1.932367149758454,250.0,False
7167,28517.70000000005,18517.70000000005,1.0584325319823018,200.0,False
7168,24346.799999999996,14346.799999999996,2.358490566037736,250.0,False
7169,25823.500000000004,15823.500000000004,2.201349875156027,250.0,False
7170,26603.20000000005,16603.20000000005,1.7114788889079056,200.0,False
7171,26370.4,16370.400000000001,1.4152358632089612,250.0,False
7172,25672.299999999996,15672.299999999996,1.6459587189731857,292.8999999999978,False
7173,25209.500000000015,15209.500000000015,1.9757978649532097,245.19999999999527,False
7174,25176.700000000048,15176.700000000048,1.894557349095398,250.0,False
7175,30528.500000000022,20528.500000000022,0.8321405984755176,150.0,False
7176,28210.80000000001,18210.80000000001,1.6647232672578067,300.0,False
7177,29361.000000000025,19361.000000000025,3.0373243775654544,350.0,False
7178,27708.200000000008,17708.200000000008,1.196825062474268,250.0,False
7179,27052.000000000036,17052.000000000036,2.1676809607161998,400.0,False
7180,27479.30000000005,17479.30000000005,1.7818832367552606,250.0,False
7181,28527.50000000003,18527.50000000003,1.6030907589833197,200.0,False
7182,25817.600000000064,15817.600000000064,2.344349823880713,400.0,False
7183,26491.600000000017,16491.600000000017,1.8883126038571931,300.0,False
7184,25509.000000000015,15509.000000000015,1.9185020336121548,400.0,False
7185,26124.800000000014,16124.800000000014,1.4308954921334298,275.29999999999563,False
7186,26785.900000000023,16785.900000000023,1.622388967755018,200.0,False
7187,26109.000000000044,16109.000000000044,2.0350000000000366,300.0,False
7188,26496.600000000028,16496.600000000028,2.2936621527395498,300.0,False
7189,25740.900000000038,15740.900000000038,1.45189508606108,250.0,False
7190,27114.800000000014,17114.800000000014,2.0250212044104914,286.49999999999636,False
7191,26028.200000000033,16028.200000000033,1.6961456785600386,250.0,False
7192,27013.900000000016,17013.900000000016,1.4898988007401062,200.0,False
7193,30077.90000000005,20077.90000000005,1.5143520137321402,238.1999999999971,False
7194,27615.40000000001,17615.40000000001,0.989707046714172,200.0,False
7195,28667.30000000002,18667.30000000002,1.119377924374827,250.0,False
7196,27287.10000000001,17287.10000000001,2.009113338101629,250.0,False
7197,25619.900000000016,15619.900000000016,1.1667794553473503,225.6999999999971,False
7198,29339.50000000001,19339.50000000001,1.4563106796116505,200.0,False
7199,25456.600000000017,15456.600000000017,1.734530159143142,250.0,False
7200,25642.9,15642.900000000001,1.7937058860458661,200.00000000000182,False
7201,26837.79999999998,16837.79999999998,1.4162500531093776,250.0,False
7202,24580.600000000042,14580.600000000042,1.7950582047622892,300.0,False
7203,27170.300000000017,17170.300000000017,2.3190198276195253,300.0,False
7204,25721.00000000004,15721.00000000004,1.6456787766682204,250.0,False
7205,25868.40000000003,15868.40000000003,3.3200255641968432,400.0,False
7206,27870.30000000003,17870.30000000003,1.784949307439668,200.39999999999964,False
7207,25090.80000000001,15090.80000000001,2.911099792344185,445.1999999999971,False
7208,28478.000000000025,18478.000000000025,1.1655373904394837,200.0,False
7209,27148.700000000004,17148.700000000004,1.1980611320133423,192.90000000000146,False
7210,23140.8,13140.8,1.831518603650217,400.0,False
7211,26743.200000000033,16743.200000000033,1.786054486568868,300.0,False
7212,27638.299999999996,17638.299999999996,1.8867924528301887,200.0,False
7213,26081.900000000023,16081.900000000023,1.6177134310922885,182.79999999999745,False
7214,28738.00000000003,18738.00000000003,1.0397388176090154,250.0,False
7215,26663.499999999985,16663.499999999985,1.903355234607566,250.0,False
7216,25216.10000000007,15216.100000000071,1.7494874001917409,350.0,False
7217,23774.90000000001,13774.900000000009,2.159507385515259,350.0,False
7218,28609.70000000001,18609.70000000001,1.1876625613130793,200.0,False
7219,26174.500000000044,16174.500000000044,1.9278074660127538,261.49999999999636,False
7220,27330.40000000001,17330.40000000001,1.1658453933562358,200.0,False
7221,26952.60000000002,16952.60000000002,1.7014133073206146,300.0,False
7222,26206.80000000002,16206.800000000021,1.7381807411794965,200.0,False
7223,28124.300000000032,18124.300000000032,1.1051395715062324,197.20000000000073,False
7224,27633.500000000015,17633.500000000015,2.131938571743286,300.0,False
7225,26848.70000000002,16848.70000000002,2.417600128938674,300.0,False
7226,27549.30000000002,17549.30000000002,1.3392857142857142,200.0,False
7227,26198.100000000042,16198.100000000042,1.3034637376388192,242.89999999999782,False
7228,26874.000000000022,16874.000000000022,1.6132883333440884,300.0,False
7229,27046.100000000035,17046.100000000035,1.9434834998250847,300.0,False
7230,26293.700000000033,16293.700000000033,1.4268388385531856,200.0,False
7231,27871.800000000014,17871.800000000014,1.5,247.20000000000437,False
7232,26925.900000000016,16925.900000000016,2.8028708133971256,292.89999999999964,False
7233,27103.9,17103.9,1.477832512315271,339.7000000000007,False
7234,25170.100000000028,15170.100000000028,3.251512122149326,452.10000000000946,False
7235,25912.199999999993,15912.199999999993,2.3375773348501627,300.0,False
7236,25107.00000000005,15107.000000000051,1.8562107082203385,311.49999999999636,False
7237,23835.500000000022,13835.500000000022,1.8170172752917424,400.0,False
7238,26533.20000000004,16533.20000000004,1.6742940060274574,300.0,False
7239,24105.300000000007,14105.300000000007,1.9704433497536946,297.2000000000007,False
7240,27488.200000000055,17488.200000000055,1.5017608145550663,200.0,False
7241,23143.40000000002,13143.40000000002,1.6726403823177947,256.1999999999989,False
7242,27500.400000000027,17500.400000000027,1.0099275881919252,200.0,False
7243,26964.300000000047,16964.300000000047,1.56267091713156,300.0,False
7244,28221.50000000004,18221.50000000004,1.6894297365525364,208.8000000000011,False
7245,25133.99999999995,15133.999999999949,1.5093542227957784,250.0,False
7246,28781.800000000007,18781.800000000007,1.2007829104576193,200.0,False
7247,24304.30000000001,14304.30000000001,2.543738164551594,450.0,False
7248,27240.000000000036,17240.000000000036,2.803685912412851,300.0,False
7249,27188.600000000035,17188.600000000035,2.3255813953488373,250.0,False
7250,27673.80000000006,17673.80000000006,1.3205338961838125,195.19999999999527,False
7251,27547.999999999985,17547.999999999985,1.4528654138123913,250.0,False
7252,27260.800000000007,17260.800000000007,1.4866019994796889,200.0,False
7253,23810.60000000002,13810.60000000002,2.329026187570453,300.0,False
7254,25929.5,15929.5,1.8291902174907166,300.0,False
7255,26218.900000000023,16218.900000000023,3.3980582524271843,350.0,False
7256,29980.500000000004,19980.500000000004,1.3636363636363635,150.0,False
7257,23119.600000000028,13119.600000000028,2.5115023384919626,264.2000000000007,False
7258,27263.800000000003,17263.800000000003,1.0699421161315177,250.0,False
7259,24319.20000000002,14319.200000000019,2.0887292171442886,300.0,False
7260,26163.10000000003,16163.100000000031,1.9656212837472609,300.0,False
7261,27618.200000000015,17618.200000000015,1.0,150.0,False
7262,26813.60000000005,16813.60000000005,1.3902791680569457,250.0,False
7263,27792.300000000032,17792.300000000032,1.2443460028495512,200.0,False
7264,28321.099999999995,18321.099999999995,3.2015122645559404,425.1000000000022,False
7265,25926.000000000015,15926.000000000015,1.901284717184918,300.0,False
7266,29158.500000000047,19158.500000000047,0.9534524513262514,160.79999999999563,False
7267,24629.399999999994,14629.399999999994,1.5,200.0,False
7268,24775.00000000003,14775.00000000003,2.0909612506728323,353.5,False
7269,27806.300000000032,17806.300000000032,1.167088115152694,200.0,False
7270,29086.50000000005,19086.50000000005,1.25259129824825,200.0,False
7271,26222.400000000016,16222.400000000016,1.583217890362162,200.0,False
7272,26161.000000000022,16161.000000000022,2.256379839856852,448.90000000000146,False
7273,25835.90000000002,15835.90000000002,1.241549194476445,200.0,False
7274,25563.9,15563.900000000001,2.563270049043898,300.0,False
7275,25544.999999999964,15544.999999999964,1.6746772059685506,200.0,False
7276,26507.400000000016,16507.400000000016,1.6929640414437588,300.0,False
7277,27490.200000000023,17490.200000000023,1.691057573410537,248.90000000000327,False
7278,27949.50000000002,17949.50000000002,1.7082239595492557,300.0,False
7279,27193.40000000003,17193.40000000003,1.083494051617656,250.0,False
7280,28479.900000000045,18479.900000000045,1.3085648184497156,250.0,False
7281,27169.600000000064,17169.600000000064,1.2664735272224643,250.0,False
7282,25677.70000000001,15677.700000000012,1.8905378580206074,300.0,False
7283,26029.000000000022,16029.000000000022,1.0820366069234197,150.0,False
7284,26174.80000000004,16174.80000000004,2.1501862061254493,250.0,False
7285,25270.10000000004,15270.100000000039,2.3928711582453546,300.0,False
7286,27256.000000000015,17256.000000000015,1.0688671077524925,234.50000000000728,False
7287,27676.200000000008,17676.200000000008,2.1033148241628803,250.0,False
7288,25575.9,15575.900000000001,1.3623483252197923,150.0,False
7289,24761.900000000023,14761.900000000023,2.7096782934446084,400.0,False
7290,27026.2,17026.2,1.7148540659189895,200.0,False
7291,27524.70000000001,17524.70000000001,1.5,200.0,False
7292,25715.40000000001,15715.400000000009,2.0752915784667736,325.2999999999993,False
7293,27844.000000000022,17844.000000000022,1.3109825377125972,200.0,False
7294,25784.700000000066,15784.700000000066,2.322038935948877,250.0,False
7295,27766.70000000001,17766.70000000001,1.1398219598098778,250.0,False
7296,25982.60000000004,15982.600000000039,2.0,311.49999999999636,False
7297,26168.20000000005,16168.200000000052,2.3237980154764903,400.0,False
7298,25162.199999999957,15162.199999999957,2.226536755668763,250.0,False
7299,26017.10000000002,16017.10000000002,2.074182528062503,221.00000000000364,False
7300,28417.90000000001,18417.90000000001,1.487065661514286,223.100000000004,False
7301,26893.300000000032,16893.300000000032,2.3158655315837757,300.0,False
7302,26431.000000000004,16431.000000000004,1.4666223093638913,247.20000000000073,False
7303,24791.699999999975,14791.699999999975,2.2669397069602604,300.0,False
7304,25823.000000000022,15823.000000000022,1.3970636543165968,361.5,False
7305,27694.700000000037,17694.700000000037,1.882133285150719,277.0000000000073,False
7306,28663.5,18663.5,1.4043234437755703,200.0,False
7307,24537.300000000014,14537.300000000014,2.7415503743233827,300.0,False
7308,24406.800000000003,14406.800000000003,1.9680777784338033,300.0,False
7309,26324.200000000026,16324.200000000026,1.5252039960344694,200.0,False
7310,27403.400000000016,17403.400000000016,2.3111357006337143,300.0,False
7311,25748.399999999994,15748.399999999994,1.3960728470811596,200.0,False
7312,25040.400000000016,15040.400000000016,1.9125000000000316,304.40000000000146,False
7313,26225.29999999998,16225.299999999981,1.9782632712809796,286.49999999999636,False
7314,28171.499999999967,18171.499999999967,2.1463464890064143,250.0,False
7315,26568.400000000067,16568.400000000067,2.08408591991552,300.0,False
7316,27338.699999999975,17338.699999999975,2.1471193683717025,250.0,False
7317,26092.10000000001,16092.10000000001,1.3351822174985202,250.0,False
7318,25064.800000000025,15064.800000000025,1.8805476154656227,200.0,False
7319,27943.50000000003,17943.50000000003,1.9352241763685902,297.69999999999345,False
7320,25248.599999999962,15248.599999999962,1.5169074504426452,300.0,False
7321,24252.099999999973,14252.099999999973,1.831609178559912,250.0,False
7322,26298.80000000001,16298.80000000001,2.1690445241414436,277.0000000000073,False
7323,28848.59999999999,18848.59999999999,1.563656454252626,300.0,False
7324,27692.400000000023,17692.400000000023,1.5495163845207847,250.0,False
7325,27076.900000000005,17076.900000000005,2.7273399652379715,295.0,False
7326,25552.900000000027,15552.900000000027,1.903355234607567,250.0,False
7327,27932.200000000023,17932.200000000023,1.229901361910775,250.0,False
7328,28151.89999999998,18151.89999999998,2.0450065031206806,250.0,False
7329,28818.300000000025,18818.300000000025,0.8451989880150782,150.0,False
7330,25164.299999999996,15164.299999999996,1.3556380988531302,300.0,False
7331,24082.40000000007,14082.40000000007,2.3920926983762483,250.0,False
7332,26041.7,16041.7,1.7354633253212786,250.0,False
7333,25811.40000000003,15811.40000000003,2.6609426832946035,300.0,False
7334,25328.000000000022,15328.000000000022,2.3265077922985498,400.0,False
7335,24471.700000000037,14471.700000000037,1.7574074724965705,250.0,False
7336,28069.00000000005,18069.00000000005,1.2800863672729477,250.0,False
7337,27555.800000000025,17555.800000000025,1.2553477815493996,250.0,False
7338,23875.10000000002,13875.10000000002,1.8138545135506439,374.20000000001164,False
7339,25652.000000000015,15652.000000000015,1.4357089530810314,200.0,False
7340,26194.900000000016,16194.900000000016,1.9071412905625105,250.0,False
7341,26465.999999999985,16465.999999999985,2.3292648840026104,300.0,False
7342,28854.100000000028,18854.100000000028,2.2534364906482365,300.0,False
7343,27259.00000000006,17259.00000000006,1.793110868044967,300.0,False
7344,27830.69999999996,17830.69999999996,1.2819286329283424,200.0,False
7345,26719.599999999984,16719.599999999984,2.336448598130841,250.0,False
7346,24819.600000000028,14819.600000000028,2.0713473374364066,300.0,False
7347,25575.700000000015,15575.700000000015,1.7504428620440982,300.0,False
7348,26663.70000000002,16663.70000000002,1.1738527524267472,200.0,False
7349,24273.10000000002,14273.10000000002,1.8488669066071912,350.0,False
7350,27413.700000000026,17413.700000000026,1.7745169628058504,306.2000000000007,False
7351,24903.999999999996,14903.999999999996,1.8428715862378238,304.4000000000051,False
7352,23889.500000000025,13889.500000000025,3.3046302590830128,350.0,False
7353,25258.600000000035,15258.600000000035,2.116274148199655,350.0,False
7354,26223.900000000038,16223.900000000038,1.3646412358191025,200.0,False
7355,28119.400000000016,18119.400000000016,1.380405148911205,200.0,False
7356,25650.20000000004,15650.20000000004,1.4672976046366593,200.0,False
7357,27212.00000000005,17212.00000000005,1.2603453346216846,250.0,False
7358,27711.00000000001,17711.00000000001,2.5336839201157604,450.0,False
7359,25962.49999999998,15962.499999999982,1.3809230089391755,200.0,False
7360,27841.300000000003,17841.300000000003,1.3636363636363635,200.0,False
7361,28523.70000000004,18523.70000000004,1.9168864235700567,382.79999999999563,False
7362,25935.699999999997,15935.699999999997,1.660809545004616,350.0,False
7363,27783.90000000003,17783.90000000003,1.1088113542282663,200.0,False
7364,27536.7,17536.7,1.1324387067549968,200.0,False
7365,25494.300000000032,15494.300000000032,2.7258601952560437,303.50000000000364,False
7366,26360.300000000007,16360.300000000007,2.4314166822972028,350.0,False
7367,26790.600000000017,16790.600000000017,1.2288214485199802,161.49999999999272,False
7368,26736.800000000003,16736.800000000003,1.0420284821118444,248.90000000000146,False
7369,27245.10000000004,17245.10000000004,1.0751532093323284,200.0,False
7370,29477.800000000025,19477.800000000025,1.6130772550712154,400.0,False
7371,27477.700000000055,17477.700000000055,2.2563840063406566,273.2999999999993,False
7372,25666.700000000026,15666.700000000026,2.031338899909278,264.2000000000007,False
7373,26684.30000000002,16684.30000000002,1.1744431949460552,306.0,False
7374,28899.00000000003,18899.00000000003,1.1352112249685924,200.0,False
7375,25784.80000000004,15784.80000000004,2.3090288801787167,400.0,False
7376,26425.60000000002,16425.60000000002,1.7205929163189644,200.0,False
7377,24235.500000000047,14235.500000000047,1.3523631973839572,264.59999999999854,False
7378,28716.300000000036,18716.300000000036,2.796688720554862,350.0,False
7379,25908.099999999995,15908.099999999995,1.2333700006226742,250.0,False
7380,26251.300000000047,16251.300000000047,2.7992869223385184,400.0,False
7381,27682.5,17682.5,1.7516102844885653,295.6000000000058,False
7382,22851.600000000053,12851.600000000053,2.5292008497846066,301.1999999999989,False
7383,25143.6,15143.599999999999,1.5150801131008478,208.8000000000011,False
7384,27248.29999999998,17248.29999999998,2.121595044227605,223.29999999999927,False
7385,25713.500000000015,15713.500000000015,1.318210818819832,250.0,False
7386,25591.1,15591.099999999999,1.7500993538320946,237.79999999999745,False
7387,27715.700000000008,17715.700000000008,1.2106830673866202,200.0,False
7388,25210.90000000003,15210.90000000003,1.6960651289009487,250.0,False
7389,25419.000000000007,15419.000000000007,1.6800934131937724,200.0,False
7390,24874.500000000025,14874.500000000025,1.664018104516976,200.0,False
7391,29043.79999999998,19043.79999999998,1.7198974941093514,200.0,False
7392,30584.300000000036,20584.300000000036,1.4524609530080472,200.0,False
7393,29420.1,19420.1,1.7857142857142856,250.0,False
7394,24740.79999999999,14740.799999999988,2.054437755139118,339.1999999999989,False
7395,27494.900000000023,17494.900000000023,1.8053051555893258,223.29999999999927,False
7396,29802.900000000016,19802.900000000016,1.7983800192786348,250.0,False
7397,25746.200000000026,15746.200000000026,1.4375251566902414,200.0,False
7398,28147.500000000025,18147.500000000025,2.4160000000000763,241.60000000000764,False
7399,29457.200000000033,19457.200000000033,1.332007246119418,200.0,False
7400,27242.300000000007,17242.300000000007,1.5556241096785373,342.90000000000146,False
7401,26578.90000000005,16578.90000000005,1.9002916947751476,250.0,False
7402,27149.800000000047,17149.800000000047,2.4006376093490425,250.0,False
7403,25730.20000000001,15730.200000000012,1.3590984307236185,250.0,False
7404,26887.399999999983,16887.399999999983,2.336448598130841,300.0,False
7405,25166.600000000017,15166.600000000017,1.7592934677433547,200.0,False
7406,25589.100000000035,15589.100000000035,1.8957345971563981,200.0,False
7407,23733.700000000044,13733.700000000044,2.7121662747267847,313.6999999999989,False
7408,28626.60000000004,18626.60000000004,0.9569377990430622,200.0,False
7409,28046.000000000044,18046.000000000044,1.9026454382172935,250.0,False
7410,26557.50000000003,16557.50000000003,1.209958003487437,295.6000000000022,False
7411,26245.39999999998,16245.39999999998,1.3911108019753784,200.0,False
7412,26406.900000000005,16406.900000000005,1.2151357306611146,300.0,False
7413,28410.399999999994,18410.399999999994,1.7543859649122806,200.0,False
7414,23941.000000000015,13941.000000000015,1.980410906971614,350.0,False
7415,25539.80000000006,15539.800000000061,1.377507345626155,297.6999999999971,False
7416,27224.90000000001,17224.90000000001,1.4851485148514851,200.0,False
7417,28826.7,18826.7,1.2646808367128428,199.99999999999818,False
7418,25514.100000000006,15514.100000000006,1.635320896756078,257.20000000000255,False
7419,25443.3,15443.3,1.5998336173038004,258.7999999999993,False
7420,24344.5,14344.5,1.952362358453728,348.9000000000051,False
7421,27632.70000000002,17632.70000000002,1.2896930991661397,200.0,False
7422,25417.500000000044,15417.500000000044,2.2617935273631415,300.0,False
7423,26799.50000000005,16799.50000000005,2.5885861973560536,383.5999999999967,False
7424,28236.700000000026,18236.700000000026,1.3291332721932039,200.0,False
7425,25748.100000000006,15748.100000000006,1.7335314512134714,350.0,False
7426,26674.299999999996,16674.299999999996,2.322376875319329,300.0,False
7427,27597.100000000046,17597.100000000046,2.3698681308970513,590.0,False
7428,22905.900000000045,12905.900000000045,1.312528875635262,250.0,False
7429,26884.00000000001,16884.00000000001,1.891229299044381,264.60000000000036,False
7430,25438.699999999997,15438.699999999997,1.649062919995712,225.10000000000218,False
7431,27226.90000000002,17226.90000000002,1.9209523809523879,347.2000000000007,False
7432,27182.700000000004,17182.700000000004,2.9616268582899554,407.20000000000255,False
7433,27188.700000000048,17188.700000000048,1.038637307852099,200.0,False
7434,25932.50000000003,15932.50000000003,2.502753028331164,350.0,False
7435,24801.69999999999,14801.69999999999,2.2797634517442487,500.0,False
7436,28665.700000000008,18665.700000000008,1.7825693241210159,252.8000000000102,False
7437,26259.899999999987,16259.899999999987,1.477832512315271,200.0,False
7438,25639.400000000005,15639.400000000005,1.8374246655887116,250.0,False
7439,28116.000000000015,18116.000000000015,1.7377389878963245,356.2000000000007,False
7440,26330.199999999997,16330.199999999997,3.2577169090105897,339.2000000000007,False
7441,26468.199999999997,16468.199999999997,1.4706459076826541,250.0,False
7442,27697.800000000025,17697.800000000025,3.8834951456310676,400.0,False
7443,25844.500000000007,15844.500000000007,4.217465497888023,650.0,False
7444,28084.600000000028,18084.600000000028,1.5050324522622505,400.0,False
7445,26727.400000000045,16727.400000000045,1.1723301262416785,200.0,False
7446,26378.300000000054,16378.300000000054,0.9173159669729225,197.20000000000437,False
7447,25259.600000000028,15259.600000000028,2.4143425745169576,350.0,False
7448,28090.999999999978,18090.999999999978,1.7866586624358634,250.0,False
7449,27968.700000000023,17968.700000000023,2.352896886646839,250.0,False
7450,27052.200000000033,17052.200000000033,2.2573974915799067,250.0,False
7451,23591.999999999978,13591.999999999978,1.8841262364578437,300.0,False
7452,26673.9,16673.9,1.3282329189246629,155.99999999999636,False
7453,21825.100000000028,11825.100000000028,2.4324745076671612,292.6000000000022,False
7454,25940.700000000033,15940.700000000033,4.311091471497988,487.79999999999745,False
7455,26404.200000000037,16404.200000000037,1.5872763924382134,250.0,False
7456,26182.400000000023,16182.400000000023,1.1015853755044929,208.79999999999927,False
7457,25337.900000000016,15337.900000000016,1.5301563207697302,250.0,False
7458,23584.30000000004,13584.30000000004,1.7996487085720845,250.0,False
7459,26920.0,16920.0,1.5833933703319587,203.50000000000364,False
7460,26876.000000000022,16876.000000000022,0.9367155007681064,200.0,False
7461,26705.20000000001,16705.20000000001,1.222468120982205,250.0,False
7462,26682.800000000017,16682.800000000017,1.4281769796913226,300.0,False
7463,27960.90000000004,17960.90000000004,1.9306696527690614,200.0,False
7464,25740.499999999993,15740.499999999993,1.6762492247347316,250.0,False
7465,23716.40000000005,13716.400000000049,2.0894321869825947,250.0,False
7466,28471.400000000045,18471.400000000045,1.236223830686782,225.10000000000218,False
7467,25208.80000000003,15208.800000000028,1.4431402732345575,200.0,False
7468,26776.40000000003,16776.40000000003,1.8218254691200555,300.0,False
7469,22474.299999999996,12474.299999999996,2.110552763819087,256.1999999999989,False
7470,26157.50000000002,16157.500000000018,1.5285471465081846,250.0,False
7471,26039.30000000002,16039.300000000021,2.7695205036834616,300.0,False
7472,23848.50000000004,13848.50000000004,1.9734764761604053,250.0,False
7473,25581.100000000024,15581.100000000024,1.7683274117870775,250.0,False
7474,26410.300000000032,16410.300000000032,1.0,200.0,False
7475,27525.20000000002,17525.20000000002,1.3450984612073607,150.0,False
7476,27905.10000000003,17905.10000000003,2.806511105765375,350.0,False
7477,26718.400000000056,16718.400000000056,2.625843552241158,300.0,False
7478,26303.800000000017,16303.800000000017,1.5676602148739585,300.0,False
7479,23315.000000000036,13315.000000000036,2.1238456898675575,336.4999999999927,False
7480,28064.999999999993,18064.999999999993,1.9502605548101224,250.0,False
7481,24415.60000000003,14415.600000000031,3.996770286637035,425.6999999999971,False
7482,25516.900000000052,15516.900000000052,1.9053089811822004,300.0,False
7483,27653.100000000064,17653.100000000064,1.3093249882444211,250.0,False
7484,24473.600000000013,14473.600000000013,2.81481719772884,350.0,False
7485,26085.300000000032,16085.300000000032,2.2247683459959693,400.0,False
7486,27392.70000000002,17392.70000000002,1.5177961599757133,200.0,False
7487,27966.100000000013,17966.100000000013,2.0,250.0,False
7488,24986.000000000004,14986.000000000004,1.3505924251763741,200.0,False
7489,28008.600000000017,18008.600000000017,1.4808057952815608,250.0,False
7490,27323.000000000007,17323.000000000007,2.258825230174292,250.0,False
7491,26157.900000000038,16157.900000000038,2.0,200.0,False
7492,26406.500000000015,16406.500000000015,2.00770960488275,250.0,False
7493,27558.200000000004,17558.200000000004,1.220216547763343,200.0,False
7494,27652.99999999998,17652.99999999998,1.9070285444032546,250.0,False
7495,27200.599999999995,17200.599999999995,1.5,275.29999999999563,False
7496,25542.499999999993,15542.499999999993,1.5955070521411718,250.0,False
7497,27879.900000000023,17879.900000000023,1.9452671256587246,250.0,False
7498,25226.200000000063,15226.200000000063,2.079209567690741,500.0,False
7499,25309.30000000001,15309.30000000001,1.8779342723004695,200.0,False
7500,25401.80000000001,15401.80000000001,2.854586511013591,335.0,False
7501,27817.600000000002,17817.600000000002,0.8742634330576484,206.20000000000073,False
7502,25090.69999999999,15090.69999999999,2.7195097630400507,329.2000000000007,False
7503,26328.000000000047,16328.000000000047,1.784105404947324,200.0,False
7504,26162.900000000045,16162.900000000045,1.9576060826736192,350.0,False
7505,25215.400000000016,15215.400000000016,1.7890280808896704,394.3000000000029,False
7506,24540.400000000045,14540.400000000045,2.4297705871945836,249.99999999999818,False
7507,27021.50000000003,17021.50000000003,1.5853262205030243,200.0,False
7508,29053.00000000005,19053.00000000005,1.3281388347795284,200.0,False
7509,22929.000000000033,12929.000000000033,1.8846872926843945,291.59999999999854,False
7510,23955.099999999955,13955.099999999955,2.446112149349824,369.90000000000873,False
7511,27619.800000000043,17619.800000000043,1.4230216441592058,200.0,False
7512,25162.10000000001,15162.10000000001,2.099838000779251,307.20000000000255,False
7513,25258.10000000002,15258.10000000002,1.8658248065139647,250.0,False
7514,26039.79999999999,16039.799999999988,1.4678575884567673,250.0,False
7515,26771.100000000024,16771.100000000024,1.427103550633634,295.6000000000022,False
7516,24483.200000000015,14483.200000000015,2.3174287495997157,550.0,False
7517,25289.000000000015,15289.000000000015,1.6909601271602002,250.0,False
7518,25416.900000000023,15416.900000000023,1.4546300875687292,250.0,False
7519,25392.60000000004,15392.600000000039,1.9801980198019802,250.0,False
7520,26410.70000000004,16410.70000000004,2.2913406961747667,350.0,False
7521,27761.29999999998,17761.29999999998,1.7569134544432354,250.0,False
7522,27860.90000000003,17860.90000000003,1.406825919360738,300.0,False
7523,28527.399999999998,18527.399999999998,2.3555794254270674,250.0,False
7524,26956.600000000013,16956.600000000013,1.7493986442160518,236.5,False
7525,27298.100000000035,17298.100000000035,1.5439627966724505,250.0,False
7526,27197.100000000017,17197.100000000017,1.4482789931445046,250.0,False
7527,28007.000000000015,18007.000000000015,1.470739634962423,200.0,False
7528,25163.200000000015,15163.200000000015,1.7412502176562767,250.0,False
7529,26634.70000000002,16634.70000000002,1.946661475569397,300.0,False
7530,25441.100000000013,15441.100000000013,2.1653185277365528,300.0,False
7531,30737.30000000003,20737.30000000003,1.5,200.00000000000182,False
7532,27624.199999999993,17624.199999999993,1.8865432867357135,200.0,False
7533,27328.200000000026,17328.200000000026,1.0874412867106356,200.0,False
7534,26124.09999999999,16124.099999999991,1.6304170606841226,300.0,False
7535,25149.300000000047,15149.300000000047,2.379398488062216,350.0,False
7536,23029.500000000036,13029.500000000036,2.212683099526485,250.0,False
7537,25571.799999999996,15571.799999999996,1.477832512315271,250.0,False
7538,25516.100000000035,15516.100000000035,2.0609027575700454,287.7999999999993,False
7539,25176.899999999994,15176.899999999994,2.271281911510858,300.0,False
7540,23783.10000000003,13783.100000000031,2.169517412546753,250.0,False
7541,22490.8,12490.8,2.7620684556812605,298.9000000000051,False
7542,27637.999999999975,17637.999999999975,1.2884162787102091,200.0,False
7543,26678.20000000004,16678.20000000004,2.014290160628951,297.69999999999527,False
7544,26599.80000000002,16599.80000000002,1.6824065142780236,300.0,False
7545,27912.400000000034,17912.400000000034,1.443015324822748,300.0,False
7546,27762.40000000006,17762.40000000006,1.4855198948251895,250.0,False
7547,25067.000000000025,15067.000000000025,1.5580813785904037,250.0,False
7548,24734.79999999996,14734.79999999996,1.8757221530289179,250.0,False
7549,25685.800000000017,15685.800000000017,2.166152566457561,250.0,False
7550,23875.80000000001,13875.80000000001,1.7524029825898748,300.0,False
7551,26090.4,16090.400000000001,1.9592763033474074,310.7999999999993,False
7552,24987.100000000028,14987.100000000028,2.998059900569936,395.600000000004,False
7553,30223.30000000003,20223.30000000003,0.9376377155394697,197.20000000000437,False
7554,27735.200000000004,17735.200000000004,1.5717709929663264,200.0,False
7555,25942.10000000002,15942.10000000002,2.2635086194408216,250.0,False
7556,24138.29999999999,14138.299999999988,1.7665971805109002,300.0,False
7557,25420.300000000007,15420.300000000007,1.649049323065252,297.2000000000007,False
7558,26295.00000000003,16295.00000000003,1.3192148033490467,200.0,False
7559,27244.60000000002,17244.60000000002,2.1256245921714565,275.29999999999563,False
7560,26298.50000000005,16298.500000000051,2.0372526193247658,250.0,False
7561,27316.900000000016,17316.900000000016,1.8116167590113728,232.79999999999745,False
7562,25923.80000000001,15923.80000000001,2.0938125816794164,222.70000000000437,False
7563,27427.600000000057,17427.600000000057,1.8407392408791363,250.0,False
7564,28577.800000000014,18577.800000000014,1.0821875215919086,150.0,False
7565,26228.10000000003,16228.100000000031,1.31139770505399,250.0,False
7566,28468.10000000005,18468.10000000005,1.7962368792939511,250.0,False
7567,24664.70000000001,14664.700000000012,1.34933646379393,200.0,False
7568,26993.600000000024,16993.600000000024,1.752046796897602,308.7999999999993,False
7569,26960.900000000038,16960.900000000038,1.7319114886283338,250.0,False
7570,27393.50000000001,17393.50000000001,2.104014311004896,250.0,False
7571,29191.900000000016,19191.900000000016,1.650509149663673,250.0,False
7572,28057.400000000016,18057.400000000016,1.9890000000000327,332.7999999999993,False
7573,23419.699999999993,13419.699999999993,1.8569193233813106,250.39999999999964,False
7574,25278.699999999997,15278.699999999997,1.5,150.0,False
7575,26680.90000000005,16680.90000000005,1.4866572511707414,200.0,False
7576,28746.300000000003,18746.300000000003,1.9944753034095566,242.89999999999782,False
7577,26714.500000000004,16714.500000000004,1.3207193705507456,214.60000000000036,False
7578,26050.60000000005,16050.60000000005,1.9603422757613471,200.0,False
7579,27187.200000000023,17187.200000000023,1.8792576932111817,250.0,False
7580,26254.70000000003,16254.70000000003,1.2367360063320885,239.20000000000073,False
7581,27281.6,17281.6,1.6942547820341218,300.0,False
7582,27859.70000000002,17859.70000000002,1.4666115826635506,250.0,False
7583,25525.200000000004,15525.200000000004,1.7357645608949595,210.79999999999927,False
7584,27439.30000000002,17439.30000000002,1.611260301879812,208.8000000000011,False
7585,25558.300000000025,15558.300000000025,1.5423455405705506,257.20000000000437,False
7586,28269.700000000026,18269.700000000026,1.5751008064516125,200.0,False
7587,25672.90000000001,15672.900000000009,1.192311972401952,277.0000000000073,False
7588,22957.20000000004,12957.20000000004,1.60920465060144,258.7999999999993,False
7589,25868.000000000022,15868.000000000022,1.8564487330235186,298.40000000000146,False
7590,20905.00000000003,10905.00000000003,3.3430781346077394,619.8000000000065,False
7591,26577.800000000007,16577.800000000007,1.5,157.20000000000437,False
7592,25601.50000000006,15601.500000000058,2.536633211293089,300.0,False
7593,28107.600000000013,18107.600000000013,1.2316079873883332,186.49999999999272,False
7594,28154.500000000036,18154.500000000036,3.8292668836295256,397.69999999999527,False
7595,27944.100000000035,17944.100000000035,1.5902765488504924,237.79999999999563,False
7596,28029.20000000001,18029.20000000001,2.313358255912943,250.0,False
7597,26074.30000000002,16074.300000000021,1.9987367983434454,250.0,False
7598,26871.000000000036,16871.000000000036,1.4912908613696012,200.0,False
7599,24651.70000000001,14651.700000000012,1.4138139043884783,235.90000000000146,False
7600,26816.599999999988,16816.599999999988,1.9432380175085744,272.29999999999563,False
7601,26160.800000000025,16160.800000000025,1.9735543714229313,250.0,False
7602,25142.80000000006,15142.800000000061,1.4791294829949402,300.0,False
7603,27346.600000000064,17346.600000000064,1.5639906786155546,200.0,False
7604,26104.699999999993,16104.699999999993,2.17170985956276,300.0,False
7605,24436.1,14436.099999999999,1.9945146653023005,250.00000000000182,False
7606,27988.400000000005,17988.400000000005,1.4272766847217173,200.0,False
7607,29521.900000000012,19521.900000000012,1.8957345971563981,250.0,False
7608,26368.90000000005,16368.900000000049,2.552601830580169,350.0,False
7609,26831.80000000003,16831.80000000003,2.271780697436674,300.0,False
7610,27839.400000000038,17839.400000000038,1.9642238091937054,283.30000000000837,False
7611,27778.000000000007,17778.000000000007,1.951219512195122,200.0,False
7612,24820.300000000025,14820.300000000025,1.6359516739875484,290.7999999999993,False
7613,25830.400000000045,15830.400000000045,1.8248756218905617,250.39999999999964,False
7614,26648.20000000001,16648.20000000001,1.5475803581100958,200.0,False
7615,28624.400000000045,18624.400000000045,1.0438703930519992,158.79999999999927,False
7616,26486.30000000003,16486.30000000003,1.4080342433927984,211.5,False
7617,26019.19999999999,16019.19999999999,1.253436505084775,300.0,False
7618,24740.20000000006,14740.200000000059,1.933159091260574,250.0,False
7619,29953.10000000003,19953.10000000003,1.444349224384468,187.79999999999563,False
7620,25472.400000000023,15472.400000000023,2.787488165464995,306.1999999999989,False
7621,24438.3,14438.3,2.1320749353270605,300.0,False
7622,25459.000000000033,15459.000000000033,1.6449316366411786,250.0,False
7623,25661.70000000002,15661.700000000019,2.034654230860006,250.0,False
7624,26445.500000000022,16445.500000000022,1.627895619332887,200.0,False
7625,26295.100000000002,16295.100000000002,1.7149011188014893,250.0,False
7626,25329.199999999975,15329.199999999975,1.8649999999999636,200.0,False
7627,27653.500000000007,17653.500000000007,1.702605838235418,200.0,False
7628,27024.500000000033,17024.500000000033,1.3720306969001248,150.0,False
7629,26046.900000000005,16046.900000000005,1.673965154741337,277.0000000000073,False
7630,26567.800000000007,16567.800000000007,1.4851485148514851,247.5,False
7631,30180.100000000006,20180.100000000006,1.7933520439729913,200.0,False
7632,28248.800000000007,18248.800000000007,1.2261288048309464,200.0,False
7633,28174.800000000047,18174.800000000047,1.075642728764536,275.29999999999563,False
7634,26492.800000000025,16492.800000000025,1.4326442314580026,200.0,False
7635,28513.100000000017,18513.100000000017,1.9934773421365288,250.0,False
7636,28672.60000000003,18672.60000000003,1.2612832295577505,300.0,False
7637,26105.300000000025,16105.300000000025,2.5538547620000505,255.6000000000131,False
7638,25993.499999999993,15993.499999999993,1.6488038277511545,175.10000000000218,False
7639,25348.19999999999,15348.19999999999,1.9445500743250268,450.0,False
7640,26432.89999999998,16432.89999999998,1.889116422466885,250.0,False
7641,26368.40000000002,16368.40000000002,1.7834951456310575,300.0,False
7642,29027.500000000044,19027.500000000044,1.3832406562093675,237.70000000000437,False
7643,26407.50000000003,16407.50000000003,1.9795084711712567,295.600000000004,False
7644,25914.500000000062,15914.500000000062,1.9165018475077769,275.6999999999971,False
7645,26803.600000000013,16803.600000000013,1.4263571788556824,200.0,False
7646,25779.20000000001,15779.200000000012,1.6202275042274343,322.8999999999978,False
7647,23762.199999999983,13762.199999999983,3.0,401.7000000000007,False
7648,26675.999999999993,16675.999999999993,1.0458550925369898,200.0,False
7649,26938.80000000001,16938.80000000001,1.522966332290948,300.0,False
7650,29476.600000000028,19476.600000000028,1.9750485532769337,300.0,False
7651,28032.6,18032.6,1.1213863325433782,221.0,False
7652,27772.300000000043,17772.300000000043,1.840756182639828,200.0,False
7653,24935.800000000054,14935.800000000054,1.4915466593083686,200.0,False
7654,29126.600000000028,19126.600000000028,1.4423076923076923,150.0,False
7655,26294.500000000007,16294.500000000007,2.336448598130841,250.0,False
7656,29238.100000000013,19238.100000000013,1.2919228980414454,200.0,False
7657,28469.099999999995,18469.099999999995,1.8648888060049404,200.0,False
7658,24989.900000000023,14989.900000000023,1.7876890737102216,425.2999999999993,False
7659,25335.00000000003,15335.00000000003,1.9041763487915333,300.0,False
7660,26027.100000000028,16027.100000000028,1.6539532791277696,250.0,False
7661,26076.800000000057,16076.800000000057,1.3724725917223413,250.0,False
7662,25820.000000000055,15820.000000000055,2.6477441220080493,300.0,False
7663,25456.100000000013,15456.100000000013,2.0459437119965953,300.0,False
7664,25627.800000000007,15627.800000000007,2.116313629174439,442.8999999999978,False
7665,26248.500000000004,16248.500000000004,2.0489144168448075,300.0,False
7666,25886.000000000022,15886.000000000022,4.192808537255697,442.3999999999978,False
7667,27042.000000000044,17042.000000000044,1.664024005592171,250.0,False
7668,28696.200000000008,18696.200000000008,1.1870751260278085,200.0,False
7669,27678.70000000001,17678.70000000001,1.1027486008877123,227.00000000000728,False
7670,25242.100000000057,15242.100000000057,1.866786140979687,366.799999999992,False
7671,23788.500000000022,13788.500000000022,1.7541090003332802,297.2000000000007,False
7672,27928.800000000047,17928.800000000047,1.1774228463326921,150.40000000000146,False
7673,27648.000000000036,17648.000000000036,2.8846153846153846,300.0,False
7674,26209.99999999998,16209.999999999982,1.2345783694408272,200.0,False
7675,24997.300000000025,14997.300000000025,1.5414971019854498,200.0,False
7676,28219.200000000063,18219.200000000063,1.822306858251861,237.79999999999563,False
7677,26964.699999999993,16964.699999999993,2.348835648614188,350.0,False
7678,25094.1,15094.099999999999,2.7086079560844367,300.0,False
7679,28684.49999999999,18684.49999999999,1.193345903243514,250.0,False
7680,24951.900000000023,14951.900000000023,1.3561773880023504,250.0,False
7681,24641.500000000007,14641.500000000007,1.816794447876167,200.0,False
7682,26624.500000000007,16624.500000000007,2.257645447842444,257.20000000000255,False
7683,23947.000000000007,13947.000000000007,2.0269503316090742,250.0,False
7684,26376.200000000026,16376.200000000026,2.109111361079864,300.0,False
7685,28138.099999999988,18138.099999999988,1.3333333333333335,200.0,False
7686,24166.200000000008,14166.200000000008,1.7935749022501686,350.0,False
7687,27925.000000000036,17925.000000000036,1.3790320458273961,250.0,False
7688,22863.40000000003,12863.40000000003,1.757707053380458,324.5000000000073,False
7689,25458.400000000045,15458.400000000045,2.1632045093543115,350.0,False
7690,23945.200000000023,13945.200000000023,1.5198861909220116,249.99999999999818,False
7691,26102.10000000002,16102.10000000002,1.643304356399847,200.0,False
7692,26096.300000000017,16096.300000000017,1.6204115759095823,300.3999999999978,False
7693,25107.699999999986,15107.699999999986,2.4923103014978483,323.2999999999993,False
7694,24635.00000000003,14635.00000000003,1.7856687329404854,350.0,False
7695,26712.900000000027,16712.900000000027,1.614251288777733,264.6000000000022,False
7696,25662.100000000035,15662.100000000035,1.2393007039227983,250.0,False
7697,27707.79999999999,17707.79999999999,1.3923392866041033,300.0,False
7698,27533.000000000004,17533.000000000004,1.4218009478672986,250.0,False
7699,24095.999999999993,14095.999999999993,4.147781690937479,550.0,False
7700,24959.100000000028,14959.100000000028,1.6303058219225772,350.3999999999978,False
7701,26555.600000000042,16555.600000000042,1.4774802460891094,250.0,False
7702,28089.600000000013,18089.600000000013,1.3990449186688556,250.0,False
7703,27970.0,17970.0,2.923610240989014,350.0,False
7704,26291.7,16291.7,1.32483086325979,200.0,False
7705,24487.900000000052,14487.900000000052,1.681407001378753,238.5,False
7706,27172.20000000003,17172.20000000003,4.847469329673358,575.6999999999971,False
7707,29393.400000000023,19393.400000000023,1.8779342723004695,200.0,False
7708,27492.400000000052,17492.400000000052,1.4791695941898213,200.0,False
7709,26746.90000000004,16746.90000000004,2.0623234135577126,300.0,False
7710,27472.20000000004,17472.20000000004,1.5680666365597866,250.0,False
7711,25726.7,15726.7,1.9355660257226408,395.1999999999971,False
7712,25039.99999999998,15039.999999999982,2.8860653549499644,400.0,False
7713,28040.900000000012,18040.900000000012,1.477832512315271,250.0,False
7714,25612.700000000033,15612.700000000033,1.9704433497536946,200.0,False
7715,28567.400000000016,18567.400000000016,1.5775185743232685,242.89999999999964,False
7716,25600.299999999996,15600.299999999996,1.6933797319379877,200.0,False
7717,25702.400000000052,15702.400000000052,2.5,299.9999999999982,False
7718,27296.099999999995,17296.099999999995,1.9102602198921765,450.0,False
7719,25520.80000000001,15520.80000000001,1.4237307440416849,200.0,False
7720,26301.40000000003,16301.40000000003,1.177495702140686,200.0,False
7721,25799.799999999996,15799.799999999996,1.5398118349937642,200.0,False
7722,24954.000000000033,14954.000000000033,1.034455528941081,247.20000000000073,False
7723,25376.80000000004,15376.80000000004,1.914608462569404,200.0,False
7724,26937.30000000005,16937.30000000005,1.4733507438752305,225.10000000000218,False
7725,27798.300000000017,17798.300000000017,1.7782077088860597,250.0,False
7726,23559.699999999993,13559.699999999993,2.206401506236761,300.0,False
7727,26568.800000000047,16568.800000000047,1.4231229008937207,200.0,False
7728,25059.500000000007,15059.500000000007,1.5817630374343388,250.0,False
7729,26423.40000000003,16423.40000000003,2.1094554229880007,362.1999999999971,False
7730,26045.90000000002,16045.90000000002,2.4638363574643267,450.0,False
7731,26556.500000000022,16556.500000000022,2.0,300.0,False
7732,27228.600000000006,17228.600000000006,1.1453354305697665,200.0,False
7733,27338.600000000028,17338.600000000028,2.437804941123716,282.79999999999745,False
7734,26249.600000000028,16249.600000000028,1.5752496770738151,250.0,False
7735,27592.300000000007,17592.300000000007,1.2991568472061632,200.0,False
7736,25813.500000000004,15813.500000000004,1.6909314759490237,200.0,False
7737,26394.900000000023,16394.900000000023,1.6145698785843436,200.0,False
7738,27247.500000000036,17247.500000000036,1.6773457680566266,244.20000000000437,False
7739,25671.900000000016,15671.900000000016,1.8528785792213127,250.0,False
7740,27231.600000000013,17231.600000000013,1.3545118790691797,277.0000000000073,False
7741,25788.80000000001,15788.80000000001,1.6524640850646415,250.0,False
7742,25347.999999999993,15347.999999999993,2.2244800704928007,251.09999999999673,False
7743,24210.50000000003,14210.50000000003,1.7481295014334663,260.7999999999993,False
7744,25773.100000000006,15773.100000000006,1.682627591246489,350.0,False
7745,27222.60000000006,17222.60000000006,3.486517085220224,406.49999999999636,False
7746,25335.50000000001,15335.500000000011,1.3719464392110128,350.0,False
7747,27614.800000000014,17614.800000000014,2.0751365439845944,257.5,False
7748,24621.90000000003,14621.90000000003,1.9319949102219613,300.0,False
7749,24914.60000000002,14914.60000000002,1.6606743998737887,327.0000000000073,False
7750,28076.700000000004,18076.700000000004,1.722559625171025,350.0,False
7751,28272.299999999967,18272.299999999967,1.5752840021929577,245.60000000000218,False
7752,27184.80000000001,17184.80000000001,1.656273550139539,250.0,False
7753,27725.500000000033,17725.500000000033,2.610931972167466,400.0,False
7754,28366.40000000003,18366.40000000003,2.3434099963174986,350.0,False
7755,28320.19999999999,18320.19999999999,3.005361255037407,334.09999999999854,False
7756,23780.5,13780.5,1.1534876853654705,250.0,False
7757,27572.800000000032,17572.800000000032,1.984189974284898,250.0,False
7758,28334.30000000005,18334.30000000005,1.367144588474591,192.89999999999964,False
7759,28048.100000000028,18048.100000000028,1.800558173033631,299.9999999999982,False
7760,27755.800000000025,17755.800000000025,1.4695509052433566,250.0,False
7761,25167.500000000007,15167.500000000007,1.877916639280382,250.39999999999964,False
7762,27673.000000000047,17673.000000000047,1.888517060863128,250.0,False
7763,27643.600000000002,17643.600000000002,1.703937458679517,250.0,False
7764,24540.100000000028,14540.100000000028,1.7133497358014715,250.0,False
7765,27115.100000000028,17115.100000000028,2.3794114287889743,250.0,False
7766,25800.000000000007,15800.000000000007,1.8370995095567637,200.39999999999964,False
7767,28331.00000000003,18331.00000000003,0.976448072491505,150.0,False
7768,26527.20000000003,16527.20000000003,1.6467844886075451,250.39999999999964,False
7769,24907.70000000001,14907.700000000012,2.0,350.40000000000146,False
7770,27928.50000000008,17928.50000000008,2.074912646177593,250.0,False
7771,30200.30000000001,20200.30000000001,1.5750977519682412,298.9000000000051,False
7772,27692.000000000015,17692.000000000015,1.7024753992304809,200.0,False
7773,27628.399999999994,17628.399999999994,1.328427960624438,225.6999999999971,False
7774,28106.499999999996,18106.499999999996,1.4004896111680636,250.0,False
7775,25339.900000000023,15339.900000000023,1.7110697142631879,347.2000000000007,False
7776,26932.800000000017,16932.800000000017,2.852877088209215,353.50000000000364,False
7777,26435.599999999988,16435.599999999988,1.9586248425256327,314.59999999999854,False
7778,22674.700000000004,12674.700000000004,1.6539407929783942,264.60000000000036,False
7779,29381.00000000003,19381.00000000003,1.550551065848802,250.0,False
7780,26589.000000000015,16589.000000000015,1.564445779438174,250.0,False
7781,25760.500000000036,15760.500000000036,2.3248677150270134,250.0,False
7782,28461.500000000015,18461.500000000015,3.4482758620689653,350.0,False
7783,29755.60000000001,19755.60000000001,1.6693236735136758,200.0,False
7784,25360.60000000002,15360.60000000002,2.5471181668882217,325.6999999999971,False
7785,27351.800000000076,17351.800000000076,1.3695753403394715,300.0,False
7786,28743.999999999978,18743.999999999978,1.173424286753604,200.0,False
7787,25379.700000000004,15379.700000000004,1.302377272648341,200.0,False
7788,25608.90000000003,15608.90000000003,1.7942369110417324,250.0,False
7789,25615.50000000003,15615.50000000003,1.5,300.0,False
7790,28361.599999999977,18361.599999999977,1.4018691588785046,206.8000000000029,False
7791,22118.300000000025,12118.300000000025,1.7768143495526876,264.6000000000022,False
7792,28907.69999999999,18907.69999999999,1.6103318894024066,200.0,False
7793,27009.10000000004,17009.10000000004,1.3768668019055814,300.0,False
7794,26283.599999999977,16283.599999999977,1.8048752955342036,287.79999999999745,False
7795,25639.799999999996,15639.799999999996,1.9029702647303495,371.0000000000073,False
7796,27529.300000000065,17529.300000000065,2.7139497014655314,300.0,False
7797,25379.40000000006,15379.40000000006,1.680672268907562,250.0,False
7798,29209.500000000044,19209.500000000044,0.9456890763454788,200.0,False
7799,28696.700000000055,18696.700000000055,1.7468774565464225,200.0,False
7800,26537.50000000002,16537.50000000002,1.0538814453632732,200.0,False
7801,25196.400000000023,15196.400000000023,1.513569147406498,200.0,False
7802,26393.50000000006,16393.50000000006,1.357097620555505,150.0,False
7803,27398.200000000015,17398.200000000015,2.0181363183811865,300.0,False
7804,26507.5,16507.5,1.82648401826484,211.49999999999636,False
7805,24238.900000000038,14238.900000000038,3.414999999999964,341.49999999999636,False
7806,23852.10000000001,13852.10000000001,1.9098146559013702,304.8999999999978,False
7807,26227.60000000004,16227.600000000039,1.894936526155876,275.6999999999971,False
7808,27083.899999999983,17083.899999999983,1.5364098747053423,247.69999999999527,False
7809,26942.800000000043,16942.800000000043,1.4071822582460867,250.0,False
7810,26849.100000000042,16849.100000000042,1.1902400317397333,200.0,False
7811,27321.099999999984,17321.099999999984,1.9149229549450395,222.20000000000255,False
7812,30007.800000000025,20007.800000000025,1.3422818791946303,250.0,False
7813,24475.400000000027,14475.400000000027,2.0747267210178713,250.0,False
7814,25645.50000000001,15645.500000000011,1.6899409083995687,300.0,False
7815,27053.100000000006,17053.100000000006,1.4386143266805411,250.0,False
7816,27766.100000000002,17766.100000000002,1.3828772143321384,300.0,False
7817,26130.800000000017,16130.800000000017,1.9767646137747275,258.8000000000011,False
7818,24718.200000000004,14718.200000000004,1.6508324322539638,250.0,False
7819,25448.900000000038,15448.900000000038,1.0845869350657782,200.0,False
7820,26004.200000000037,16004.200000000037,2.564212145818198,300.0,False
7821,28660.300000000003,18660.300000000003,1.2496875781054744,250.0,False
7822,28010.70000000002,18010.70000000002,1.4150943396226416,200.0,False
7823,26729.800000000032,16729.800000000032,2.368166492175807,594.9000000000087,False
7824,22893.400000000045,12893.400000000045,2.3108623046532477,461.49999999999636,False
7825,25668.70000000002,15668.700000000019,1.36986301369863,200.0,False
7826,24948.90000000005,14948.900000000049,1.8818801822451996,300.0,False
7827,25339.300000000003,15339.300000000003,1.477832512315271,200.0,False
7828,25258.900000000012,15258.900000000012,1.4550110580840414,250.0,False
7829,26886.200000000048,16886.200000000048,2.273247387291118,297.9999999999927,False
7830,27275.40000000006,17275.40000000006,1.9272835901438725,200.0,False
7831,24582.300000000025,14582.300000000025,1.8125793003443877,200.0,False
7832,26357.900000000027,16357.900000000027,1.9575984182604782,400.0,False
7833,29778.40000000009,19778.40000000009,1.3300466403021858,200.0,False
7834,23511.30000000001,13511.30000000001,2.690582959641256,450.0,False
7835,27248.200000000026,17248.200000000026,2.942541708003015,323.2999999999993,False
7836,26557.00000000003,16557.00000000003,2.2064534350067078,250.0,False
7837,24777.20000000002,14777.200000000019,1.7395691087317686,200.0,False
7838,27161.100000000017,17161.100000000017,1.983199444767951,248.59999999999673,False
7839,25748.70000000002,15748.700000000019,1.8092015993342152,241.10000000000582,False
7840,26057.900000000045,16057.900000000045,1.5835713968999996,250.0,False
7841,24487.70000000001,14487.700000000012,2.170044702920882,250.0,False
7842,25914.699999999993,15914.699999999993,2.2217655218983374,302.69999999999527,False
7843,28410.90000000003,18410.90000000003,2.141144227475163,300.0,False
7844,25485.500000000047,15485.500000000047,2.340166619863332,400.0,False
7845,26403.999999999985,16403.999999999985,1.188417681278264,250.0,False
7846,26020.20000000004,16020.20000000004,1.9159343392471928,462.19999999999345,False
7847,23508.99999999997,13508.99999999997,1.5509076558800656,275.1000000000058,False
7848,26686.000000000022,16686.000000000022,2.0693911399973044,250.0,False
7849,27876.80000000004,17876.80000000004,1.4492753623188406,200.0,False
7850,27709.800000000003,17709.800000000003,1.7431535657537756,250.0,False
7851,25316.200000000008,15316.200000000008,1.4144071512425562,200.0,False
7852,27527.80000000005,17527.80000000005,1.55872010374841,250.0,False
7853,25201.199999999983,15201.199999999983,1.4297503094562831,228.700000000008,False
7854,27447.400000000016,17447.400000000016,0.975833483774329,250.0,False
7855,28429.300000000014,18429.300000000014,1.146210627664939,250.0,False
7856,28209.000000000025,18209.000000000025,1.6234820442885902,200.0,False
7857,26453.899999999994,16453.899999999994,2.259010174167989,248.90000000000327,False
7858,26897.000000000015,16897.000000000015,1.8815737482830646,247.20000000000255,False
7859,28007.700000000026,18007.700000000026,1.3507088520055317,250.0,False
7860,28914.800000000014,18914.800000000014,1.2468063988432794,203.50000000000364,False
7861,24304.60000000001,14304.60000000001,2.7499472926768895,300.0,False
7862,26927.699999999986,16927.699999999986,1.9170456026807965,250.0,False
7863,28405.800000000007,18405.800000000007,1.2734203220904465,200.0,False
7864,25861.200000000033,15861.200000000033,1.4867147172863266,250.0,False
7865,26525.100000000013,16525.100000000013,2.839537723258653,300.0,False
7866,26652.800000000025,16652.800000000025,3.3172413793102624,336.69999999999163,False
7867,26473.50000000005,16473.50000000005,2.097590393035997,400.0,False
7868,26115.00000000002,16115.000000000018,1.6878776626270118,350.0,False
7869,29437.50000000001,19437.50000000001,1.4705882352941175,200.0,False
7870,24679.800000000003,14679.800000000003,1.192871377761694,200.0,False
7871,26328.800000000003,16328.800000000003,1.9704433497536946,200.0,False
7872,26235.700000000033,16235.700000000033,1.5239163430884297,250.0,False
7873,28572.400000000045,18572.400000000045,1.4275008029692007,200.0,False
7874,26033.999999999996,16033.999999999996,1.613449716839576,348.90000000000146,False
7875,26578.500000000004,16578.500000000004,2.0230740907417366,395.6000000000022,False
7876,27114.700000000048,17114.700000000048,2.2737378052501653,260.7999999999993,False
7877,25670.10000000005,15670.10000000005,3.207063514668161,337.79999999999745,False
7878,25448.000000000036,15448.000000000036,2.365887207702895,283.8000000000011,False
7879,27273.800000000003,17273.800000000003,2.2181426469026246,300.0,False
7880,27502.400000000038,17502.400000000038,2.1961165048543583,226.1999999999989,False
7881,27072.400000000045,17072.400000000045,1.9307404775879642,288.99999999999636,False
7882,27742.20000000001,17742.20000000001,1.1024921788301274,225.6999999999971,False
7883,26390.300000000017,16390.300000000017,3.6387214890533737,477.0000000000073,False
7884,27366.100000000017,17366.100000000017,1.2550935881452225,150.0,False
7885,25153.29999999999,15153.299999999988,1.6682793366921356,300.0,False
7886,25614.000000000007,15614.000000000007,1.850224339701189,250.0,False
7887,27702.1,17702.1,1.1506244055107244,176.1999999999971,False
7888,29143.700000000004,19143.700000000004,1.304563362642525,200.0,False
7889,25940.000000000007,15940.000000000007,1.5752496770738158,257.20000000000437,False
7890,26773.3,16773.3,1.0200386594651938,200.0,False
7891,26639.799999999985,16639.799999999985,1.413337667568848,200.0,False
7892,25029.40000000003,15029.40000000003,2.728576774354494,350.0,False
7893,26751.300000000054,16751.300000000054,1.4395255323845233,300.0,False
7894,24054.000000000022,14054.000000000022,2.816822061350381,400.0,False
7895,28852.80000000001,18852.80000000001,2.393054398912597,250.0,False
7896,26963.300000000032,16963.300000000032,1.5003159855877535,273.3000000000029,False
7897,27044.90000000006,17044.90000000006,1.5749891719494413,200.0,False
7898,26348.10000000002,16348.10000000002,1.9031127254297182,225.29999999999745,False
7899,26886.400000000023,16886.400000000023,1.5726732299562796,200.0,False
7900,26063.399999999994,16063.399999999994,1.8135391579374975,300.0,False
7901,26880.300000000014,16880.300000000014,1.5693167195003288,300.0,False
7902,26957.20000000001,16957.20000000001,1.862995323881737,300.3999999999978,False
7903,25872.000000000015,15872.000000000015,1.1731581417175028,300.0,False
7904,26838.200000000044,16838.200000000044,1.3437127679587206,250.0,False
7905,26526.10000000006,16526.10000000006,1.6503965077609883,225.29999999999563,False
7906,25585.70000000005,15585.700000000052,2.5,250.0,False
7907,23186.499999999978,13186.499999999978,2.4400758050216758,300.0,False
7908,28301.20000000002,18301.20000000002,2.0,245.19999999999345,False
7909,26594.299999999967,16594.299999999967,1.2741768121732906,250.0,False
7910,23877.400000000016,13877.400000000016,1.985044254781068,401.8999999999942,False
7911,24533.900000000038,14533.900000000038,2.629664367171268,300.0,False
7912,25668.600000000006,15668.600000000006,1.4497656212245693,200.0,False
7913,28363.70000000002,18363.70000000002,1.1819492707372998,150.0,False
7914,22457.90000000001,12457.900000000009,2.948169742519419,608.8000000000029,False
7915,26524.00000000006,16524.00000000006,2.3845291747144497,300.0,False
7916,27103.4,17103.4,2.2966155542116127,300.0,False
7917,25596.70000000002,15596.700000000019,1.6628421297681983,200.0,False
7918,25476.6,15476.599999999999,1.480505444558771,211.49999999999636,False
7919,24606.1,14606.099999999999,1.7849015180587409,348.00000000000364,False
7920,27464.700000000033,17464.700000000033,1.2806812109912091,225.29999999999563,False
7921,25031.900000000052,15031.900000000052,1.8605574230039321,300.0,False
7922,24878.500000000015,14878.500000000015,1.7623384876085528,332.7999999999993,False
7923,24011.200000000055,14011.200000000055,2.331390507910055,445.1999999999971,False
7924,27618.500000000022,17618.500000000022,1.1501854674066196,200.0,False
7925,26364.500000000073,16364.500000000073,1.3885430967640626,250.0,False
7926,25942.699999999997,15942.699999999997,2.5137899333486557,350.0,False
7927,26010.90000000002,16010.90000000002,2.5323188045258758,295.19999999999527,False
7928,26786.100000000006,16786.100000000006,1.9801980198019802,300.0,False
7929,24849.30000000001,14849.30000000001,1.6043123917089133,250.0,False
7930,26578.90000000003,16578.90000000003,1.410119014044784,200.0,False
7931,26713.79999999999,16713.79999999999,2.6359503763906798,325.29999999999745,False
7932,26365.400000000045,16365.400000000045,2.2056972886397466,289.2000000000007,False
7933,25807.900000000038,15807.900000000038,2.365430650304194,250.0,False
7934,24649.49999999997,14649.49999999997,1.978262221945835,250.0,False
7935,21574.40000000003,11574.40000000003,1.9999300024499127,400.0,False
7936,25499.200000000048,15499.200000000048,1.1732544906315616,200.0,False
7937,27049.70000000002,17049.70000000002,1.9708938397742144,250.0,False
7938,26688.60000000003,16688.60000000003,1.2987012987012987,250.0,False
7939,26034.900000000016,16034.900000000016,1.9933687267025009,300.0,False
7940,27357.600000000006,17357.600000000006,1.8852984427434862,200.0,False
7941,27796.300000000017,17796.300000000017,1.838417452394134,248.59999999999673,False
7942,25563.70000000002,15563.700000000019,1.9827736624208865,250.0,False
7943,26821.200000000008,16821.200000000008,1.6624945968925597,350.0,False
7944,25079.600000000028,15079.600000000028,1.393654250474277,300.0,False
7945,27785.000000000015,17785.000000000015,1.2793204249902446,200.0,False
7946,26837.800000000054,16837.800000000054,1.4207290044667722,250.0,False
7947,27491.5,17491.5,1.211690388871835,200.0,False
7948,23781.90000000003,13781.90000000003,1.881042850156127,271.00000000000546,False
7949,27869.500000000036,17869.500000000036,2.6572725754285798,350.0,False
7950,25763.90000000006,15763.90000000006,2.7509765966918205,550.0,False
7951,28041.7,18041.7,1.6165012447059584,250.0,False
7952,27896.000000000022,17896.000000000022,1.840773124712379,350.0,False
7953,26741.300000000047,16741.300000000047,1.3667326342951462,300.0,False
7954,30772.40000000003,20772.40000000003,1.3208469270496241,200.0,False
7955,24777.800000000054,14777.800000000054,1.3165579184791336,261.5,False
7956,28607.399999999987,18607.399999999987,1.280573697016263,150.0,False
7957,28481.59999999998,18481.59999999998,1.7702624237016902,250.0,False
7958,23361.000000000004,13361.000000000004,1.5154270473419285,250.0,False
7959,26046.600000000042,16046.600000000042,2.5089237187302507,350.0,False
7960,27247.599999999977,17247.599999999977,1.9701638388248375,300.0,False
7961,26938.299999999974,16938.299999999974,4.3404889321333355,571.0000000000036,False
7962,23987.100000000028,13987.100000000028,2.8375574997745145,314.60000000000036,False
7963,27329.800000000014,17329.800000000014,1.4851485148514851,237.79999999999563,False
7964,28381.40000000003,18381.40000000003,1.6090881297568649,300.0,False
7965,24419.80000000006,14419.800000000061,2.845435920783058,500.0,False
7966,26745.5,16745.5,1.4867589250138278,300.0,False
7967,26750.300000000032,16750.300000000032,1.4835934857198443,300.0,False
7968,28130.10000000002,18130.10000000002,2.0132740638583875,327.0000000000073,False
7969,25827.000000000036,15827.000000000036,3.238181818181808,356.1999999999989,False
7970,26685.00000000002,16685.00000000002,2.5631386487133034,300.0,False
7971,26987.60000000001,16987.60000000001,1.3720181472266932,200.0,False
7972,23858.3,13858.3,1.4363688595231268,250.0,False
7973,24113.600000000006,14113.600000000006,2.0,200.0,False
7974,29282.700000000044,19282.700000000044,0.8831659733813757,200.0,False
7975,24591.600000000042,14591.600000000042,1.735764560894958,250.0,False
7976,25508.600000000006,15508.600000000006,3.1195840554592533,347.3999999999978,False
7977,25222.000000000025,15222.000000000025,1.3044136139040037,250.0,False
7978,25424.500000000036,15424.500000000036,1.9723476854499902,200.0,False
7979,23583.200000000033,13583.200000000033,2.5374270489723414,300.0,False
7980,22674.500000000007,12674.500000000007,2.4870587319503494,383.40000000000146,False
7981,25031.900000000023,15031.900000000023,1.6071485969592743,300.0,False
7982,26527.200000000055,16527.200000000055,2.356090021487539,250.0,False
7983,25586.90000000006,15586.90000000006,2.1051366182044102,297.69999999999527,False
7984,28187.60000000004,18187.60000000004,1.4563672375626238,200.0,False
7985,27476.09999999999,17476.09999999999,1.4133476552562394,150.0,False
7986,27343.100000000028,17343.100000000028,1.4563106796116505,200.0,False
7987,26456.100000000006,16456.100000000006,1.2774165527636903,200.0,False
7988,24344.800000000014,14344.800000000014,1.405355754963634,250.0,False
7989,25177.800000000025,15177.800000000025,3.339599057278893,350.0,False
7990,26970.800000000017,16970.800000000017,1.834862385321101,242.90000000000146,False
7991,25972.300000000025,15972.300000000025,1.8481875282236726,225.10000000000218,False
7992,26565.400000000027,16565.400000000027,1.9525572703993102,225.6999999999971,False
7993,27103.200000000026,17103.200000000026,1.3099807432830723,200.0,False
7994,25548.399999999983,15548.399999999983,2.292286129704102,400.0,False
7995,27081.800000000032,17081.800000000032,1.6257104361445576,350.0,False
7996,27976.80000000003,17976.80000000003,1.258463164783166,250.0,False
7997,24920.60000000002,14920.60000000002,2.0257677659833084,300.0,False
7998,25135.199999999997,15135.199999999997,1.127502795778011,200.0,False
7999,27405.300000000017,17405.300000000017,1.8037518037518037,200.0,False
8000,24899.30000000002,14899.300000000021,1.8136921713543257,250.0,False
8001,23063.70000000002,13063.700000000019,1.496835689352709,258.8000000000029,False
8002,24511.300000000054,14511.300000000054,1.276443657776943,300.0,False
8003,28431.199999999968,18431.199999999968,1.9138755980861244,203.50000000000728,False
8004,26764.900000000027,16764.900000000027,2.2277511961722243,232.79999999999745,False
8005,28472.100000000035,18472.100000000035,1.8353473211270486,258.7999999999993,False
8006,28839.80000000001,18839.80000000001,1.4059166548143591,260.7999999999993,False
8007,28059.600000000013,18059.600000000013,2.0049261083744203,203.50000000000364,False
8008,28060.100000000028,18060.100000000028,1.5072953092969974,250.0,False
8009,29290.000000000044,19290.000000000044,1.8044548381043106,250.0,False
8010,29101.100000000064,19101.100000000064,1.6884761502743775,200.0,False
8011,26606.600000000006,16606.600000000006,1.3975302844812632,250.0,False
8012,24602.800000000025,14602.800000000025,1.565877623939236,260.8000000000029,False
8013,24771.700000000055,14771.700000000055,2.552765666322889,500.0,False
8014,25712.20000000003,15712.20000000003,2.0165681237043556,250.0,False
8015,27751.80000000001,17751.80000000001,2.044284997071325,390.89999999999054,False
8016,28614.20000000004,18614.20000000004,1.7016526450488705,250.0,False
8017,25639.300000000032,15639.300000000032,1.061150570191572,250.0,False
8018,27850.800000000025,17850.800000000025,1.4155617420846511,200.0,False
8019,26504.6,16504.6,1.732321657485361,250.0,False
8020,25280.90000000003,15280.90000000003,1.4077765577047607,195.1999999999971,False
8021,26535.200000000004,16535.200000000004,1.5613371291173765,300.0,False
8022,23533.300000000047,13533.300000000047,1.5653931820418066,350.0,False
8023,26626.40000000003,16626.40000000003,1.6306430440844344,204.09999999999127,False
8024,27707.49999999999,17707.49999999999,1.4084507042253522,300.0,False
8025,25650.79999999999,15650.799999999988,1.8266174697694808,200.0,False
8026,27466.500000000007,17466.500000000007,1.87164274083363,300.0,False
8027,25771.100000000024,15771.100000000024,0.9487606023997311,200.0,False
8028,24867.300000000003,14867.300000000003,1.943776271351167,400.0,False
8029,25329.299999999996,15329.299999999996,1.6472293602161168,261.49999999999636,False
8030,25713.40000000001,15713.400000000009,1.6306962257535842,300.0,False
8031,27119.39999999999,17119.39999999999,1.1671811990452454,250.0,False
8032,25827.10000000002,15827.10000000002,1.370818513543869,237.79999999999563,False
8033,26994.500000000062,16994.500000000062,1.3338075760270336,250.0,False
8034,27667.699999999997,17667.699999999997,1.1971101760350518,225.29999999999563,False
8035,25876.700000000048,15876.700000000048,2.200982738792869,400.0,False
8036,25143.200000000015,15143.200000000015,1.7977043315685874,200.0,False
8037,25961.999999999978,15961.999999999978,2.186729177964769,300.0,False
8038,26605.20000000003,16605.20000000003,2.0059697660236857,250.0,False
8039,24967.5,14967.5,2.1284723529950105,395.6000000000058,False
8040,25399.599999999984,15399.599999999984,1.5210899116246759,300.0,False
8041,24073.800000000047,14073.800000000047,2.436213247757022,323.40000000000146,False
8042,26764.399999999987,16764.399999999987,1.6837456138819515,200.0,False
8043,26157.800000000043,16157.800000000043,1.4598682225617772,250.0,False
8044,26055.600000000042,16055.600000000042,1.246312990735738,300.0,False
8045,24376.4,14376.400000000001,2.6600597313052257,287.79999999999745,False
8046,29006.1,19006.1,1.345706657479975,250.0,False
8047,26620.800000000054,16620.800000000054,1.519883880871502,200.0,False
8048,24914.30000000001,14914.30000000001,1.8613793565583836,250.0,False
8049,25789.900000000016,15789.900000000016,1.6338267490115328,250.0,False
8050,26875.200000000033,16875.200000000033,1.8651009765668691,250.0,False
8051,25169.800000000025,15169.800000000025,2.0239430374794374,250.0,False
8052,27473.600000000028,17473.600000000028,1.0514196794221384,211.49999999999636,False
8053,28023.0,18023.0,2.5,250.0,False
8054,28186.700000000015,18186.700000000015,1.8604651162790697,200.0,False
8055,25122.000000000036,15122.000000000036,1.9393674414247097,248.40000000000146,False
8056,27042.50000000001,17042.50000000001,1.5223712454519152,250.0,False
8057,28646.400000000027,18646.400000000027,2.0750188480878693,300.0,False
8058,25282.80000000006,15282.800000000061,1.7991436076427614,350.0,False
8059,29382.500000000062,19382.500000000062,1.2424270381646463,282.7999999999993,False
8060,27548.100000000024,17548.100000000024,1.7673013738839096,373.3000000000029,False
8061,26336.300000000057,16336.300000000057,2.277800555783333,250.0,False
8062,25838.200000000004,15838.200000000004,3.3377443178769983,373.2999999999993,False
8063,27454.000000000036,17454.000000000036,1.571901938469471,250.0,False
8064,27694.000000000007,17694.000000000007,1.0,150.0,False
8065,25442.000000000073,15442.000000000073,1.602187520027342,300.0,False
8066,24095.20000000001,14095.200000000012,1.584534938995404,300.0,False
8067,25667.600000000057,15667.600000000057,1.451366908834536,200.0,False
8068,27129.40000000004,17129.40000000004,2.0469087036851423,449.79999999999563,False
8069,23652.60000000002,13652.60000000002,1.8518518518518516,292.8999999999978,False
8070,24155.999999999993,14155.999999999993,2.3917470319283476,361.59999999999854,False
8071,27202.0,17202.0,1.6822956103053879,361.4999999999927,False
8072,26725.900000000045,16725.900000000045,1.9230769230769231,200.0,False
8073,26819.000000000015,16819.000000000015,1.3804458884323147,200.0,False
8074,23768.700000000008,13768.700000000008,2.1706853287719983,250.0,False
8075,27809.900000000052,17809.900000000052,1.5525042908410125,247.29999999999563,False
8076,28237.900000000016,18237.900000000016,2.0615836260782068,256.1999999999989,False
8077,26365.90000000003,16365.90000000003,3.310068281979988,350.0,False
8078,23656.399999999987,13656.399999999987,2.5056795402913257,300.0,False
8079,27360.600000000042,17360.600000000042,1.3675778206821492,275.29999999999563,False
8080,26943.200000000033,16943.200000000033,1.8960940462646947,250.0,False
8081,28491.70000000002,18491.70000000002,1.5462833533319316,250.0,False
8082,25074.40000000003,15074.40000000003,1.621297362149192,250.0,False
8083,26062.300000000003,16062.300000000003,1.3868059353882753,157.20000000000255,False
8084,27041.600000000028,17041.600000000028,1.4463947685424532,286.49999999999636,False
8085,25484.600000000057,15484.600000000057,1.927365841570524,350.0,False
8086,28743.900000000034,18743.900000000034,1.4310299273773706,200.39999999999964,False
8087,26516.80000000004,16516.80000000004,1.5060354370138311,200.0,False
8088,25750.80000000001,15750.80000000001,1.546866975627564,271.0000000000073,False
8089,27008.59999999998,17008.59999999998,2.357602867329306,249.3000000000029,False
8090,25450.200000000033,15450.200000000033,1.5794295100609663,295.6000000000058,False
8091,24644.49999999999,14644.499999999989,2.14259390989107,300.0,False
8092,27556.700000000026,17556.700000000026,1.4637288003278748,300.0,False
8093,24327.000000000025,14327.000000000025,2.141928141765593,527.0000000000073,False
8094,28222.300000000032,18222.300000000032,0.9558584564797643,200.0,False
8095,24673.500000000004,14673.500000000004,1.6329103948301882,250.0,False
8096,24239.200000000048,14239.200000000048,2.5026485993909877,337.79999999999745,False
8097,24617.60000000005,14617.60000000005,2.4089787041520414,303.50000000000364,False
8098,25187.999999999985,15187.999999999985,1.917190166092576,300.0,False
8099,27190.700000000048,17190.700000000048,1.628346251546928,252.0,False
8100,24497.0,14497.0,1.6551084923616752,250.0,False
8101,27793.70000000003,17793.70000000003,1.1637785562163236,200.0,False
8102,25178.600000000006,15178.600000000006,2.1975929032399844,350.0,False
8103,25167.299999999967,15167.299999999967,1.7532273994378005,300.0,False
8104,26438.400000000045,16438.400000000045,1.6583610417824048,225.6999999999971,False
8105,26775.500000000047,16775.500000000047,1.1446418633240902,214.60000000000218,False
8106,27636.000000000036,17636.000000000036,1.1757029233853198,250.0,False
8107,24188.999999999985,14188.999999999985,2.381542081391964,307.70000000000437,False
8108,25121.100000000024,15121.100000000024,2.0043293513990226,350.0,False
8109,24951.40000000003,14951.40000000003,1.6248009618821693,300.0,False
8110,23560.600000000013,13560.600000000013,1.8181818181818181,300.0,False
8111,26740.899999999994,16740.899999999994,2.1826912583215092,300.0,False
8112,25945.300000000017,15945.300000000017,2.2607657665804566,250.0,False
8113,24373.000000000073,14373.000000000073,1.659515489302737,225.10000000000218,False
8114,27665.000000000015,17665.000000000015,1.8048173316288803,214.60000000000036,False
8115,28353.200000000004,18353.200000000004,2.1432184282493347,250.0,False
8116,22775.800000000036,12775.800000000036,2.864321196795233,350.0,False
8117,25944.19999999999,15944.19999999999,1.963241436925615,250.0,False
8118,27994.900000000045,17994.900000000045,2.0316118808662775,250.0,False
8119,26994.800000000025,16994.800000000025,1.4563106796116505,250.0,False
8120,29289.600000000035,19289.600000000035,1.4051917149896482,225.10000000000218,False
8121,27906.900000000052,17906.900000000052,1.8294658902319683,291.4999999999927,False
8122,27349.79999999999,17349.79999999999,1.4478568822429045,250.0,False
8123,25843.80000000004,15843.80000000004,1.4355358281031967,250.0,False
8124,27438.900000000016,17438.900000000016,1.9135826093612462,300.0,False
8125,28630.000000000036,18630.000000000036,1.2167127665614885,200.0,False
8126,26245.499999999985,16245.499999999985,2.1157453770963515,300.0,False
8127,25125.300000000017,15125.300000000017,2.4565397181530106,300.0,False
8128,26196.600000000028,16196.600000000028,2.3728451599890836,400.0,False
8129,26343.300000000025,16343.300000000025,2.077893293253077,300.0,False
8130,25502.800000000025,15502.800000000025,1.9362318840579675,250.0,False
8131,27561.800000000054,17561.800000000054,1.5556841587793468,250.0,False
8132,24843.6,14843.599999999999,1.1011760560278372,250.0,False
8133,26225.09999999999,16225.099999999991,1.8444603477914434,250.0,False
8134,23199.40000000003,13199.40000000003,1.5547747131440648,250.0,False
8135,28036.90000000001,18036.90000000001,1.5311898562210098,270.50000000000364,False
8136,25652.300000000003,15652.300000000003,1.8801940360245188,300.0,False
8137,26990.300000000036,16990.300000000036,1.7111801667373936,250.0,False
8138,28151.399999999994,18151.399999999994,1.881821603312006,300.0,False
8139,26551.700000000026,16551.700000000026,1.5578750584203156,214.89999999999782,False
8140,26788.80000000003,16788.80000000003,1.6528269952927481,250.0,False
8141,27056.700000000055,17056.700000000055,1.4678683615653343,200.0,False
8142,26881.200000000055,16881.200000000055,1.6551476697635534,250.0,False
8143,25182.59999999999,15182.599999999991,1.10625847579795,210.79999999999927,False
8144,25577.60000000004,15577.600000000039,4.319230769230688,449.19999999999163,False
8145,25435.9,15435.900000000001,3.552550819431826,387.79999999999745,False
8146,25407.500000000007,15407.500000000007,1.33767334017033,200.0,False
8147,24823.500000000004,14823.500000000004,2.7834994154651236,300.0,False
8148,25790.0,15790.0,2.2894821191446475,350.0,False
8149,24497.799999999996,14497.799999999996,2.3130700559424002,334.4999999999982,False
8150,23710.90000000003,13710.90000000003,2.92386779864651,550.0,False
8151,25276.90000000004,15276.900000000041,2.560563380281731,272.70000000000437,False
8152,25915.300000000017,15915.300000000017,1.9133629266799332,232.79999999999927,False
8153,27758.3,17758.3,2.322448790004179,300.0,False
8154,25933.200000000026,15933.200000000026,2.00676963778547,384.299999999992,False
8155,25691.900000000016,15691.900000000016,1.4887865861384222,211.49999999999636,False
8156,29204.40000000001,19204.40000000001,1.1414917013553314,200.0,False
8157,24973.999999999985,14973.999999999985,1.3382133513546075,250.0,False
8158,27006.700000000055,17006.700000000055,1.7164582600262583,200.0,False
8159,31507.00000000001,21507.00000000001,1.041547322702608,200.0,False
8160,28095.0,18095.0,1.502923142734963,263.5000000000073,False
8161,24560.899999999983,14560.899999999983,1.3578347062550933,250.0,False
8162,24430.400000000016,14430.400000000016,1.902413782607371,287.7999999999993,False
8163,24326.500000000007,14326.500000000007,2.426948839918457,350.0,False
8164,25684.300000000047,15684.300000000047,1.4559473459106997,300.0,False
8165,26999.200000000015,16999.200000000015,1.400991902266806,200.0,False
8166,28088.600000000006,18088.600000000006,1.4159541399927726,160.79999999999927,False
8167,24604.999999999964,14604.999999999964,1.659563733885637,300.0,False
8168,25811.80000000001,15811.80000000001,1.4930572836311158,200.0,False
8169,25662.700000000033,15662.700000000033,2.77267253945117,350.0,False
8170,28921.800000000036,18921.800000000036,1.232235274788467,200.0,False
8171,27193.400000000074,17193.400000000074,1.3247840601981864,200.0,False
8172,26352.60000000004,16352.600000000039,1.8489808457587107,258.8000000000011,False
8173,27311.800000000025,17311.800000000025,1.5428527347064693,300.0,False
8174,25900.80000000001,15900.80000000001,3.5762023656402055,425.39999999999964,False
8175,27969.10000000001,17969.10000000001,1.764275191644392,300.0,False
8176,25181.500000000022,15181.500000000022,1.8359909302048032,250.0,False
8177,27742.599999999984,17742.599999999984,1.5,200.0,False
8178,26445.300000000017,16445.300000000017,1.0314222797526647,200.0,False
8179,24209.19999999999,14209.19999999999,2.2696735301594226,250.0,False
8180,26579.800000000025,16579.800000000025,3.317472654546832,350.0,False
8181,27083.00000000001,17083.00000000001,2.7906976744186047,350.0,False
8182,26525.800000000017,16525.800000000017,1.5,250.0,False
8183,29512.800000000047,19512.800000000047,1.3711392971961458,342.90000000000146,False
8184,23972.000000000044,13972.000000000044,2.345960788814939,531.3999999999942,False
8185,24742.400000000052,14742.400000000052,2.1155814250991423,264.60000000000036,False
8186,29619.500000000022,19619.500000000022,0.9239582370876843,150.0,False
8187,26602.29999999999,16602.29999999999,1.6233898002418854,200.0,False
8188,24400.499999999985,14400.499999999985,3.44818668482712,400.0,False
8189,25847.10000000002,15847.10000000002,2.4557956777996064,300.0,False
8190,24301.40000000003,14301.40000000003,1.3331378064550539,250.0,False
8191,23826.200000000063,13826.200000000063,1.763015461645597,300.0,False
8192,23637.70000000001,13637.700000000012,1.442113561635933,250.0,False
8193,26397.400000000016,16397.400000000016,2.1841691420583604,300.0,False
8194,27358.000000000004,17358.000000000004,2.0032031935356915,248.90000000000327,False
8195,25641.80000000004,15641.80000000004,2.378564388109789,300.0,False
8196,23659.59999999999,13659.599999999991,1.9789701439370946,300.0,False
8197,25080.300000000032,15080.300000000032,1.0588733587462917,200.0,False
8198,25566.800000000057,15566.800000000057,3.090862527265821,350.0,False
8199,25758.500000000015,15758.500000000015,2.1631724221474244,250.0,False
8200,24137.100000000046,14137.100000000046,1.345359049423109,264.20000000000437,False
8201,27457.900000000023,17457.900000000023,2.0980397190063855,245.19999999999527,False
8202,25045.700000000015,15045.700000000015,1.4563106796116505,250.0,False
8203,26920.600000000028,16920.600000000028,2.2723583833793204,350.0,False
8204,24281.70000000002,14281.700000000019,1.8965435493812508,210.79999999999927,False
8205,24410.200000000004,14410.200000000004,1.963093835885357,250.0,False
8206,24962.0,14962.0,2.1934388722831275,300.0,False
8207,26200.299999999996,16200.299999999996,1.2870785890186462,200.0,False
8208,28586.400000000016,18586.400000000016,1.5771759814178978,232.89999999999964,False
8209,25861.100000000024,15861.100000000024,1.871786743118687,271.60000000000764,False
8210,26911.700000000033,16911.700000000033,2.944827586206929,298.9000000000033,False
8211,25622.400000000016,15622.400000000016,2.34002600028888,291.59999999999854,False
8212,27651.50000000003,17651.50000000003,1.002440943697903,200.0,False
8213,26819.800000000032,16819.800000000032,1.2653823036284844,200.0,False
8214,28320.399999999987,18320.399999999987,1.70362104653441,200.0,False
8215,26855.200000000033,16855.200000000033,2.726132708140232,300.0,False
8216,27619.30000000002,17619.30000000002,1.2429891300494025,200.0,False
8217,26285.600000000006,16285.600000000006,2.3805934025821496,300.0,False
8218,26422.20000000003,16422.20000000003,1.2445086057770094,200.0,False
8219,26857.300000000025,16857.300000000025,0.966183574879227,250.0,False
8220,26093.300000000036,16093.300000000036,1.2875536480686696,250.0,False
8221,25314.1,15314.099999999999,2.9210726178652813,397.6999999999971,False
8222,24212.900000000027,14212.900000000027,2.2484921049820956,400.0,False
8223,22471.40000000003,12471.40000000003,1.9427409484461298,300.0,False
8224,24940.300000000017,14940.300000000017,2.5039999999999965,250.39999999999964,False
8225,24463.70000000002,14463.700000000019,1.7492762369569592,300.0,False
8226,25538.300000000036,15538.300000000036,2.0580196911324045,282.7999999999993,False
8227,31528.70000000002,21528.70000000002,1.143477887996341,200.0,False
8228,23055.00000000003,13055.00000000003,2.719769174372678,345.0,False
8229,24582.400000000034,14582.400000000034,1.8854939522781473,200.0,False
8230,26070.500000000022,16070.500000000022,2.8214952796383965,500.0,False
8231,24436.900000000005,14436.900000000005,1.551831160769709,300.0,False
8232,26511.800000000047,16511.800000000047,1.360846091265462,300.0,False
8233,25657.20000000001,15657.200000000012,1.9304273966256114,350.0,False
8234,28774.50000000005,18774.50000000005,1.4691191161779376,250.0,False
8235,27600.90000000001,17600.90000000001,1.7621455884685187,300.0,False
8236,23936.200000000008,13936.200000000008,1.6213499359566774,221.49999999999272,False
8237,27242.00000000003,17242.00000000003,1.623686191418797,291.20000000000437,False
8238,28169.300000000047,18169.300000000047,1.202432885500762,248.90000000000146,False
8239,26623.90000000003,16623.90000000003,2.2391735956649588,300.0,False
8240,24901.80000000002,14901.800000000021,1.7351230549270558,250.0,False
8241,27665.400000000038,17665.400000000038,1.3358030848145903,203.50000000000364,False
8242,24673.399999999972,14673.399999999972,2.257744062133118,250.0,False
8243,27802.600000000035,17802.600000000035,1.9801980198019802,200.0,False
8244,24494.1,14494.099999999999,1.3653741125068257,250.39999999999782,False
8245,27651.700000000026,17651.700000000026,1.6637225912983298,250.0,False
8246,24694.100000000017,14694.100000000017,1.7214666896195556,350.0,False
8247,23380.400000000052,13380.400000000052,1.552120196187992,250.0,False
8248,27122.400000000016,17122.400000000016,1.4876414189123837,259.80000000000655,False
8249,23843.60000000005,13843.60000000005,1.781626090132463,250.0,False
8250,28634.100000000035,18634.100000000035,1.5805515953001286,250.0,False
8251,26661.600000000035,16661.600000000035,2.2739676187011084,250.0,False
8252,25975.899999999994,15975.899999999994,1.7621352380057316,300.0,False
8253,26539.299999999996,16539.299999999996,2.07076085670335,350.0,False
8254,26432.10000000002,16432.10000000002,2.2124709613186315,300.0,False
8255,27116.399999999987,17116.399999999987,1.8771822243357879,300.0,False
8256,23941.500000000007,13941.500000000007,2.1789340654551785,258.8000000000011,False
8257,28011.0,18011.0,1.2640307412276275,286.49999999999636,False
8258,27254.19999999999,17254.19999999999,1.9025332229864071,200.0,False
8259,28187.000000000047,18187.000000000047,2.004393630838797,250.0,False
8260,26533.59999999999,16533.59999999999,1.949393738547312,225.6999999999971,False
8261,25678.0,15678.0,1.626778068428791,250.0,False
8262,29341.500000000015,19341.500000000015,1.0663860886380117,200.0,False
8263,26100.999999999993,16100.999999999993,2.454187192118212,250.0,False
8264,24428.200000000033,14428.200000000033,2.3089782309532394,250.0,False
8265,28030.300000000014,18030.300000000014,1.6696627837731028,300.0,False
8266,29438.600000000006,19438.600000000006,1.4028688668326732,200.0,False
8267,26541.099999999988,16541.099999999988,1.3483740195646858,200.0,False
8268,26837.0,16837.0,2.1563674450126284,350.0,False
8269,26318.500000000015,16318.500000000015,1.5463718251053462,208.79999999999927,False
8270,25937.900000000045,15937.900000000045,1.5449063853113387,307.20000000000437,False
8271,28344.200000000026,18344.200000000026,2.4630541871921183,300.0,False
8272,26907.400000000023,16907.400000000023,1.5,200.0,False
8273,26590.200000000033,16590.200000000033,1.4609097084754654,300.0,False
8274,24709.30000000004,14709.30000000004,2.880072001800068,307.20000000000255,False
8275,28602.30000000001,18602.30000000001,1.552059971597303,221.00000000000364,False
8276,24096.80000000004,14096.80000000004,2.2022551092318525,350.0,False
8277,26709.89999999999,16709.89999999999,2.838324556242765,395.600000000004,False
8278,25386.600000000006,15386.600000000006,2.3931889841510943,399.9999999999982,False
8279,24813.899999999987,14813.899999999987,1.5499838801676462,250.0,False
8280,25242.999999999964,15242.999999999964,2.0896196056469907,250.0,False
8281,25394.49999999999,15394.499999999989,2.4993335110637207,300.0,False
8282,25090.40000000001,15090.400000000009,1.7993540319025465,300.0,False
8283,27784.799999999996,17784.799999999996,1.0422674180256681,150.0,False
8284,26466.400000000023,16466.400000000023,2.406589388020465,414.6000000000022,False
8285,28746.800000000057,18746.800000000057,1.2148208139299443,150.0,False
8286,27175.400000000027,17175.400000000027,3.7347226501591932,400.0,False
8287,28307.000000000044,18307.000000000044,2.9137044005261314,350.0,False
8288,27689.399999999994,17689.399999999994,1.507649633148204,209.80000000000473,False
8289,23223.10000000003,13223.100000000031,3.551741774166048,500.0,False
8290,25553.500000000022,15553.500000000022,1.9316355544566683,250.0,False
8291,25343.19999999999,15343.19999999999,1.5630865264978417,370.6000000000058,False
8292,24861.20000000002,14861.200000000019,1.6193143924236537,303.50000000000364,False
8293,27125.699999999997,17125.699999999997,1.1677513779466264,161.49999999999636,False
8294,27900.100000000028,17900.100000000028,1.333826705792171,200.0,False
8295,25884.100000000028,15884.100000000028,1.578382473641013,200.40000000000146,False
8296,27493.80000000003,17493.80000000003,1.350703378784502,250.0,False
8297,26615.20000000002,16615.20000000002,1.8865219327039902,276.1999999999971,False
8298,25097.300000000025,15097.300000000025,1.4794321939239712,250.0,False
8299,27593.600000000035,17593.600000000035,1.2829221327694074,217.19999999999345,False
8300,25009.800000000003,15009.800000000003,1.8223285062663137,329.1999999999971,False
8301,26678.0,16678.0,1.7359704653558148,300.0,False
8302,25709.200000000026,15709.200000000026,1.9621116245303205,300.0,False
8303,26430.799999999974,16430.799999999974,1.6599163402164532,250.0,False
8304,24739.100000000042,14739.100000000042,2.438429651304558,300.0,False
8305,26980.40000000003,16980.40000000003,2.0,200.0,False
8306,25650.700000000026,15650.700000000026,1.3910471938895181,200.0,False
8307,26959.60000000002,16959.60000000002,2.400822041466997,250.0,False
8308,25196.900000000023,15196.900000000023,1.8880273889839885,300.0,False
8309,28044.40000000005,18044.40000000005,1.4507892293407612,200.0,False
8310,27327.700000000008,17327.700000000008,1.2849176367794821,150.0,False
8311,26895.70000000004,16895.70000000004,1.379510135950723,200.0,False
8312,28603.30000000001,18603.30000000001,1.1279389549521948,150.0,False
8313,25457.600000000064,15457.600000000064,2.815647287659361,325.6999999999971,False
8314,26252.900000000027,16252.900000000027,1.8433179723502304,250.0,False
8315,29245.70000000002,19245.70000000002,2.0841324638792926,260.7999999999993,False
8316,24809.299999999996,14809.299999999996,2.992783117282896,350.0,False
8317,27501.499999999985,17501.499999999985,1.9509149791252098,200.0,False
8318,26657.700000000004,16657.700000000004,1.5432575079477762,250.0,False
8319,26797.900000000045,16797.900000000045,1.3399006329690568,250.0,False
8320,25836.100000000006,15836.100000000006,1.5225755935231091,248.90000000000327,False
8321,24797.30000000004,14797.30000000004,2.9934144881261204,450.0,False
8322,26742.70000000007,16742.70000000007,2.605702180245345,295.19999999999527,False
8323,26837.900000000027,16837.900000000027,1.4721469791543988,200.0,False
8324,25848.399999999994,15848.399999999994,1.416029453412632,200.0,False
8325,23746.800000000032,13746.800000000032,1.3503294803932158,262.19999999999345,False
8326,26060.79999999998,16060.799999999981,2.6045438950939594,273.2999999999993,False
8327,27559.1,17559.1,1.9656599211770365,299.3000000000029,False
8328,27650.80000000003,17650.80000000003,2.0843407647029397,250.0,False
8329,25860.200000000023,15860.200000000023,1.880524039365635,300.0,False
8330,24537.300000000003,14537.300000000003,1.6525920906942535,250.0,False
8331,26118.800000000017,16118.800000000017,2.9556503621390986,297.89999999999964,False
8332,29363.00000000004,19363.00000000004,1.4568127849890014,250.0,False
8333,24352.200000000055,14352.200000000055,1.6970207104407469,250.0,False
8334,23724.300000000032,13724.300000000032,1.784376003711502,250.0,False
8335,26846.10000000006,16846.10000000006,2.35,250.0,False
8336,28578.0,18578.0,1.430467820195916,250.0,False
8337,26456.800000000032,16456.800000000032,3.124712263637651,373.2999999999993,False
8338,28700.80000000004,18700.80000000004,1.6524828554903714,200.0,False
8339,25683.399999999994,15683.399999999994,1.8780894571570257,300.0,False
8340,24454.900000000016,14454.900000000016,2.551933400762426,295.19999999999527,False
8341,28469.79999999999,18469.79999999999,2.4154589371980677,250.0,False
8342,27253.7,17253.7,0.9609471094710947,150.0,False
8343,26758.500000000022,16758.500000000022,1.8561484918793503,258.8000000000029,False
8344,27141.80000000002,17141.80000000002,1.6072025180678178,200.0,False
8345,26757.200000000033,16757.200000000033,1.513328642014543,200.0,False
8346,26991.80000000004,16991.80000000004,2.0733982998133946,300.0,False
8347,28080.100000000013,18080.100000000013,1.4208178227387678,250.0,False
8348,24023.80000000003,14023.800000000028,3.170577045022193,400.0,False
8349,26011.799999999985,16011.799999999985,1.8347546566073185,250.0,False
8350,24868.200000000063,14868.200000000063,1.4840141990478548,300.0,False
8351,29003.500000000022,19003.500000000022,1.8794872758711425,273.2999999999993,False
8352,24835.899999999983,14835.899999999983,1.790013514602036,200.0,False
8353,27846.700000000055,17846.700000000055,1.1745360582569881,250.0,False
8354,26594.600000000028,16594.600000000028,1.4828405570427587,200.0,False
8355,27361.700000000037,17361.700000000037,1.692792212440027,250.0,False
8356,26068.50000000004,16068.50000000004,1.0345059458229222,200.0,False
8357,22572.900000000052,12572.900000000052,2.53016315937859,350.0,False
8358,26452.20000000003,16452.20000000003,2.040205652729793,300.0,False
8359,25775.600000000006,15775.600000000006,1.6298430787083824,250.0,False
8360,27802.999999999993,17802.999999999993,1.5540595142631586,250.0,False
8361,24976.500000000007,14976.500000000007,1.8095780968667148,250.0,False
8362,28176.799999999985,18176.799999999985,1.4354066985645932,200.0,False
8363,28378.49999999998,18378.49999999998,1.469173075934211,200.0,False
8364,24291.800000000032,14291.800000000032,1.5356579782550814,300.0,False
8365,26331.80000000002,16331.800000000021,2.416490128637822,300.0,False
8366,26994.199999999986,16994.199999999986,1.308643590918014,300.0,False
8367,26082.800000000007,16082.800000000007,2.4890000000000327,292.8999999999978,False
8368,27841.000000000036,17841.000000000036,1.5446043109906322,250.0,False
8369,23846.000000000022,13846.000000000022,1.8107857269801286,300.0,False
8370,26495.100000000002,16495.100000000002,2.095298817891538,407.5,False
8371,26333.00000000003,16333.00000000003,1.5949217690872257,250.0,False
8372,28477.50000000005,18477.50000000005,1.9016468261514468,225.29999999999927,False
8373,24633.200000000026,14633.200000000026,1.5340074686359042,200.0,False
8374,24840.10000000002,14840.10000000002,1.9701948916786838,361.40000000000146,False
8375,25371.90000000003,15371.90000000003,2.234736748011083,325.6999999999971,False
8376,26285.500000000036,16285.500000000036,1.9688920293457985,451.3999999999942,False
8377,26291.400000000012,16291.400000000012,1.2089778696600837,200.0,False
8378,27687.900000000016,17687.900000000016,1.6729961688387733,300.0,False
8379,27730.60000000002,17730.60000000002,1.2420714439494551,150.0,False
8380,29583.999999999996,19583.999999999996,1.4563106796116505,200.0,False
8381,26264.70000000002,16264.700000000019,1.1294670421517097,178.20000000000437,False
8382,26916.200000000004,16916.200000000004,1.7999985600011525,250.0,False
8383,26425.50000000003,16425.50000000003,1.5433146695145954,250.0,False
8384,25499.699999999993,15499.699999999993,1.4805152453938188,237.79999999999927,False
8385,26493.90000000006,16493.90000000006,1.3703604733225072,200.0,False
8386,27370.600000000042,17370.600000000042,1.3146132407845608,150.0,False
8387,27796.300000000032,17796.300000000032,1.7410531630583332,200.0,False
8388,28228.999999999993,18228.999999999993,1.9066625143794127,300.0,False
8389,27984.900000000045,17984.900000000045,1.729285437942054,250.0,False
8390,29538.300000000032,19538.300000000032,0.8097165991902834,200.0,False
8391,29739.200000000026,19739.200000000026,1.8338529249954154,250.0,False
8392,25408.19999999999,15408.19999999999,1.8779342723004695,250.0,False
8393,28428.0,18428.0,1.4947380838031303,200.0,False
8394,27389.800000000007,17389.800000000007,3.3689600862453797,400.0,False
8395,25866.900000000023,15866.900000000023,1.2512408138070248,200.0,False
8396,28346.100000000024,18346.100000000024,1.60416552279505,200.0,False
8397,22863.90000000003,12863.90000000003,2.155729930154351,300.0,False
8398,23911.600000000035,13911.600000000035,1.599147121535153,250.0,False
8399,26591.80000000004,16591.80000000004,1.8612684917024638,250.0,False
8400,25743.500000000022,15743.500000000022,1.7930144158359025,250.0,False
8401,26214.800000000003,16214.800000000003,1.4448572370195008,200.0,False
8402,25127.800000000007,15127.800000000007,1.9714706294686672,450.0,False
8403,23990.200000000004,13990.200000000004,3.0833201191042505,350.0,False
8404,25949.899999999998,15949.899999999998,1.4090778430963646,250.0,False
8405,26393.600000000017,16393.600000000017,2.3163590541842716,250.0,False
8406,25969.100000000053,15969.100000000053,1.3953488372093024,219.09999999999854,False
8407,26277.900000000016,16277.900000000016,1.5429343939702669,295.6000000000058,False
8408,25601.699999999983,15601.699999999983,1.2512315270936678,200.0,False
8409,27785.300000000032,17785.300000000032,1.4563106796116505,200.0,False
8410,27730.80000000007,17730.80000000007,0.9708737864077669,225.6999999999971,False
8411,25694.000000000044,15694.000000000044,1.7162176850511695,300.0,False
8412,25196.20000000007,15196.20000000007,1.4521270030276838,300.0,False
8413,27886.20000000002,17886.20000000002,1.195871850372514,200.0,False
8414,27685.900000000038,17685.900000000038,1.185208596713021,207.90000000000146,False
8415,27532.40000000003,17532.40000000003,2.14640635392616,274.2999999999938,False
8416,26113.699999999983,16113.699999999983,1.2655184196205977,300.0,False
8417,27439.800000000047,17439.800000000047,1.8701726169325428,245.19999999999345,False
8418,25719.80000000006,15719.800000000061,1.2682372516791431,250.0,False
8419,26774.899999999998,16774.899999999998,1.5830800405268484,300.0,False
8420,25941.699999999946,15941.699999999946,1.9764023063118203,258.8000000000011,False
8421,27410.50000000004,17410.50000000004,2.4154589371980677,250.0,False
8422,26049.60000000001,16049.60000000001,2.121520706042091,350.0,False
8423,26440.79999999999,16440.79999999999,2.8287081339713303,300.0,False
8424,27437.49999999999,17437.49999999999,1.3520365049856338,250.0,False
8425,27968.399999999987,17968.399999999987,2.4410016213295234,271.00000000000364,False
8426,28453.500000000036,18453.500000000036,1.168679392286716,150.0,False
8427,27097.900000000052,17097.900000000052,1.293845178485942,200.0,False
8428,29023.10000000002,19023.10000000002,1.7896643305581605,250.0,False
8429,24609.200000000055,14609.200000000055,1.9271005395881513,350.0,False
8430,26900.400000000038,16900.400000000038,1.3023090068273961,200.0,False
8431,24441.500000000044,14441.500000000044,1.8395202531179853,300.0,False
8432,26072.500000000036,16072.500000000036,1.2301131704116774,200.0,False
8433,29904.600000000002,19904.600000000002,1.198861081972127,200.0,False
8434,25285.09999999999,15285.099999999991,2.0626722331314675,300.0,False
8435,24994.499999999978,14994.499999999978,1.9560284797746665,250.0,False
8436,24487.60000000004,14487.600000000039,4.618655913522997,545.1999999999953,False
8437,28242.300000000017,18242.300000000017,1.693101626732043,250.0,False
8438,25792.499999999964,15792.499999999964,1.4284915055107241,250.0,False
8439,27643.100000000006,17643.100000000006,1.864402039655832,203.50000000000364,False
8440,27320.30000000002,17320.30000000002,1.3990476657994502,200.0,False
8441,25332.49999999998,15332.499999999982,2.2138589338415438,379.79999999999563,False
8442,26704.199999999964,16704.199999999964,1.5359649122807209,175.10000000000218,False
8443,25183.900000000023,15183.900000000023,1.6435609391307209,297.20000000000437,False
8444,25946.900000000023,15946.900000000023,1.7334627652198014,250.0,False
8445,25498.40000000003,15498.40000000003,2.1240822258083107,251.39999999999418,False
8446,28007.60000000002,18007.60000000002,1.7766659796891522,300.0,False
8447,25722.20000000001,15722.200000000012,1.863799283154181,250.0,False
8448,28253.900000000027,18253.900000000027,1.4907128588891214,250.0,False
8449,27721.000000000007,17721.000000000007,1.8167449380944163,250.0,False
8450,24844.20000000001,14844.200000000012,1.5,243.99999999999636,False
8451,25391.899999999987,15391.899999999987,1.646426595716657,300.0,False
8452,26908.900000000074,16908.900000000074,1.5507447864945008,250.0,False
8453,23996.19999999999,13996.19999999999,2.3339045687172724,400.3999999999978,False
8454,28968.700000000037,18968.700000000037,1.422610015174506,300.0,False
8455,27727.800000000025,17727.800000000025,2.33263354327035,250.0,False
8456,26138.700000000026,16138.700000000026,1.699631193112898,337.79999999999563,False
8457,27233.59999999998,17233.59999999998,1.5,200.0,False
8458,29293.999999999985,19293.999999999985,0.9451131765622065,223.29999999999927,False
8459,26619.00000000001,16619.00000000001,1.8662461392032994,200.0,False
8460,25908.899999999976,15908.899999999976,1.8568860763254476,250.0,False
8461,26599.700000000055,16599.700000000055,1.7710085893916583,273.2999999999993,False
8462,26194.100000000006,16194.100000000006,1.8560623636954214,350.0,False
8463,23980.90000000003,13980.90000000003,3.3333333333333335,350.0,False
8464,27903.500000000022,17903.500000000022,1.905106638344079,400.0,False
8465,24630.200000000004,14630.200000000004,1.7049426286805442,211.5,False
8466,27275.100000000013,17275.100000000013,1.557632398753894,250.0,False
8467,25660.499999999985,15660.499999999985,2.086776514582395,250.0,False
8468,25613.100000000006,15613.100000000006,1.6068593612412678,250.0,False
8469,29030.699999999997,19030.699999999997,1.293025420879775,200.0,False
8470,25711.600000000017,15711.600000000017,1.6407698492132492,300.0,False
8471,28034.19999999999,18034.19999999999,2.531535701886357,350.0,False
8472,29331.70000000003,19331.70000000003,1.3772275531185714,192.89999999999964,False
8473,27401.400000000005,17401.400000000005,1.5915986845691141,350.3999999999978,False
8474,27880.800000000003,17880.800000000003,1.7079886043000332,250.0,False
8475,26292.600000000057,16292.600000000057,1.410924790654033,250.0,False
8476,27830.90000000004,17830.90000000004,1.2848075786516375,210.79999999999927,False
8477,26109.200000000026,16109.200000000026,1.8676403298252808,250.0,False
8478,29264.600000000006,19264.600000000006,1.346196993493381,300.0,False
8479,27722.600000000013,17722.600000000013,1.8593227368454919,350.0,False
8480,23956.70000000001,13956.700000000012,1.4500150801568328,250.0,False
8481,25443.400000000074,15443.400000000074,1.2162109653269593,250.0,False
8482,24573.40000000001,14573.400000000009,1.3592127439786865,250.0,False
8483,26846.1,16846.1,2.337572130797182,350.0,False
8484,25111.400000000012,15111.400000000012,1.2237685217365761,250.0,False
8485,27184.799999999977,17184.799999999977,2.2818546914932467,250.0,False
8486,28051.499999999993,18051.499999999993,1.1693535813402358,250.0,False
8487,27188.100000000057,17188.100000000057,1.6800284932832426,250.0,False
8488,27063.800000000057,17063.800000000057,2.0490732891933385,447.2000000000007,False
8489,24648.200000000015,14648.200000000015,1.57993857198832,250.0,False
8490,23863.600000000024,13863.600000000024,1.7152805770203852,225.6999999999971,False
8491,28257.499999999993,18257.499999999993,1.0157079230296546,200.0,False
8492,26235.500000000022,16235.500000000022,1.8526478042418197,250.0,False
8493,25047.800000000043,15047.800000000043,1.8663223936037872,250.0,False
8494,25798.700000000008,15798.700000000008,2.369695430224275,289.2000000000007,False
8495,26286.900000000016,16286.900000000016,1.4340024742863946,200.0,False
8496,28503.900000000052,18503.900000000052,1.475982081577528,250.0,False
8497,26264.900000000023,16264.900000000023,1.964028735062898,337.09999999999127,False
8498,23696.70000000001,13696.700000000012,2.1073216784395705,250.0,False
8499,24736.6,14736.599999999999,1.8232870218429782,250.0,False
8500,28448.399999999987,18448.399999999987,1.452158633809159,200.0,False
8501,27181.30000000001,17181.30000000001,2.355990104841559,305.39999999999964,False
8502,28104.200000000033,18104.200000000033,2.24541486285006,250.0,False
8503,25612.50000000003,15612.50000000003,1.7935289475572138,300.0,False
8504,29488.000000000062,19488.000000000062,2.2057915262312746,300.0,False
8505,27108.199999999975,17108.199999999975,0.8967055039783844,200.0,False
8506,25629.30000000001,15629.30000000001,2.1645021645021645,261.49999999999636,False
8507,25161.30000000004,15161.30000000004,2.0152026890864687,250.0,False
8508,27612.400000000027,17612.400000000027,2.1791134398032,450.0,False
8509,26018.00000000001,16018.000000000011,1.2111009513197861,200.0,False
8510,26251.200000000026,16251.200000000026,1.459425266582263,206.20000000000073,False
8511,27697.5,17697.5,1.226968382927073,200.0,False
8512,26515.4,16515.4,1.3996454231594653,175.6999999999971,False
8513,30152.9,20152.9,1.448086112854177,200.79999999999927,False
8514,26581.90000000004,16581.90000000004,1.4642038757476579,200.0,False
8515,26397.100000000046,16397.100000000046,1.2675235125611573,200.0,False
8516,26814.100000000042,16814.100000000042,1.977300589235578,250.0,False
8517,27946.600000000017,17946.600000000017,1.570351758793969,250.0,False
8518,27877.70000000002,17877.70000000002,1.7877702214689748,250.0,False
8519,27368.700000000026,17368.700000000026,2.466995073891622,250.39999999999964,False
8520,25556.000000000015,15556.000000000015,1.4851485148514851,250.0,False
8521,27783.80000000002,17783.80000000002,2.392298711986373,250.0,False
8522,26143.6,16143.599999999999,1.8398925502750647,250.0,False
8523,25716.800000000076,15716.800000000076,2.029072551518152,250.0,False
8524,25505.8,15505.8,1.4336506480100932,200.0,False
8525,26650.5,16650.5,2.114135107327593,300.0,False
8526,25768.90000000003,15768.90000000003,2.4496665212242292,275.1000000000022,False
8527,26608.099999999995,16608.099999999995,1.1257489320162026,200.0,False
8528,25435.60000000005,15435.60000000005,1.8101906492791813,257.20000000000437,False
8529,29200.700000000015,19200.700000000015,1.6573905800393973,250.0,False
8530,24898.40000000003,14898.40000000003,1.6317046745075503,250.0,False
8531,29142.200000000033,19142.200000000033,1.6380408484299127,200.0,False
8532,25235.700000000015,15235.700000000015,2.236453201970515,250.0,False
8533,26809.30000000004,16809.30000000004,1.6460000000000037,250.0,False
8534,27219.700000000004,17219.700000000004,1.4830898099865324,250.0,False
8535,27455.30000000005,17455.30000000005,1.0856798196882849,250.0,False
8536,26580.70000000004,16580.70000000004,2.310658075419878,350.0,False
8537,25660.10000000002,15660.10000000002,1.6285318785115177,200.0,False
8538,27379.0,17379.0,1.636115975870827,250.0,False
8539,24297.400000000034,14297.400000000034,1.706028536170647,330.6000000000058,False
8540,28707.60000000006,18707.60000000006,1.332954181921586,200.0,False
8541,27661.800000000032,17661.800000000032,1.6390000000000329,200.0,False
8542,25260.400000000038,15260.400000000038,2.8846153846153846,300.0,False
8543,28391.700000000033,18391.700000000033,1.5755429479998682,218.00000000000182,False
8544,27144.49999999998,17144.49999999998,1.4708694309206163,311.49999999999636,False
8545,25940.300000000043,15940.300000000043,1.778331036322412,250.0,False
8546,26947.50000000001,16947.50000000001,2.309042209291586,400.0,False
8547,26215.200000000023,16215.200000000023,1.5944463106034825,355.9999999999927,False
8548,25583.80000000004,15583.80000000004,1.5128725104416876,225.29999999999745,False
8549,26384.30000000002,16384.30000000002,2.254131035003621,300.0,False
8550,25803.100000000057,15803.100000000057,1.8465345163464457,350.0,False
8551,25224.900000000023,15224.900000000023,1.5057144134345284,250.0,False
8552,27547.600000000013,17547.600000000013,1.223032141284672,200.0,False
8553,25677.100000000046,15677.100000000046,1.6891891891891861,350.0,False
8554,27467.400000000052,17467.400000000052,2.1904815672104996,232.79999999999745,False
8555,26784.100000000028,16784.100000000028,2.4712348266181636,350.0,False
8556,28078.600000000035,18078.600000000035,1.4390394124114252,250.0,False
8557,25801.399999999987,15801.399999999987,2.0815553381486693,450.0,False
8558,25776.50000000007,15776.50000000007,1.9361234162510417,250.0,False
8559,27110.00000000002,17110.00000000002,1.2879821880800586,319.90000000000873,False
8560,26991.99999999999,16991.99999999999,1.5577132769094972,300.0,False
8561,27988.500000000015,17988.500000000015,1.491622916365285,250.0,False
8562,28320.60000000001,18320.60000000001,1.0719407521565,250.39999999999782,False
8563,26917.999999999975,16917.999999999975,1.3506212857914637,300.0,False
8564,27352.100000000013,17352.100000000013,2.0000800032001282,250.0,False
8565,24683.200000000015,14683.200000000015,3.5962347286200886,448.9000000000033,False
8566,25779.600000000064,15779.600000000064,2.1716816111162482,350.0,False
8567,25873.00000000003,15873.00000000003,1.2903092613237532,250.0,False
8568,26719.800000000032,16719.800000000032,2.510020425430079,293.6999999999989,False
8569,26867.900000000027,16867.900000000027,1.1427178401109208,247.69999999999345,False
8570,26661.19999999999,16661.19999999999,1.1430226089872062,250.0,False
8571,27141.00000000003,17141.00000000003,1.5473648376814273,300.0,False
8572,26769.699999999975,16769.699999999975,2.479256884069946,300.0,False
8573,26259.800000000014,16259.800000000014,2.289829544821102,410.79999999999563,False
8574,27096.700000000044,17096.700000000044,2.1957913998170033,261.59999999999854,False
8575,24955.40000000001,14955.400000000009,1.9900101490517592,305.5,False
8576,27566.20000000002,17566.20000000002,1.427049242712534,300.0,False
8577,23534.299999999985,13534.299999999985,1.7697274552006068,365.90000000000146,False
8578,25698.100000000013,15698.100000000013,1.9199754243145697,207.20000000000255,False
8579,25810.500000000022,15810.500000000022,1.543507621068879,250.0,False
8580,26634.900000000023,16634.900000000023,1.4833274000237322,200.0,False
8581,24621.20000000002,14621.200000000019,2.189329674788878,268.200000000008,False
8582,24277.5,14277.5,1.784368154526984,260.7999999999993,False
8583,21238.300000000017,11238.300000000017,3.297985354934129,413.99999999999636,False
8584,26776.500000000033,16776.500000000033,1.5339397676585478,340.8000000000029,False
8585,27049.900000000027,17049.900000000027,1.8564930845632612,200.0,False
8586,27624.900000000005,17624.900000000005,1.5806078385503928,350.0,False
8587,26744.1,16744.1,1.418376737652753,188.40000000000146,False
8588,28748.20000000003,18748.20000000003,2.1833870446546317,250.0,False
8589,25919.800000000014,15919.800000000014,1.1923669437727438,250.0,False
8590,25419.000000000007,15419.000000000007,3.298098646130504,400.0,False
8591,29525.900000000034,19525.900000000034,1.8200254803567222,350.0,False
8592,26891.90000000003,16891.90000000003,0.9793743756488353,150.0,False
8593,26985.700000000015,16985.700000000015,1.8806042005175427,250.0,False
8594,26895.200000000008,16895.200000000008,1.7627513022325256,300.0,False
8595,26131.200000000063,16131.200000000063,2.400234244369244,311.49999999999636,False
8596,24342.10000000001,14342.10000000001,2.4108003857280615,250.0,False
8597,29572.300000000043,19572.300000000043,1.618185819514026,250.0,False
8598,27974.300000000047,17974.300000000047,2.1841584158415337,250.0,False
8599,26324.700000000004,16324.700000000004,1.6547234730225606,436.20000000000437,False
8600,24722.70000000001,14722.700000000012,1.1681333229499264,200.0,False
8601,24687.70000000001,14687.700000000012,1.1036715473475092,200.99999999999636,False
8602,26248.79999999998,16248.799999999981,2.3921951219511732,250.0,False
8603,24450.40000000001,14450.400000000009,1.4769216227233235,250.0,False
8604,25658.099999999977,15658.099999999977,3.627419527323292,508.8000000000011,False
8605,26412.799999999996,16412.799999999996,2.44896359860507,300.0,False
8606,25775.300000000025,15775.300000000025,1.477832512315271,236.79999999999563,False
8607,26990.200000000004,16990.200000000004,1.8429358835445795,250.0,False
8608,26820.000000000025,16820.000000000025,2.1700070308227803,250.0,False
8609,27268.400000000038,17268.400000000038,1.9093026681140979,350.0,False
8610,23997.900000000074,13997.900000000074,1.2531420457417688,272.70000000000437,False
8611,26952.800000000017,16952.800000000017,1.537344421879117,271.0000000000073,False
8612,26095.500000000036,16095.500000000036,2.046985132064659,300.0,False
8613,25790.100000000057,15790.100000000057,4.46299345254047,582.7999999999975,False
8614,26867.0,16867.0,1.9506739578524366,300.0,False
8615,25819.699999999983,15819.699999999983,2.2222222222222223,250.0,False
8616,27456.600000000028,17456.600000000028,1.5154729791167927,250.00000000000182,False
8617,26531.100000000042,16531.100000000042,1.8005560116964106,250.0,False
8618,26511.399999999994,16511.399999999994,2.1559677575992957,310.7999999999993,False
8619,24707.000000000025,14707.000000000025,2.0681931099527917,250.0,False
8620,26956.499999999996,16956.499999999996,1.5810776625347849,200.0,False
8621,28796.2,18796.2,0.8368480953337349,150.0,False
8622,27118.500000000015,17118.500000000015,1.5314873805439844,307.20000000000437,False
8623,29161.70000000005,19161.70000000005,1.5164993132698896,426.1999999999971,False
8624,28657.300000000047,18657.300000000047,1.110132549826449,200.0,False
8625,27234.000000000025,17234.000000000025,1.672730314055117,250.0,False
8626,24805.599999999984,14805.599999999984,1.5983505022816442,250.0,False
8627,28841.20000000001,18841.20000000001,1.9436337575768226,225.10000000000218,False
8628,25837.900000000016,15837.900000000016,2.1706340262487167,250.39999999999964,False
8629,27503.20000000004,17503.20000000004,1.2016869528080403,225.10000000000218,False
8630,27646.600000000024,17646.600000000024,1.313233584580208,231.1999999999971,False
8631,24798.200000000033,14798.200000000033,1.9771584908061066,248.59999999999673,False
8632,25861.800000000032,15861.800000000032,1.7671122734782927,250.0,False
8633,28100.10000000002,18100.10000000002,1.3785212602441337,200.0,False
8634,27544.800000000014,17544.800000000014,1.3459674814256481,200.0,False
8635,24589.700000000048,14589.700000000048,3.264264660595626,445.19999999999527,False
8636,24327.20000000002,14327.200000000019,2.391200382592061,250.0,False
8637,25482.700000000023,15482.700000000023,3.0407812201351856,350.0,False
8638,28564.800000000017,18564.800000000017,1.9213913043478186,276.1999999999989,False
8639,26045.100000000002,16045.100000000002,1.1922645873572266,200.0,False
8640,26723.400000000027,16723.400000000027,2.0459127149888072,250.0,False
8641,27907.10000000001,17907.10000000001,2.2961720109371435,295.600000000004,False
8642,26162.10000000002,16162.10000000002,1.8542005058258968,250.0,False
8643,28182.600000000006,18182.600000000006,2.6755375600881135,300.0,False
8644,26157.70000000006,16157.700000000059,2.2874082749281746,250.00000000000182,False
8645,27414.9,17414.9,2.174212391561158,300.0,False
8646,26757.49999999999,16757.49999999999,2.939575914380909,307.89999999999964,False
8647,25482.000000000007,15482.000000000007,1.5819781054230202,200.0,False
8648,26227.70000000001,16227.700000000012,1.1392722328976248,250.0,False
8649,25974.100000000017,15974.100000000017,2.4258890883508815,350.0,False
8650,26603.499999999985,16603.499999999985,1.4634146341463417,250.0,False
8651,25717.10000000002,15717.10000000002,1.4924831800953922,250.0,False
8652,25739.900000000016,15739.900000000016,1.4275738565330702,253.50000000000364,False
8653,28486.80000000003,18486.80000000003,1.7938506798694045,250.0,False
8654,24931.900000000016,14931.900000000016,1.4471640408679123,300.0,False
8655,25260.900000000045,15260.900000000045,2.593986112385683,508.8000000000029,False
8656,24228.100000000057,14228.100000000057,1.9818777102177654,250.0,False
8657,28917.200000000023,18917.200000000023,1.2930856126122394,250.0,False
8658,25215.900000000067,15215.900000000067,1.713302768011952,250.0,False
8659,25938.30000000006,15938.300000000061,1.6768254340881823,200.0,False
8660,28838.800000000003,18838.800000000003,1.4673255936799345,250.0,False
8661,26742.500000000047,16742.500000000047,2.3285923193710927,350.0,False
8662,28070.600000000035,18070.600000000035,1.598261091931976,200.0,False
8663,24144.100000000042,14144.100000000042,1.848459491447445,300.0,False
8664,24680.700000000026,14680.700000000026,2.363675041955232,300.0,False
8665,22468.200000000004,12468.200000000004,3.1689981438725137,350.0,False
8666,25713.40000000001,15713.400000000009,1.2754776663860594,200.0,False
8667,23142.900000000016,13142.900000000016,1.8274297200986815,300.0,False
8668,25746.400000000012,15746.400000000012,1.705536681663783,297.20000000000437,False
8669,24795.400000000027,14795.400000000027,2.2266755733689583,250.0,False
8670,26133.80000000003,16133.800000000028,1.8095355284205632,250.0,False
8671,29491.899999999987,19491.899999999987,1.2481402709962146,250.0,False
8672,29389.500000000062,19389.500000000062,1.210956736552324,200.0,False
8673,27471.10000000005,17471.10000000005,1.3514097906936509,250.0,False
8674,23618.80000000004,13618.80000000004,1.708842527719864,350.0,False
8675,25952.50000000003,15952.50000000003,2.174911823123223,307.70000000000437,False
8676,25111.80000000002,15111.800000000021,1.6236191119452883,267.70000000000437,False
8677,27582.600000000013,17582.600000000013,1.4116717016290683,200.0,False
8678,28068.100000000013,18068.100000000013,1.8337156870500384,347.69999999999345,False
8679,27011.199999999997,17011.199999999997,1.6127384444736617,256.2000000000007,False
8680,25708.800000000017,15708.800000000017,1.805869074492099,200.0,False
8681,26267.40000000001,16267.400000000009,1.751288948666218,250.0,False
8682,29366.100000000035,19366.100000000035,1.7295352738719103,241.1999999999971,False
8683,28560.600000000006,18560.600000000006,1.2557660591549533,200.0,False
8684,28233.3,18233.3,1.4218009478672986,200.0,False
8685,26306.19999999999,16306.19999999999,1.5133535113802017,227.00000000000728,False
8686,27014.800000000014,17014.800000000014,1.6313612894279628,250.0,False
8687,24788.100000000006,14788.100000000006,3.344513572694784,384.9000000000069,False
8688,27480.9,17480.9,1.4382970562853588,150.0,False
8689,27189.800000000043,17189.800000000043,1.9701801258295353,342.90000000000146,False
8690,27630.900000000012,17630.900000000012,1.9532179199154491,322.5,False
8691,27567.200000000004,17567.200000000004,1.6070349562243669,250.0,False
8692,25510.400000000016,15510.400000000016,2.280677207219805,260.7999999999993,False
8693,27477.59999999999,17477.59999999999,1.9572076127547307,250.0,False
8694,28204.70000000005,18204.70000000005,1.5490043000359355,250.0,False
8695,27544.700000000008,17544.700000000008,1.3775116629320794,256.2000000000007,False
8696,29404.900000000016,19404.900000000016,1.6326264060994917,300.0,False
8697,23653.80000000001,13653.80000000001,1.9401464810593194,200.0,False
8698,26247.800000000007,16247.800000000007,2.4630541871921183,300.0,False
8699,28585.000000000022,18585.000000000022,0.9954342747929495,245.1999999999971,False
8700,24803.80000000003,14803.800000000028,2.0,287.70000000000437,False
8701,24251.799999999996,14251.799999999996,1.9070498561556446,260.79999999999563,False
8702,27988.000000000044,17988.000000000044,1.604959639985503,305.99999999999636,False
8703,28524.40000000003,18524.40000000003,1.1067272415376863,200.0,False
8704,26143.30000000001,16143.30000000001,1.4046259013016205,250.0,False
8705,28072.70000000002,18072.70000000002,1.370689182520972,300.0,False
8706,26034.400000000005,16034.400000000005,2.1257268430128042,390.8000000000029,False
8707,27933.300000000007,17933.300000000007,2.8265925830210605,350.0,False
8708,26755.800000000036,16755.800000000036,1.2398948569161337,200.0,False
8709,26675.300000000007,16675.300000000007,1.751282814661739,259.8000000000029,False
8710,26720.90000000003,16720.90000000003,1.4714476101588727,350.0,False
8711,26077.300000000025,16077.300000000025,2.06502345866649,250.0,False
8712,27026.400000000023,17026.400000000023,1.8604651162790697,300.0,False
8713,25420.90000000001,15420.900000000009,1.4455343314403712,350.0,False
8714,26271.90000000004,16271.900000000041,1.5978014252388724,350.0,False
8715,25177.200000000048,15177.200000000048,1.761354129054416,250.0,False
8716,25123.000000000036,15123.000000000036,1.937946939012809,250.0,False
8717,26873.50000000001,16873.50000000001,1.785013030595124,250.0,False
8718,26018.900000000023,16018.900000000023,2.751048526247062,425.6999999999971,False
8719,25361.300000000003,15361.300000000003,2.8919893491209887,398.5999999999967,False
8720,26670.00000000003,16670.00000000003,1.0276190476190443,200.0,False
8721,26938.40000000002,16938.40000000002,1.265865514447745,200.0,False
8722,28322.30000000001,18322.30000000001,1.4482818549593999,208.8000000000029,False
8723,27532.20000000001,17532.20000000001,2.4957394162822033,350.0,False
8724,26012.500000000007,16012.500000000007,1.9047619047619049,310.8000000000029,False
8725,28142.50000000003,18142.50000000003,1.6535940867475445,300.0,False
8726,26389.5,16389.5,2.727272727272727,300.0,False
8727,29741.50000000005,19741.50000000005,1.4248667749565422,200.0,False
8728,28642.400000000027,18642.400000000027,0.9277298450691162,150.0,False
8729,26456.799999999996,16456.799999999996,2.526606681690348,307.20000000000255,False
8730,24004.400000000052,14004.400000000052,1.4938840387453742,274.3999999999942,False
8731,23782.600000000028,13782.600000000028,2.1867483052700636,300.0,False
8732,28551.500000000007,18551.500000000007,1.640451909932283,221.00000000000728,False
8733,26032.900000000045,16032.900000000045,1.7998884069187708,250.0,False
8734,26197.50000000003,16197.50000000003,1.9227811105983712,250.0,False
8735,27608.20000000004,17608.20000000004,1.32125995349165,200.0,False
8736,24757.400000000016,14757.400000000016,2.2267912680091766,300.0,False
8737,25420.600000000042,15420.600000000042,2.0,200.0,False
8738,25760.00000000002,15760.000000000018,2.045123607270823,250.0,False
8739,27909.799999999996,17909.799999999996,1.07272350194163,150.0,False
8740,26442.600000000017,16442.600000000017,2.0,222.70000000000437,False
8741,26404.90000000006,16404.90000000006,1.5594395997854191,250.0,False
8742,28980.000000000036,18980.000000000036,1.4218009478672986,250.0,False
8743,27323.69999999999,17323.69999999999,2.452475247524706,247.69999999999527,False
8744,25673.90000000003,15673.90000000003,1.312206870325783,258.8000000000029,False
8745,26522.600000000002,16522.600000000002,1.4210098614131184,258.8000000000029,False
8746,28448.50000000003,18448.50000000003,1.275390907313091,200.0,False
8747,26323.700000000033,16323.700000000033,2.271092774139821,300.0,False
8748,25118.700000000026,15118.700000000026,2.2232889864216197,324.2000000000007,False
8749,26574.2,16574.2,1.4851485148514851,350.0,False
8750,28944.999999999996,18944.999999999996,1.9073413568826414,200.0,False
8751,27676.600000000068,17676.600000000068,1.602307322544463,200.0,False
8752,26186.80000000001,16186.80000000001,2.1871500559910415,302.09999999999854,False
8753,26980.50000000004,16980.50000000004,1.7387168878108852,250.0,False
8754,25181.300000000017,15181.300000000017,2.160910002420219,250.0,False
8755,23851.100000000006,13851.100000000006,4.7811869949002626,564.399999999996,False
8756,28077.399999999987,18077.399999999987,1.5207737696940204,300.0,False
8757,24114.400000000016,14114.400000000016,1.9703754057741847,400.0,False
8758,25994.300000000032,15994.300000000032,1.5099695741130819,250.0,False
8759,26122.400000000045,16122.400000000045,1.3851508670018522,250.0,False
8760,25458.900000000023,15458.900000000023,2.138717197424983,300.0,False
8761,29201.800000000032,19201.800000000032,1.0798385925472425,200.0,False
8762,25525.400000000027,15525.400000000027,1.914197474237835,255.99999999999454,False
8763,25951.80000000004,15951.80000000004,1.4947414994050934,325.2999999999993,False
8764,24419.100000000006,14419.100000000006,2.4160764225922775,251.39999999999418,False
8765,26079.20000000002,16079.200000000019,1.8429273057324245,300.0,False
8766,25225.499999999985,15225.499999999985,1.8895590524995083,250.0,False
8767,25832.800000000032,15832.800000000032,1.380463132412052,271.0000000000073,False
8768,28076.899999999994,18076.899999999994,1.6614103810882561,200.0,False
8769,27435.000000000007,17435.000000000007,1.8180661230648962,200.0,False
8770,24668.600000000042,14668.600000000042,3.373298893557962,525.1000000000022,False
8771,26765.50000000002,16765.50000000002,1.9704433497536946,245.19999999999527,False
8772,28266.600000000013,18266.600000000013,1.6497748057390178,300.0,False
8773,26805.50000000007,16805.50000000007,1.1859723194060638,250.6999999999971,False
8774,25936.800000000047,15936.800000000047,2.501232750426995,350.0,False
8775,25154.79999999999,15154.799999999988,1.8243015205553166,200.0,False
8776,26466.30000000001,16466.30000000001,2.3550080522033587,337.79999999999745,False
8777,23627.700000000033,13627.700000000033,3.528612637726162,400.0,False
8778,28101.200000000026,18101.200000000026,1.221617747662638,200.0,False
8779,29107.100000000013,19107.100000000013,1.5,250.0,False
8780,24122.000000000036,14122.000000000036,2.2594798151334636,250.79999999999927,False
8781,27148.900000000023,17148.900000000023,2.269460624858156,300.0,False
8782,28312.59999999997,18312.59999999997,2.0214634146341712,310.7999999999993,False
8783,26394.20000000002,16394.20000000002,2.2606637457823493,448.90000000000146,False
8784,22525.30000000007,12525.300000000068,1.689527075296477,250.0,False
8785,26553.100000000013,16553.100000000013,2.061999999999989,235.0,False
8786,27592.800000000017,17592.800000000017,1.3263127180126526,200.0,False
8787,24918.50000000003,14918.50000000003,1.6896743997431685,200.0,False
8788,29886.000000000015,19886.000000000015,0.997575890585876,200.0,False
8789,24426.900000000005,14426.900000000005,2.2095541119802014,300.0,False
8790,25109.000000000007,15109.000000000007,1.985365853658572,203.50000000000364,False
8791,27300.300000000025,17300.300000000025,1.0120597034260237,250.0,False
8792,29691.400000000016,19691.400000000016,1.4735613620422379,250.0,False
8793,25244.30000000004,15244.30000000004,1.2011507023728714,250.0,False
8794,27215.300000000025,17215.300000000025,1.4754049986721367,150.0,False
8795,28538.400000000005,18538.400000000005,1.242131099484764,250.0,False
8796,24838.499999999993,14838.499999999993,1.4190838394732368,250.0,False
8797,24867.300000000025,14867.300000000025,1.2942177154388586,232.79999999999563,False
8798,26603.40000000001,16603.40000000001,1.3759171176028773,200.0,False
8799,27870.20000000004,17870.20000000004,1.6483262894856556,250.0,False
8800,25137.900000000016,15137.900000000016,2.957536755267291,345.600000000004,False
8801,27633.700000000063,17633.700000000063,1.1535799430900553,200.0,False
8802,26728.300000000025,16728.300000000025,2.0,300.0,False
8803,27850.699999999986,17850.699999999986,1.7362769014402428,200.0,False
8804,23780.300000000007,13780.300000000007,1.770081575473748,350.0,False
8805,26702.60000000002,16702.60000000002,1.777728305494296,271.50000000000546,False
8806,25139.700000000004,15139.700000000004,3.4482758620689653,350.0,False
8807,25879.900000000034,15879.900000000034,1.5702777821396594,200.0,False
8808,27598.10000000003,17598.10000000003,1.91456678759355,292.89999999999964,False
8809,25981.40000000003,15981.40000000003,1.2742680254281646,222.70000000000437,False
8810,24746.20000000007,14746.20000000007,1.707355991702567,267.5,False
8811,25169.70000000004,15169.70000000004,1.6528106044328361,250.00000000000182,False
8812,24597.20000000002,14597.200000000019,2.799460637250555,600.0,False
8813,28595.00000000001,18595.00000000001,1.3998348194912993,200.0,False
8814,25816.100000000035,15816.100000000035,1.1423697317715866,176.1999999999971,False
8815,26354.000000000015,16354.000000000015,1.309757694826457,250.0,False
8816,28526.100000000006,18526.100000000006,1.2979371452305133,200.0,False
8817,26544.099999999977,16544.099999999977,1.0486650493921243,200.0,False
8818,27386.00000000003,17386.00000000003,1.1959312115273082,173.29999999999927,False
8819,25825.100000000028,15825.100000000028,1.9188554411064893,250.0,False
8820,26841.000000000004,16841.000000000004,1.7312419930057827,200.0,False
8821,26193.100000000006,16193.100000000006,2.0464931452414277,250.0,False
8822,26586.500000000015,16586.500000000015,1.490623975196017,300.0,False
8823,27512.70000000001,17512.70000000001,1.303146664813303,164.60000000000218,False
8824,28234.600000000035,18234.600000000035,1.3773345821166874,200.0,False
8825,27035.60000000004,17035.60000000004,1.313117165067581,200.0,False
8826,25770.79999999999,15770.799999999988,1.4894124055286995,350.0,False
8827,25705.200000000004,15705.200000000004,1.9068776308952324,400.0,False
8828,25685.999999999993,15685.999999999993,1.468029977172135,200.0,False
8829,25817.700000000033,15817.700000000033,2.677804369170337,350.0,False
8830,28684.60000000003,18684.60000000003,2.0728653632489222,250.0,False
8831,28306.30000000001,18306.30000000001,1.5546241507780458,227.00000000000728,False
8832,26902.500000000022,16902.500000000022,1.7642170248130171,297.2000000000007,False
8833,24870.50000000001,14870.500000000011,1.7811215366091724,277.0000000000073,False
8834,24041.29999999998,14041.299999999981,3.252478975775077,414.60000000000036,False
8835,23247.800000000007,13247.800000000007,3.388517765514572,350.0,False
8836,25023.600000000013,15023.600000000013,2.076998487945101,250.0,False
8837,26227.400000000023,16227.400000000023,2.4630541871921183,250.0,False
8838,25155.60000000002,15155.60000000002,1.599501951488157,250.0,False
8839,26306.000000000022,16306.000000000022,2.3773486223264735,300.0,False
8840,26691.000000000007,16691.000000000007,1.5799800704724445,307.59999999999854,False
8841,24626.59999999999,14626.599999999991,1.7285881892843487,250.0,False
8842,28002.00000000001,18002.00000000001,1.8752578479540931,300.0,False
8843,27478.30000000001,17478.30000000001,1.3082270035496568,227.00000000000728,False
8844,25847.60000000002,15847.60000000002,1.7048345082678804,445.6999999999971,False
8845,27090.80000000001,17090.80000000001,1.4493313751256085,200.0,False
8846,26894.900000000056,16894.900000000056,2.0,345.6000000000022,False
8847,28266.5,18266.5,1.240096153011721,150.0,False
8848,26832.800000000003,16832.800000000003,1.202929373610616,250.0,False
8849,25193.800000000003,15193.800000000003,1.477832512315271,271.00000000000364,False
8850,24942.79999999999,14942.799999999988,1.9544313473415398,450.0,False
8851,24483.400000000038,14483.400000000038,1.2881894497284045,300.0,False
8852,26345.500000000022,16345.500000000022,2.064358438684426,250.0,False
8853,27131.20000000004,17131.20000000004,2.828710448910014,411.59999999999854,False
8854,25322.400000000016,15322.400000000016,1.8456484224320107,250.0,False
8855,26311.200000000033,16311.200000000033,1.629390179975505,250.0,False
8856,24692.20000000002,14692.200000000019,2.0263287650877047,300.0,False
8857,25097.199999999993,15097.199999999993,2.6553976647674276,350.0,False
8858,26636.500000000033,16636.500000000033,1.726622568720288,300.0,False
8859,27736.100000000024,17736.100000000024,1.8619304593119497,250.0,False
8860,28939.700000000015,18939.700000000015,1.3506358793720075,250.0,False
8861,26634.299999999996,16634.299999999996,1.7926929833996623,200.0,False
8862,25938.60000000006,15938.60000000006,1.7674373204674358,253.50000000000364,False
8863,23940.300000000025,13940.300000000025,1.913099374033885,300.0,False
8864,27973.100000000017,17973.100000000017,1.339010738866125,150.0,False
8865,26841.000000000015,16841.000000000015,2.1907340711725682,250.0,False
8866,29046.900000000023,19046.900000000023,0.9829265655562868,200.0,False
8867,26106.199999999983,16106.199999999983,1.751574227336819,250.0,False
8868,24331.399999999994,14331.399999999994,2.508277315139962,300.0,False
8869,23715.20000000001,13715.200000000012,1.5592110392141567,286.49999999999636,False
8870,27126.80000000004,17126.80000000004,1.7830524431384573,250.0,False
8871,28472.20000000002,18472.20000000002,1.109588509101399,200.0,False
8872,27870.6,17870.6,1.1049784805440916,200.0,False
8873,28406.00000000003,18406.00000000003,2.961924406697573,403.50000000000364,False
8874,25901.400000000023,15901.400000000023,1.7864160920361556,400.0,False
8875,26193.100000000006,16193.100000000006,2.0097562731756424,223.29999999999927,False
8876,24777.20000000002,14777.200000000019,1.8553736258639086,230.49999999999272,False
8877,26491.59999999998,16491.59999999998,1.9414459889725857,250.0,False
8878,24109.200000000037,14109.200000000037,1.6416371719188083,250.0,False
8879,24695.000000000036,14695.000000000036,1.7967080289642197,300.0,False
8880,25936.80000000001,15936.80000000001,2.5731758554689668,275.600000000004,False
8881,26253.700000000008,16253.700000000008,1.8727675889414277,342.8999999999978,False
8882,25428.200000000026,15428.200000000026,2.4018830763318433,300.0,False
8883,25469.900000000034,15469.900000000034,1.7279662700984084,200.0,False
8884,25701.90000000003,15701.90000000003,2.1382507398347537,250.0,False
8885,26998.900000000023,16998.900000000023,2.069830155651228,350.0,False
8886,27773.200000000033,17773.200000000033,1.3546464372798697,200.0,False
8887,25676.700000000026,15676.700000000026,2.5735167964862913,300.0,False
8888,28326.200000000008,18326.200000000008,1.3052132701422214,200.0,False
8889,27982.5,17982.5,1.1583101027807166,200.0,False
8890,27349.000000000007,17349.000000000007,1.9230769230769231,200.0,False
8891,27290.200000000048,17290.200000000048,1.9704433497536946,200.0,False
8892,26425.500000000022,16425.500000000022,2.317200138818459,405.4999999999927,False
8893,26050.70000000004,16050.70000000004,1.9136741587009984,250.0,False
8894,26937.300000000025,16937.300000000025,1.556097307951656,350.0,False
8895,25705.79999999999,15705.799999999988,1.6446015952635469,200.0,False
8896,30019.20000000002,20019.20000000002,1.0832906035373049,250.0,False
8897,27076.600000000006,17076.600000000006,1.79723585126076,232.79999999999563,False
8898,28756.000000000015,18756.000000000015,1.3658963011528171,236.5,False
8899,28550.100000000042,18550.100000000042,1.5542793195365123,214.59999999999854,False
8900,24228.19999999999,14228.19999999999,1.6975845410627737,250.0,False
8901,27554.300000000017,17554.300000000017,1.4851485148514851,400.0,False
8902,27674.900000000034,17674.900000000034,1.299232803029811,200.0,False
8903,24148.50000000004,14148.50000000004,1.9320236788822078,250.0,False
8904,25372.400000000023,15372.400000000023,1.9445124938755807,444.5000000000073,False
8905,25099.000000000015,15099.000000000015,2.2257042128129347,250.0,False
8906,27102.800000000025,17102.800000000025,1.7371485748433078,250.0,False
8907,25247.700000000023,15247.700000000023,1.9138755980861244,200.0,False
8908,26777.800000000054,16777.800000000054,1.456890816351652,236.49999999999636,False
8909,26523.4,16523.4,3.029556650246305,307.5,False
8910,26115.700000000015,16115.700000000015,1.3404610113510242,250.0,False
8911,28030.70000000001,18030.70000000001,1.0614021121902033,200.0,False
8912,27154.900000000016,17154.900000000016,1.1555350127108857,197.20000000000437,False
8913,26555.399999999998,16555.399999999998,2.257149521108109,300.0,False
8914,28117.300000000043,18117.300000000043,1.9747646379733628,250.0,False
8915,25119.20000000002,15119.200000000019,2.0411434305704566,292.89999999999964,False
8916,27436.70000000004,17436.70000000004,1.3320962290410163,295.6000000000058,False
8917,26024.600000000064,16024.600000000064,1.9047619047619049,206.1999999999989,False
8918,28345.600000000013,18345.600000000013,1.189070067935536,164.60000000000036,False
8919,27633.699999999983,17633.699999999983,1.2652248726340292,150.0,False
8920,24800.0,14800.0,1.43884892086331,250.0,False
8921,24405.300000000017,14405.300000000017,1.41643059490085,200.39999999999964,False
8922,24625.60000000003,14625.600000000031,1.938435295029852,250.0,False
8923,26724.19999999999,16724.19999999999,1.5526825086824474,250.0,False
8924,27041.500000000044,17041.500000000044,2.0618459061419254,350.0,False
8925,27754.800000000007,17754.800000000007,1.4354066985645932,250.0,False
8926,26207.400000000016,16207.400000000016,1.1211851674676898,250.0,False
8927,27752.000000000007,17752.000000000007,1.4898156204188164,250.0,False
8928,27977.400000000045,17977.400000000045,1.4488274156782435,198.9000000000051,False
8929,24594.800000000003,14594.800000000003,2.9880563120555244,350.0,False
8930,26809.90000000005,16809.90000000005,1.876088131116048,250.0,False
8931,25120.400000000016,15120.400000000016,1.8693335825778101,250.0,False
8932,25635.300000000017,15635.300000000017,1.3720306969001248,200.0,False
8933,25471.300000000003,15471.300000000003,2.0059536704940233,250.0,False
8934,27720.600000000024,17720.600000000024,1.5287308603384488,250.0,False
8935,24019.999999999993,14019.999999999993,1.6537454025877825,332.79999999999563,False
8936,27593.100000000028,17593.100000000028,1.694915254237288,200.0,False
8937,24503.200000000015,14503.200000000015,1.5103914934751081,300.0,False
8938,28327.600000000028,18327.600000000028,1.141100934181297,150.0,False
8939,22135.800000000025,12135.800000000025,2.1795721096876832,414.29999999999563,False
8940,25055.199999999997,15055.199999999997,1.6246337804686528,325.6999999999971,False
8941,24078.200000000026,14078.200000000026,2.586786693569245,500.0,False
8942,25602.60000000002,15602.60000000002,2.8258166610150326,300.0,False
8943,27144.20000000001,17144.20000000001,1.8704174771809061,250.0,False
8944,25161.599999999955,15161.599999999955,1.3784990901906011,200.0,False
8945,25009.900000000045,15009.900000000045,1.6326260026878612,300.0,False
8946,26103.700000000033,16103.700000000033,1.5637544379225827,250.0,False
8947,25554.900000000034,15554.900000000034,2.232308951558893,300.0,False
8948,25472.20000000001,15472.200000000012,2.292593513682825,248.90000000000327,False
8949,25442.0,15442.0,1.6049561044505416,200.0,False
8950,25753.500000000022,15753.500000000022,1.9365228809989625,390.79999999999563,False
8951,28658.100000000042,18658.100000000042,2.145017481892474,300.0,False
8952,26413.800000000003,16413.800000000003,2.1298339931811117,248.00000000000182,False
8953,26088.20000000004,16088.20000000004,1.9145168238165902,200.0,False
8954,27987.90000000002,17987.90000000002,2.319892019571452,330.0,False
8955,26692.100000000064,16692.100000000064,2.1991555242786767,300.0,False
8956,28065.20000000005,18065.20000000005,2.7680128435795925,400.0,False
8957,25712.200000000048,15712.200000000048,1.5,250.0,False
8958,26676.70000000001,16676.70000000001,1.3202278713305915,250.0,False
8959,24679.800000000003,14679.800000000003,1.7398112304814923,250.0,False
8960,27404.100000000017,17404.100000000017,1.438873764726872,300.0,False
8961,28569.400000000012,18569.400000000012,1.3020898044380602,200.0,False
8962,26108.000000000047,16108.000000000047,2.131625021179096,264.2000000000007,False
8963,25903.50000000006,15903.500000000058,2.4571715007420654,250.0,False
8964,26402.40000000001,16402.40000000001,1.7891392093436023,250.0,False
8965,25026.800000000003,15026.800000000003,3.020600495378482,450.0,False
8966,26417.40000000002,16417.40000000002,1.6634506620533624,250.0,False
8967,27996.100000000035,17996.100000000035,2.9769214167169,400.0,False
8968,25217.300000000014,15217.300000000014,1.9543463498720586,261.9000000000051,False
8969,28079.300000000047,18079.300000000047,1.4722481228836428,300.0,False
8970,27659.60000000003,17659.60000000003,1.7233085851720338,247.20000000000255,False
8971,28071.8,18071.8,1.43649265952251,200.0,False
8972,24776.600000000035,14776.600000000035,1.6846219287236448,300.0,False
8973,24349.300000000003,14349.300000000003,2.641529370032986,386.899999999996,False
8974,26011.100000000024,16011.100000000024,1.1444615689805122,172.70000000000437,False
8975,24815.09999999999,14815.099999999991,1.4928799846940286,347.69999999999345,False
8976,26589.300000000003,16589.300000000003,1.2894906511927788,200.0,False
8977,27433.900000000038,17433.900000000038,1.9704433497536946,200.0,False
8978,27946.500000000015,17946.500000000015,1.9417475728155338,200.0,False
8979,27185.4,17185.4,2.0269230769230697,210.79999999999927,False
8980,26900.90000000003,16900.90000000003,1.7690564321896947,250.0,False
8981,26405.00000000002,16405.00000000002,1.3748180599789548,200.0,False
8982,30968.59999999999,20968.59999999999,1.3610133197836887,192.89999999999782,False
8983,27451.200000000063,17451.200000000063,1.271154123200256,150.0,False
8984,23873.90000000003,13873.90000000003,2.6497085320614717,347.4999999999927,False
8985,23708.499999999993,13708.499999999993,3.96240470416686,500.0,False
8986,25264.400000000016,15264.400000000016,1.394985492150882,248.59999999999854,False
8987,26350.200000000004,16350.200000000004,1.716679255647875,300.0,False
8988,28556.399999999987,18556.399999999987,1.795332136445244,250.0,False
8989,27509.100000000002,17509.100000000002,1.5895319782043376,250.0,False
8990,24919.20000000001,14919.200000000012,3.461405330564208,400.0,False
8991,27815.00000000003,17815.00000000003,1.674990131974078,200.0,False
8992,24908.200000000026,14908.200000000026,2.4828373865653637,400.0,False
8993,28250.799999999996,18250.799999999996,0.9504920380450279,200.0,False
8994,29750.100000000028,19750.100000000028,0.9644627620927554,150.0,False
8995,26072.800000000017,16072.800000000017,1.3167250414768379,250.0,False
8996,28087.200000000004,18087.200000000004,1.2897123941361084,200.0,False
8997,26495.20000000001,16495.20000000001,3.0154542027892974,400.0,False
8998,26305.400000000027,16305.400000000027,2.699978400172797,300.0,False
8999,28543.300000000025,18543.300000000025,0.9852216748768473,200.0,False
9000,27370.400000000016,17370.400000000016,1.592103168285303,300.0,False
9001,28963.40000000003,18963.40000000003,1.0283904318554227,200.0,False
9002,27270.7,17270.7,1.7595565917388825,200.0,False
9003,26625.00000000003,16625.00000000003,1.872016473744969,300.0,False
9004,27394.600000000006,17394.600000000006,1.4416977432624665,237.79999999999563,False
9005,27736.00000000005,17736.00000000005,1.073823817537887,171.00000000000364,False
9006,26852.800000000047,16852.800000000047,2.534397404777053,450.0,False
9007,25099.699999999993,15099.699999999993,1.8786398647379292,250.0,False
9008,28475.400000000056,18475.400000000056,2.213234930728292,268.6999999999989,False
9009,25826.300000000003,15826.300000000003,2.256999999999971,225.6999999999971,False
9010,27711.800000000007,17711.800000000007,2.1545532892846877,300.0,False
9011,24218.300000000047,14218.300000000047,1.7569999999999708,350.0,False
9012,25537.200000000004,15537.200000000004,1.8513718665531163,300.0,False
9013,26727.1,16727.1,1.7003332653200032,200.0,False
9014,27015.00000000006,17015.00000000006,1.456834008333089,200.0,False
9015,27630.4,17630.4,1.8140589569160999,200.0,False
9016,25849.400000000016,15849.400000000016,2.093977720077059,300.0,False
9017,27244.60000000004,17244.60000000004,1.8223965243253493,250.0,False
9018,28753.900000000038,18753.900000000038,1.3152702880441944,200.0,False
9019,26385.0,16385.0,1.8457506551853482,300.0,False
9020,26517.900000000027,16517.900000000027,1.5982866367254303,209.8000000000029,False
9021,26803.90000000006,16803.90000000006,1.9704433497536946,200.0,False
9022,27802.600000000028,17802.600000000028,1.5220364064600267,392.8999999999978,False
9023,24848.00000000003,14848.00000000003,1.414903651798922,300.0,False
9024,26839.699999999975,16839.699999999975,1.6902027398186414,250.0,False
9025,27382.900000000038,17382.900000000038,1.841354615524667,303.39999999999964,False
9026,28085.60000000003,18085.60000000003,1.7633050598024897,197.69999999999527,False
9027,26191.80000000002,16191.800000000021,1.548860348555532,250.0,False
9028,27025.60000000002,17025.60000000002,1.7931269444220306,200.0,False
9029,27571.70000000001,17571.70000000001,1.2613521695257313,200.0,False
9030,25514.400000000016,15514.400000000016,2.1416211215241487,250.0,False
9031,29129.399999999998,19129.399999999998,1.6399626088525177,300.0,False
9032,28152.30000000006,18152.30000000006,1.5813401858074716,290.1000000000058,False
9033,26160.599999999995,16160.599999999995,2.3161444532972633,250.0,False
9034,27949.500000000007,17949.500000000007,1.1145704074126352,200.0,False
9035,26235.300000000043,16235.300000000043,1.4185891927822156,350.0,False
9036,24519.900000000023,14519.900000000023,2.0889645276470747,273.2999999999993,False
9037,29160.800000000025,19160.800000000025,1.7983330609576882,275.1000000000022,False
9038,26134.800000000025,16134.800000000025,1.5630495095932162,200.0,False
9039,26983.600000000035,16983.600000000035,1.1846600736384685,250.0,False
9040,27644.79999999997,17644.79999999997,1.7471461493113603,197.69999999999527,False
9041,27167.300000000025,17167.300000000025,1.3805163131010996,250.0,False
9042,27149.70000000002,17149.70000000002,2.7906976744186047,311.69999999999163,False
9043,27253.600000000017,17253.600000000017,1.3401140815063903,225.6999999999971,False
9044,27957.999999999985,17957.999999999985,1.301529731277495,203.50000000000728,False
9045,25741.100000000013,15741.100000000013,3.8834951456310676,400.0,False
9046,27857.8,17857.8,2.2230464686862272,275.6999999999971,False
9047,25934.700000000004,15934.700000000004,3.132562200938205,400.0,False
9048,24910.000000000036,14910.000000000036,1.9722164381116978,265.20000000000437,False
9049,26292.300000000032,16292.300000000032,2.4148950728090863,300.0,False
9050,28578.899999999994,18578.899999999994,1.0955542408904664,175.10000000000582,False
9051,25827.299999999996,15827.299999999996,1.5258788435769046,350.0,False
9052,24049.400000000023,14049.400000000023,1.9668468298362773,250.0,False
9053,25678.999999999985,15678.999999999985,2.2171572496607754,250.0,False
9054,26116.400000000038,16116.400000000038,1.4049679667303572,250.0,False
9055,27091.200000000044,17091.200000000044,1.95915168731939,250.0,False
9056,24743.80000000001,14743.80000000001,2.077471242062602,385.40000000000146,False
9057,26110.300000000032,16110.300000000032,2.3931269394299552,300.0,False
9058,27416.100000000013,17416.100000000013,1.4149843815562657,303.50000000000364,False
9059,25533.800000000047,15533.800000000047,1.8187770543086808,250.0,False
9060,25509.79999999999,15509.799999999988,1.4319877421849279,258.8000000000029,False
9061,26631.300000000057,16631.300000000057,1.7628756026830963,200.0,False
9062,25097.900000000052,15097.900000000052,1.6465024993907933,250.0,False
9063,25679.000000000022,15679.000000000022,1.9635756712974324,200.0,False
9064,24430.199999999997,14430.199999999997,1.4313250252867413,200.0,False
9065,25806.99999999999,15806.999999999989,1.6216697323918554,273.2999999999993,False
9066,25770.200000000023,15770.200000000023,1.5,250.0,False
9067,27041.399999999994,17041.399999999994,2.3406121034848635,381.7000000000007,False
9068,26943.69999999998,16943.69999999998,1.9816420678831295,250.0,False
9069,25226.90000000004,15226.900000000041,1.169435630364785,164.59999999999854,False
9070,27465.600000000013,17465.600000000013,1.5746020937952454,250.0,False
9071,26534.300000000025,16534.300000000025,3.0170506312637864,347.69999999999527,False
9072,23631.200000000026,13631.200000000026,2.44896359860507,373.29999999999563,False
9073,26667.70000000002,16667.70000000002,1.2561867195939997,200.0,False
9074,25630.60000000003,15630.600000000031,1.5619240405100618,250.0,False
9075,25598.70000000007,15598.70000000007,1.7397146034099125,225.29999999999745,False
9076,25883.69999999999,15883.69999999999,1.8779342723004695,200.0,False
9077,23189.60000000001,13189.60000000001,2.0707363538474293,250.0,False
9078,27111.40000000003,17111.40000000003,1.4436055492197322,250.0,False
9079,25565.100000000002,15565.100000000002,2.1321904145776482,287.5,False
9080,25535.400000000038,15535.400000000038,1.8399128617268685,250.0,False
9081,25222.20000000002,15222.200000000019,2.682504408892123,339.2000000000007,False
9082,22662.200000000048,12662.200000000048,2.732795102831174,350.0,False
9083,27693.900000000023,17693.900000000023,1.1798945960827498,200.0,False
9084,27089.399999999994,17089.399999999994,1.2808607384162158,200.0,False
9085,24862.400000000016,14862.400000000016,1.886151872948809,363.1000000000022,False
9086,25524.000000000007,15524.000000000007,1.7695669869582895,200.0,False
9087,25793.000000000022,15793.000000000022,1.9466046348656352,250.0,False
9088,25620.900000000038,15620.900000000038,2.1887334050950757,323.2999999999993,False
9089,25646.299999999992,15646.299999999992,4.14985734605438,498.9000000000033,False
9090,25681.300000000017,15681.300000000017,1.5472546692485185,247.69999999999527,False
9091,24820.50000000001,14820.500000000011,1.1966265225126866,279.80000000000655,False
9092,28201.800000000032,18201.800000000032,1.597801425238871,300.0,False
9093,26027.50000000002,16027.500000000018,1.338927073105418,177.00000000000728,False
9094,27141.799999999974,17141.799999999974,1.8425028558794274,250.0,False
9095,26104.20000000001,16104.200000000012,1.6616288402752901,389.2000000000007,False
9096,26026.500000000015,16026.500000000015,1.6202334756438386,250.0,False
9097,26614.300000000003,16614.300000000003,1.5699375792818497,250.0,False
9098,27818.00000000001,17818.00000000001,2.1328479919236147,300.0,False
9099,29454.400000000074,19454.400000000074,1.8179504426709323,200.0,False
9100,25806.90000000004,15806.900000000041,1.9495204179771728,300.0,False
9101,23996.899999999987,13996.899999999987,1.6149199441395485,250.0,False
9102,24888.40000000003,14888.40000000003,1.5120700995698144,236.49999999999636,False
9103,26476.999999999985,16476.999999999985,1.427062819305305,200.0,False
9104,26033.199999999997,16033.199999999997,2.0438863272180257,327.0000000000073,False
9105,24901.20000000002,14901.200000000019,1.653868871825205,291.200000000008,False
9106,27538.700000000004,17538.700000000004,2.924878048780445,299.79999999999563,False
9107,26082.500000000036,16082.500000000036,2.041994931646144,236.899999999996,False
9108,25359.899999999987,15359.899999999987,2.3665978381128756,400.0,False
9109,27157.40000000004,17157.40000000004,2.1212405294152985,248.90000000000327,False
9110,25571.500000000033,15571.500000000033,1.5798087799452754,250.0,False
9111,28268.70000000002,18268.70000000002,1.5384852074647328,250.0,False
9112,28073.70000000005,18073.70000000005,2.106522636692254,250.0,False
9113,26066.500000000033,16066.500000000033,1.3985605117141164,239.20000000000073,False
9114,27366.100000000017,17366.100000000017,1.6579018919976398,250.0,False
9115,24545.900000000038,14545.900000000038,1.8586046511627499,200.0,False
9116,25937.500000000044,15937.500000000044,1.5409175239304467,250.0,False
9117,25973.200000000015,15973.200000000015,1.8346267451886908,200.0,False
9118,27087.19999999998,17087.19999999998,1.3450140329797435,174.79999999999563,False
9119,27241.59999999999,17241.59999999999,1.2627666734950587,345.1999999999971,False
9120,26015.300000000043,16015.300000000043,2.235050703721677,350.0,False
9121,27395.500000000004,17395.500000000004,1.1109444694406951,200.0,False
9122,26822.100000000028,16822.100000000028,3.6904382242066034,451.3000000000011,False
9123,25240.50000000003,15240.50000000003,1.9123091515466735,250.0,False
9124,24723.10000000003,14723.100000000031,1.5067840393248437,300.3999999999978,False
9125,25518.700000000044,15518.700000000044,1.5376383105660347,300.0,False
9126,27189.300000000003,17189.300000000003,1.446061891448955,200.0,False
9127,24531.80000000001,14531.80000000001,1.5212441749025116,300.0,False
9128,26280.90000000002,16280.90000000002,3.0086108517481676,377.0000000000073,False
9129,26522.299999999977,16522.299999999977,3.1465191012072555,507.20000000000255,False
9130,23619.30000000004,13619.30000000004,2.3111768512526565,275.8000000000102,False
9131,28181.79999999998,18181.79999999998,2.845651843982393,300.0,False
9132,24398.899999999976,14398.899999999976,2.110222222222203,237.39999999999782,False
9133,24902.700000000033,14902.700000000033,1.4251953139115714,250.0,False
9134,28916.90000000003,18916.90000000003,1.8426386585590557,200.0,False
9135,25542.499999999993,15542.499999999993,1.3136806705026143,250.0,False
9136,28977.200000000037,18977.200000000037,1.4337904257210508,250.0,False
9137,26187.300000000032,16187.300000000032,2.054197958948909,250.0,False
9138,26967.700000000033,16967.700000000033,1.6433528713725536,250.0,False
9139,23107.900000000027,13107.900000000027,1.9587286842279543,295.19999999999527,False
9140,29654.100000000013,19654.100000000013,1.5,250.0,False
9141,26870.8,16870.8,1.3281146564279094,321.0,False
9142,26915.50000000005,16915.50000000005,2.403846153846154,250.0,False
9143,28425.400000000045,18425.400000000045,1.4108617543595623,273.2999999999993,False
9144,28262.199999999993,18262.199999999993,1.1699996071190297,153.5,False
9145,25121.800000000047,15121.800000000047,1.9800819465529997,337.79999999999563,False
9146,25759.70000000002,15759.700000000019,1.733265323303503,350.0,False
9147,27074.70000000003,17074.70000000003,1.8806360311057178,200.0,False
9148,24311.400000000038,14311.400000000038,2.138017422991491,225.29999999999745,False
9149,28081.100000000017,18081.100000000017,1.633009708737924,200.0,False
9150,27255.90000000007,17255.90000000007,1.6419417603257607,200.0,False
9151,26957.1,16957.1,1.3494275053808416,250.0,False
9152,28635.399999999976,18635.399999999976,1.0276084126875387,200.0,False
9153,26365.199999999986,16365.199999999986,2.4271844660194173,250.0,False
9154,26551.40000000006,16551.40000000006,2.04086583657302,336.49999999999636,False
9155,24587.09999999999,14587.099999999991,2.7048714735238195,300.0,False
9156,27381.100000000028,17381.100000000028,1.424491278552146,200.0,False
9157,24751.100000000013,14751.100000000013,1.283380732861732,250.0,False
9158,25191.900000000016,15191.900000000016,1.6605640936226025,200.0,False
9159,26893.300000000017,16893.300000000017,1.528903928773462,300.0,False
9160,23630.999999999993,13630.999999999993,1.5982183427670553,284.8999999999978,False
9161,26711.099999999977,16711.099999999977,1.5369293381367508,250.0,False
9162,24332.20000000001,14332.200000000012,3.367962950481853,349.79999999999563,False
9163,27374.599999999984,17374.599999999984,1.3576354679802705,250.0,False
9164,25640.700000000004,15640.700000000004,1.6396533772760444,250.0,False
9165,22053.10000000003,12053.100000000031,3.6542156568950657,414.60000000000036,False
9166,29484.200000000023,19484.200000000023,1.228531587029819,207.20000000000073,False
9167,24642.000000000007,14642.000000000007,1.461461266404903,250.0,False
9168,27056.50000000002,17056.50000000002,1.1691462309648382,200.0,False
9169,26908.00000000003,16908.00000000003,2.3826708120512223,257.5,False
9170,26937.000000000004,16937.000000000004,1.703370239688526,350.0,False
9171,26214.200000000026,16214.200000000026,1.5282574808203675,250.0,False
9172,25026.700000000026,15026.700000000026,2.1840722322152444,300.0,False
9173,26192.200000000004,16192.200000000004,1.388773157792406,250.0,False
9174,27748.20000000004,17748.20000000004,1.2603665145824405,150.0,False
9175,26560.5,16560.5,1.5820161673125523,242.90000000000146,False
9176,26901.19999999999,16901.19999999999,1.8601941747572674,200.0,False
9177,24785.80000000001,14785.80000000001,1.3885931699730607,250.0,False
9178,24862.599999999977,14862.599999999977,1.539440464705763,300.0,False
9179,26882.300000000025,16882.300000000025,1.2924321634668199,250.0,False
9180,28725.800000000032,18725.800000000032,2.4630541871921183,250.0,False
9181,27368.50000000005,17368.50000000005,1.327879422906391,200.0,False
9182,24534.80000000007,14534.800000000068,2.4683264222378742,401.49999999999636,False
9183,23564.100000000017,13564.100000000017,1.9138755980861244,253.50000000000364,False
9184,25356.800000000003,15356.800000000003,1.4084507042253522,200.0,False
9185,24931.000000000015,14931.000000000015,1.3622567690538843,250.0,False
9186,24528.80000000001,14528.80000000001,2.3710000000000035,353.5000000000073,False
9187,23810.10000000002,13810.10000000002,2.2722728181636396,345.2999999999993,False
9188,26988.200000000033,16988.200000000033,1.3401053322791163,200.0,False
9189,29695.100000000064,19695.100000000064,1.477832512315271,250.0,False
9190,28659.800000000043,18659.800000000043,2.637409009389175,300.0,False
9191,27902.400000000016,17902.400000000016,1.8628333695550947,300.0,False
9192,26035.600000000013,16035.600000000013,1.9194300060653984,337.7999999999993,False
9193,24981.199999999983,14981.199999999983,1.8470046082949276,300.0,False
9194,25879.70000000003,15879.70000000003,2.5713551041398803,300.0,False
9195,27125.400000000074,17125.400000000074,1.379018690299983,200.0,False
9196,27601.4,17601.4,1.390482149685405,232.79999999999927,False
9197,27652.400000000023,17652.400000000023,1.5816625786498593,237.29999999999563,False
9198,28929.500000000036,18929.500000000036,2.177510669802281,250.0,False
9199,27037.5,17037.5,1.4474433325935283,250.0,False
9200,27706.00000000004,17706.00000000004,2.293577981651376,250.0,False
9201,27631.100000000017,17631.100000000017,1.9222636576832886,200.0,False
9202,27499.100000000024,17499.100000000024,1.1598371588628955,200.0,False
9203,27884.100000000013,17884.100000000013,0.9900990099009901,187.79999999999563,False
9204,25907.700000000033,15907.700000000033,1.468741508838152,200.0,False
9205,25432.70000000006,15432.700000000059,2.0110203917467713,250.0,False
9206,24452.100000000028,14452.100000000028,2.3074939149217477,471.0,False
9207,28167.100000000017,18167.100000000017,1.8929674157208836,450.0,False
9208,27933.400000000056,17933.400000000056,1.8952953480660124,250.0,False
9209,27367.500000000036,17367.500000000036,2.462180901355183,250.0,False
9210,24885.000000000007,14885.000000000007,1.8597039351335272,250.0,False
9211,24402.700000000004,14402.700000000004,2.608393404965884,345.19999999999527,False
9212,28500.000000000015,18500.000000000015,1.4098406880022547,250.0,False
9213,28178.70000000005,18178.70000000005,1.3016765594085176,200.0,False
9214,25840.800000000025,15840.800000000025,1.6643091885348873,250.0,False
9215,27321.40000000002,17321.40000000002,1.292613146737446,250.0,False
9216,22351.700000000026,12351.700000000026,3.7506563648638482,450.0,False
9217,26261.70000000002,16261.700000000019,2.0,200.0,False
9218,25827.100000000035,15827.100000000035,1.54869084000991,300.0,False
9219,27478.699999999997,17478.699999999997,1.413867209591675,200.0,False
9220,25637.000000000062,15637.000000000062,1.5545451012397484,200.0,False
9221,25122.699999999986,15122.699999999986,2.514331690636629,300.0,False
9222,26612.00000000002,16612.00000000002,1.5719192347897155,200.0,False
9223,25955.40000000001,15955.400000000009,1.99956009677871,300.0,False
9224,28490.300000000032,18490.300000000032,1.015310888193965,200.0,False
9225,26487.500000000036,16487.500000000036,0.9849984732523661,200.0,False
9226,24503.300000000072,14503.300000000072,2.473193793847411,341.59999999999854,False
9227,26887.400000000023,16887.400000000023,1.0291140916744024,200.0,False
9228,24248.10000000005,14248.10000000005,1.534154105779926,242.90000000000146,False
9229,27303.70000000002,17303.70000000002,1.6937325122118096,250.0,False
9230,27778.80000000003,17778.80000000003,2.122439277012284,250.0,False
9231,27302.500000000033,17302.500000000033,2.38081420654039,328.2000000000062,False
9232,25049.200000000037,15049.200000000037,2.837603927243839,300.0,False
9233,29441.100000000017,19441.100000000017,1.5643209673760847,250.0,False
9234,27659.700000000033,17659.700000000033,1.1897302484949912,207.20000000000437,False
9235,26431.200000000063,16431.200000000063,1.7057475073880675,308.7999999999993,False
9236,27781.200000000033,17781.200000000033,1.8650105373095356,200.0,False
9237,26383.300000000025,16383.300000000025,1.4010233074237401,250.0,False
9238,26400.3,16400.3,1.6601941747573168,200.0,False
9239,27299.80000000001,17299.80000000001,1.5467002878174232,250.0,False
9240,26973.900000000023,16973.900000000023,2.0407885606998537,300.0,False
9241,27056.09999999998,17056.09999999998,3.4482758620689653,350.0,False
9242,27820.100000000006,17820.100000000006,2.8068132701756787,318.2000000000062,False
9243,25737.800000000032,15737.800000000032,1.0678132608169464,200.0,False
9244,25158.900000000012,15158.900000000012,2.364942098334293,300.0,False
9245,27099.79999999999,17099.79999999999,1.1807025967585785,200.0,False
9246,26293.900000000023,16293.900000000023,1.4154356346095658,200.0,False
9247,26994.199999999997,16994.199999999997,1.139453973655825,258.8000000000029,False
9248,26389.100000000028,16389.100000000028,1.5883100381194388,300.0,False
9249,26590.60000000003,16590.60000000003,1.7392816766675367,200.0,False
9250,27886.800000000003,17886.800000000003,1.5771005007294094,200.0,False
9251,27586.300000000017,17586.300000000017,1.989368813062991,300.0,False
9252,25672.400000000045,15672.400000000045,1.182019125069442,300.0,False
9253,26817.70000000002,16817.70000000002,1.750271292050266,214.90000000000146,False
9254,24590.4,14590.400000000001,1.7967676150605068,250.0,False
9255,25383.099999999984,15383.099999999984,2.9268292682926833,300.0,False
9256,28538.800000000025,18538.800000000025,1.8100366532422283,300.0,False
9257,27308.50000000005,17308.50000000005,2.591528270199681,347.20000000000255,False
9258,27641.40000000002,17641.40000000002,2.0878923766815913,232.79999999999745,False
9259,26342.000000000007,16342.000000000007,1.625813584214435,300.0,False
9260,25424.500000000015,15424.500000000015,2.4144091940702093,450.0,False
9261,26949.699999999997,16949.699999999997,0.8664610265830243,124.20000000001164,False
9262,26707.800000000025,16707.800000000025,2.59931257849164,314.60000000000036,False
9263,27391.700000000048,17391.700000000048,1.1869060524295958,250.0,False
9264,26564.800000000007,16564.800000000007,2.2295310999214593,229.80000000000473,False
9265,22765.800000000025,12765.800000000025,2.121884147964168,258.1999999999971,False
9266,26704.000000000004,16704.000000000004,1.8556007975492899,242.89999999999964,False
9267,28795.100000000028,18795.100000000028,1.4947096436572735,331.4999999999927,False
9268,28487.20000000003,18487.20000000003,1.1510128913443824,200.0,False
9269,24535.700000000026,14535.700000000026,2.3342452451424354,400.0,False
9270,26852.400000000052,16852.400000000052,2.370979214415553,350.0,False
9271,26786.000000000004,16786.000000000004,1.4574200167894775,250.0,False
9272,25195.90000000003,15195.90000000003,1.4354066985645932,250.0,False
9273,24286.200000000033,14286.200000000033,1.781673704277797,250.0,False
9274,26553.800000000054,16553.800000000054,1.965157753038626,200.0,False
9275,25011.7,15011.7,3.312088500995309,350.0,False
9276,26621.600000000017,16621.600000000017,1.3299221121312594,250.0,False
9277,28632.900000000016,18632.900000000016,1.9109689925438604,250.39999999999964,False
9278,27986.09999999997,17986.09999999997,1.8547713994250208,250.0,False
9279,26367.500000000007,16367.500000000007,1.1054624573736036,264.20000000000437,False
9280,25782.900000000027,15782.900000000027,1.7942852016328,250.0,False
9281,26790.000000000007,16790.000000000007,2.1900048180105984,350.0,False
9282,27658.40000000005,17658.40000000005,2.1106723333501045,300.0,False
9283,23705.80000000001,13705.80000000001,2.3287586164068808,300.0,False
9284,25154.900000000034,15154.900000000034,2.30925549602808,250.0,False
9285,28206.80000000004,18206.80000000004,1.1458468456781958,291.49999999999636,False
9286,24749.70000000002,14749.700000000019,2.6549142462698465,300.0,False
9287,26956.399999999987,16956.399999999987,1.861538747929038,300.0,False
9288,27920.6,17920.6,1.7828744214572485,250.0,False
9289,27443.30000000002,17443.30000000002,1.9635949496337897,300.0,False
9290,28082.800000000047,18082.800000000047,1.427689320526958,400.0,False
9291,26380.900000000012,16380.900000000012,1.621786430188582,300.0,False
9292,24124.30000000002,14124.300000000021,2.5703538590136104,295.19999999999527,False
9293,30585.000000000065,20585.000000000065,1.192776545242012,150.0,False
9294,24206.699999999983,14206.699999999983,1.4012863808976646,250.0,False
9295,26744.89999999998,16744.89999999998,1.4673829917406285,247.6999999999971,False
9296,25842.400000000023,15842.400000000023,1.2735176254839355,250.0,False
9297,24814.000000000044,14814.000000000044,1.866855841391927,350.3999999999978,False
9298,30026.200000000033,20026.200000000033,1.8517009725133486,250.0,False
9299,25184.200000000037,15184.200000000037,2.2023715136458932,250.0,False
9300,26935.80000000004,16935.80000000004,1.9132988620654994,400.0,False
9301,26180.300000000025,16180.300000000025,1.5264938268589627,250.0,False
9302,27119.400000000034,17119.400000000034,1.141038002270665,250.0,False
9303,25582.200000000004,15582.200000000004,2.030279250865928,406.1999999999971,False
9304,25927.000000000025,15927.000000000025,1.8379920304665553,250.0,False
9305,25641.200000000008,15641.200000000008,1.3963750104728125,250.0,False
9306,26484.900000000016,16484.900000000016,1.6528051408851103,276.99999999999636,False
9307,24147.59999999999,14147.599999999991,2.3051672629365996,300.0000000000018,False
9308,26770.9,16770.9,1.471482665934195,171.00000000000364,False
9309,27778.499999999996,17778.499999999996,1.333368889837063,200.0,False
9310,25691.700000000055,15691.700000000055,1.3487753120166879,200.0,False
9311,24220.69999999998,14220.699999999979,1.4103477212306692,221.0,False
9312,24498.90000000005,14498.900000000049,2.7307947554392333,304.5000000000073,False
9313,27584.699999999997,17584.699999999997,1.225209919299507,325.29999999999563,False
9314,25394.900000000045,15394.900000000045,2.955665024630542,317.6000000000022,False
9315,27811.800000000032,17811.800000000032,1.8574931272754287,200.0,False
9316,26466.50000000003,16466.50000000003,2.3946163192821643,256.1999999999989,False
9317,26991.200000000008,16991.200000000008,1.636791473458377,250.0,False
9318,26797.700000000023,16797.700000000023,1.4975888819001404,200.0,False
9319,25699.70000000004,15699.70000000004,2.637084439443753,300.0,False
9320,27455.80000000006,17455.80000000006,1.75288221712579,227.00000000000728,False
9321,26117.500000000007,16117.500000000007,1.4556888319552819,336.49999999999636,False
9322,27489.100000000017,17489.100000000017,1.2938395983921884,250.0,False
9323,26759.600000000035,16759.600000000035,1.2563524319842212,271.0,False
9324,28186.500000000007,18186.500000000007,1.4423076923076923,250.0,False
9325,27969.100000000035,17969.100000000035,1.4432721867016904,200.0,False
9326,27726.900000000052,17726.900000000052,1.388262275359005,211.49999999999636,False
9327,26245.60000000002,16245.60000000002,1.7720923752133786,350.0,False
9328,28115.800000000065,18115.800000000065,1.1872220635632746,232.79999999999563,False
9329,28376.200000000033,18376.200000000033,1.6710392192904746,200.0,False
9330,26614.800000000003,16614.800000000003,3.0477667355048492,408.8000000000011,False
9331,26567.79999999999,16567.79999999999,1.1435759620332777,200.0,False
9332,25348.100000000013,15348.100000000013,0.9507089119453398,200.0,False
9333,26659.800000000014,16659.800000000014,1.5,300.0,False
9334,27249.60000000002,17249.60000000002,2.3439404451611696,250.0,False
9335,24566.500000000022,14566.500000000022,1.141519933791842,200.0,False
9336,29415.40000000005,19415.40000000005,1.355454348297549,250.0,False
9337,23115.20000000004,13115.20000000004,1.611786186488719,307.20000000000437,False
9338,28689.600000000042,18689.600000000042,1.4671866258047574,300.0,False
9339,27041.799999999974,17041.799999999974,1.2717953935570845,227.00000000000728,False
9340,27441.60000000002,17441.60000000002,1.713404534810669,300.0,False
9341,26640.600000000006,16640.600000000006,1.9023884486973386,250.0,False
9342,27403.30000000002,17403.30000000002,1.8771587325424246,300.0,False
9343,25519.900000000016,15519.900000000016,4.168792408550573,653.6999999999989,False
9344,26889.300000000014,16889.300000000014,1.8779342723004695,200.0,False
9345,26657.400000000038,16657.400000000038,1.7127784692327892,300.0,False
9346,25613.800000000054,15613.800000000054,1.7666596000282653,311.4999999999927,False
9347,26561.900000000005,16561.900000000005,1.8797023944027416,224.60000000000036,False
9348,26059.400000000023,16059.400000000023,1.8254570944564525,250.0,False
9349,23946.6,13946.599999999999,2.3640246539792105,349.79999999999563,False
9350,28751.200000000008,18751.200000000008,0.954836245583883,158.8000000000029,False
9351,25753.700000000033,15753.700000000033,1.7396296328511645,350.0,False
9352,26181.500000000033,16181.500000000033,1.7087007039846884,250.0,False
9353,28753.40000000004,18753.40000000004,1.6412388706313248,254.19999999999163,False
9354,24637.0,14637.0,2.105741937114122,250.0,False
9355,25156.30000000001,15156.30000000001,2.1894869594156687,250.0,False
9356,27543.300000000054,17543.300000000054,1.3621658436914688,200.0,False
9357,27503.900000000034,17503.900000000034,1.4977862718901453,250.0,False
9358,24680.100000000028,14680.100000000028,2.9305796188375655,297.69999999999527,False
9359,26646.30000000002,16646.30000000002,1.4575984607760253,300.0,False
9360,27987.90000000001,17987.90000000001,1.4087284816724424,200.0,False
9361,27186.30000000003,17186.30000000003,1.7857142857142856,200.0,False
9362,26747.600000000057,16747.600000000057,1.4704909233947743,200.0,False
9363,25762.800000000007,15762.800000000007,1.3688379478381485,300.0,False
9364,27126.4,17126.4,1.4405796892669602,250.0,False
9365,23714.90000000006,13714.90000000006,2.89620018535681,450.0,False
9366,24209.70000000002,14209.700000000019,2.853253116160008,350.0,False
9367,25521.70000000002,15521.700000000019,1.4354066985645932,250.0,False
9368,25905.700000000015,15905.700000000015,1.359064963305245,250.0,False
9369,26069.500000000025,16069.500000000025,1.4358738728390101,250.0,False
9370,27282.60000000005,17282.60000000005,3.402763456382712,395.99999999999454,False
9371,25193.600000000024,15193.600000000024,2.0647071971390494,295.600000000004,False
9372,28394.700000000033,18394.700000000033,3.0,300.0,False
9373,27242.90000000005,17242.90000000005,1.256628716479429,200.0,False
9374,27615.9,17615.9,1.5,210.79999999999927,False
9375,27345.80000000001,17345.80000000001,1.870613411549914,250.0,False
9376,25623.400000000045,15623.400000000045,1.9119179404819935,200.0,False
9377,27570.80000000004,17570.80000000004,1.2822156686754709,200.0,False
9378,26361.300000000017,16361.300000000017,1.7686385020810966,300.0,False
9379,25724.600000000028,15724.600000000028,1.6368621352866561,250.0,False
9380,26541.799999999996,16541.799999999996,1.4666012981516645,350.0,False
9381,26842.900000000038,16842.900000000038,2.614834829599932,300.0,False
9382,28752.500000000055,18752.500000000055,1.970016351135714,200.0,False
9383,26810.100000000042,16810.100000000042,2.215714982918568,250.00000000000182,False
9384,27782.700000000023,17782.700000000023,1.7669342983150524,250.0,False
9385,25039.70000000004,15039.70000000004,3.587315253264457,400.0,False
9386,24607.900000000063,14607.900000000063,2.1623984799314133,300.79999999999563,False
9387,26910.600000000024,16910.600000000024,1.3847091187711178,171.00000000000364,False
9388,27365.60000000002,17365.60000000002,1.4289184516239661,200.0,False
9389,27361.100000000013,17361.100000000013,1.25476309610872,195.600000000004,False
9390,26222.20000000003,16222.20000000003,1.6182696166642925,250.0,False
9391,28992.399999999972,18992.399999999972,0.9278675747397334,200.0,False
9392,24953.100000000057,14953.100000000057,1.5223471477405741,382.09999999999854,False
9393,28330.1,18330.1,1.5191237205961312,211.49999999999636,False
9394,27290.09999999999,17290.09999999999,1.2435130071460545,296.7000000000007,False
9395,24591.90000000004,14591.900000000041,3.115141260861169,353.50000000000364,False
9396,25003.800000000003,15003.800000000003,1.6375188314665612,300.0,False
9397,26845.29999999998,16845.29999999998,1.7196313110469115,200.0,False
9398,24968.4,14968.400000000001,2.69777777777781,303.50000000000364,False
9399,28233.899999999987,18233.899999999987,2.0325203252032518,250.0,False
9400,28158.500000000015,18158.500000000015,1.7980221756068344,300.0,False
9401,24729.100000000006,14729.100000000006,1.9340115267086992,250.0,False
9402,25987.400000000034,15987.400000000034,1.7795564554399044,450.0,False
9403,28252.600000000013,18252.600000000013,1.175032900921225,300.0,False
9404,25539.500000000036,15539.500000000036,3.381966912886857,498.5999999999967,False
9405,25761.500000000033,15761.500000000033,1.6295881053105004,250.0,False
9406,27201.999999999967,17201.999999999967,0.8423180592991908,169.29999999999563,False
9407,25938.500000000004,15938.500000000004,1.866623526922933,300.0,False
9408,26681.00000000005,16681.00000000005,1.6365081591621045,350.0,False
9409,24444.100000000017,14444.100000000017,2.0672628258892165,350.0,False
9410,27116.80000000001,17116.80000000001,1.3191219924018573,175.29999999999563,False
9411,26112.30000000004,16112.30000000004,1.6567938650870146,200.0,False
9412,28121.800000000014,18121.800000000014,1.8433179723502304,200.00000000000182,False
9413,26445.10000000002,16445.10000000002,1.2700154433877915,250.0,False
9414,25556.500000000015,15556.500000000015,2.6645823711230343,300.0,False
9415,27225.999999999993,17225.999999999993,2.7184501209710312,300.0,False
9416,25415.60000000003,15415.600000000031,1.920038620205388,350.0,False
9417,24214.70000000003,14214.70000000003,2.449060532447545,395.19999999999527,False
9418,24312.89999999999,14312.89999999999,2.8725491000714047,350.0,False
9419,25279.000000000033,15279.000000000033,1.8949586520022106,300.0,False
9420,24459.00000000006,14459.000000000058,1.9684884370989173,250.0,False
9421,25462.90000000001,15462.900000000009,1.5385535682239897,257.20000000000437,False
9422,23060.100000000028,13060.100000000028,1.725714285714338,250.0,False
9423,26415.50000000006,16415.50000000006,1.4423562331424593,300.0,False
9424,29772.100000000013,19772.100000000013,1.5154576682158,300.0,False
9425,27063.00000000003,17063.00000000003,1.2375931288829478,245.1999999999971,False
9426,25407.900000000038,15407.900000000038,1.8476945391387893,250.0,False
9427,28887.300000000076,18887.300000000076,1.206583117489019,250.0,False
9428,27868.40000000001,17868.40000000001,1.5,225.29999999999563,False
9429,23319.500000000036,13319.500000000036,1.7338835523806229,300.0,False
9430,25917.700000000023,15917.700000000023,1.4660714416613505,200.0,False
9431,28610.10000000005,18610.10000000005,1.8973171934884077,250.0,False
9432,24906.100000000006,14906.100000000006,1.8386814447623319,250.0,False
9433,28496.000000000033,18496.000000000033,2.0168329177057442,258.8000000000011,False
9434,26657.800000000025,16657.800000000025,1.96069460874339,300.0,False
9435,25950.69999999998,15950.699999999979,1.3904111060967645,258.8000000000029,False
9436,29206.499999999967,19206.499999999967,2.0,203.5,False
9437,27269.300000000003,17269.300000000003,1.3099178244884764,250.0,False
9438,25415.700000000033,15415.700000000033,2.1678194235925727,250.0,False
9439,23103.499999999985,13103.499999999985,2.369411573560075,354.8999999999978,False
9440,27471.600000000035,17471.600000000035,1.7729741996794457,250.0,False
9441,26416.199999999997,16416.199999999997,1.684054529685672,250.0,False
9442,24088.300000000017,14088.300000000017,1.809954751131222,245.1999999999971,False
9443,26843.300000000047,16843.300000000047,1.29836968047122,300.0,False
9444,26801.40000000002,16801.40000000002,1.5257508601420464,223.3000000000029,False
9445,25223.499999999993,15223.499999999993,1.4180952380952694,250.0,False
9446,27056.000000000007,17056.000000000007,1.3093461125513923,150.0,False
9447,27193.700000000063,17193.700000000063,1.3643991868180823,300.0,False
9448,26219.400000000023,16219.400000000023,1.2952780638183505,250.0,False
9449,27320.00000000002,17320.00000000002,2.042163056293665,232.10000000000036,False
9450,27188.600000000006,17188.600000000006,0.9824147755182242,200.0,False
9451,29345.900000000045,19345.900000000045,1.6136927206321372,300.0,False
9452,26953.099999999995,16953.099999999995,1.749076330477143,311.49999999999636,False
9453,23999.600000000057,13999.600000000057,1.6417126346204365,200.0,False
9454,26462.800000000025,16462.800000000025,1.500615252253423,300.0,False
9455,27210.900000000023,17210.900000000023,1.8416036684745074,200.0,False
9456,27040.3,17040.3,1.4865909496343,200.0,False
9457,25489.000000000044,15489.000000000044,1.9645850796311797,300.0,False
9458,26694.00000000006,16694.00000000006,2.0628400002357496,350.0,False
9459,28857.600000000035,18857.600000000035,1.017136126094974,200.0,False
9460,26504.799999999996,16504.799999999996,1.8004238862062367,250.0,False
9461,27163.300000000003,17163.300000000003,2.0505690398144116,222.70000000000437,False
9462,23237.70000000001,13237.700000000012,1.297454394478034,250.0,False
9463,26669.30000000004,16669.30000000004,1.8661018312464897,232.90000000000146,False
9464,27873.80000000001,17873.80000000001,1.174637232867917,200.0,False
9465,26776.600000000013,16776.600000000013,1.2660290980561277,264.09999999999854,False
9466,25883.800000000047,15883.800000000047,1.9209933840987854,250.0,False
9467,24614.6,14614.599999999999,1.9719781899212192,336.79999999999563,False
9468,28743.700000000048,18743.700000000048,1.5008479791081952,200.0,False
9469,27030.40000000002,17030.40000000002,1.3198880734913674,200.0,False
9470,25594.90000000001,15594.900000000009,1.4068259193607375,200.0,False
9471,25723.599999999988,15723.599999999988,1.726012606735306,250.0,False
9472,27438.10000000003,17438.10000000003,1.4290358291307128,325.2999999999993,False
9473,25858.9,15858.900000000001,2.3300492610837082,387.7999999999993,False
9474,26734.199999999983,16734.199999999983,1.6952658079792626,250.0,False
9475,27296.900000000016,17296.900000000016,1.8809756097561616,287.7999999999993,False
9476,25772.199999999993,15772.199999999993,1.7177004765657127,366.1999999999971,False
9477,25360.600000000006,15360.600000000006,1.6203319249948351,400.0,False
9478,27338.999999999996,17338.999999999996,1.1363636363636727,227.00000000000728,False
9479,26315.300000000017,16315.300000000017,1.8957345971563981,300.0,False
9480,30324.50000000002,20324.50000000002,1.3195761658708984,403.50000000000364,False
9481,29416.80000000003,19416.80000000003,1.7266833003824593,250.0,False
9482,25350.90000000003,15350.90000000003,2.0880566066659743,300.0,False
9483,26158.40000000003,16158.40000000003,1.8201500427974457,300.0,False
9484,25739.799999999977,15739.799999999977,2.5433273989027385,350.0,False
9485,23924.60000000002,13924.60000000002,2.4964214142570724,350.0,False
9486,30078.300000000025,20078.300000000025,1.8431650830806674,200.0,False
9487,24289.900000000016,14289.900000000016,1.4429448516485093,261.49999999999636,False
9488,23932.300000000032,13932.300000000032,2.4587342436113864,300.0,False
9489,27207.900000000012,17207.900000000012,1.5395213474101608,200.0,False
9490,30367.000000000015,20367.000000000015,1.647696191185484,250.0,False
9491,28034.600000000035,18034.600000000035,1.6241016687644636,276.2000000000007,False
9492,27108.499999999985,17108.499999999985,1.1030385033973584,150.0,False
9493,28550.70000000005,18550.70000000005,1.353802832155524,200.0,False
9494,26292.400000000045,16292.400000000045,1.3567661930045138,250.0,False
9495,24207.699999999975,14207.699999999975,2.528743383121481,350.0,False
9496,29613.49999999999,19613.49999999999,1.1626555051738179,200.0,False
9497,26169.00000000006,16169.000000000058,2.316774337268886,239.20000000000073,False
9498,26759.400000000038,16759.400000000038,1.8472849529404156,300.0,False
9499,25305.000000000007,15305.000000000007,1.6330522392191535,200.0,False
9500,26757.40000000001,16757.40000000001,1.628213686764251,300.0,False
9501,26874.30000000002,16874.30000000002,1.2605412764240953,300.0,False
9502,23995.699999999997,13995.699999999997,1.8385056625974423,200.0,False
9503,27930.000000000015,17930.000000000015,3.635830523383693,545.600000000004,False
9504,27645.60000000002,17645.60000000002,1.6141528925619824,250.0,False
9505,27814.40000000007,17814.40000000007,1.5268807353457603,325.6999999999971,False
9506,27237.400000000038,17237.400000000038,1.5531445975728637,187.79999999999927,False
9507,26275.300000000025,16275.300000000025,1.5821282789608593,225.10000000000582,False
9508,28505.500000000036,18505.500000000036,1.5784945897097928,200.0,False
9509,26133.100000000042,16133.100000000042,2.827117713104092,350.0,False
9510,25900.9,15900.900000000001,1.477832512315271,200.0,False
9511,25631.799999999985,15631.799999999985,1.9302907661324062,300.0,False
9512,25603.600000000035,15603.600000000035,1.8414849734826144,325.6999999999971,False
9513,25790.199999999975,15790.199999999975,3.292165898617535,357.20000000000255,False
9514,26207.0,16207.0,1.6454946356874869,350.0,False
9515,28025.300000000047,18025.300000000047,1.917986880969733,300.0,False
9516,25022.800000000007,15022.800000000007,1.570606620630441,300.0,False
9517,25923.200000000004,15923.200000000004,1.7554154566838696,350.0,False
9518,26579.89999999999,16579.89999999999,1.083288647676617,200.0,False
9519,27009.600000000035,17009.600000000035,1.9138755980861244,200.0,False
9520,26501.600000000035,16501.600000000035,1.7732760210523322,250.0,False
9521,25193.80000000001,15193.80000000001,2.5805309734513147,300.0,False
9522,24204.800000000032,14204.800000000032,1.8758488215917735,250.0,False
9523,25113.9,15113.900000000001,1.6047758128189495,250.0,False
9524,26856.19999999999,16856.19999999999,1.3287341415580214,250.0,False
9525,29037.700000000015,19037.700000000015,1.381118750884614,200.0,False
9526,27951.100000000013,17951.100000000013,2.1323931848713813,300.0,False
9527,25909.80000000007,15909.800000000068,3.3020518950475726,500.0,False
9528,26426.800000000032,16426.800000000032,1.3101123202962606,200.0,False
9529,25618.20000000005,15618.200000000052,2.021508854208778,300.0,False
9530,25678.50000000004,15678.50000000004,2.0512870250033584,211.49999999999636,False
9531,24904.900000000045,14904.900000000045,2.0102357342116064,300.0,False
9532,28554.10000000005,18554.10000000005,1.731649708043858,250.0,False
9533,28333.299999999967,18333.299999999967,1.5161055347729187,245.600000000004,False
9534,28887.3,18887.3,1.3283034907815734,307.2000000000007,False
9535,23315.700000000026,13315.700000000026,1.9215249221782404,200.0,False
9536,25303.200000000015,15303.200000000015,1.393339835585899,287.79999999999563,False
9537,26871.29999999998,16871.29999999998,1.6818594638232032,232.5,False
9538,27393.10000000001,17393.10000000001,1.3761467889908259,200.0,False
9539,29925.500000000022,19925.500000000022,1.1501656238498337,200.0,False
9540,23826.600000000053,13826.600000000053,2.7002943320821955,387.79999999999745,False
9541,26204.20000000001,16204.200000000012,1.1930896248926213,214.20000000000073,False
9542,25751.300000000017,15751.300000000017,1.9483454650310952,250.0,False
9543,28905.90000000006,18905.90000000006,2.4875621890547266,250.0,False
9544,27239.400000000016,17239.400000000016,1.4954836394089863,200.0,False
9545,25885.300000000025,15885.300000000025,1.286636988240137,200.0,False
9546,26974.900000000023,16974.900000000023,1.3850415512465373,200.0,False
9547,26938.200000000033,16938.200000000033,1.2986113515946949,261.4999999999927,False
9548,24663.4,14663.400000000001,1.3205591247334127,200.0,False
9549,26090.299999999996,16090.299999999996,2.1596406357982025,250.0,False
9550,23694.40000000003,13694.40000000003,3.1007538277083357,450.0,False
9551,25238.9,15238.900000000001,1.4630149812734086,200.0,False
9552,25398.000000000036,15398.000000000036,3.084887976434919,345.600000000004,False
9553,27515.399999999983,17515.399999999983,2.17100039698293,350.0,False
9554,26567.399999999998,16567.399999999998,1.4990320997773023,278.0,False
9555,24871.900000000023,14871.900000000023,2.5329640413796657,321.00000000000364,False
9556,26378.60000000005,16378.60000000005,1.7009926993393316,300.0,False
9557,23416.50000000005,13416.500000000051,2.2876298533854107,300.0,False
9558,26829.20000000001,16829.20000000001,1.4071268158971548,250.0,False
9559,27216.500000000004,17216.500000000004,1.3832022856603046,292.8999999999978,False
9560,27632.000000000065,17632.000000000065,1.420656343230572,200.0,False
9561,25530.50000000001,15530.500000000011,1.738771806821456,350.0,False
9562,26809.699999999993,16809.699999999993,1.9436220043925843,400.0,False
9563,25975.00000000002,15975.000000000018,1.7174576131461072,250.0,False
9564,27030.399999999998,17030.399999999998,2.199465090090091,250.0,False
9565,27058.800000000003,17058.800000000003,1.7815626085639718,200.0,False
9566,29678.299999999996,19678.299999999996,0.9870253920241951,210.79999999999927,False
9567,26167.40000000009,16167.400000000089,2.5590904046913434,299.79999999999563,False
9568,25141.100000000042,15141.100000000042,1.8897189529574148,400.0,False
9569,25578.30000000001,15578.30000000001,1.2664640324214786,250.0,False
9570,27433.4,17433.4,2.5,250.0,False
9571,25162.70000000001,15162.700000000012,3.5212714941425807,462.5999999999931,False
9572,27129.300000000032,17129.300000000032,1.409568531485815,250.0,False
9573,27231.100000000024,17231.100000000024,1.5982866367254291,200.0,False
9574,27463.500000000022,17463.500000000022,0.9564984504725099,150.0,False
9575,25849.500000000036,15849.500000000036,2.0865326834479525,350.0,False
9576,26273.999999999985,16273.999999999985,1.3671454320792398,241.20000000001164,False
9577,27656.800000000054,17656.800000000054,1.4363963687899801,150.0,False
9578,27290.100000000013,17290.100000000013,1.1697120708748696,187.70000000000437,False
9579,28074.599999999984,18074.599999999984,1.3583511428260953,200.0,False
9580,26803.90000000006,16803.90000000006,2.046300969946658,300.0,False
9581,24071.500000000015,14071.500000000015,3.2535257461462996,347.20000000000255,False
9582,25842.100000000028,15842.100000000028,1.599725528735197,275.1000000000058,False
9583,26353.699999999997,16353.699999999997,2.390957939596154,322.6000000000113,False
9584,26917.699999999986,16917.699999999986,1.3608700858981193,250.0,False
9585,24245.400000000038,14245.400000000038,2.5037640104833434,269.3999999999869,False
9586,24941.600000000017,14941.600000000017,2.083743842364496,211.49999999999636,False
9587,24213.90000000005,14213.900000000049,2.7894002789400254,304.90000000000146,False
9588,28140.600000000064,18140.600000000064,1.8181157048834555,400.0,False
9589,25845.50000000001,15845.500000000011,2.191079676421354,250.0,False
9590,24364.19999999999,14364.19999999999,1.3558678571186447,250.0,False
9591,27837.700000000026,17837.700000000026,1.5097302112112556,200.0,False
9592,28862.70000000002,18862.70000000002,1.4506208657305315,250.0,False
9593,26173.100000000013,16173.100000000013,2.1159841442254783,300.0,False
9594,26283.099999999995,16283.099999999995,3.9558213867527483,500.0,False
9595,26331.800000000032,16331.800000000032,1.499925003749812,200.0,False
9596,26766.00000000003,16766.00000000003,2.661959511107237,337.79999999999745,False
9597,26764.60000000002,16764.60000000002,2.470327198674808,350.0,False
9598,25503.60000000006,15503.60000000006,1.850183290339275,299.79999999999563,False
9599,28557.900000000016,18557.900000000016,1.7446785979031658,300.0,False
9600,26283.600000000006,16283.600000000006,1.4684144061242668,200.0,False
9601,24802.600000000002,14802.600000000002,1.8006744708406952,287.79999999999745,False
9602,26602.300000000003,16602.300000000003,1.3524356080180817,300.0,False
9603,26561.200000000008,16561.200000000008,1.3665285903403117,255.99999999999272,False
9604,28074.200000000015,18074.200000000015,1.3641448176138373,258.8000000000029,False
9605,30058.800000000047,20058.800000000047,2.53549695740365,350.0,False
9606,26393.300000000054,16393.300000000054,1.218571022381088,200.0,False
9607,26064.899999999998,16064.899999999998,1.5200513777365676,400.0,False
9608,27679.500000000015,17679.500000000015,1.656816057351907,225.10000000000218,False
9609,26950.200000000033,16950.200000000033,2.5280188758742703,450.0,False
9610,26461.600000000017,16461.600000000017,2.466995073891622,300.0,False
9611,26383.300000000054,16383.300000000054,1.3215014899929274,200.0,False
9612,28510.000000000036,18510.000000000036,1.4423076923076923,200.0,False
9613,26476.500000000015,16476.500000000015,1.581252668363877,300.0,False
9614,26919.500000000036,16919.500000000036,1.269112809202377,200.0,False
9615,24150.200000000033,14150.200000000033,1.768033946251768,348.90000000000146,False
9616,25499.899999999998,15499.899999999998,1.3054489438918047,250.0,False
9617,26920.50000000001,16920.50000000001,2.187417008349393,337.70000000000437,False
9618,26166.600000000006,16166.600000000006,1.3074014046461457,314.6000000000022,False
9619,24898.600000000042,14898.600000000042,1.2485225816117602,190.8000000000029,False
9620,26590.900000000016,16590.900000000016,1.348726801899008,250.0,False
9621,27599.200000000015,17599.200000000015,1.617503545028603,300.0,False
9622,26475.29999999997,16475.29999999997,1.5979270136039936,207.20000000000255,False
9623,28489.900000000045,18489.900000000045,1.824628840083444,300.0,False
9624,28094.200000000048,18094.200000000048,1.5626546376985189,300.0,False
9625,28038.000000000025,18038.000000000025,1.2362503650346282,150.0,False
9626,24058.4,14058.400000000001,1.3673904720231926,250.0,False
9627,27448.000000000015,17448.000000000015,1.8018018018018018,200.0,False
9628,26784.20000000001,16784.20000000001,1.3035005507289836,200.0,False
9629,27435.800000000025,17435.800000000025,1.5645320197044443,200.0,False
9630,24495.300000000017,14495.300000000017,2.938069682255711,344.8999999999978,False
9631,27023.000000000007,17023.000000000007,0.9302325581395349,250.0,False
9632,27208.799999999974,17208.799999999974,1.1579569008441524,250.0,False
9633,25074.400000000052,15074.400000000052,1.353082321528442,200.0,False
9634,26013.100000000013,16013.100000000013,2.2244961516216564,300.0,False
9635,29537.600000000046,19537.600000000046,1.3118625168082392,250.0,False
9636,23569.30000000002,13569.300000000021,2.3064432799468593,250.0,False
9637,25667.700000000033,15667.700000000033,1.4608350132935977,250.0,False
9638,27612.70000000001,17612.70000000001,2.1514475656370795,300.0,False
9639,26961.100000000042,16961.100000000042,2.1263927872756625,300.0,False
9640,25656.4,15656.400000000001,2.3000770644377,250.0,False
9641,25853.200000000026,15853.200000000026,1.2057827535986232,269.90000000000873,False
9642,25018.40000000001,15018.400000000009,3.2102251616259556,395.1999999999971,False
9643,27818.700000000026,17818.700000000026,1.2477419517081254,297.69999999999345,False
9644,25811.600000000042,15811.600000000042,2.054607325634365,383.40000000000146,False
9645,25635.10000000004,15635.100000000039,2.538059177141089,325.1000000000022,False
9646,24595.4,14595.400000000001,3.4571428571428773,375.1000000000022,False
9647,24017.900000000038,14017.900000000038,3.9602227260603002,475.1000000000022,False
9648,25214.000000000015,15214.000000000015,1.531014622781493,211.60000000000764,False
9649,24670.09999999999,14670.099999999991,1.6836434043269641,200.0,False
9650,25320.4,15320.400000000001,3.292347844411836,406.1999999999989,False
9651,28865.000000000025,18865.000000000025,1.3888695990333464,250.0,False
9652,26856.599999999973,16856.599999999973,1.473448458772913,250.0,False
9653,26682.900000000038,16682.900000000038,1.563721657544956,250.0,False
9654,26544.000000000007,16544.000000000007,1.690159889125513,350.0,False
9655,26886.000000000007,16886.000000000007,1.1190088267416245,250.0,False
9656,26959.600000000017,16959.600000000017,1.3431292224624927,208.8000000000029,False
9657,26518.100000000013,16518.100000000013,1.211627275197002,200.0,False
9658,26882.999999999993,16882.999999999993,1.6497158364471722,250.0,False
9659,29708.000000000062,19708.000000000062,1.2621694167935835,200.0,False
9660,24046.600000000006,14046.600000000006,2.7733249321263047,299.3000000000029,False
9661,25257.300000000025,15257.300000000025,2.2302210764404173,275.1000000000022,False
9662,27774.70000000002,17774.70000000002,2.1620063418852706,300.0,False
9663,24888.599999999988,14888.599999999988,1.935142783837814,403.50000000000364,False
9664,26426.899999999987,16426.899999999987,1.3427715210535112,290.79999999999563,False
9665,27513.799999999985,17513.799999999985,1.0,250.0,False
9666,28827.00000000006,18827.00000000006,1.271683839833006,200.0,False
9667,24882.40000000001,14882.400000000009,1.2686169537969723,256.1000000000058,False
9668,26521.100000000013,16521.100000000013,1.4634146341463417,250.0,False
9669,28709.800000000014,18709.800000000014,1.0172690013072507,150.0,False
9670,26620.80000000006,16620.80000000006,1.9416204895501281,311.49999999999636,False
9671,27759.200000000033,17759.200000000033,1.1765639207406406,192.80000000000655,False
9672,25321.300000000017,15321.300000000017,1.8518518518518516,200.0,False
9673,27817.000000000022,17817.000000000022,1.5228581000822348,200.0,False
9674,27074.8,17074.8,1.4721480560330542,241.49999999999818,False
9675,25531.100000000013,15531.100000000013,2.635902752761108,300.0,False
9676,24997.20000000004,14997.20000000004,2.4518617803785667,400.0,False
9677,25681.30000000001,15681.30000000001,1.6333330611111567,300.0,False
9678,26485.300000000017,16485.300000000017,1.411751418810175,350.0,False
9679,23255.0,13255.0,2.844603381014303,400.0,False
9680,26848.29999999998,16848.29999999998,1.9138755980861244,200.0,False
9681,28254.20000000001,18254.20000000001,1.403587569828482,150.0,False
9682,25367.400000000045,15367.400000000045,2.6064291920069502,300.0,False
9683,26520.700000000033,16520.700000000033,2.358490566037736,250.0,False
9684,26234.500000000015,16234.500000000015,1.7001020061203675,200.0,False
9685,28206.500000000022,18206.500000000022,1.123334656371929,175.10000000000582,False
9686,26700.200000000004,16700.200000000004,1.887684729064025,250.0,False
9687,26799.400000000023,16799.400000000023,1.0598115231187277,250.0,False
9688,25880.000000000007,15880.000000000007,2.5,250.0,False
9689,24787.700000000033,14787.700000000033,1.6297207391048687,291.4999999999927,False
9690,25572.50000000002,15572.500000000018,1.7679870583347337,348.09999999999854,False
9691,26471.30000000003,16471.30000000003,1.662687301724539,250.0,False
9692,28981.599999999995,18981.599999999995,1.3338135061955638,250.0,False
9693,23879.500000000044,13879.500000000044,1.7331623279836375,297.2000000000007,False
9694,24509.59999999999,14509.599999999991,2.156504434515532,450.79999999999563,False
9695,27204.300000000014,17204.300000000014,1.483679525222551,250.0,False
9696,28276.69999999999,18276.69999999999,1.4420858329487758,250.0,False
9697,23235.199999999997,13235.199999999997,1.9801980198019802,300.0,False
9698,26212.60000000004,16212.600000000039,1.91879653081587,250.0,False
9699,26283.200000000026,16283.200000000026,2.5947582349190075,337.70000000000437,False
9700,27070.700000000004,17070.700000000004,1.9111542607273095,250.0,False
9701,26664.000000000022,16664.000000000022,1.7891968295432186,200.0,False
9702,28217.20000000006,18217.20000000006,1.4685782201752713,200.0,False
9703,23009.899999999998,13009.899999999998,1.5590287251042585,208.79999999999927,False
9704,25369.100000000017,15369.100000000017,3.0786324786325157,360.20000000000437,False
9705,26779.10000000001,16779.10000000001,1.5944683366756807,275.1000000000022,False
9706,25098.50000000005,15098.500000000051,1.7381688437053102,284.4999999999982,False
9707,27602.000000000036,17602.000000000036,1.8437937901025145,200.0,False
9708,24051.600000000017,14051.600000000017,2.895221918760074,300.0,False
9709,26957.50000000001,16957.50000000001,1.2902781839764654,250.0,False
9710,27462.40000000003,17462.40000000003,1.6201547247762165,200.0,False
9711,27262.40000000003,17262.40000000003,2.493360591528284,391.49999999999636,False
9712,24658.399999999972,14658.399999999972,2.419811751804821,397.20000000000255,False
9713,28911.80000000001,18911.80000000001,2.390720180547188,300.0,False
9714,26898.100000000013,16898.100000000013,1.1606762873834482,300.0,False
9715,23922.500000000036,13922.500000000036,1.851289833080379,250.0,False
9716,24233.900000000023,14233.900000000023,2.454168405035952,300.0,False
9717,25989.200000000037,15989.200000000037,1.6939964764873268,250.0,False
9718,27016.900000000016,17016.900000000016,1.651070992045221,247.20000000000255,False
9719,26265.400000000038,16265.400000000038,1.4588459555927291,200.0,False
9720,27336.70000000002,17336.70000000002,2.5,410.7999999999993,False
9721,25227.900000000016,15227.900000000016,1.7066739484755122,250.0,False
9722,26879.4,16879.4,3.286590709903594,450.0,False
9723,26980.500000000004,16980.500000000004,1.381374467595256,300.0,False
9724,25119.70000000002,15119.700000000019,2.560928763498229,300.0,False
9725,29121.700000000048,19121.700000000048,1.4955954713369106,250.0,False
9726,26176.100000000013,16176.100000000013,1.7843524227022531,306.4999999999891,False
9727,26891.70000000004,16891.70000000004,1.4682275556947648,373.2999999999993,False
9728,25811.600000000028,15811.600000000028,1.6520187669331918,200.0,False
9729,28871.200000000023,18871.200000000023,1.477792473602931,200.0,False
9730,27803.80000000004,17803.80000000004,1.5,150.0,False
9731,28983.800000000047,18983.800000000047,1.199222903558493,250.0,False
9732,24276.300000000003,14276.300000000003,2.123305193144004,423.29999999999563,False
9733,26656.40000000007,16656.40000000007,2.4471588485768003,350.0,False
9734,25802.600000000002,15802.600000000002,1.3875453925564134,350.0,False
9735,26212.000000000015,16212.000000000015,1.8667672332516205,250.0,False
9736,25758.40000000001,15758.400000000009,1.8281002748396855,263.40000000000146,False
9737,26024.100000000006,16024.100000000006,1.7462216129849046,400.0,False
9738,27280.300000000017,17280.300000000017,1.5461446882199237,200.0,False
9739,27520.200000000023,17520.200000000023,2.3521210399937966,273.2999999999993,False
9740,26477.599999999984,16477.599999999984,1.7838826205235687,248.5999999999949,False
9741,27144.400000000023,17144.400000000023,1.359298964214189,250.0,False
9742,29624.500000000022,19624.500000000022,0.9278761842019805,200.0,False
9743,26765.20000000004,16765.20000000004,1.1407711613050417,150.0,False
9744,28783.600000000028,18783.600000000028,1.0843086086874807,200.0,False
9745,28460.100000000042,18460.100000000042,2.3238674466008438,350.0,False
9746,27144.100000000013,17144.100000000013,1.4657383657017222,200.0,False
9747,26180.50000000006,16180.500000000058,1.5591137997162405,250.0,False
9748,25828.69999999999,15828.69999999999,1.796648173168138,250.0,False
9749,26916.800000000003,16916.800000000003,1.659062629614268,250.0,False
9750,23658.700000000026,13658.700000000026,1.9694809236077728,398.90000000000146,False
9751,25420.50000000001,15420.500000000011,1.4645434041846885,276.1999999999971,False
9752,25567.800000000025,15567.800000000025,1.6909243860887633,400.0,False
9753,25904.59999999999,15904.599999999991,1.7446830783188247,200.0,False
9754,25287.900000000063,15287.900000000063,3.781611912077523,400.0,False
9755,24575.800000000017,14575.800000000017,1.4598433588075979,207.5,False
9756,25506.40000000005,15506.400000000049,1.5683825658847312,300.0,False
9757,26749.20000000001,16749.20000000001,2.3091764138429576,306.3999999999942,False
9758,29509.900000000034,19509.900000000034,1.1588112142023892,150.0,False
9759,28322.900000000027,18322.900000000027,1.184347661308152,166.09999999999673,False
9760,27126.30000000006,17126.30000000006,2.0,200.0,False
9761,27973.50000000005,17973.50000000005,2.6427000825588256,323.2999999999993,False
9762,25287.199999999983,15287.199999999983,1.5088630534857277,214.60000000000036,False
9763,27024.499999999978,17024.499999999978,1.3552584026020982,256.1999999999971,False
9764,27168.50000000005,17168.50000000005,1.640940368227016,300.0,False
9765,27387.000000000062,17387.000000000062,2.3178910282164575,300.0,False
9766,26906.4,16906.4,1.4598540145985393,250.0,False
9767,26141.600000000028,16141.600000000028,1.8342733984500383,282.7999999999993,False
9768,24024.70000000004,14024.70000000004,1.8144210182530736,300.0,False
9769,29046.10000000002,19046.10000000002,1.8511662347278777,200.0,False
9770,26267.20000000002,16267.200000000019,1.9272278754239904,250.0,False
9771,23154.200000000048,13154.200000000048,1.6364815646359931,295.19999999999345,False
9772,29380.300000000007,19380.300000000007,1.9444282408757705,350.0,False
9773,28639.300000000032,18639.300000000032,1.834862385321101,210.79999999999927,False
9774,26274.800000000032,16274.800000000032,1.6813787305590584,300.0,False
9775,26885.300000000054,16885.300000000054,1.7597423737164868,250.0,False
9776,26299.60000000002,16299.60000000002,1.2253600516285035,250.0,False
9777,24191.40000000003,14191.40000000003,2.889088273862966,418.6000000000058,False
9778,24342.800000000017,14342.800000000017,3.364999999999964,450.0,False
9779,27506.40000000001,17506.40000000001,1.6543472938186996,275.29999999999563,False
9780,28409.900000000045,18409.900000000045,1.5,200.0,False
9781,26975.999999999978,16975.999999999978,2.236993480761858,350.0,False
9782,27580.20000000004,17580.20000000004,1.5,200.0,False
9783,26517.999999999993,16517.999999999993,2.1506095928747313,353.50000000000546,False
9784,25057.50000000002,15057.500000000018,1.5221742737325998,250.0,False
9785,28158.200000000063,18158.200000000063,2.450980392156863,250.0,False
9786,29147.200000000023,19147.200000000023,0.975609756097561,200.0,False
9787,26745.600000000042,16745.600000000042,2.5630072618539086,300.0,False
9788,25067.600000000028,15067.600000000028,1.3156163662675968,200.0,False
9789,28810.80000000001,18810.80000000001,1.7287638646861951,250.0,False
9790,24298.300000000072,14298.300000000072,1.47443694938995,250.0,False
9791,26155.60000000003,16155.600000000031,1.3515183343115735,350.0,False
9792,26540.90000000001,16540.90000000001,1.7136818891849335,250.0,False
9793,26529.89999999996,16529.89999999996,1.8080321285140737,225.10000000000218,False
9794,28191.699999999983,18191.699999999983,2.0816065104363233,221.00000000000364,False
9795,26849.800000000065,16849.800000000065,1.3193540442599303,250.0,False
9796,26111.69999999999,16111.69999999999,1.4203435811122715,200.0,False
9797,24896.700000000026,14896.700000000026,1.4227393947564826,337.70000000000437,False
9798,31290.30000000001,21290.30000000001,1.2492972702854654,200.0,False
9799,25885.10000000005,15885.10000000005,3.2305405016546276,336.8000000000029,False
9800,24189.200000000026,14189.200000000026,2.0,250.0,False
9801,28929.300000000054,18929.300000000054,1.8003892234898706,200.0,False
9802,25860.400000000045,15860.400000000045,1.8487367420725112,338.4999999999927,False
9803,29733.900000000034,19733.900000000034,1.3012361743656473,214.60000000000218,False
9804,25202.800000000025,15202.800000000025,1.477832512315271,250.0,False
9805,24091.00000000003,14091.00000000003,1.8815666676701686,300.0,False
9806,27114.5,17114.5,1.9475713784910205,300.0,False
9807,27578.800000000014,17578.800000000014,1.0645591418746627,200.0,False
9808,27013.800000000054,17013.800000000054,1.3953410273918472,249.299999999992,False
9809,25823.80000000003,15823.800000000028,1.550315489202052,300.0,False
9810,24535.20000000001,14535.200000000012,2.0571334531042154,300.0,False
9811,24861.600000000006,14861.600000000006,1.8779342723004695,250.0,False
9812,27791.50000000003,17791.50000000003,1.5602726991012872,201.39999999999418,False
9813,24666.70000000001,14666.700000000012,1.5259441016156705,277.0000000000073,False
9814,28037.299999999996,18037.299999999996,1.6531521478579287,200.0,False
9815,24838.10000000002,14838.10000000002,1.3409786060155893,250.0,False
9816,25171.500000000033,15171.500000000033,2.3072947430596584,250.0,False
9817,25746.400000000012,15746.400000000012,2.0733982998133924,250.0,False
9818,25732.300000000025,15732.300000000025,1.8680672939503646,257.5,False
9819,24898.999999999996,14898.999999999996,3.1556549336410855,400.0,False
9820,27099.900000000023,17099.900000000023,1.196439396356443,200.0,False
9821,21130.100000000002,11130.100000000002,1.587188216714679,250.0,False
9822,28486.900000000027,18486.900000000027,1.826317385104232,325.29999999999563,False
9823,24969.600000000028,14969.600000000028,3.230719527391885,400.0,False
9824,27793.700000000008,17793.700000000008,1.4875529011000446,200.0,False
9825,25485.100000000013,15485.100000000013,1.821394095040343,277.0000000000073,False
9826,27970.2,17970.2,1.400972483559063,200.0,False
9827,26085.299999999996,16085.299999999996,1.3658310057296608,250.0,False
9828,27315.50000000003,17315.50000000003,1.7535368838948164,294.9999999999891,False
9829,26194.30000000004,16194.30000000004,1.8663564367522902,300.0,False
9830,26244.200000000037,16244.200000000037,2.5221966156473745,332.79999999999563,False
9831,27734.700000000055,17734.700000000055,1.3470795315755448,250.0,False
9832,24532.800000000043,14532.800000000043,2.460791390511187,300.0,False
9833,26722.700000000048,16722.700000000048,1.0628573857959727,200.0,False
9834,27173.4,17173.4,1.3634256523991746,200.0,False
9835,23752.20000000001,13752.200000000012,1.8868778963575714,250.0,False
9836,25559.000000000033,15559.000000000033,2.3528937231517997,350.0,False
9837,26012.40000000001,16012.400000000009,1.613371014629612,257.20000000000437,False
9838,23520.699999999997,13520.699999999997,1.736031709733967,327.0000000000073,False
9839,26626.100000000042,16626.100000000042,1.4067203721244286,205.99999999999272,False
9840,26476.70000000002,16476.70000000002,1.7379611732078575,257.20000000000437,False
9841,23770.90000000001,13770.900000000009,1.927504025336347,289.70000000000255,False
9842,27417.400000000016,17417.400000000016,2.955665024630542,300.0,False
9843,28468.50000000003,18468.50000000003,2.596535546734009,287.79999999999745,False
9844,26450.39999999999,16450.39999999999,1.8941264898528967,264.60000000000036,False
9845,25190.100000000028,15190.100000000028,1.413387607417458,250.0,False
9846,26109.500000000025,16109.500000000025,1.3619648613065767,300.0,False
9847,24514.800000000025,14514.800000000025,2.4331137042696285,250.0,False
9848,26637.20000000001,16637.20000000001,1.6542186711661417,250.0,False
9849,24031.30000000003,14031.300000000028,2.087479299163616,300.0,False
9850,26657.800000000017,16657.800000000017,1.1546099727512036,200.0,False
9851,22906.500000000015,12906.500000000015,1.6521688847033935,250.0,False
9852,26815.200000000023,16815.200000000023,2.0,200.0,False
9853,28400.800000000017,18400.800000000017,1.4054260689670683,250.0,False
9854,25990.100000000028,15990.100000000028,1.476300273904761,200.0,False
9855,27588.600000000042,17588.600000000042,0.9364786529691048,200.0,False
9856,25577.800000000032,15577.800000000032,1.4018691588785046,321.0,False
9857,24955.100000000028,14955.100000000028,1.4425747073376554,242.89999999999782,False
9858,25854.100000000035,15854.100000000035,2.8494087476848544,300.0,False
9859,29457.600000000035,19457.600000000035,1.553848624067043,300.0,False
9860,26897.200000000063,16897.200000000063,1.8117455339719404,323.29999999999563,False
9861,25932.0,15932.0,2.1121544192936934,387.7999999999993,False
9862,24931.700000000037,14931.700000000037,1.7630909503060201,350.0,False
9863,28178.50000000005,18178.50000000005,1.252745600775032,150.0,False
9864,24720.00000000002,14720.000000000018,1.9769386970095768,300.0,False
9865,26070.100000000028,16070.100000000028,1.9341237452372195,200.0,False
9866,24065.4,14065.400000000001,2.2565824510095953,350.0,False
9867,27246.70000000001,17246.70000000001,1.510174480610956,177.00000000000728,False
9868,27603.30000000004,17603.30000000004,3.3774427354584144,500.0,False
9869,27584.50000000002,17584.50000000002,0.9720723610665586,223.29999999999927,False
9870,25493.800000000047,15493.800000000047,3.48545368287347,455.5000000000018,False
9871,28405.400000000034,18405.400000000034,3.8573922099964344,400.0,False
9872,26029.00000000005,16029.000000000051,1.2970134210386968,200.0,False
9873,25639.100000000028,15639.100000000028,2.7746483681551455,325.1000000000022,False
9874,27945.800000000054,17945.800000000054,1.382883588859488,245.60000000000218,False
9875,26794.400000000052,16794.400000000052,2.0576978476480488,350.0,False
9876,27972.500000000025,17972.500000000025,1.374356343112641,300.0,False
9877,27781.19999999999,17781.19999999999,1.0876106643851027,200.0,False
9878,27188.90000000003,17188.90000000003,1.1168442449016047,200.0,False
9879,28453.899999999972,18453.899999999972,1.453325880380124,221.00000000000364,False
9880,26607.100000000042,16607.100000000042,1.1835813593826439,250.0,False
9881,26801.400000000005,16801.400000000005,2.0653460440962146,242.89999999999782,False
9882,28125.400000000045,18125.400000000045,0.9382458643110122,171.00000000000364,False
9883,24799.40000000004,14799.400000000041,1.689324868195021,250.0,False
9884,26498.799999999996,16498.799999999996,1.5186374784543315,200.0,False
9885,26639.800000000003,16639.800000000003,1.8632879045996598,350.0,False
9886,28269.300000000017,18269.300000000017,1.8186702217623334,260.8000000000029,False
9887,29991.900000000038,19991.900000000038,1.2728233130318005,200.0,False
9888,26846.100000000017,16846.100000000017,1.9098965381761015,350.0,False
9889,24637.600000000028,14637.600000000028,2.0667476831758456,264.59999999999854,False
9890,24426.800000000047,14426.800000000047,2.159957837623009,256.2000000000007,False
9891,25474.20000000002,15474.200000000019,1.6839779600964573,250.0,False
9892,27046.90000000004,17046.90000000004,1.7505041451938148,250.0,False
9893,24987.30000000005,14987.30000000005,1.4851485148514851,250.0,False
9894,27623.700000000037,17623.700000000037,1.2616810638494718,200.0,False
9895,27232.40000000004,17232.40000000004,2.1990147783250946,323.2999999999993,False
9896,27253.100000000028,17253.100000000028,1.947381745243521,250.0,False
9897,25643.900000000067,15643.900000000067,2.527337365840509,500.0,False
9898,24885.700000000063,14885.700000000063,1.6226127310194867,287.7999999999993,False
9899,28118.20000000002,18118.20000000002,1.8808588753968607,250.0,False
9900,25132.300000000014,15132.300000000014,2.3412806805322504,300.0,False
9901,26065.500000000036,16065.500000000036,1.3609694421161695,200.0,False
9902,23882.699999999986,13882.699999999986,2.732479342456172,500.0,False
9903,26862.90000000001,16862.90000000001,1.3100436681222707,200.0,False
9904,26077.800000000032,16077.800000000032,1.3349471360934104,200.0,False
9905,28150.499999999993,18150.499999999993,1.554030533591923,250.0,False
9906,27603.19999999999,17603.19999999999,1.108565516222009,300.0,False
9907,26904.699999999975,16904.699999999975,2.121730766510601,300.0,False
9908,26943.500000000015,16943.500000000015,1.8987463652294725,200.0,False
9909,24724.800000000014,14724.800000000014,2.0,347.6999999999971,False
9910,25825.300000000043,15825.300000000043,1.4084507042253522,200.0,False
9911,27131.00000000001,17131.00000000001,1.3171499509361642,250.0,False
9912,30270.79999999998,20270.79999999998,2.1792137248823966,471.0000000000073,False
9913,26553.600000000035,16553.600000000035,1.395416219975078,240.79999999999927,False
9914,26830.50000000004,16830.50000000004,1.8565013414441771,300.0,False
9915,25737.70000000001,15737.700000000012,1.492726689206841,250.0,False
9916,26404.90000000001,16404.90000000001,1.9417475728155338,200.0,False
9917,25267.700000000004,15267.700000000004,1.452221899506245,250.0,False
9918,25252.099999999984,15252.099999999984,1.1796069549626067,200.0,False
9919,28680.600000000035,18680.600000000035,2.7513091646108263,400.0,False
9920,28028.600000000053,18028.600000000053,1.8245777926987667,250.0,False
9921,26685.400000000016,16685.400000000016,1.2523586087130767,200.0,False
9922,25330.300000000032,15330.300000000032,1.7993378436735274,250.0,False
9923,27628.900000000027,17628.900000000027,1.3274336283185841,250.0,False
9924,25699.70000000002,15699.700000000019,1.9961721845409754,237.79999999999745,False
9925,24639.299999999985,14639.299999999985,2.070975854491915,326.1000000000058,False
9926,26431.400000000023,16431.400000000023,3.7086341051842475,395.600000000004,False
9927,24842.600000000013,14842.600000000013,2.0880563178618283,350.0,False
9928,28780.700000000026,18780.700000000026,1.25144959578178,150.0,False
9929,25308.40000000002,15308.40000000002,1.9532526424594017,292.89999999999964,False
9930,29011.500000000015,19011.500000000015,2.496740596715737,331.3000000000011,False
9931,27767.60000000002,17767.60000000002,1.5438054805094537,311.49999999999636,False
9932,26159.60000000001,16159.60000000001,1.9376192776616488,405.09999999999854,False
9933,25332.20000000001,15332.200000000012,1.274429215015325,200.0,False
9934,31000.19999999999,21000.19999999999,0.9625615763546332,200.0,False
9935,28069.70000000006,18069.70000000006,1.5035135217351254,200.0,False
9936,23975.000000000073,13975.000000000073,2.586946819102497,350.0,False
9937,25391.099999999988,15391.099999999988,1.3875013875013875,200.0,False
9938,25399.200000000037,15399.200000000037,1.568725880839582,245.1999999999971,False
9939,24607.400000000016,14607.400000000016,1.8202337180093922,300.0,False
9940,25165.900000000056,15165.900000000056,2.9519999999999524,350.0,False
9941,26165.600000000042,16165.600000000042,1.905550190830942,207.20000000000255,False
9942,26164.200000000026,16164.200000000026,1.1436675129806244,250.0,False
9943,26567.100000000035,16567.100000000035,1.8458017239788103,200.0,False
9944,26733.599999999977,16733.599999999977,2.263098815946699,350.0,False
9945,26933.200000000004,16933.200000000004,1.2932565906345839,250.0,False
9946,24937.100000000046,14937.100000000046,1.837745453877182,210.39999999999964,False
9947,27968.000000000015,17968.000000000015,1.3206666725362974,150.0,False
9948,24929.700000000048,14929.700000000048,1.4854316292956817,300.0,False
9949,24609.100000000042,14609.100000000042,2.411481407478345,350.0,False
9950,27655.100000000028,17655.100000000028,1.3777140967706367,200.0,False
9951,26053.100000000042,16053.100000000042,1.1165075643387468,200.0,False
9952,24602.10000000001,14602.10000000001,2.028068467591466,292.90000000000146,False
9953,24051.500000000007,14051.500000000007,3.229931706970579,363.700000000008,False
9954,27263.00000000003,17263.00000000003,1.9869970910362567,250.0,False
9955,25714.500000000025,15714.500000000025,2.17671016862248,450.0,False
9956,25851.899999999994,15851.899999999994,1.800650034662513,300.0,False
9957,23739.000000000033,13739.000000000033,1.556627078681921,250.0,False
9958,27202.300000000025,17202.300000000025,1.922863934160842,234.09999999999854,False
9959,25288.50000000005,15288.500000000051,1.389223331542778,300.0,False
9960,25477.100000000028,15477.100000000028,3.0117538868292995,523.9999999999964,False
9961,25476.40000000005,15476.400000000049,1.9778089832084012,207.20000000000255,False
9962,25865.599999999995,15865.599999999995,2.083593782556152,250.0,False
9963,27135.800000000047,17135.800000000047,2.091122765635322,250.0,False
9964,27655.700000000026,17655.700000000026,2.1088682126076557,250.0,False
9965,28750.500000000033,18750.500000000033,1.708432137658628,250.0,False
9966,26632.200000000004,16632.200000000004,1.8683818411968842,400.0,False
9967,25765.100000000064,15765.100000000064,1.8141233143610775,236.49999999999636,False
9968,24782.20000000003,14782.20000000003,1.7106162043995046,250.39999999999964,False
9969,27212.70000000004,17212.70000000004,2.585025807174307,300.0,False
9970,28082.999999999978,18082.999999999978,2.0489523999086745,350.0,False
9971,25887.50000000002,15887.500000000018,2.8307227778826163,300.0,False
9972,26722.1,16722.1,2.3694818601907137,361.49999999999636,False
9973,28259.000000000007,18259.000000000007,1.4058370353708605,200.0,False
9974,26591.799999999985,16591.799999999985,1.0,192.90000000000146,False
9975,29384.800000000007,19384.800000000007,1.0025933748629796,200.0,False
9976,28134.400000000016,18134.400000000016,1.4162701110355769,150.0,False
9977,26213.500000000076,16213.500000000076,1.5215262690860365,200.0,False
9978,28236.000000000007,18236.000000000007,1.2134331907953813,250.0,False
9979,22764.200000000026,12764.200000000026,2.8790234352507595,350.0,False
9980,27689.700000000048,17689.700000000048,2.4859999999999673,300.0,False
9981,25111.900000000005,15111.900000000005,2.7544306985236267,350.0,False
9982,26693.300000000025,16693.300000000025,2.2891257370984857,300.0,False
9983,27302.100000000035,17302.100000000035,0.9780716339664717,211.49999999999272,False
9984,25415.00000000002,15415.000000000018,1.2602632689968931,292.8999999999978,False
9985,25939.899999999998,15939.899999999998,1.7805232558139834,298.9000000000051,False
9986,25077.000000000015,15077.000000000015,3.268496700200945,375.90000000001055,False
9987,27485.600000000013,17485.600000000013,1.414787357460173,241.59999999999854,False
9988,27489.900000000005,17489.900000000005,1.7755681818181823,200.0,False
9989,26218.000000000036,16218.000000000036,2.5617249534898687,436.5,False
9990,25843.100000000013,15843.100000000013,2.206612482071272,300.0,False
9991,27394.20000000003,17394.20000000003,1.4351629268712724,200.0,False
9992,23419.30000000002,13419.300000000021,1.610967466512014,314.59999999999854,False
9993,25619.200000000026,15619.200000000026,1.4989357556135143,287.79999999999563,False
9994,26254.500000000025,16254.500000000025,1.29457806344596,200.0,False
9995,26490.200000000023,16490.200000000023,2.0930445114705805,297.69999999999527,False
9996,26582.400000000016,16582.400000000016,2.287680383598246,350.0,False
9997,28037.900000000027,18037.900000000027,1.633308418459221,200.0,False
9998,26075.00000000002,16075.000000000018,1.7729239061059503,221.0,False
9999,24792.000000000025,14792.000000000025,2.1943683730075123,250.0,False
