<DATE>	<TIME>	<OPEN>	<HIGH>	<LOW>	<CLOSE>	<TICKVOL>	<VOL>	<SPREAD>
2024.01.01	23:00:00	2064.593	2066.002	2062.633	2063.543	1988	0	377
2024.01.02	00:00:00	2063.347	2065.773	2062.165	2065.340	2816	0	368
2024.01.02	01:00:00	2065.341	2069.900	2064.861	2066.536	4592	0	199
2024.01.02	02:00:00	2066.512	2068.267	2063.861	2067.669	3139	0	367
2024.01.02	03:00:00	2067.693	2070.338	2066.387	2069.487	2757	0	368
2024.01.02	04:00:00	2069.492	2070.666	2068.823	2069.500	2452	0	367
2024.01.02	05:00:00	2069.567	2074.731	2069.370	2074.310	3119	0	368
2024.01.02	06:00:00	2074.307	2076.662	2072.805	2074.141	3297	0	369
2024.01.02	07:00:00	2074.076	2076.358	2073.065	2073.065	3587	0	368
2024.01.02	08:00:00	2073.130	2074.403	2071.700	2073.218	3606	0	368
2024.01.02	09:00:00	2073.274	2078.877	2073.185	2077.032	3513	0	200
2024.01.02	10:00:00	2077.048	2077.753	2073.447	2075.949	4164	0	199
2024.01.02	11:00:00	2075.936	2076.180	2068.217	2069.221	5319	0	199
2024.01.02	12:00:00	2069.177	2069.498	2065.015	2067.869	5213	0	199
2024.01.02	13:00:00	2067.829	2071.026	2064.797	2066.248	7268	0	199
2024.01.02	14:00:00	2066.306	2070.373	2062.134	2070.325	8940	0	199
2024.01.02	15:00:00	2070.366	2070.687	2056.099	2059.306	11516	0	199
2024.01.02	16:00:00	2059.336	2067.580	2059.095	2066.095	6587	0	199
2024.01.02	17:00:00	2066.041	2066.898	2061.791	2062.681	4590	0	199
2024.01.02	18:00:00	2062.724	2064.933	2060.520	2061.160	4007	0	199
2024.01.02	19:00:00	2061.158	2062.176	2060.405	2060.946	3416	0	200
2024.01.02	20:00:00	2060.990	2061.579	2057.837	2058.143	3501	0	199
2024.01.02	21:00:00	2058.150	2059.232	2057.993	2058.855	2097	0	199
2024.01.02	23:00:00	2058.797	2059.874	2058.412	2059.476	1872	0	599
2024.01.03	00:00:00	2059.448	2062.108	2059.226	2060.197	3393	0	199
2024.01.03	01:00:00	2060.185	2062.557	2059.434	2062.379	4226	0	199
2024.01.03	02:00:00	2062.410	2065.189	2061.596	2064.694	3856	0	199
2024.01.03	03:00:00	2064.690	2065.547	2063.262	2065.072	3102	0	199
2024.01.03	04:00:00	2065.023	2065.542	2064.354	2064.764	2458	0	199
2024.01.03	05:00:00	2064.762	2065.976	2063.401	2064.061	3280	0	199
2024.01.03	06:00:00	2064.024	2065.330	2063.377	2064.300	3493	0	200
2024.01.03	07:00:00	2064.268	2064.320	2060.826	2062.915	4267	0	199
2024.01.03	08:00:00	2062.917	2064.336	2058.833	2060.082	4905	0	199
2024.01.03	09:00:00	2060.051	2060.574	2054.243	2056.801	4867	0	199
2024.01.03	10:00:00	2056.745	2057.160	2052.639	2054.847	4397	0	199
2024.01.03	11:00:00	2054.851	2055.634	2046.622	2047.617	5219	0	199
2024.01.03	12:00:00	2047.648	2048.363	2041.728	2045.713	7189	0	199
2024.01.03	13:00:00	2045.746	2047.985	2038.644	2040.960	8301	0	199
2024.01.03	14:00:00	2041.027	2042.289	2031.682	2037.821	9402	0	199
2024.01.03	15:00:00	2037.770	2048.757	2031.758	2032.552	12451	0	199
2024.01.03	16:00:00	2032.601	2036.054	2031.250	2032.380	7596	0	199
2024.01.03	17:00:00	2032.423	2033.741	2030.541	2033.303	5297	0	199
2024.01.03	18:00:00	2033.311	2036.331	2032.853	2035.754	4378	0	199
2024.01.03	19:00:00	2035.765	2042.275	2030.537	2036.620	8589	0	199
2024.01.03	20:00:00	2036.579	2042.312	2036.405	2040.956	5633	0	199
2024.01.03	21:00:00	2040.996	2041.809	2040.222	2041.173	2535	0	199
2024.01.03	23:00:00	2042.001	2043.678	2041.099	2042.666	2207	0	599
2024.01.04	00:00:00	2042.657	2043.190	2041.532	2042.089	3114	0	199
2024.01.04	01:00:00	2042.089	2043.274	2040.044	2042.197	4354	0	199
2024.01.04	02:00:00	2042.207	2044.738	2042.207	2044.586	4100	0	199
2024.01.04	03:00:00	2044.619	2046.932	2044.093	2044.677	3340	0	199
2024.01.04	04:00:00	2044.682	2044.682	2042.361	2043.012	3339	0	199
2024.01.04	05:00:00	2042.997	2044.284	2042.347	2043.772	3195	0	199
2024.01.04	06:00:00	2043.779	2048.589	2043.581	2047.203	4499	0	199
2024.01.04	07:00:00	2047.160	2049.557	2046.505	2047.602	4582	0	199
2024.01.04	08:00:00	2047.656	2048.584	2045.407	2046.763	4664	0	199
2024.01.04	09:00:00	2046.716	2050.971	2046.273	2047.995	4567	0	199
2024.01.04	10:00:00	2048.017	2050.791	2046.636	2047.887	4325	0	199
2024.01.04	11:00:00	2047.880	2048.402	2044.829	2045.133	3938	0	199
2024.01.04	12:00:00	2045.136	2046.175	2043.269	2045.855	4070	0	199
2024.01.04	13:00:00	2045.864	2047.110	2038.826	2040.156	6936	0	199
2024.01.04	14:00:00	2040.201	2042.556	2036.184	2039.278	6595	0	199
2024.01.04	15:00:00	2039.300	2047.724	2039.116	2045.046	7391	0	199
2024.01.04	16:00:00	2045.084	2046.674	2044.041	2044.639	5116	0	199
2024.01.04	17:00:00	2044.687	2045.009	2040.825	2043.192	4609	0	199
2024.01.04	18:00:00	2043.202	2043.938	2041.488	2043.123	3967	0	199
2024.01.04	19:00:00	2043.073	2044.852	2042.395	2044.300	3218	0	199
2024.01.04	20:00:00	2044.282	2044.783	2042.998	2042.998	3453	0	199
2024.01.04	21:00:00	2043.060	2044.290	2043.060	2043.290	1827	0	200
2024.01.04	23:00:00	2043.256	2044.612	2042.481	2043.865	2085	0	599
2024.01.05	00:00:00	2043.917	2044.679	2043.235	2044.251	2980	0	199
2024.01.05	01:00:00	2044.261	2048.239	2044.001	2046.138	4854	0	199
2024.01.05	02:00:00	2046.138	2047.795	2045.635	2046.134	3409	0	199
2024.01.05	03:00:00	2046.134	2046.411	2044.793	2045.323	3404	0	199
2024.01.05	04:00:00	2045.279	2046.380	2044.444	2044.595	2701	0	199
2024.01.05	05:00:00	2044.551	2045.204	2043.118	2044.452	3101	0	199
2024.01.05	06:00:00	2044.454	2045.060	2040.861	2042.420	3895	0	199
2024.01.05	07:00:00	2042.423	2046.985	2042.030	2043.126	4505	0	199
2024.01.05	08:00:00	2043.144	2044.387	2041.393	2042.389	4448	0	199
2024.01.05	09:00:00	2042.345	2043.769	2038.355	2038.835	4027	0	199
2024.01.05	10:00:00	2038.890	2040.283	2037.307	2039.947	3826	0	199
2024.01.05	11:00:00	2039.917	2040.299	2037.017	2039.152	3437	0	199
2024.01.05	12:00:00	2039.136	2040.995	2038.361	2040.116	3774	0	199
2024.01.05	13:00:00	2040.165	2041.953	2024.385	2039.925	17215	0	199
2024.01.05	14:00:00	2039.887	2049.225	2038.738	2046.861	16172	0	199
2024.01.05	15:00:00	2046.943	2063.991	2046.943	2054.775	19373	0	199
2024.01.05	16:00:00	2054.829	2056.213	2044.099	2045.057	8564	0	199
2024.01.05	17:00:00	2045.090	2045.439	2040.387	2041.959	7877	0	199
2024.01.05	18:00:00	2041.917	2048.471	2040.468	2048.134	6032	0	199
2024.01.05	19:00:00	2048.177	2050.323	2044.854	2045.682	4972	0	199
2024.01.05	20:00:00	2045.706	2045.765	2042.790	2043.573	4506	0	199
2024.01.05	21:00:00	2043.555	2046.177	2043.555	2045.474	2857	0	199
2024.01.07	23:00:00	2044.577	2045.574	2042.912	2044.207	2801	0	199
2024.01.08	00:00:00	2044.212	2046.243	2043.707	2045.940	2704	0	199
2024.01.08	01:00:00	2045.955	2046.582	2042.791	2043.747	4422	0	199
2024.01.08	02:00:00	2043.767	2043.805	2041.178	2041.285	4170	0	199
2024.01.08	03:00:00	2041.288	2041.503	2035.015	2036.098	4682	0	199
2024.01.08	04:00:00	2036.117	2037.543	2035.588	2035.782	3536	0	199
2024.01.08	05:00:00	2035.737	2036.092	2026.943	2030.671	6240	0	199
2024.01.08	06:00:00	2030.664	2033.228	2030.317	2032.911	4561	0	199
2024.01.08	07:00:00	2032.870	2033.154	2028.542	2031.393	5427	0	199
2024.01.08	08:00:00	2031.393	2031.735	2027.272	2028.320	5926	0	199
2024.01.08	09:00:00	2028.284	2031.687	2026.466	2029.089	4998	0	199
2024.01.08	10:00:00	2029.133	2029.458	2026.946	2027.566	4332	0	199
2024.01.08	11:00:00	2027.564	2027.893	2016.670	2020.087	7027	0	199
2024.01.08	12:00:00	2020.051	2024.847	2018.830	2024.572	5122	0	199
2024.01.08	13:00:00	2024.602	2025.469	2018.354	2018.931	9477	0	199
2024.01.08	14:00:00	2018.888	2027.160	2018.451	2026.386	9550	0	199
2024.01.08	15:00:00	2026.353	2034.783	2025.462	2034.224	8391	0	199
2024.01.08	16:00:00	2034.255	2036.903	2031.369	2032.102	6756	0	199
2024.01.08	17:00:00	2032.136	2032.998	2027.011	2027.638	5197	0	199
2024.01.08	18:00:00	2027.639	2028.286	2026.290	2026.505	4335	0	199
2024.01.08	19:00:00	2026.511	2029.590	2026.455	2029.301	3528	0	200
2024.01.08	20:00:00	2029.314	2029.819	2026.082	2027.128	3754	0	199
2024.01.08	21:00:00	2027.118	2028.710	2027.044	2027.998	2077	0	199
2024.01.08	23:00:00	2027.987	2030.686	2027.636	2030.438	1923	0	599
2024.01.09	00:00:00	2030.410	2034.938	2030.410	2034.339	3985	0	199
2024.01.09	01:00:00	2034.337	2035.615	2031.141	2032.162	4612	0	199
2024.01.09	02:00:00	2032.169	2035.900	2032.074	2034.123	3970	0	199
2024.01.09	03:00:00	2034.173	2034.917	2032.968	2033.591	3305	0	199
2024.01.09	04:00:00	2033.601	2034.947	2032.230	2032.867	3436	0	199
2024.01.09	05:00:00	2032.866	2033.488	2030.293	2032.772	3514	0	199
2024.01.09	06:00:00	2032.811	2035.106	2031.171	2033.137	4119	0	199
2024.01.09	07:00:00	2033.161	2037.216	2032.176	2035.960	4828	0	199
2024.01.09	08:00:00	2036.011	2038.227	2031.246	2034.260	5980	0	199
2024.01.09	09:00:00	2034.214	2037.003	2033.119	2035.393	4691	0	199
2024.01.09	10:00:00	2035.391	2038.483	2034.784	2035.423	4508	0	199
2024.01.09	11:00:00	2035.454	2035.696	2033.633	2034.935	3899	0	199
2024.01.09	12:00:00	2034.992	2036.301	2033.933	2036.248	3820	0	199
2024.01.09	13:00:00	2036.294	2041.968	2031.633	2038.638	8170	0	199
2024.01.09	14:00:00	2038.587	2040.074	2033.889	2034.593	8984	0	199
2024.01.09	15:00:00	2034.567	2035.585	2028.709	2028.710	7409	0	199
2024.01.09	16:00:00	2028.659	2031.524	2026.015	2031.121	6878	0	199
2024.01.09	17:00:00	2031.167	2032.020	2027.026	2027.586	4885	0	199
2024.01.09	18:00:00	2027.560	2029.653	2026.722	2029.135	5004	0	199
2024.01.09	19:00:00	2029.146	2029.996	2027.759	2028.790	3473	0	199
2024.01.09	20:00:00	2028.809	2031.085	2028.237	2028.388	3638	0	199
2024.01.09	21:00:00	2028.438	2030.149	2028.427	2029.886	1656	0	199
2024.01.09	23:00:00	2030.536	2030.968	2027.966	2030.401	2043	0	599
2024.01.10	00:00:00	2030.403	2031.138	2029.589	2030.255	2803	0	199
2024.01.10	01:00:00	2030.226	2032.467	2027.233	2031.754	4522	0	199
2024.01.10	02:00:00	2031.729	2032.830	2030.326	2031.797	3685	0	200
2024.01.10	03:00:00	2031.807	2031.890	2028.051	2028.803	3571	0	199
2024.01.10	04:00:00	2028.798	2030.646	2028.347	2029.715	2895	0	199
2024.01.10	05:00:00	2029.714	2030.191	2025.365	2026.626	3894	0	199
2024.01.10	06:00:00	2026.624	2027.040	2023.765	2024.520	4107	0	199
2024.01.10	07:00:00	2024.545	2031.614	2024.215	2030.928	5043	0	199
2024.01.10	08:00:00	2030.924	2035.991	2030.168	2035.201	6447	0	199
2024.01.10	09:00:00	2035.150	2036.176	2034.557	2035.676	4562	0	199
2024.01.10	10:00:00	2035.647	2040.300	2034.479	2034.822	4576	0	199
2024.01.10	11:00:00	2034.829	2035.276	2032.746	2034.043	3915	0	199
2024.01.10	12:00:00	2034.048	2035.664	2031.195	2031.513	4464	0	199
2024.01.10	13:00:00	2031.521	2034.022	2029.922	2030.197	6274	0	199
2024.01.10	14:00:00	2030.239	2033.595	2026.349	2027.364	7175	0	199
2024.01.10	15:00:00	2027.375	2029.765	2024.774	2027.813	7339	0	199
2024.01.10	16:00:00	2027.774	2028.499	2024.680	2027.019	5375	0	199
2024.01.10	17:00:00	2027.028	2027.722	2022.139	2023.972	4755	0	199
2024.01.10	18:00:00	2024.001	2024.531	2021.331	2023.619	4909	0	199
2024.01.10	19:00:00	2023.617	2024.513	2020.353	2024.008	3730	0	199
2024.01.10	20:00:00	2024.071	2025.023	2021.842	2023.513	4522	0	199
2024.01.10	21:00:00	2023.487	2024.483	2023.269	2024.234	1951	0	200
2024.01.10	23:00:00	2024.490	2027.695	2024.223	2026.358	2194	0	599
2024.01.11	00:00:00	2026.413	2028.437	2026.413	2027.834	2961	0	199
2024.01.11	01:00:00	2027.848	2030.359	2026.996	2029.616	3920	0	199
2024.01.11	02:00:00	2029.622	2031.985	2028.860	2029.610	3709	0	199
2024.01.11	03:00:00	2029.608	2031.014	2028.756	2030.790	3043	0	199
2024.01.11	04:00:00	2030.790	2032.224	2030.780	2031.989	2419	0	199
2024.01.11	05:00:00	2032.037	2034.590	2031.067	2032.936	3436	0	199
2024.01.11	06:00:00	2032.945	2035.050	2032.127	2033.941	3765	0	199
2024.01.11	07:00:00	2033.942	2035.658	2033.553	2033.842	3774	0	199
2024.01.11	08:00:00	2033.891	2034.024	2030.423	2030.882	4639	0	199
2024.01.11	09:00:00	2030.871	2032.468	2030.119	2031.273	3973	0	199
2024.01.11	10:00:00	2031.273	2032.755	2030.461	2032.009	3397	0	199
2024.01.11	11:00:00	2032.052	2034.383	2031.328	2034.287	3607	0	199
2024.01.11	12:00:00	2034.321	2035.015	2031.559	2032.319	4095	0	199
2024.01.11	13:00:00	2032.345	2048.109	2024.948	2029.378	17101	0	199
2024.01.11	14:00:00	2029.419	2034.887	2024.857	2029.688	16018	0	199
2024.01.11	15:00:00	2029.659	2033.024	2025.170	2028.987	12826	0	199
2024.01.11	16:00:00	2028.954	2029.600	2013.555	2016.687	12103	0	199
2024.01.11	17:00:00	2016.644	2018.439	2013.209	2014.325	7077	0	199
2024.01.11	18:00:00	2014.285	2017.015	2013.768	2017.010	5839	0	199
2024.01.11	19:00:00	2017.040	2027.404	2017.040	2026.438	6441	0	199
2024.01.11	20:00:00	2026.487	2028.527	2023.440	2027.460	5424	0	199
2024.01.11	21:00:00	2027.507	2029.603	2027.336	2028.820	2500	0	199
2024.01.11	23:00:00	2028.755	2035.447	2028.435	2034.954	2723	0	599
2024.01.12	00:00:00	2035.012	2035.381	2030.242	2031.074	3918	0	199
2024.01.12	01:00:00	2031.029	2034.720	2030.027	2033.872	4928	0	199
2024.01.12	02:00:00	2033.877	2035.253	2033.190	2033.963	3620	0	199
2024.01.12	03:00:00	2033.965	2035.637	2033.655	2033.877	3128	0	200
2024.01.12	04:00:00	2033.845	2034.992	2032.803	2034.659	2888	0	199
2024.01.12	05:00:00	2034.672	2037.105	2033.703	2035.997	3428	0	199
2024.01.12	06:00:00	2035.955	2036.780	2034.883	2035.208	3474	0	199
2024.01.12	07:00:00	2035.236	2039.339	2034.137	2037.557	4857	0	199
2024.01.12	08:00:00	2037.551	2039.738	2036.909	2038.610	5078	0	199
2024.01.12	09:00:00	2038.622	2040.033	2037.781	2038.092	4166	0	199
2024.01.12	10:00:00	2038.094	2046.085	2037.966	2045.803	4576	0	199
2024.01.12	11:00:00	2045.835	2047.362	2044.126	2045.306	4912	0	199
2024.01.12	12:00:00	2045.339	2053.794	2045.339	2047.757	7137	0	199
2024.01.12	13:00:00	2047.804	2056.604	2044.342	2056.093	11670	0	199
2024.01.12	14:00:00	2056.143	2062.284	2053.311	2055.981	11203	0	199
2024.01.12	15:00:00	2055.946	2060.071	2050.753	2053.611	10190	0	199
2024.01.12	16:00:00	2053.643	2055.529	2048.224	2048.245	8091	0	199
2024.01.12	17:00:00	2048.213	2048.579	2041.397	2043.853	7522	0	199
2024.01.12	18:00:00	2043.811	2048.658	2042.909	2047.478	5372	0	199
2024.01.12	19:00:00	2047.481	2049.145	2046.177	2047.282	3710	0	199
2024.01.12	20:00:00	2047.331	2047.672	2046.008	2047.518	3396	0	199
2024.01.12	21:00:00	2047.497	2049.223	2046.839	2049.032	2362	0	199
2024.01.14	23:00:00	2048.130	2048.705	2046.294	2047.586	2672	0	199
2024.01.15	00:00:00	2047.652	2048.459	2045.752	2047.846	3452	0	199
2024.01.15	01:00:00	2047.863	2051.388	2047.444	2050.938	4594	0	199
2024.01.15	02:00:00	2050.940	2056.375	2049.816	2056.331	4696	0	199
2024.01.15	03:00:00	2056.282	2058.040	2055.445	2057.375	4004	0	199
2024.01.15	04:00:00	2057.369	2057.551	2053.542	2054.289	3127	0	200
2024.01.15	05:00:00	2054.290	2055.530	2052.977	2055.063	3195	0	199
2024.01.15	06:00:00	2055.074	2056.977	2053.820	2055.377	3771	0	199
2024.01.15	07:00:00	2055.420	2055.933	2052.874	2054.114	4750	0	199
2024.01.15	08:00:00	2054.168	2058.626	2053.762	2056.652	4449	0	199
2024.01.15	09:00:00	2056.645	2056.965	2052.871	2054.907	4183	0	199
2024.01.15	10:00:00	2054.940	2055.106	2052.052	2053.022	3867	0	199
2024.01.15	11:00:00	2053.068	2053.752	2051.442	2053.257	3525	0	199
2024.01.15	12:00:00	2053.257	2053.648	2051.295	2052.677	3627	0	199
2024.01.15	13:00:00	2052.736	2054.245	2052.055	2054.160	3863	0	199
2024.01.15	14:00:00	2054.216	2054.421	2051.557	2052.136	3734	0	199
2024.01.15	15:00:00	2052.095	2053.832	2049.162	2053.258	4338	0	199
2024.01.15	16:00:00	2053.233	2054.954	2053.148	2054.016	3405	0	199
2024.01.15	17:00:00	2054.023	2056.386	2053.591	2055.281	2918	0	199
2024.01.15	18:00:00	2055.313	2055.455	2054.257	2054.432	1379	0	199
2024.01.15	19:00:00	2054.429	2054.519	2053.888	2053.936	367	0	200
2024.01.15	23:00:00	2054.642	2055.327	2053.128	2053.841	2223	0	599
2024.01.16	00:00:00	2053.867	2054.507	2050.765	2051.373	3776	0	199
2024.01.16	01:00:00	2051.331	2053.364	2049.910	2050.833	4864	0	199
2024.01.16	02:00:00	2050.842	2051.475	2049.725	2050.491	3776	0	199
2024.01.16	03:00:00	2050.490	2051.519	2048.344	2049.435	3706	0	199
2024.01.16	04:00:00	2049.436	2050.063	2048.962	2049.329	2807	0	200
2024.01.16	05:00:00	2049.345	2049.426	2047.485	2048.570	3510	0	199
2024.01.16	06:00:00	2048.535	2050.512	2047.349	2050.469	3686	0	199
2024.01.16	07:00:00	2050.477	2050.885	2047.999	2049.376	4530	0	199
2024.01.16	08:00:00	2049.345	2050.024	2042.052	2043.129	6892	0	199
2024.01.16	09:00:00	2043.134	2043.873	2038.613	2041.218	6104	0	199
2024.01.16	10:00:00	2041.171	2042.407	2039.245	2041.010	4855	0	199
2024.01.16	11:00:00	2041.009	2041.203	2038.139	2039.874	4499	0	199
2024.01.16	12:00:00	2039.828	2039.997	2035.570	2038.467	5415	0	199
2024.01.16	13:00:00	2038.419	2045.130	2031.249	2037.636	11414	0	199
2024.01.16	14:00:00	2037.665	2042.633	2036.799	2038.182	9357	0	199
2024.01.16	15:00:00	2038.195	2041.971	2037.288	2041.053	7908	0	199
2024.01.16	16:00:00	2041.102	2041.269	2032.435	2033.473	14273	0	199
2024.01.16	17:00:00	2033.482	2033.838	2024.885	2025.292	8197	0	199
2024.01.16	18:00:00	2025.336	2028.900	2024.185	2025.093	5644	0	199
2024.01.16	19:00:00	2025.095	2030.162	2024.909	2029.190	4233	0	199
2024.01.16	20:00:00	2029.220	2029.754	2027.809	2028.243	3699	0	199
2024.01.16	21:00:00	2028.293	2028.573	2027.114	2028.462	2092	0	200
2024.01.16	23:00:00	2027.922	2028.066	2025.587	2027.824	2266	0	599
2024.01.17	00:00:00	2028.100	2028.842	2025.629	2028.437	3438	0	199
2024.01.17	01:00:00	2028.433	2030.728	2026.679	2030.264	4650	0	199
2024.01.17	02:00:00	2030.256	2032.935	2026.995	2028.935	4318	0	199
2024.01.17	03:00:00	2028.904	2029.130	2023.395	2024.074	3726	0	199
2024.01.17	04:00:00	2024.070	2025.737	2023.312	2025.362	3411	0	199
2024.01.17	05:00:00	2025.367	2025.399	2019.283	2020.631	5311	0	199
2024.01.17	06:00:00	2020.635	2020.789	2017.542	2019.217	4977	0	199
2024.01.17	07:00:00	2019.212	2026.111	2017.812	2025.746	6002	0	199
2024.01.17	08:00:00	2025.696	2026.616	2021.209	2021.428	5285	0	199
2024.01.17	09:00:00	2021.398	2024.248	2019.003	2023.835	4742	0	199
2024.01.17	10:00:00	2023.800	2028.319	2022.719	2026.071	5089	0	199
2024.01.17	11:00:00	2026.097	2026.708	2023.684	2023.938	4016	0	200
2024.01.17	12:00:00	2023.893	2029.015	2023.684	2028.321	5263	0	199
2024.01.17	13:00:00	2028.360	2028.677	2018.973	2022.411	9786	0	199
2024.01.17	14:00:00	2022.359	2023.064	2011.391	2012.225	10331	0	199
2024.01.17	15:00:00	2012.163	2014.025	2006.077	2008.859	10871	0	199
2024.01.17	16:00:00	2008.814	2011.941	2004.138	2005.399	7212	0	199
2024.01.17	17:00:00	2005.405	2008.020	2003.380	2007.009	5436	0	199
2024.01.17	18:00:00	2007.041	2007.203	2001.761	2004.665	5312	0	199
2024.01.17	19:00:00	2004.712	2006.907	2004.274	2005.414	4243	0	199
2024.01.17	20:00:00	2005.460	2006.839	2004.710	2006.127	3820	0	199
2024.01.17	21:00:00	2006.159	2006.369	2005.261	2006.130	2084	0	199
2024.01.17	23:00:00	2005.391	2009.600	2005.340	2009.243	2332	0	599
2024.01.18	00:00:00	2009.261	2010.917	2008.222	2010.839	3479	0	199
2024.01.18	01:00:00	2010.784	2012.046	2009.315	2011.577	4294	0	199
2024.01.18	02:00:00	2011.534	2011.843	2007.464	2007.625	3502	0	199
2024.01.18	03:00:00	2007.631	2009.143	2006.436	2008.020	3662	0	199
2024.01.18	04:00:00	2008.007	2009.182	2007.841	2008.024	2740	0	199
2024.01.18	05:00:00	2008.055	2009.384	2005.717	2009.162	3573	0	199
2024.01.18	06:00:00	2009.145	2013.028	2008.777	2012.629	4173	0	199
2024.01.18	07:00:00	2012.588	2014.013	2011.036	2012.319	4167	0	199
2024.01.18	08:00:00	2012.305	2012.393	2009.546	2009.714	4519	0	199
2024.01.18	09:00:00	2009.680	2012.977	2008.065	2010.119	4368	0	199
2024.01.18	10:00:00	2010.163	2012.211	2009.172	2011.552	3812	0	199
2024.01.18	11:00:00	2011.555	2013.473	2010.751	2012.554	3707	0	199
2024.01.18	12:00:00	2012.578	2017.245	2012.578	2015.046	5007	0	199
2024.01.18	13:00:00	2014.987	2014.987	2007.361	2009.054	7508	0	199
2024.01.18	14:00:00	2009.101	2013.616	2008.999	2012.808	8228	0	199
2024.01.18	15:00:00	2012.862	2015.652	2011.610	2013.548	6915	0	199
2024.01.18	16:00:00	2013.550	2017.728	2013.017	2014.765	5321	0	199
2024.01.18	17:00:00	2014.769	2016.370	2013.174	2016.247	4391	0	199
2024.01.18	18:00:00	2016.302	2021.101	2015.412	2020.448	5140	0	199
2024.01.18	19:00:00	2020.409	2020.568	2018.336	2019.745	3974	0	199
2024.01.18	20:00:00	2019.739	2022.631	2019.739	2022.211	3637	0	199
2024.01.18	21:00:00	2022.167	2023.234	2021.808	2023.087	1859	0	199
2024.01.18	23:00:00	2023.644	2024.233	2020.969	2023.423	2613	0	599
2024.01.19	00:00:00	2023.523	2024.233	2022.614	2023.124	3046	0	199
2024.01.19	01:00:00	2023.111	2025.489	2022.047	2023.990	4251	0	199
2024.01.19	02:00:00	2023.942	2024.971	2022.540	2023.972	3587	0	199
2024.01.19	03:00:00	2023.969	2024.256	2021.856	2022.744	2598	0	199
2024.01.19	04:00:00	2022.741	2022.776	2020.589	2020.975	2437	0	199
2024.01.19	05:00:00	2020.956	2021.880	2020.310	2021.567	2977	0	199
2024.01.19	06:00:00	2021.541	2024.256	2020.844	2023.800	3687	0	199
2024.01.19	07:00:00	2023.793	2029.613	2023.644	2027.946	4405	0	199
2024.01.19	08:00:00	2027.906	2030.071	2026.174	2029.679	4176	0	199
2024.01.19	09:00:00	2029.688	2030.845	2027.574	2029.716	3839	0	199
2024.01.19	10:00:00	2029.714	2030.943	2028.859	2030.317	3337	0	199
2024.01.19	11:00:00	2030.361	2031.973	2028.762	2031.617	3525	0	199
2024.01.19	12:00:00	2031.655	2035.130	2031.632	2032.851	4190	0	199
2024.01.19	13:00:00	2032.809	2039.258	2032.605	2035.258	6431	0	199
2024.01.19	14:00:00	2035.297	2035.666	2026.310	2029.651	6507	0	199
2024.01.19	15:00:00	2029.676	2032.201	2023.137	2027.663	9091	0	199
2024.01.19	16:00:00	2027.636	2029.508	2023.178	2024.804	5661	0	199
2024.01.19	17:00:00	2024.767	2029.080	2024.355	2029.080	4751	0	199
2024.01.19	18:00:00	2029.096	2029.436	2026.384	2027.821	4249	0	199
2024.01.19	19:00:00	2027.803	2029.389	2027.483	2029.075	3509	0	199
2024.01.19	20:00:00	2029.056	2029.474	2027.686	2028.199	3280	0	199
2024.01.19	21:00:00	2028.248	2029.970	2028.082	2029.452	2072	0	199
2024.01.21	23:00:00	2028.529	2028.562	2026.847	2027.505	2803	0	199
2024.01.22	00:00:00	2027.490	2029.249	2025.380	2028.985	3398	0	199
2024.01.22	01:00:00	2029.033	2032.074	2028.682	2029.034	4168	0	199
2024.01.22	02:00:00	2029.047	2030.018	2028.324	2029.724	3319	0	199
2024.01.22	03:00:00	2029.727	2029.767	2025.932	2026.942	3231	0	199
2024.01.22	04:00:00	2026.938	2027.171	2024.645	2025.489	2891	0	199
2024.01.22	05:00:00	2025.441	2025.539	2021.835	2023.241	4235	0	199
2024.01.22	06:00:00	2023.207	2024.406	2019.978	2020.887	4807	0	199
2024.01.22	07:00:00	2020.870	2024.217	2019.069	2021.786	5002	0	199
2024.01.22	08:00:00	2021.757	2026.225	2020.407	2022.109	5123	0	199
2024.01.22	09:00:00	2022.152	2023.960	2020.553	2021.683	3921	0	199
2024.01.22	10:00:00	2021.626	2024.512	2021.019	2022.833	3870	0	199
2024.01.22	11:00:00	2022.817	2026.607	2022.173	2026.115	4004	0	199
2024.01.22	12:00:00	2026.066	2030.152	2025.176	2029.628	4796	0	199
2024.01.22	13:00:00	2029.583	2029.686	2021.222	2023.145	6894	0	199
2024.01.22	14:00:00	2023.135	2023.959	2016.399	2022.669	7598	0	199
2024.01.22	15:00:00	2022.612	2026.534	2020.712	2024.099	6321	0	199
2024.01.22	16:00:00	2024.141	2024.197	2021.414	2023.614	4464	0	199
2024.01.22	17:00:00	2023.669	2024.601	2021.338	2021.576	3833	0	199
2024.01.22	18:00:00	2021.573	2021.896	2019.747	2021.291	3660	0	199
2024.01.22	19:00:00	2021.284	2021.564	2019.027	2020.960	3331	0	199
2024.01.22	20:00:00	2020.973	2021.034	2019.111	2020.766	3209	0	199
2024.01.22	21:00:00	2020.747	2021.563	2020.181	2021.563	1815	0	200
2024.01.22	23:00:00	2021.393	2021.771	2020.196	2020.552	1615	0	599
2024.01.23	00:00:00	2020.554	2023.069	2020.554	2022.754	2508	0	199
2024.01.23	01:00:00	2022.713	2022.889	2019.559	2021.648	3783	0	199
2024.01.23	02:00:00	2021.668	2024.114	2020.781	2022.642	3824	0	199
2024.01.23	03:00:00	2022.637	2027.860	2021.701	2027.393	3973	0	199
2024.01.23	04:00:00	2027.389	2027.903	2026.647	2027.596	2905	0	199
2024.01.23	05:00:00	2027.599	2031.669	2027.190	2030.833	3939	0	199
2024.01.23	06:00:00	2030.811	2035.930	2029.150	2035.083	4594	0	200
2024.01.23	07:00:00	2035.118	2037.899	2027.693	2031.549	6460	0	199
2024.01.23	08:00:00	2031.553	2031.648	2027.678	2028.896	4629	0	199
2024.01.23	09:00:00	2028.851	2030.549	2027.017	2028.670	4416	0	199
2024.01.23	10:00:00	2028.615	2028.615	2024.699	2025.092	4239	0	199
2024.01.23	11:00:00	2025.084	2026.153	2022.361	2023.861	4247	0	199
2024.01.23	12:00:00	2023.867	2026.914	2023.197	2025.699	4242	0	199
2024.01.23	13:00:00	2025.742	2030.334	2023.299	2024.884	5927	0	199
2024.01.23	14:00:00	2024.885	2026.105	2021.354	2023.100	6878	0	199
2024.01.23	15:00:00	2023.152	2026.747	2022.925	2025.108	6356	0	199
2024.01.23	16:00:00	2025.165	2027.711	2023.228	2025.672	4823	0	199
2024.01.23	17:00:00	2025.705	2026.007	2022.564	2024.225	3826	0	199
2024.01.23	18:00:00	2024.231	2025.715	2022.959	2025.173	3721	0	199
2024.01.23	19:00:00	2025.169	2030.689	2024.731	2029.836	3899	0	199
2024.01.23	20:00:00	2029.818	2030.286	2028.156	2028.682	3162	0	199
2024.01.23	21:00:00	2028.648	2029.265	2027.779	2028.910	1914	0	199
2024.01.23	23:00:00	2028.631	2029.388	2027.096	2029.137	1904	0	599
2024.01.24	00:00:00	2029.002	2029.264	2026.898	2027.345	2863	0	199
2024.01.24	01:00:00	2027.305	2028.914	2026.401	2027.210	3726	0	199
2024.01.24	02:00:00	2027.188	2027.555	2023.939	2024.207	3171	0	199
2024.01.24	03:00:00	2024.186	2025.662	2023.703	2024.820	3230	0	199
2024.01.24	04:00:00	2024.818	2025.639	2023.983	2024.447	2454	0	199
2024.01.24	05:00:00	2024.436	2025.677	2022.726	2024.534	3271	0	199
2024.01.24	06:00:00	2024.535	2027.925	2023.729	2026.023	3671	0	199
2024.01.24	07:00:00	2025.979	2031.575	2025.762	2029.531	4562	0	199
2024.01.24	08:00:00	2029.561	2032.175	2028.183	2030.899	5026	0	199
2024.01.24	09:00:00	2030.850	2034.146	2029.891	2030.875	4430	0	199
2024.01.24	10:00:00	2030.817	2033.001	2029.342	2032.677	3813	0	199
2024.01.24	11:00:00	2032.726	2034.231	2030.801	2033.462	3865	0	199
2024.01.24	12:00:00	2033.410	2034.376	2031.623	2032.685	4419	0	199
2024.01.24	13:00:00	2032.637	2036.593	2031.260	2033.985	8095	0	199
2024.01.24	14:00:00	2033.937	2034.678	2023.267	2024.563	9684	0	199
2024.01.24	15:00:00	2024.588	2025.281	2014.826	2015.209	9759	0	199
2024.01.24	16:00:00	2015.247	2016.302	2011.783	2015.291	6540	0	199
2024.01.24	17:00:00	2015.332	2019.784	2015.251	2019.173	4985	0	199
2024.01.24	18:00:00	2019.225	2019.767	2013.326	2015.073	5482	0	199
2024.01.24	19:00:00	2015.069	2015.277	2011.138	2012.057	4049	0	199
2024.01.24	20:00:00	2012.089	2013.757	2011.783	2012.258	3510	0	199
2024.01.24	21:00:00	2012.299	2014.553	2012.048	2014.417	2300	0	199
2024.01.24	23:00:00	2014.761	2017.396	2014.588	2016.101	2408	0	599
2024.01.25	00:00:00	2015.977	2016.724	2014.798	2015.414	3323	0	199
2024.01.25	01:00:00	2015.411	2017.284	2014.440	2016.462	4074	0	199
2024.01.25	02:00:00	2016.473	2016.968	2014.614	2015.133	3350	0	199
2024.01.25	03:00:00	2015.178	2016.772	2015.083	2015.768	2866	0	199
2024.01.25	04:00:00	2015.766	2016.394	2014.762	2015.651	2156	0	200
2024.01.25	05:00:00	2015.672	2016.572	2014.801	2015.493	2843	0	199
2024.01.25	06:00:00	2015.510	2016.563	2014.506	2015.744	3138	0	199
2024.01.25	07:00:00	2015.742	2018.245	2013.551	2015.811	4182	0	199
2024.01.25	08:00:00	2015.763	2015.977	2012.602	2013.837	4576	0	199
2024.01.25	09:00:00	2013.829	2017.873	2012.773	2017.812	3968	0	200
2024.01.25	10:00:00	2017.806	2019.471	2017.129	2019.106	3763	0	200
2024.01.25	11:00:00	2019.153	2019.492	2016.514	2017.449	3742	0	199
2024.01.25	12:00:00	2017.450	2017.630	2013.303	2013.658	4093	0	199
2024.01.25	13:00:00	2013.608	2022.977	2009.361	2019.258	9746	0	199
2024.01.25	14:00:00	2019.293	2025.271	2018.335	2023.605	9841	0	199
2024.01.25	15:00:00	2023.574	2024.686	2016.765	2020.279	7832	0	199
2024.01.25	16:00:00	2020.285	2021.607	2013.738	2014.556	5363	0	199
2024.01.25	17:00:00	2014.604	2016.480	2012.408	2014.863	4610	0	199
2024.01.25	18:00:00	2014.885	2018.604	2014.002	2014.258	4703	0	199
2024.01.25	19:00:00	2014.210	2018.367	2013.373	2017.700	3559	0	199
2024.01.25	20:00:00	2017.734	2020.240	2016.869	2020.024	3232	0	200
2024.01.25	21:00:00	2019.977	2020.717	2018.893	2020.709	1847	0	199
2024.01.25	23:00:00	2019.854	2021.527	2019.273	2020.248	2129	0	599
2024.01.26	00:00:00	2020.356	2021.790	2019.320	2021.174	2837	0	200
2024.01.26	01:00:00	2021.232	2024.171	2021.025	2021.834	3772	0	199
2024.01.26	02:00:00	2021.817	2023.912	2021.724	2021.935	3084	0	199
2024.01.26	03:00:00	2021.951	2022.874	2021.302	2021.773	2540	0	200
2024.01.26	04:00:00	2021.718	2022.419	2020.977	2021.189	2301	0	199
2024.01.26	05:00:00	2021.145	2023.469	2021.016	2022.984	2818	0	199
2024.01.26	06:00:00	2022.985	2023.391	2021.542	2021.594	3020	0	199
2024.01.26	07:00:00	2021.573	2022.773	2019.777	2021.252	3916	0	199
2024.01.26	08:00:00	2021.249	2022.161	2020.152	2020.533	4057	0	199
2024.01.26	09:00:00	2020.582	2022.394	2018.181	2020.796	4181	0	199
2024.01.26	10:00:00	2020.837	2023.833	2020.837	2023.397	3743	0	199
2024.01.26	11:00:00	2023.387	2024.657	2022.374	2023.428	3685	0	199
2024.01.26	12:00:00	2023.386	2024.432	2020.066	2021.273	3849	0	199
2024.01.26	13:00:00	2021.238	2026.819	2018.687	2024.612	7869	0	199
2024.01.26	14:00:00	2024.608	2026.070	2019.031	2020.260	7068	0	199
2024.01.26	15:00:00	2020.218	2020.218	2016.054	2017.086	5952	0	199
2024.01.26	16:00:00	2017.019	2019.406	2015.868	2018.153	4594	0	199
2024.01.26	17:00:00	2018.107	2018.793	2016.406	2016.625	3827	0	199
2024.01.26	18:00:00	2016.589	2018.192	2016.013	2017.304	3655	0	199
2024.01.26	19:00:00	2017.315	2017.835	2016.105	2017.015	3031	0	199
2024.01.26	20:00:00	2016.991	2019.215	2016.447	2018.480	2939	0	199
2024.01.26	21:00:00	2018.435	2019.118	2017.985	2018.469	1636	0	199
2024.01.28	23:00:00	2023.424	2028.612	2021.186	2021.831	5032	0	199
2024.01.29	00:00:00	2021.832	2022.065	2019.282	2021.508	3863	0	199
2024.01.29	01:00:00	2021.498	2025.438	2021.046	2023.178	4191	0	199
2024.01.29	02:00:00	2023.177	2025.469	2021.466	2025.397	3244	0	200
2024.01.29	03:00:00	2025.423	2026.317	2024.151	2025.602	2859	0	199
2024.01.29	04:00:00	2025.594	2027.590	2025.376	2026.139	2453	0	199
2024.01.29	05:00:00	2026.159	2026.772	2024.658	2025.471	2947	0	199
2024.01.29	06:00:00	2025.448	2028.975	2024.831	2028.725	3302	0	199
2024.01.29	07:00:00	2028.686	2033.855	2028.632	2031.274	4403	0	199
2024.01.29	08:00:00	2031.243	2033.545	2030.899	2031.573	4323	0	199
2024.01.29	09:00:00	2031.595	2031.923	2027.842	2028.405	3771	0	199
2024.01.29	10:00:00	2028.332	2028.569	2025.556	2027.453	3679	0	199
2024.01.29	11:00:00	2027.443	2028.303	2025.427	2028.117	3513	0	199
2024.01.29	12:00:00	2028.137	2030.270	2028.107	2028.434	3491	0	199
2024.01.29	13:00:00	2028.426	2037.561	2027.740	2036.769	5495	0	199
2024.01.29	14:00:00	2036.769	2037.210	2021.557	2024.700	7272	0	199
2024.01.29	15:00:00	2024.653	2026.238	2020.491	2025.387	5999	0	199
2024.01.29	16:00:00	2025.344	2027.887	2023.990	2027.006	4596	0	199
2024.01.29	17:00:00	2027.004	2031.097	2026.496	2029.311	4009	0	199
2024.01.29	18:00:00	2029.306	2029.705	2025.023	2025.796	3509	0	199
2024.01.29	19:00:00	2025.829	2027.915	2025.118	2026.880	3358	0	199
2024.01.29	20:00:00	2026.915	2035.226	2026.915	2032.693	5381	0	199
2024.01.29	21:00:00	2032.628	2032.628	2030.921	2032.337	2370	0	200
2024.01.29	23:00:00	2032.920	2033.184	2029.008	2030.730	2076	0	599
2024.01.30	00:00:00	2030.962	2034.065	2030.834	2033.534	3238	0	199
2024.01.30	01:00:00	2033.529	2033.940	2030.561	2031.054	3786	0	199
2024.01.30	02:00:00	2031.008	2032.406	2029.779	2031.882	3094	0	199
2024.01.30	03:00:00	2031.852	2032.541	2031.315	2031.999	2752	0	200
2024.01.30	04:00:00	2032.003	2033.001	2031.153	2031.753	2344	0	199
2024.01.30	05:00:00	2031.763	2033.280	2031.434	2032.170	2792	0	199
2024.01.30	06:00:00	2032.173	2035.962	2032.073	2034.459	3667	0	199
2024.01.30	07:00:00	2034.456	2040.460	2034.005	2037.855	4473	0	199
2024.01.30	08:00:00	2037.816	2039.464	2036.982	2038.287	4721	0	199
2024.01.30	09:00:00	2038.268	2038.623	2035.013	2035.661	3846	0	199
2024.01.30	10:00:00	2035.650	2037.289	2034.994	2035.612	3737	0	199
2024.01.30	11:00:00	2035.571	2036.110	2031.037	2034.252	3905	0	199
2024.01.30	12:00:00	2034.224	2036.334	2033.612	2035.884	3849	0	199
2024.01.30	13:00:00	2035.909	2037.949	2033.182	2037.759	6247	0	199
2024.01.30	14:00:00	2037.716	2048.557	2037.267	2046.622	8873	0	199
2024.01.30	15:00:00	2046.539	2048.246	2029.029	2032.541	12872	0	199
2024.01.30	16:00:00	2032.605	2036.047	2031.640	2035.834	5618	0	199
2024.01.30	17:00:00	2035.835	2036.140	2033.082	2033.972	4305	0	199
2024.01.30	18:00:00	2033.974	2033.974	2031.416	2032.728	3934	0	199
2024.01.30	19:00:00	2032.724	2037.021	2032.304	2036.038	3704	0	199
2024.01.30	20:00:00	2036.003	2036.593	2035.234	2035.988	3248	0	199
2024.01.30	21:00:00	2035.924	2036.847	2035.794	2036.768	2040	0	200
2024.01.30	23:00:00	2036.756	2037.079	2035.424	2036.234	1616	0	599
2024.01.31	00:00:00	2036.400	2038.643	2035.770	2036.085	2851	0	199
2024.01.31	01:00:00	2036.083	2037.154	2034.427	2034.619	3266	0	199
2024.01.31	02:00:00	2034.570	2034.824	2032.818	2033.656	3102	0	199
2024.01.31	03:00:00	2033.662	2034.211	2032.988	2033.904	2273	0	199
2024.01.31	04:00:00	2033.907	2034.794	2033.197	2034.502	1972	0	199
2024.01.31	05:00:00	2034.544	2035.080	2033.221	2034.931	2621	0	200
2024.01.31	06:00:00	2034.960	2035.753	2033.609	2034.274	2702	0	199
2024.01.31	07:00:00	2034.232	2038.530	2033.831	2036.561	3859	0	199
2024.01.31	08:00:00	2036.563	2040.437	2036.076	2039.102	4074	0	199
2024.01.31	09:00:00	2039.059	2039.811	2037.875	2038.213	3611	0	199
2024.01.31	10:00:00	2038.217	2038.556	2036.553	2036.959	3301	0	199
2024.01.31	11:00:00	2036.968	2038.902	2036.844	2037.284	3250	0	199
2024.01.31	12:00:00	2037.289	2039.576	2037.088	2038.456	3518	0	199
2024.01.31	13:00:00	2038.471	2043.223	2035.982	2041.845	7043	0	199
2024.01.31	14:00:00	2041.871	2055.275	2040.683	2051.593	8331	0	199
2024.01.31	15:00:00	2051.561	2055.980	2050.401	2052.117	8897	0	199
2024.01.31	16:00:00	2052.132	2053.580	2047.430	2049.963	6811	0	199
2024.01.31	17:00:00	2049.906	2050.972	2049.192	2049.612	4214	0	199
2024.01.31	18:00:00	2049.561	2049.798	2045.678	2046.340	4283	0	199
2024.01.31	19:00:00	2046.222	2050.806	2039.454	2044.780	21827	0	199
2024.01.31	20:00:00	2044.748	2045.905	2030.818	2034.737	17876	0	199
2024.01.31	21:00:00	2034.789	2040.143	2033.324	2038.987	4665	0	199
2024.01.31	23:00:00	2039.430	2041.161	2039.113	2039.786	2023	0	599
2024.02.01	00:00:00	2039.734	2042.669	2039.103	2040.627	3336	0	199
2024.02.01	01:00:00	2040.678	2041.887	2040.001	2041.277	4036	0	199
2024.02.01	02:00:00	2041.276	2049.580	2041.177	2046.934	4115	0	199
2024.02.01	03:00:00	2046.944	2048.487	2045.552	2046.289	3438	0	199
2024.02.01	04:00:00	2046.335	2046.643	2044.966	2045.743	2764	0	199
2024.02.01	05:00:00	2045.746	2046.302	2044.283	2044.486	3291	0	199
2024.02.01	06:00:00	2044.475	2044.860	2042.347	2043.512	3516	0	199
2024.02.01	07:00:00	2043.470	2044.217	2041.118	2042.895	4155	0	199
2024.02.01	08:00:00	2042.810	2042.810	2038.924	2041.895	5238	0	199
2024.02.01	09:00:00	2041.919	2042.782	2040.298	2041.019	4361	0	199
2024.02.01	10:00:00	2041.034	2041.200	2030.918	2031.842	5040	0	199
2024.02.01	11:00:00	2031.808	2034.422	2029.913	2033.377	5302	0	199
2024.02.01	12:00:00	2033.382	2034.455	2030.049	2034.185	5133	0	199
2024.02.01	13:00:00	2034.129	2042.110	2030.818	2039.991	8597	0	199
2024.02.01	14:00:00	2040.019	2050.812	2039.901	2046.175	9388	0	199
2024.02.01	15:00:00	2046.096	2053.016	2040.179	2051.911	11285	0	199
2024.02.01	16:00:00	2051.859	2065.458	2051.700	2059.365	9587	0	199
2024.02.01	17:00:00	2059.398	2062.354	2051.254	2054.427	8213	0	199
2024.02.01	18:00:00	2054.379	2058.666	2052.088	2055.744	7192	0	199
2024.02.01	19:00:00	2055.704	2058.113	2054.128	2054.782	4600	0	199
2024.02.01	20:00:00	2054.735	2055.678	2053.412	2055.543	3737	0	199
2024.02.01	21:00:00	2055.506	2055.506	2053.802	2054.697	2593	0	200
2024.02.01	23:00:00	2054.871	2056.101	2054.126	2054.624	1593	0	599
2024.02.02	00:00:00	2054.631	2056.910	2054.535	2054.988	2874	0	199
2024.02.02	01:00:00	2055.018	2056.007	2052.860	2054.721	3757	0	199
2024.02.02	02:00:00	2054.707	2055.390	2051.890	2053.761	3435	0	199
2024.02.02	03:00:00	2053.748	2054.967	2053.579	2054.562	2848	0	199
2024.02.02	04:00:00	2054.564	2055.902	2054.062	2055.051	2491	0	200
2024.02.02	05:00:00	2055.055	2056.472	2054.432	2055.507	3264	0	199
2024.02.02	06:00:00	2055.530	2056.931	2054.124	2055.424	3675	0	199
2024.02.02	07:00:00	2055.470	2056.888	2054.714	2055.042	3768	0	199
2024.02.02	08:00:00	2055.024	2056.758	2053.604	2053.977	3898	0	199
2024.02.02	09:00:00	2053.929	2054.938	2052.669	2053.044	3781	0	199
2024.02.02	10:00:00	2053.040	2055.587	2052.885	2054.589	3535	0	199
2024.02.02	11:00:00	2054.589	2056.104	2053.641	2056.023	3349	0	199
2024.02.02	12:00:00	2056.037	2056.260	2053.743	2055.182	3570	0	199
2024.02.02	13:00:00	2055.238	2057.623	2029.490	2031.680	16278	0	199
2024.02.02	14:00:00	2031.622	2036.062	2027.741	2035.331	14556	0	199
2024.02.02	15:00:00	2035.261	2035.607	2028.486	2034.993	9502	0	199
2024.02.02	16:00:00	2034.943	2037.469	2033.053	2036.221	6083	0	199
2024.02.02	17:00:00	2036.202	2036.975	2033.908	2035.150	4450	0	199
2024.02.02	18:00:00	2035.117	2038.732	2034.385	2037.348	4586	0	199
2024.02.02	19:00:00	2037.347	2038.510	2036.374	2038.052	3700	0	199
2024.02.02	20:00:00	2038.107	2038.380	2035.968	2035.968	3536	0	199
2024.02.02	21:00:00	2036.002	2039.791	2036.002	2039.609	2188	0	200
2024.02.04	23:00:00	2041.781	2042.213	2039.056	2039.715	3238	0	199
2024.02.05	00:00:00	2039.299	2039.818	2033.532	2035.593	5561	0	199
2024.02.05	01:00:00	2035.548	2038.200	2034.496	2037.954	4153	0	199
2024.02.05	02:00:00	2037.923	2038.718	2032.964	2033.523	3892	0	199
2024.02.05	03:00:00	2033.494	2034.429	2030.243	2032.266	4072	0	199
2024.02.05	04:00:00	2032.212	2033.296	2031.514	2031.942	2772	0	199
2024.02.05	05:00:00	2031.944	2031.996	2028.874	2029.723	3936	0	199
2024.02.05	06:00:00	2029.720	2031.202	2026.719	2030.860	3784	0	199
2024.02.05	07:00:00	2030.881	2031.475	2026.770	2027.502	4447	0	199
2024.02.05	08:00:00	2027.556	2027.695	2021.460	2023.459	4873	0	199
2024.02.05	09:00:00	2023.408	2024.187	2020.583	2022.686	4034	0	199
2024.02.05	10:00:00	2022.660	2025.240	2022.249	2024.407	3788	0	199
2024.02.05	11:00:00	2024.448	2028.378	2024.043	2027.577	3608	0	199
2024.02.05	12:00:00	2027.580	2028.018	2022.618	2022.625	3926	0	199
2024.02.05	13:00:00	2022.581	2022.701	2014.892	2015.861	6561	0	199
2024.02.05	14:00:00	2015.900	2023.730	2014.817	2023.586	6814	0	199
2024.02.05	15:00:00	2023.562	2023.562	2015.426	2017.790	9094	0	199
2024.02.05	16:00:00	2017.746	2022.430	2017.738	2022.128	4885	0	199
2024.02.05	17:00:00	2022.131	2026.404	2021.306	2025.555	4312	0	199
2024.02.05	18:00:00	2025.604	2027.031	2025.333	2025.875	3871	0	199
2024.02.05	19:00:00	2025.925	2027.489	2025.045	2025.927	3447	0	199
2024.02.05	20:00:00	2025.897	2026.382	2023.913	2024.950	3332	0	199
2024.02.05	21:00:00	2024.998	2025.113	2024.061	2024.667	1658	0	200
2024.02.05	23:00:00	2024.570	2025.150	2023.438	2024.860	1630	0	599
2024.02.06	00:00:00	2024.809	2027.574	2024.809	2026.817	2516	0	199
2024.02.06	01:00:00	2026.818	2028.582	2026.438	2027.142	3474	0	199
2024.02.06	02:00:00	2027.149	2027.343	2024.884	2025.949	3149	0	199
2024.02.06	03:00:00	2025.939	2026.345	2023.413	2023.894	3304	0	199
2024.02.06	04:00:00	2023.896	2026.428	2023.535	2026.243	2871	0	199
2024.02.06	05:00:00	2026.289	2029.815	2025.777	2029.421	3656	0	200
2024.02.06	06:00:00	2029.399	2029.603	2026.092	2026.719	3338	0	199
2024.02.06	07:00:00	2026.719	2028.943	2026.159	2026.244	3627	0	199
2024.02.06	08:00:00	2026.257	2026.680	2023.350	2023.841	3773	0	199
2024.02.06	09:00:00	2023.798	2025.324	2022.802	2023.575	3695	0	199
2024.02.06	10:00:00	2023.533	2026.235	2023.316	2023.944	3552	0	199
2024.02.06	11:00:00	2023.989	2027.472	2022.888	2026.694	3631	0	199
2024.02.06	12:00:00	2026.647	2027.910	2024.474	2027.732	3968	0	199
2024.02.06	13:00:00	2027.681	2030.893	2026.242	2029.136	5963	0	199
2024.02.06	14:00:00	2029.086	2033.014	2026.851	2030.649	6489	0	199
2024.02.06	15:00:00	2030.596	2038.108	2029.567	2036.288	7970	0	199
2024.02.06	16:00:00	2036.236	2038.880	2035.170	2036.615	5169	0	199
2024.02.06	17:00:00	2036.583	2038.337	2032.066	2037.020	5205	0	199
2024.02.06	18:00:00	2036.978	2038.191	2033.787	2036.473	4542	0	199
2024.02.06	19:00:00	2036.497	2036.876	2034.928	2035.904	3605	0	199
2024.02.06	20:00:00	2035.964	2036.951	2035.143	2035.713	3195	0	199
2024.02.06	21:00:00	2035.708	2036.113	2034.940	2035.820	1673	0	199
2024.02.06	23:00:00	2035.258	2036.071	2034.302	2035.069	1663	0	599
2024.02.07	00:00:00	2035.115	2036.095	2034.409	2034.979	2404	0	199
2024.02.07	01:00:00	2034.948	2035.763	2034.213	2035.035	3181	0	199
2024.02.07	02:00:00	2035.075	2035.510	2034.025	2034.423	2853	0	199
2024.02.07	03:00:00	2034.390	2035.433	2034.050	2034.442	2532	0	199
2024.02.07	04:00:00	2034.431	2035.446	2034.108	2035.201	1932	0	199
2024.02.07	05:00:00	2035.204	2035.447	2033.255	2033.382	2741	0	200
2024.02.07	06:00:00	2033.337	2034.233	2032.406	2033.450	2900	0	199
2024.02.07	07:00:00	2033.456	2036.133	2033.228	2035.124	3356	0	199
2024.02.07	08:00:00	2035.181	2035.256	2031.217	2032.876	3781	0	199
2024.02.07	09:00:00	2032.921	2034.901	2032.303	2034.322	3491	0	199
2024.02.07	10:00:00	2034.352	2034.363	2032.620	2033.143	3301	0	199
2024.02.07	11:00:00	2033.109	2035.719	2032.742	2034.124	3314	0	199
2024.02.07	12:00:00	2034.113	2034.206	2030.519	2033.371	3776	0	199
2024.02.07	13:00:00	2033.409	2036.630	2032.328	2036.085	4902	0	199
2024.02.07	14:00:00	2036.078	2044.519	2032.643	2042.396	8190	0	199
2024.02.07	15:00:00	2042.430	2043.286	2035.336	2038.345	7975	0	199
2024.02.07	16:00:00	2038.303	2040.869	2037.501	2038.376	5149	0	199
2024.02.07	17:00:00	2038.372	2038.456	2033.992	2035.581	4349	0	199
2024.02.07	18:00:00	2035.596	2037.193	2033.941	2034.759	4387	0	199
2024.02.07	19:00:00	2034.810	2035.754	2034.128	2035.511	3087	0	199
2024.02.07	20:00:00	2035.465	2035.804	2034.394	2034.780	2920	0	200
2024.02.07	21:00:00	2034.735	2034.944	2033.687	2034.943	1756	0	199
2024.02.07	23:00:00	2034.817	2036.369	2034.662	2036.228	1654	0	599
2024.02.08	00:00:00	2036.224	2037.725	2036.224	2037.242	2265	0	199
2024.02.08	01:00:00	2037.239	2038.082	2036.593	2037.166	3035	0	200
2024.02.08	02:00:00	2037.179	2038.688	2035.827	2036.123	2935	0	199
2024.02.08	03:00:00	2036.125	2036.522	2031.724	2032.758	2746	0	199
2024.02.08	04:00:00	2032.757	2033.943	2031.607	2032.206	2464	0	199
2024.02.08	05:00:00	2032.181	2033.683	2031.060	2033.387	2994	0	199
2024.02.08	06:00:00	2033.390	2034.203	2032.254	2033.277	2747	0	199
2024.02.08	07:00:00	2033.264	2034.951	2031.565	2032.794	3535	0	200
2024.02.08	08:00:00	2032.795	2033.341	2028.835	2030.750	4028	0	199
2024.02.08	09:00:00	2030.748	2035.971	2029.750	2035.278	3915	0	199
2024.02.08	10:00:00	2035.273	2038.509	2034.678	2036.087	4220	0	199
2024.02.08	11:00:00	2036.129	2036.289	2027.773	2028.969	4503	0	199
2024.02.08	12:00:00	2028.985	2029.079	2023.691	2024.960	4865	0	199
2024.02.08	13:00:00	2024.991	2026.416	2020.834	2021.059	7128	0	199
2024.02.08	14:00:00	2021.103	2034.010	2020.125	2028.309	9094	0	199
2024.02.08	15:00:00	2028.369	2033.181	2027.585	2031.932	6854	0	199
2024.02.08	16:00:00	2031.974	2032.282	2027.665	2031.869	4824	0	199
2024.02.08	17:00:00	2031.881	2033.067	2030.260	2031.627	4007	0	199
2024.02.08	18:00:00	2031.590	2035.297	2031.090	2032.059	4673	0	199
2024.02.08	19:00:00	2032.111	2033.449	2031.367	2032.495	3257	0	199
2024.02.08	20:00:00	2032.491	2033.759	2032.491	2032.967	2869	0	200
2024.02.08	21:00:00	2033.007	2034.173	2033.007	2033.914	1434	0	200
2024.02.08	23:00:00	2034.263	2034.580	2033.526	2034.124	1337	0	599
2024.02.09	00:00:00	2033.939	2034.385	2031.935	2032.022	2398	0	199
2024.02.09	01:00:00	2032.023	2035.055	2032.011	2034.185	2779	0	200
2024.02.09	02:00:00	2034.168	2035.115	2033.968	2034.329	2359	0	199
2024.02.09	03:00:00	2034.328	2034.757	2032.932	2033.547	2305	0	199
2024.02.09	04:00:00	2033.575	2033.725	2032.322	2032.715	2155	0	199
2024.02.09	05:00:00	2032.717	2034.002	2032.112	2032.824	1903	0	200
2024.02.09	06:00:00	2032.821	2034.298	2032.259	2033.797	2113	0	199
2024.02.09	07:00:00	2033.797	2034.971	2032.847	2033.522	3244	0	199
2024.02.09	08:00:00	2033.521	2034.068	2030.494	2032.331	3997	0	199
2024.02.09	09:00:00	2032.312	2033.505	2031.073	2031.565	3661	0	199
2024.02.09	10:00:00	2031.565	2033.109	2030.952	2032.699	3499	0	199
2024.02.09	11:00:00	2032.745	2033.477	2031.461	2031.510	3366	0	199
2024.02.09	12:00:00	2031.517	2032.144	2028.504	2028.763	3795	0	199
2024.02.09	13:00:00	2028.768	2037.184	2025.529	2026.975	9722	0	199
2024.02.09	14:00:00	2026.929	2030.565	2022.998	2025.261	8455	0	199
2024.02.09	15:00:00	2025.209	2027.158	2021.784	2022.452	6403	0	199
2024.02.09	16:00:00	2022.461	2023.836	2020.237	2021.539	4951	0	199
2024.02.09	17:00:00	2021.482	2024.720	2021.149	2024.590	3820	0	199
2024.02.09	18:00:00	2024.537	2026.311	2022.781	2023.755	3702	0	199
2024.02.09	19:00:00	2023.707	2026.086	2023.305	2024.749	3032	0	199
2024.02.09	20:00:00	2024.739	2026.190	2023.805	2025.085	2982	0	199
2024.02.09	21:00:00	2025.084	2025.528	2023.891	2024.192	1770	0	199
2024.02.11	23:00:00	2026.346	2026.706	2024.402	2025.266	2166	0	199
2024.02.12	00:00:00	2025.416	2025.898	2024.897	2025.126	2092	0	199
2024.02.12	01:00:00	2025.124	2026.559	2023.442	2023.534	2504	0	199
2024.02.12	02:00:00	2023.490	2023.870	2022.169	2022.406	2408	0	200
2024.02.12	03:00:00	2022.382	2023.036	2021.813	2022.857	2221	0	200
2024.02.12	04:00:00	2022.879	2024.137	2022.502	2023.128	1840	0	199
2024.02.12	05:00:00	2023.136	2024.002	2022.846	2023.765	1938	0	199
2024.02.12	06:00:00	2023.765	2024.685	2023.511	2024.192	2001	0	200
2024.02.12	07:00:00	2024.205	2026.403	2023.041	2025.500	3240	0	199
2024.02.12	08:00:00	2025.449	2027.257	2023.532	2023.684	3941	0	199
2024.02.12	09:00:00	2023.637	2023.865	2020.344	2020.753	3654	0	200
2024.02.12	10:00:00	2020.754	2021.194	2019.916	2020.910	3230	0	199
2024.02.12	11:00:00	2020.947	2022.520	2020.168	2021.704	3339	0	199
2024.02.12	12:00:00	2021.691	2022.298	2020.520	2021.333	3376	0	199
2024.02.12	13:00:00	2021.346	2027.539	2018.526	2019.035	6280	0	199
2024.02.12	14:00:00	2019.081	2020.324	2013.149	2014.935	7251	0	199
2024.02.12	15:00:00	2014.905	2016.968	2012.031	2013.133	5627	0	199
2024.02.12	16:00:00	2013.202	2016.362	2011.843	2015.834	4845	0	199
2024.02.12	17:00:00	2015.884	2020.159	2015.549	2019.300	4274	0	199
2024.02.12	18:00:00	2019.351	2021.538	2017.781	2021.468	4032	0	199
2024.02.12	19:00:00	2021.442	2021.558	2018.545	2019.158	3498	0	199
2024.02.12	20:00:00	2019.098	2020.519	2018.835	2020.073	3111	0	200
2024.02.12	21:00:00	2020.115	2020.477	2019.614	2019.873	1558	0	200
2024.02.12	23:00:00	2019.020	2019.323	2018.282	2018.650	1374	0	599
2024.02.13	00:00:00	2018.601	2019.539	2018.236	2019.417	2338	0	199
2024.02.13	01:00:00	2019.447	2021.189	2019.417	2020.253	2407	0	199
2024.02.13	02:00:00	2020.295	2020.334	2018.905	2018.937	2447	0	199
2024.02.13	03:00:00	2018.937	2019.134	2016.808	2018.524	2445	0	199
2024.02.13	04:00:00	2018.479	2019.561	2018.324	2018.984	2052	0	199
2024.02.13	05:00:00	2019.031	2021.598	2019.003	2020.656	2342	0	199
2024.02.13	06:00:00	2020.714	2024.037	2020.635	2023.640	2488	0	199
2024.02.13	07:00:00	2023.639	2025.791	2023.378	2025.154	3504	0	199
2024.02.13	08:00:00	2025.203	2026.256	2024.415	2026.028	3606	0	199
2024.02.13	09:00:00	2025.985	2026.896	2025.082	2026.613	3342	0	199
2024.02.13	10:00:00	2026.602	2027.999	2025.970	2026.518	3181	0	199
2024.02.13	11:00:00	2026.542	2029.293	2026.058	2027.665	3495	0	199
2024.02.13	12:00:00	2027.713	2028.971	2027.328	2028.273	3544	0	200
2024.02.13	13:00:00	2028.218	2032.306	2002.941	2004.329	13944	0	199
2024.02.13	14:00:00	2004.306	2005.892	1992.451	1995.700	13435	0	199
2024.02.13	15:00:00	1995.728	1995.891	1989.965	1992.239	9315	0	199
2024.02.13	16:00:00	1992.280	1997.775	1991.887	1994.822	6163	0	199
2024.02.13	17:00:00	1994.798	1995.968	1992.737	1993.561	4300	0	199
2024.02.13	18:00:00	1993.617	1995.719	1993.076	1993.442	4116	0	199
2024.02.13	19:00:00	1993.447	1993.762	1991.186	1991.754	3501	0	199
2024.02.13	20:00:00	1991.715	1993.611	1991.192	1992.651	3337	0	199
2024.02.13	21:00:00	1992.682	1993.561	1992.158	1992.957	2124	0	199
2024.02.13	23:00:00	1992.724	1992.952	1990.404	1991.193	1729	0	599
2024.02.14	00:00:00	1991.332	1993.235	1990.757	1992.620	2650	0	199
2024.02.14	01:00:00	1992.629	1992.868	1988.795	1992.774	3539	0	199
2024.02.14	02:00:00	1992.823	1993.560	1991.097	1992.158	2978	0	199
2024.02.14	03:00:00	1992.167	1993.008	1991.208	1992.464	2505	0	200
2024.02.14	04:00:00	1992.459	1992.860	1991.945	1992.366	2373	0	199
2024.02.14	05:00:00	1992.364	1993.301	1992.077	1992.908	2298	0	200
2024.02.14	06:00:00	1992.907	1992.937	1990.937	1992.274	2487	0	199
2024.02.14	07:00:00	1992.279	1993.029	1989.276	1989.439	4090	0	199
2024.02.14	08:00:00	1989.499	1990.574	1985.958	1988.489	5081	0	199
2024.02.14	09:00:00	1988.527	1991.534	1988.309	1991.153	4104	0	199
2024.02.14	10:00:00	1991.152	1993.379	1990.021	1992.841	3747	0	199
2024.02.14	11:00:00	1992.861	1993.276	1990.606	1992.200	3885	0	199
2024.02.14	12:00:00	1992.232	1993.185	1989.507	1990.273	3810	0	199
2024.02.14	13:00:00	1990.274	1993.174	1988.651	1989.160	6518	0	199
2024.02.14	14:00:00	1989.144	1992.231	1986.161	1987.449	7975	0	199
2024.02.14	15:00:00	1987.480	1988.959	1984.121	1987.847	7457	0	199
2024.02.14	16:00:00	1987.897	1993.582	1987.388	1993.088	6315	0	199
2024.02.14	17:00:00	1993.040	1995.244	1990.705	1994.315	5111	0	199
2024.02.14	18:00:00	1994.366	1996.040	1991.064	1991.639	4636	0	199
2024.02.14	19:00:00	1991.648	1992.037	1989.687	1991.657	3360	0	199
2024.02.14	20:00:00	1991.667	1991.793	1989.558	1991.029	3093	0	199
2024.02.14	21:00:00	1990.980	1992.914	1990.361	1992.158	1981	0	199
2024.02.14	23:00:00	1992.406	1994.909	1991.885	1993.452	1606	0	599
2024.02.15	00:00:00	1993.441	1994.281	1992.547	1993.634	2810	0	199
2024.02.15	01:00:00	1993.588	1994.282	1992.265	1992.570	2928	0	200
2024.02.15	02:00:00	1992.519	1993.462	1992.084	1993.129	2428	0	199
2024.02.15	03:00:00	1993.090	1993.294	1990.170	1990.753	2335	0	199
2024.02.15	04:00:00	1990.755	1992.083	1990.408	1991.973	2050	0	199
2024.02.15	05:00:00	1991.983	1992.877	1991.714	1991.866	2074	0	200
2024.02.15	06:00:00	1991.883	1993.327	1991.559	1993.211	2566	0	199
2024.02.15	07:00:00	1993.155	1994.595	1992.162	1993.726	3551	0	200
2024.02.15	08:00:00	1993.680	1995.976	1993.430	1995.202	3844	0	199
2024.02.15	09:00:00	1995.229	1996.832	1993.811	1996.354	3301	0	199
2024.02.15	10:00:00	1996.307	1997.928	1995.688	1995.971	3421	0	199
2024.02.15	11:00:00	1995.978	1998.105	1995.747	1997.473	3407	0	199
2024.02.15	12:00:00	1997.449	1999.041	1996.380	1997.897	3800	0	199
2024.02.15	13:00:00	1997.949	2004.309	1995.620	2003.872	9481	0	199
2024.02.15	14:00:00	2003.813	2008.228	2001.489	2003.756	8884	0	199
2024.02.15	15:00:00	2003.747	2008.073	1999.793	2000.804	7822	0	199
2024.02.15	16:00:00	2000.747	2001.462	1998.373	2000.111	5461	0	199
2024.02.15	17:00:00	2000.111	2004.551	2000.013	2003.607	4207	0	199
2024.02.15	18:00:00	2003.576	2004.879	2002.726	2004.474	4006	0	199
2024.02.15	19:00:00	2004.495	2006.405	2003.637	2005.009	3465	0	199
2024.02.15	20:00:00	2004.990	2005.061	2003.496	2004.303	3190	0	199
2024.02.15	21:00:00	2004.308	2004.628	2003.888	2004.248	1568	0	199
2024.02.15	23:00:00	2004.358	2004.579	2003.150	2003.155	1330	0	599
2024.02.16	00:00:00	2003.095	2003.663	2002.340	2002.583	2320	0	199
2024.02.16	01:00:00	2002.628	2005.598	2002.368	2005.477	2818	0	199
2024.02.16	02:00:00	2005.474	2005.617	2004.027	2004.455	2583	0	199
2024.02.16	03:00:00	2004.448	2004.806	2003.371	2004.266	2434	0	200
2024.02.16	04:00:00	2004.264	2004.337	2003.238	2003.631	2523	0	200
2024.02.16	05:00:00	2003.630	2004.703	2003.319	2004.441	2287	0	199
2024.02.16	06:00:00	2004.431	2004.664	2002.724	2003.682	2650	0	199
2024.02.16	07:00:00	2003.683	2006.434	2003.306	2005.149	3235	0	199
2024.02.16	08:00:00	2005.188	2005.694	2003.866	2004.857	3675	0	199
2024.02.16	09:00:00	2004.855	2006.426	2004.206	2005.032	3244	0	199
2024.02.16	10:00:00	2005.047	2007.459	2004.669	2007.142	3205	0	200
2024.02.16	11:00:00	2007.087	2007.772	2006.222	2007.238	3175	0	199
2024.02.16	12:00:00	2007.249	2008.047	2006.382	2006.792	3430	0	199
2024.02.16	13:00:00	2006.796	2006.956	1995.070	2001.458	9928	0	199
2024.02.16	14:00:00	2001.501	2003.343	1995.274	1998.050	9098	0	199
2024.02.16	15:00:00	1997.778	2011.000	1997.290	2007.891	9684	0	199
2024.02.16	16:00:00	2007.923	2010.914	2007.129	2009.170	5503	0	199
2024.02.16	17:00:00	2009.121	2014.431	2008.713	2013.254	4562	0	199
2024.02.16	18:00:00	2013.279	2015.082	2011.087	2013.796	4472	0	199
2024.02.16	19:00:00	2013.839	2015.123	2011.699	2012.579	3497	0	199
2024.02.16	20:00:00	2012.598	2013.038	2011.207	2011.851	3380	0	199
2024.02.16	21:00:00	2011.904	2013.992	2011.904	2013.269	1922	0	199
2024.02.18	23:00:00	2012.706	2019.066	1997.784	2010.604	4241	0	199
2024.02.19	00:00:00	2012.793	2020.075	2009.184	2018.711	3290	0	199
2024.02.19	01:00:00	2018.779	2020.762	2016.379	2019.706	5311	0	199
2024.02.19	02:00:00	2019.695	2022.861	2018.525	2022.261	3269	0	200
2024.02.19	03:00:00	2022.265	2022.338	2019.264	2019.845	2741	0	199
2024.02.19	04:00:00	2019.888	2019.932	2018.214	2019.025	2539	0	199
2024.02.19	05:00:00	2019.020	2021.407	2018.485	2020.703	3044	0	199
2024.02.19	06:00:00	2020.698	2022.514	2020.349	2021.381	2898	0	199
2024.02.19	07:00:00	2021.331	2022.957	2019.718	2020.878	3285	0	199
2024.02.19	08:00:00	2020.903	2021.224	2018.961	2020.134	3898	0	199
2024.02.19	09:00:00	2020.189	2020.699	2019.214	2020.067	3540	0	199
2024.02.19	10:00:00	2020.022	2020.588	2018.197	2018.863	3233	0	199
2024.02.19	11:00:00	2018.864	2019.565	2018.242	2018.365	3291	0	199
2024.02.19	12:00:00	2018.413	2019.044	2015.905	2016.703	3503	0	199
2024.02.19	13:00:00	2016.691	2019.301	2016.471	2016.842	4084	0	199
2024.02.19	14:00:00	2016.851	2017.668	2015.868	2017.273	3486	0	199
2024.02.19	15:00:00	2017.261	2017.590	2014.678	2014.887	3485	0	199
2024.02.19	16:00:00	2014.875	2016.615	2013.224	2016.220	3036	0	200
2024.02.19	17:00:00	2016.232	2018.504	2015.940	2017.261	2217	0	199
2024.02.19	18:00:00	2017.274	2018.431	2016.817	2017.555	1306	0	199
2024.02.19	19:00:00	2017.606	2018.020	2017.606	2017.878	254	0	200
2024.02.19	23:00:00	2017.244	2017.369	2015.513	2016.206	1686	0	599
2024.02.20	00:00:00	2015.981	2016.763	2014.956	2016.134	2597	0	199
2024.02.20	01:00:00	2016.132	2019.132	2015.200	2016.934	3457	0	199
2024.02.20	02:00:00	2016.936	2018.257	2016.742	2017.603	2815	0	199
2024.02.20	03:00:00	2017.627	2018.714	2016.972	2018.270	2555	0	199
2024.02.20	04:00:00	2018.285	2019.679	2018.143	2019.428	1991	0	200
2024.02.20	05:00:00	2019.444	2019.497	2017.724	2018.526	2499	0	199
2024.02.20	06:00:00	2018.522	2020.780	2017.728	2019.421	2752	0	199
2024.02.20	07:00:00	2019.409	2022.861	2018.925	2021.441	3458	0	199
2024.02.20	08:00:00	2021.394	2022.943	2020.736	2022.742	4073	0	199
2024.02.20	09:00:00	2022.694	2025.152	2022.491	2023.962	3977	0	199
2024.02.20	10:00:00	2023.998	2027.559	2023.439	2026.129	3977	0	199
2024.02.20	11:00:00	2026.152	2027.348	2025.240	2026.866	4176	0	199
2024.02.20	12:00:00	2026.868	2027.993	2026.206	2026.566	3811	0	199
2024.02.20	13:00:00	2026.561	2030.753	2026.055	2029.996	5483	0	199
2024.02.20	14:00:00	2030.027	2030.814	2025.434	2028.118	6509	0	199
2024.02.20	15:00:00	2028.070	2029.966	2025.760	2027.378	5629	0	199
2024.02.20	16:00:00	2027.357	2028.208	2025.973	2026.877	4262	0	199
2024.02.20	17:00:00	2026.900	2028.692	2025.566	2028.623	3715	0	199
2024.02.20	18:00:00	2028.624	2028.873	2026.752	2027.203	3344	0	199
2024.02.20	19:00:00	2027.207	2027.647	2024.755	2025.106	3008	0	199
2024.02.20	20:00:00	2025.151	2025.192	2023.518	2024.310	3184	0	200
2024.02.20	21:00:00	2024.357	2024.711	2023.573	2024.074	1569	0	199
2024.02.20	23:00:00	2023.834	2024.697	2023.595	2024.128	1525	0	599
2024.02.21	00:00:00	2024.048	2024.219	2022.865	2023.547	2164	0	200
2024.02.21	01:00:00	2023.557	2026.052	2023.295	2025.355	2996	0	199
2024.02.21	02:00:00	2025.342	2029.125	2025.288	2027.837	3267	0	199
2024.02.21	03:00:00	2027.840	2030.833	2027.707	2030.424	2710	0	199
2024.02.21	04:00:00	2030.425	2031.257	2030.095	2030.794	2392	0	200
2024.02.21	05:00:00	2030.841	2032.234	2029.410	2030.933	2913	0	199
2024.02.21	06:00:00	2030.974	2031.239	2029.182	2029.905	2957	0	199
2024.02.21	07:00:00	2029.856	2030.571	2028.339	2028.792	3209	0	199
2024.02.21	08:00:00	2028.780	2029.228	2026.199	2026.591	3791	0	199
2024.02.21	09:00:00	2026.523	2028.687	2025.914	2028.086	3585	0	199
2024.02.21	10:00:00	2028.051	2030.086	2027.844	2029.856	3237	0	199
2024.02.21	11:00:00	2029.866	2029.993	2027.343	2028.243	3178	0	199
2024.02.21	12:00:00	2028.245	2030.046	2027.916	2029.381	3513	0	199
2024.02.21	13:00:00	2029.334	2031.518	2027.589	2028.710	4924	0	199
2024.02.21	14:00:00	2028.697	2030.288	2026.943	2027.540	5631	0	199
2024.02.21	15:00:00	2027.469	2030.248	2024.041	2024.149	5485	0	199
2024.02.21	16:00:00	2024.197	2025.790	2023.201	2023.919	4771	0	199
2024.02.21	17:00:00	2023.923	2024.479	2021.445	2024.116	3968	0	199
2024.02.21	18:00:00	2024.130	2024.694	2021.421	2021.905	4705	0	199
2024.02.21	19:00:00	2021.936	2026.467	2020.006	2025.928	5288	0	199
2024.02.21	20:00:00	2025.938	2026.964	2024.072	2024.397	3491	0	199
2024.02.21	21:00:00	2024.444	2025.945	2023.908	2025.945	2685	0	199
2024.02.21	23:00:00	2025.567	2026.463	2024.836	2025.566	1711	0	599
2024.02.22	00:00:00	2025.483	2026.734	2025.018	2026.399	2506	0	200
2024.02.22	01:00:00	2026.398	2028.529	2026.192	2027.043	3598	0	199
2024.02.22	02:00:00	2027.026	2028.315	2026.494	2027.757	2994	0	199
2024.02.22	03:00:00	2027.788	2028.234	2026.069	2026.290	2217	0	199
2024.02.22	04:00:00	2026.297	2028.908	2025.478	2028.783	2477	0	199
2024.02.22	05:00:00	2028.828	2029.948	2028.192	2028.379	2679	0	199
2024.02.22	06:00:00	2028.387	2030.527	2028.266	2029.240	2724	0	200
2024.02.22	07:00:00	2029.273	2032.007	2028.856	2031.396	3503	0	199
2024.02.22	08:00:00	2031.395	2034.833	2031.319	2033.153	5000	0	199
2024.02.22	09:00:00	2033.150	2033.150	2028.513	2030.241	4211	0	199
2024.02.22	10:00:00	2030.247	2031.195	2029.112	2029.403	3576	0	199
2024.02.22	11:00:00	2029.450	2029.800	2027.245	2028.937	3656	0	199
2024.02.22	12:00:00	2028.930	2029.847	2027.625	2028.214	3914	0	199
2024.02.22	13:00:00	2028.167	2028.569	2022.985	2025.564	7397	0	199
2024.02.22	14:00:00	2025.538	2026.715	2021.855	2024.880	8426	0	199
2024.02.22	15:00:00	2024.888	2025.375	2020.183	2023.305	7237	0	199
2024.02.22	16:00:00	2023.312	2024.258	2019.729	2020.914	4589	0	199
2024.02.22	17:00:00	2020.933	2024.643	2020.218	2022.898	4143	0	199
2024.02.22	18:00:00	2022.946	2023.220	2019.547	2022.605	4068	0	199
2024.02.22	19:00:00	2022.652	2023.562	2022.108	2022.983	3288	0	200
2024.02.22	20:00:00	2023.009	2024.701	2022.501	2024.615	3234	0	199
2024.02.22	21:00:00	2024.562	2024.985	2023.962	2024.704	1747	0	199
2024.02.22	23:00:00	2024.154	2025.799	2023.871	2024.681	1798	0	599
2024.02.23	00:00:00	2024.524	2026.042	2022.729	2024.519	2715	0	199
2024.02.23	01:00:00	2024.530	2027.214	2024.335	2026.785	3198	0	199
2024.02.23	02:00:00	2026.790	2027.338	2024.250	2024.328	2689	0	199
2024.02.23	03:00:00	2024.318	2026.282	2024.015	2025.688	2644	0	199
2024.02.23	04:00:00	2025.686	2026.429	2025.649	2025.986	1667	0	200
2024.02.23	05:00:00	2025.985	2026.134	2022.154	2022.418	2609	0	199
2024.02.23	06:00:00	2022.374	2022.663	2018.141	2020.825	3336	0	199
2024.02.23	07:00:00	2020.877	2022.429	2019.506	2021.802	3471	0	199
2024.02.23	08:00:00	2021.803	2022.579	2018.363	2019.456	4394	0	199
2024.02.23	09:00:00	2019.441	2019.860	2016.002	2016.715	3854	0	199
2024.02.23	10:00:00	2016.725	2023.288	2016.524	2022.816	3935	0	199
2024.02.23	11:00:00	2022.785	2023.934	2022.007	2023.792	3814	0	199
2024.02.23	12:00:00	2023.804	2028.854	2023.042	2028.024	4715	0	199
2024.02.23	13:00:00	2028.054	2029.162	2024.483	2025.361	5582	0	199
2024.02.23	14:00:00	2025.341	2028.619	2024.155	2027.574	6169	0	199
2024.02.23	15:00:00	2027.538	2031.128	2025.688	2030.038	6184	0	199
2024.02.23	16:00:00	2030.088	2038.568	2030.088	2038.292	6367	0	199
2024.02.23	17:00:00	2038.338	2039.785	2036.417	2037.781	4676	0	199
2024.02.23	18:00:00	2037.786	2041.349	2037.408	2040.397	4204	0	199
2024.02.23	19:00:00	2040.394	2040.418	2036.850	2037.302	3490	0	199
2024.02.23	20:00:00	2037.300	2037.472	2035.669	2036.549	3279	0	200
2024.02.23	21:00:00	2036.514	2036.532	2035.093	2035.524	1941	0	200
2024.02.25	23:00:00	2033.240	2034.939	2033.178	2034.224	2097	0	200
2024.02.26	00:00:00	2033.996	2034.105	2029.917	2030.322	3227	0	199
2024.02.26	01:00:00	2030.368	2033.985	2029.892	2031.218	3552	0	199
2024.02.26	02:00:00	2031.233	2031.892	2030.556	2030.863	2740	0	199
2024.02.26	03:00:00	2030.870	2032.464	2030.611	2032.441	2334	0	199
2024.02.26	04:00:00	2032.439	2032.860	2032.016	2032.183	2164	0	199
2024.02.26	05:00:00	2032.180	2034.254	2032.105	2033.057	2690	0	199
2024.02.26	06:00:00	2033.015	2033.879	2031.809	2032.701	2626	0	199
2024.02.26	07:00:00	2032.721	2035.305	2032.351	2035.010	3552	0	199
2024.02.26	08:00:00	2034.961	2037.019	2033.605	2034.003	4329	0	199
2024.02.26	09:00:00	2033.951	2034.390	2032.195	2033.023	3838	0	199
2024.02.26	10:00:00	2033.022	2035.396	2031.673	2032.209	3928	0	199
2024.02.26	11:00:00	2032.229	2032.956	2030.805	2030.891	3864	0	199
2024.02.26	12:00:00	2030.940	2034.100	2030.656	2032.787	3860	0	199
2024.02.26	13:00:00	2032.741	2034.408	2031.653	2032.651	4768	0	199
2024.02.26	14:00:00	2032.693	2032.882	2025.626	2027.542	5941	0	199
2024.02.26	15:00:00	2027.554	2030.049	2024.999	2029.105	5101	0	199
2024.02.26	16:00:00	2029.044	2029.391	2026.544	2027.758	4591	0	199
2024.02.26	17:00:00	2027.755	2028.818	2026.476	2028.668	3640	0	199
2024.02.26	18:00:00	2028.673	2030.066	2028.137	2029.280	3860	0	199
2024.02.26	19:00:00	2029.299	2030.139	2028.544	2029.676	3201	0	199
2024.02.26	20:00:00	2029.642	2033.664	2029.642	2032.320	3265	0	199
2024.02.26	21:00:00	2032.283	2032.283	2030.832	2031.207	1581	0	199
2024.02.26	23:00:00	2031.052	2031.415	2030.368	2031.073	1411	0	599
2024.02.27	00:00:00	2030.986	2032.471	2030.986	2031.444	2351	0	199
2024.02.27	01:00:00	2031.470	2033.735	2031.204	2033.549	2856	0	199
2024.02.27	02:00:00	2033.584	2034.526	2032.532	2032.708	2506	0	199
2024.02.27	03:00:00	2032.709	2033.428	2032.312	2033.372	2086	0	199
2024.02.27	04:00:00	2033.365	2034.540	2033.363	2033.715	1956	0	199
2024.02.27	05:00:00	2033.706	2033.960	2032.774	2033.583	2508	0	200
2024.02.27	06:00:00	2033.580	2034.948	2033.204	2033.460	2569	0	199
2024.02.27	07:00:00	2033.461	2036.180	2033.211	2035.386	3174	0	199
2024.02.27	08:00:00	2035.381	2039.471	2034.573	2038.055	4011	0	199
2024.02.27	09:00:00	2038.027	2038.120	2035.309	2036.570	3629	0	199
2024.02.27	10:00:00	2036.572	2036.702	2034.602	2036.396	3680	0	199
2024.02.27	11:00:00	2036.446	2038.738	2035.490	2038.172	3517	0	199
2024.02.27	12:00:00	2038.182	2039.095	2037.097	2038.223	3960	0	199
2024.02.27	13:00:00	2038.275	2038.646	2035.186	2035.461	5068	0	199
2024.02.27	14:00:00	2035.418	2036.527	2033.537	2034.916	5596	0	199
2024.02.27	15:00:00	2034.976	2037.090	2032.960	2033.746	5665	0	199
2024.02.27	16:00:00	2033.794	2034.256	2031.729	2033.089	4343	0	199
2024.02.27	17:00:00	2033.093	2033.093	2029.678	2032.209	3775	0	199
2024.02.27	18:00:00	2032.203	2036.025	2031.893	2032.385	4275	0	199
2024.02.27	19:00:00	2032.350	2032.440	2029.355	2030.211	3339	0	199
2024.02.27	20:00:00	2030.213	2030.335	2028.690	2030.161	2956	0	200
2024.02.27	21:00:00	2030.202	2030.561	2029.798	2030.387	1526	0	199
2024.02.27	23:00:00	2030.074	2030.730	2029.428	2030.090	1257	0	599
2024.02.28	00:00:00	2029.968	2031.226	2029.099	2030.772	2462	0	199
2024.02.28	01:00:00	2030.755	2033.694	2029.704	2033.360	3166	0	199
2024.02.28	02:00:00	2033.371	2033.581	2030.462	2031.026	2764	0	199
2024.02.28	03:00:00	2031.041	2031.775	2029.813	2030.935	2676	0	199
2024.02.28	04:00:00	2030.937	2031.150	2029.784	2030.259	2254	0	199
2024.02.28	05:00:00	2030.257	2031.089	2029.982	2030.908	2206	0	200
2024.02.28	06:00:00	2030.934	2032.023	2028.610	2029.332	2684	0	199
2024.02.28	07:00:00	2029.330	2029.339	2027.816	2028.121	3301	0	199
2024.02.28	08:00:00	2028.166	2029.237	2026.657	2026.815	3695	0	199
2024.02.28	09:00:00	2026.807	2027.370	2024.835	2024.850	3817	0	199
2024.02.28	10:00:00	2024.857	2027.520	2024.468	2027.284	3851	0	199
2024.02.28	11:00:00	2027.280	2027.861	2026.651	2027.255	3530	0	199
2024.02.28	12:00:00	2027.202	2030.373	2026.853	2029.520	3652	0	200
2024.02.28	13:00:00	2029.526	2036.095	2029.074	2035.780	6444	0	199
2024.02.28	14:00:00	2035.779	2037.897	2031.046	2031.780	5698	0	199
2024.02.28	15:00:00	2031.744	2034.017	2030.381	2031.788	4689	0	199
2024.02.28	16:00:00	2031.759	2034.027	2031.714	2033.548	4106	0	199
2024.02.28	17:00:00	2033.548	2035.525	2032.289	2033.761	3749	0	199
2024.02.28	18:00:00	2033.756	2034.806	2031.400	2031.570	3483	0	199
2024.02.28	19:00:00	2031.555	2032.340	2030.832	2032.089	3244	0	199
2024.02.28	20:00:00	2032.139	2034.162	2032.053	2033.740	3056	0	200
2024.02.28	21:00:00	2033.762	2035.258	2032.996	2033.845	1617	0	199
2024.02.28	23:00:00	2034.519	2035.415	2034.300	2034.303	1369	0	599
2024.02.29	00:00:00	2034.378	2035.511	2033.936	2034.202	2129	0	200
2024.02.29	01:00:00	2034.172	2036.548	2034.155	2036.378	3032	0	199
2024.02.29	02:00:00	2036.396	2037.035	2035.448	2036.503	3076	0	199
2024.02.29	03:00:00	2036.516	2036.710	2035.182	2036.541	2339	0	200
2024.02.29	04:00:00	2036.541	2036.562	2035.026	2035.171	2019	0	199
2024.02.29	05:00:00	2035.218	2035.905	2034.372	2035.582	2505	0	200
2024.02.29	06:00:00	2035.584	2037.005	2035.400	2036.781	2550	0	199
2024.02.29	07:00:00	2036.807	2037.839	2035.887	2037.235	3303	0	199
2024.02.29	08:00:00	2037.172	2037.445	2035.492	2037.128	3785	0	199
2024.02.29	09:00:00	2037.191	2037.419	2033.970	2034.527	3871	0	199
2024.02.29	10:00:00	2034.540	2034.802	2030.476	2030.815	3780	0	199
2024.02.29	11:00:00	2030.801	2031.762	2028.799	2030.229	3825	0	199
2024.02.29	12:00:00	2030.240	2030.589	2028.063	2030.175	3748	0	199
2024.02.29	13:00:00	2030.171	2048.651	2030.143	2047.532	10965	0	199
2024.02.29	14:00:00	2047.565	2050.317	2045.888	2047.738	7731	0	199
2024.02.29	15:00:00	2047.781	2050.662	2046.491	2048.068	6632	0	199
2024.02.29	16:00:00	2048.098	2048.347	2043.690	2044.930	5282	0	199
2024.02.29	17:00:00	2044.885	2045.937	2043.270	2045.620	4160	0	199
2024.02.29	18:00:00	2045.568	2046.759	2044.983	2046.201	4087	0	199
2024.02.29	19:00:00	2046.199	2046.855	2043.992	2044.477	3487	0	199
2024.02.29	20:00:00	2044.420	2045.419	2043.726	2044.019	3172	0	199
2024.02.29	21:00:00	2044.073	2044.223	2042.834	2043.740	1789	0	199
2024.02.29	23:00:00	2043.955	2044.148	2042.758	2043.980	1538	0	599
2024.03.01	00:00:00	2044.067	2044.222	2042.768	2043.710	2375	0	199
2024.03.01	01:00:00	2043.759	2044.703	2043.007	2044.291	2607	0	199
2024.03.01	02:00:00	2044.302	2045.861	2044.026	2045.379	2495	0	199
2024.03.01	03:00:00	2045.382	2046.789	2045.228	2046.518	2400	0	200
2024.03.01	04:00:00	2046.518	2046.518	2045.197	2045.458	1662	0	199
2024.03.01	05:00:00	2045.469	2045.640	2043.405	2044.994	2541	0	199
2024.03.01	06:00:00	2045.039	2048.114	2044.802	2046.736	2797	0	199
2024.03.01	07:00:00	2046.727	2048.759	2045.224	2045.396	3552	0	199
2024.03.01	08:00:00	2045.460	2045.648	2039.039	2039.860	4453	0	199
2024.03.01	09:00:00	2039.812	2047.561	2039.392	2046.283	4692	0	199
2024.03.01	10:00:00	2046.256	2055.046	2045.852	2054.797	5074	0	199
2024.03.01	11:00:00	2054.791	2057.450	2053.819	2055.325	4297	0	199
2024.03.01	12:00:00	2055.324	2056.976	2052.225	2052.393	4217	0	199
2024.03.01	13:00:00	2052.437	2054.536	2050.071	2051.553	6231	0	199
2024.03.01	14:00:00	2051.605	2056.600	2045.579	2046.546	7504	0	199
2024.03.01	15:00:00	2046.635	2070.928	2046.635	2069.182	12389	0	199
2024.03.01	16:00:00	2069.211	2081.988	2069.211	2081.054	7669	0	199
2024.03.01	17:00:00	2081.005	2085.675	2079.895	2084.750	6625	0	199
2024.03.01	18:00:00	2084.768	2088.312	2082.200	2085.658	5487	0	199
2024.03.01	19:00:00	2085.636	2086.686	2084.711	2085.252	4224	0	199
2024.03.01	20:00:00	2085.223	2085.344	2082.983	2083.530	3502	0	200
2024.03.01	21:00:00	2083.499	2084.013	2082.845	2083.315	2029	0	199
2024.03.03	23:00:00	2082.522	2086.160	2082.522	2083.440	2898	0	199
2024.03.04	00:00:00	2083.593	2084.346	2082.168	2082.571	3202	0	199
2024.03.04	01:00:00	2082.615	2082.935	2079.418	2080.266	3601	0	199
2024.03.04	02:00:00	2080.230	2083.470	2079.819	2081.506	3186	0	200
2024.03.04	03:00:00	2081.500	2081.952	2080.313	2081.364	2530	0	199
2024.03.04	04:00:00	2081.367	2081.534	2080.244	2080.744	1935	0	199
2024.03.04	05:00:00	2080.697	2082.258	2080.427	2081.513	2313	0	200
2024.03.04	06:00:00	2081.516	2083.905	2081.053	2083.456	3127	0	199
2024.03.04	07:00:00	2083.453	2088.256	2083.453	2087.334	3696	0	199
2024.03.04	08:00:00	2087.374	2087.438	2083.463	2083.908	4433	0	199
2024.03.04	09:00:00	2083.918	2086.184	2083.121	2085.151	3968	0	199
2024.03.04	10:00:00	2085.136	2085.789	2082.573	2083.873	3696	0	199
2024.03.04	11:00:00	2083.901	2084.554	2081.795	2082.112	3620	0	199
2024.03.04	12:00:00	2082.105	2083.388	2081.817	2082.514	3569	0	199
2024.03.04	13:00:00	2082.516	2093.155	2081.094	2091.578	7074	0	199
2024.03.04	14:00:00	2091.621	2101.390	2090.392	2100.716	9174	0	199
2024.03.04	15:00:00	2100.682	2109.362	2097.493	2108.970	7390	0	199
2024.03.04	16:00:00	2108.934	2119.887	2107.591	2119.260	10119	0	199
2024.03.04	17:00:00	2119.293	2119.742	2113.891	2116.463	7023	0	199
2024.03.04	18:00:00	2116.432	2118.033	2113.522	2115.321	5098	0	199
2024.03.04	19:00:00	2115.318	2117.303	2113.296	2116.240	3928	0	199
2024.03.04	20:00:00	2116.249	2118.521	2115.359	2116.612	3675	0	199
2024.03.04	21:00:00	2116.677	2117.258	2114.317	2114.412	1815	0	200
2024.03.04	23:00:00	2114.101	2115.654	2113.392	2114.480	1607	0	599
2024.03.05	00:00:00	2114.340	2115.871	2114.151	2115.464	2738	0	199
2024.03.05	01:00:00	2115.469	2116.842	2110.404	2112.663	4504	0	199
2024.03.05	02:00:00	2112.647	2113.310	2111.381	2112.221	3155	0	199
2024.03.05	03:00:00	2112.217	2113.969	2111.217	2112.962	2762	0	199
2024.03.05	04:00:00	2112.983	2115.985	2112.602	2115.899	2612	0	199
2024.03.05	05:00:00	2115.847	2119.630	2115.299	2119.215	3465	0	199
2024.03.05	06:00:00	2119.214	2119.553	2115.276	2117.214	3726	0	199
2024.03.05	07:00:00	2117.183	2117.731	2113.907	2114.448	3859	0	199
2024.03.05	08:00:00	2114.495	2123.363	2114.455	2120.593	5391	0	199
2024.03.05	09:00:00	2120.647	2125.384	2118.950	2124.493	4857	0	199
2024.03.05	10:00:00	2124.479	2127.325	2123.284	2123.728	4368	0	199
2024.03.05	11:00:00	2123.731	2127.158	2122.536	2124.431	4622	0	199
2024.03.05	12:00:00	2124.436	2125.284	2121.091	2124.380	4643	0	199
2024.03.05	13:00:00	2124.416	2141.881	2122.371	2127.762	15236	0	199
2024.03.05	14:00:00	2127.774	2133.217	2124.181	2128.192	12399	0	199
2024.03.05	15:00:00	2128.227	2139.529	2123.684	2126.614	16365	0	199
2024.03.05	16:00:00	2126.575	2128.758	2123.638	2128.297	7875	0	199
2024.03.05	17:00:00	2128.289	2130.970	2127.495	2130.838	4833	0	199
2024.03.05	18:00:00	2130.832	2133.544	2129.534	2130.758	4892	0	199
2024.03.05	19:00:00	2130.791	2134.710	2129.500	2129.534	4591	0	199
2024.03.05	20:00:00	2129.486	2130.963	2128.405	2129.644	4074	0	199
2024.03.05	21:00:00	2129.589	2130.064	2127.008	2127.860	2171	0	199
2024.03.05	23:00:00	2127.461	2128.293	2126.656	2128.160	1505	0	599
2024.03.06	00:00:00	2127.777	2128.105	2126.044	2126.785	2925	0	199
2024.03.06	01:00:00	2126.815	2127.998	2125.054	2125.498	3594	0	199
2024.03.06	02:00:00	2125.483	2126.764	2123.858	2126.324	2883	0	199
2024.03.06	03:00:00	2126.323	2126.598	2123.607	2124.696	2678	0	199
2024.03.06	04:00:00	2124.715	2126.366	2124.715	2126.178	2225	0	199
2024.03.06	05:00:00	2126.131	2127.966	2125.174	2125.244	2773	0	199
2024.03.06	06:00:00	2125.234	2127.542	2124.842	2127.273	2945	0	199
2024.03.06	07:00:00	2127.311	2131.467	2126.987	2128.475	3870	0	199
2024.03.06	08:00:00	2128.430	2129.212	2124.299	2125.077	4865	0	199
2024.03.06	09:00:00	2125.042	2129.849	2124.740	2128.562	4084	0	199
2024.03.06	10:00:00	2128.576	2128.702	2124.617	2125.605	3994	0	199
2024.03.06	11:00:00	2125.600	2132.606	2125.528	2132.474	3883	0	199
2024.03.06	12:00:00	2132.519	2135.128	2130.948	2134.166	4267	0	199
2024.03.06	13:00:00	2134.106	2139.623	2131.408	2139.384	10501	0	199
2024.03.06	14:00:00	2139.417	2149.195	2135.602	2144.851	10273	0	199
2024.03.06	15:00:00	2144.816	2145.603	2131.847	2140.923	15364	0	199
2024.03.06	16:00:00	2140.890	2149.887	2140.361	2148.216	8701	0	199
2024.03.06	17:00:00	2148.250	2149.949	2141.838	2144.728	7309	0	199
2024.03.06	18:00:00	2144.726	2152.234	2143.930	2147.133	6963	0	199
2024.03.06	19:00:00	2147.137	2147.466	2139.385	2144.312	6572	0	199
2024.03.06	20:00:00	2144.257	2147.235	2143.114	2146.620	3768	0	199
2024.03.06	21:00:00	2146.567	2149.305	2144.452	2148.071	2734	0	199
2024.03.06	23:00:00	2147.824	2150.869	2145.819	2147.192	2322	0	599
2024.03.07	00:00:00	2146.851	2149.593	2146.851	2148.786	3839	0	199
2024.03.07	01:00:00	2148.830	2148.968	2144.185	2146.164	5227	0	199
2024.03.07	02:00:00	2146.214	2152.008	2145.607	2150.707	4612	0	199
2024.03.07	03:00:00	2150.651	2152.494	2149.623	2151.708	3294	0	199
2024.03.07	04:00:00	2151.719	2161.588	2151.660	2158.240	7081	0	199
2024.03.07	05:00:00	2158.204	2158.762	2154.343	2154.481	4842	0	199
2024.03.07	06:00:00	2154.440	2156.513	2151.532	2155.354	5450	0	199
2024.03.07	07:00:00	2155.402	2158.229	2152.178	2155.951	5397	0	199
2024.03.07	08:00:00	2156.003	2159.843	2154.406	2155.270	5326	0	199
2024.03.07	09:00:00	2155.283	2157.744	2154.273	2157.575	4727	0	199
2024.03.07	10:00:00	2157.626	2158.943	2156.061	2157.597	4361	0	199
2024.03.07	11:00:00	2157.600	2157.736	2153.256	2155.941	4758	0	199
2024.03.07	12:00:00	2155.949	2158.780	2153.867	2158.326	4596	0	199
2024.03.07	13:00:00	2158.294	2164.753	2157.318	2159.425	11446	0	199
2024.03.07	14:00:00	2159.451	2159.781	2147.866	2153.958	11572	0	199
2024.03.07	15:00:00	2153.909	2157.661	2151.630	2153.701	8990	0	199
2024.03.07	16:00:00	2153.693	2158.529	2149.223	2156.086	7846	0	199
2024.03.07	17:00:00	2156.123	2158.762	2155.230	2158.181	4925	0	199
2024.03.07	18:00:00	2158.146	2159.274	2156.065	2157.046	4286	0	199
2024.03.07	19:00:00	2157.089	2160.904	2156.120	2159.991	3683	0	199
2024.03.07	20:00:00	2159.945	2160.420	2157.946	2158.545	3622	0	199
2024.03.07	21:00:00	2158.575	2159.688	2158.238	2159.569	1878	0	199
2024.03.07	23:00:00	2158.643	2161.478	2158.542	2161.478	1850	0	599
2024.03.08	00:00:00	2161.641	2163.537	2159.679	2160.782	3342	0	199
2024.03.08	01:00:00	2160.797	2161.745	2157.649	2157.834	3536	0	199
2024.03.08	02:00:00	2157.842	2158.385	2154.874	2155.302	3547	0	199
2024.03.08	03:00:00	2155.305	2158.673	2153.945	2157.578	2990	0	199
2024.03.08	04:00:00	2157.576	2159.262	2156.318	2157.677	2596	0	199
2024.03.08	05:00:00	2157.722	2158.350	2156.370	2157.681	3030	0	199
2024.03.08	06:00:00	2157.681	2162.032	2156.392	2161.168	3588	0	199
2024.03.08	07:00:00	2161.123	2161.896	2159.021	2161.345	4411	0	199
2024.03.08	08:00:00	2161.298	2168.706	2161.056	2165.119	5426	0	199
2024.03.08	09:00:00	2165.170	2171.114	2164.540	2169.019	5342	0	199
2024.03.08	10:00:00	2169.068	2170.498	2166.596	2168.421	4516	0	199
2024.03.08	11:00:00	2168.443	2169.670	2166.243	2168.221	4130	0	199
2024.03.08	12:00:00	2168.225	2169.288	2165.905	2166.050	4061	0	199
2024.03.08	13:00:00	2165.987	2185.405	2156.377	2171.090	18791	0	199
2024.03.08	14:00:00	2171.059	2174.706	2163.712	2170.821	16735	0	199
2024.03.08	15:00:00	2170.876	2177.338	2167.780	2177.166	9470	0	199
2024.03.08	16:00:00	2177.206	2180.893	2172.194	2180.624	7380	0	199
2024.03.08	17:00:00	2180.687	2195.115	2180.687	2184.884	12834	0	199
2024.03.08	18:00:00	2184.852	2184.985	2173.832	2174.303	8420	0	199
2024.03.08	19:00:00	2174.351	2177.801	2168.278	2176.435	6644	0	199
2024.03.08	20:00:00	2176.465	2178.187	2175.649	2177.277	3941	0	199
2024.03.08	21:00:00	2177.230	2179.048	2176.842	2178.501	2114	0	200
2024.03.10	22:00:00	2179.559	2181.059	2177.125	2177.125	1973	0	200
2024.03.10	23:00:00	2177.113	2183.827	2177.113	2181.570	3771	0	199
2024.03.11	00:00:00	2181.590	2189.011	2179.437	2186.675	4564	0	199
2024.03.11	01:00:00	2186.724	2186.791	2178.903	2180.256	5744	0	199
2024.03.11	02:00:00	2180.250	2180.395	2176.858	2177.443	3708	0	199
2024.03.11	03:00:00	2177.390	2180.274	2176.944	2179.461	3324	0	199
2024.03.11	04:00:00	2179.468	2181.474	2179.468	2180.642	2570	0	199
2024.03.11	05:00:00	2180.636	2181.605	2176.783	2178.076	3707	0	199
2024.03.11	06:00:00	2178.117	2179.922	2177.216	2179.444	3641	0	199
2024.03.11	07:00:00	2179.456	2182.734	2177.959	2182.192	4296	0	199
2024.03.11	08:00:00	2182.239	2183.078	2176.573	2177.441	4938	0	199
2024.03.11	09:00:00	2177.414	2181.492	2175.792	2180.459	5019	0	199
2024.03.11	10:00:00	2180.426	2180.757	2176.807	2177.661	4031	0	199
2024.03.11	11:00:00	2177.673	2179.458	2176.418	2178.888	3861	0	199
2024.03.11	12:00:00	2178.924	2180.662	2176.370	2177.153	6333	0	199
2024.03.11	13:00:00	2177.127	2185.095	2174.694	2181.689	8563	0	199
2024.03.11	14:00:00	2181.663	2183.216	2175.378	2181.930	8169	0	199
2024.03.11	15:00:00	2181.945	2185.648	2180.004	2184.271	6207	0	199
2024.03.11	16:00:00	2184.290	2184.651	2178.543	2180.833	5080	0	199
2024.03.11	17:00:00	2180.869	2184.083	2178.204	2179.641	4973	0	199
2024.03.11	18:00:00	2179.696	2180.918	2177.092	2180.837	3930	0	199
2024.03.11	19:00:00	2180.795	2184.150	2180.598	2181.291	3819	0	199
2024.03.11	20:00:00	2181.326	2182.897	2181.009	2182.688	1874	0	200
2024.03.11	22:00:00	2181.477	2184.644	2180.559	2181.201	1758	0	599
2024.03.11	23:00:00	2181.130	2183.694	2181.130	2183.552	2774	0	199
2024.03.12	00:00:00	2183.551	2184.481	2180.235	2180.407	3006	0	199
2024.03.12	01:00:00	2180.450	2183.041	2179.956	2182.743	3485	0	199
2024.03.12	02:00:00	2182.742	2182.879	2178.590	2179.074	3522	0	199
2024.03.12	03:00:00	2179.021	2179.079	2176.763	2177.469	3137	0	199
2024.03.12	04:00:00	2177.472	2179.148	2177.160	2178.193	2428	0	200
2024.03.12	05:00:00	2178.189	2179.151	2174.136	2176.154	3465	0	199
2024.03.12	06:00:00	2176.106	2177.124	2173.539	2175.268	4224	0	199
2024.03.12	07:00:00	2175.291	2177.337	2174.680	2176.923	4173	0	199
2024.03.12	08:00:00	2176.882	2178.480	2175.993	2177.771	4066	0	199
2024.03.12	09:00:00	2177.806	2179.056	2176.315	2176.965	4160	0	199
2024.03.12	10:00:00	2176.943	2177.620	2175.395	2176.439	3761	0	199
2024.03.12	11:00:00	2176.408	2176.595	2170.563	2171.956	4826	0	199
2024.03.12	12:00:00	2171.934	2181.945	2160.871	2169.757	18528	0	199
2024.03.12	13:00:00	2169.713	2169.899	2156.146	2160.414	21154	0	199
2024.03.12	14:00:00	2160.466	2166.433	2152.574	2162.008	11452	0	199
2024.03.12	15:00:00	2161.970	2164.958	2157.557	2163.014	7604	0	199
2024.03.12	16:00:00	2163.011	2166.496	2161.453	2165.749	4830	0	199
2024.03.12	17:00:00	2165.744	2165.744	2154.757	2155.045	6046	0	199
2024.03.12	18:00:00	2155.000	2156.520	2152.887	2153.513	5016	0	199
2024.03.12	19:00:00	2153.509	2157.366	2150.468	2157.314	4082	0	199
2024.03.12	20:00:00	2157.299	2158.977	2156.114	2158.460	2069	0	199
2024.03.12	22:00:00	2158.076	2161.210	2155.910	2158.641	2888	0	599
2024.03.12	23:00:00	2158.634	2159.094	2155.753	2156.912	2870	0	199
2024.03.13	00:00:00	2156.907	2160.425	2156.534	2159.193	3392	0	199
2024.03.13	01:00:00	2159.224	2159.542	2157.293	2158.528	3762	0	199
2024.03.13	02:00:00	2158.581	2161.502	2157.365	2160.366	3364	0	199
2024.03.13	03:00:00	2160.371	2160.742	2157.438	2159.057	2968	0	199
2024.03.13	04:00:00	2159.056	2159.669	2157.221	2159.244	2653	0	199
2024.03.13	05:00:00	2159.249	2160.573	2158.648	2160.012	3202	0	199
2024.03.13	06:00:00	2159.968	2161.484	2158.369	2159.432	3438	0	199
2024.03.13	07:00:00	2159.411	2160.740	2158.501	2159.648	4079	0	199
2024.03.13	08:00:00	2159.689	2161.080	2157.862	2158.181	4288	0	199
2024.03.13	09:00:00	2158.132	2160.220	2157.505	2158.468	4289	0	199
2024.03.13	10:00:00	2158.444	2163.598	2158.063	2163.306	3937	0	199
2024.03.13	11:00:00	2163.290	2164.177	2161.504	2163.923	3988	0	199
2024.03.13	12:00:00	2163.922	2166.251	2162.119	2163.499	6557	0	199
2024.03.13	13:00:00	2163.543	2171.571	2161.375	2166.039	11363	0	199
2024.03.13	14:00:00	2166.068	2169.716	2163.427	2168.791	7292	0	199
2024.03.13	15:00:00	2168.751	2174.557	2168.160	2171.759	6993	0	199
2024.03.13	16:00:00	2171.710	2174.676	2169.554	2173.581	5902	0	199
2024.03.13	17:00:00	2173.561	2179.803	2173.153	2174.502	7092	0	199
2024.03.13	18:00:00	2174.513	2176.513	2174.252	2174.767	3936	0	199
2024.03.13	19:00:00	2174.780	2175.535	2171.677	2172.547	3671	0	199
2024.03.13	20:00:00	2172.496	2175.227	2172.271	2174.568	2468	0	199
2024.03.13	22:00:00	2174.128	2175.249	2173.521	2174.428	1334	0	599
2024.03.13	23:00:00	2174.448	2176.208	2174.448	2175.362	2083	0	199
2024.03.14	00:00:00	2175.448	2176.569	2173.983	2176.221	2751	0	199
2024.03.14	01:00:00	2176.280	2176.968	2173.190	2174.732	4093	0	199
2024.03.14	02:00:00	2174.703	2175.426	2172.556	2172.741	3233	0	199
2024.03.14	03:00:00	2172.695	2174.019	2171.097	2172.265	2908	0	199
2024.03.14	04:00:00	2172.254	2172.513	2170.975	2171.767	2231	0	200
2024.03.14	05:00:00	2171.767	2171.993	2168.644	2168.822	3193	0	199
2024.03.14	06:00:00	2168.868	2170.094	2167.407	2168.703	3845	0	199
2024.03.14	07:00:00	2168.705	2169.041	2167.466	2168.636	4006	0	199
2024.03.14	08:00:00	2168.579	2170.012	2168.116	2169.545	4082	0	199
2024.03.14	09:00:00	2169.552	2171.938	2167.888	2169.987	3978	0	199
2024.03.14	10:00:00	2170.046	2170.838	2168.042	2170.532	3787	0	199
2024.03.14	11:00:00	2170.558	2170.784	2167.099	2168.455	3715	0	199
2024.03.14	12:00:00	2168.496	2170.343	2160.368	2162.782	12196	0	199
2024.03.14	13:00:00	2162.714	2167.259	2158.572	2162.454	12558	0	199
2024.03.14	14:00:00	2162.388	2163.815	2157.679	2161.986	8044	0	199
2024.03.14	15:00:00	2161.940	2162.248	2152.696	2157.195	8595	0	199
2024.03.14	16:00:00	2157.186	2160.239	2156.630	2158.735	5395	0	199
2024.03.14	17:00:00	2158.726	2164.997	2158.016	2160.219	5083	0	199
2024.03.14	18:00:00	2160.263	2162.351	2160.187	2161.373	3756	0	199
2024.03.14	19:00:00	2161.418	2163.472	2160.629	2163.449	3400	0	199
2024.03.14	20:00:00	2163.519	2163.860	2161.696	2161.843	1928	0	199
2024.03.14	22:00:00	2161.673	2162.249	2161.144	2161.214	1143	0	599
2024.03.14	23:00:00	2161.169	2162.113	2160.825	2161.620	1848	0	200
2024.03.15	00:00:00	2161.697	2163.122	2160.589	2162.715	2876	0	199
2024.03.15	01:00:00	2162.713	2165.894	2162.315	2162.570	3796	0	199
2024.03.15	02:00:00	2162.606	2162.965	2161.575	2162.340	2928	0	199
2024.03.15	03:00:00	2162.332	2164.798	2161.725	2164.530	2828	0	199
2024.03.15	04:00:00	2164.532	2165.454	2163.813	2164.442	2269	0	200
2024.03.15	05:00:00	2164.500	2169.170	2163.471	2169.047	3730	0	200
2024.03.15	06:00:00	2169.038	2170.095	2167.137	2168.795	4303	0	199
2024.03.15	07:00:00	2168.831	2169.937	2166.639	2167.014	4342	0	199
2024.03.15	08:00:00	2167.058	2169.367	2165.260	2168.966	4794	0	199
2024.03.15	09:00:00	2168.968	2172.743	2167.473	2171.811	4196	0	199
2024.03.15	10:00:00	2171.808	2172.640	2168.570	2169.237	4188	0	200
2024.03.15	11:00:00	2169.290	2169.328	2166.101	2166.910	4109	0	199
2024.03.15	12:00:00	2166.893	2167.296	2157.544	2161.705	8092	0	199
2024.03.15	13:00:00	2161.752	2163.284	2156.459	2160.126	8392	0	199
2024.03.15	14:00:00	2160.065	2166.659	2159.112	2164.229	9080	0	199
2024.03.15	15:00:00	2164.236	2164.270	2158.117	2159.992	6174	0	199
2024.03.15	16:00:00	2159.941	2163.451	2157.868	2158.804	5498	0	199
2024.03.15	17:00:00	2158.796	2160.558	2155.095	2156.766	5143	0	199
2024.03.15	18:00:00	2156.809	2160.262	2156.458	2159.280	3596	0	200
2024.03.15	19:00:00	2159.276	2159.450	2156.377	2156.917	3070	0	199
2024.03.15	20:00:00	2156.949	2158.256	2155.396	2155.698	1939	0	199
2024.03.17	22:00:00	2153.279	2156.042	2153.079	2154.927	2446	0	199
2024.03.17	23:00:00	2154.892	2156.535	2153.821	2156.514	2559	0	199
2024.03.18	00:00:00	2156.472	2157.479	2154.931	2156.590	3147	0	199
2024.03.18	01:00:00	2156.550	2156.550	2150.087	2152.270	4948	0	199
2024.03.18	02:00:00	2152.295	2153.416	2146.497	2147.823	4268	0	199
2024.03.18	03:00:00	2147.786	2148.091	2146.075	2146.768	3346	0	199
2024.03.18	04:00:00	2146.768	2148.273	2146.067	2147.330	2653	0	199
2024.03.18	05:00:00	2147.332	2148.286	2146.089	2146.998	3273	0	199
2024.03.18	06:00:00	2146.989	2149.097	2146.674	2148.069	3159	0	199
2024.03.18	07:00:00	2148.023	2152.161	2147.261	2152.161	4034	0	199
2024.03.18	08:00:00	2152.101	2154.371	2150.123	2153.436	4961	0	199
2024.03.18	09:00:00	2153.459	2155.847	2153.272	2154.765	4267	0	199
2024.03.18	10:00:00	2154.765	2158.489	2154.535	2158.202	4091	0	199
2024.03.18	11:00:00	2158.150	2161.237	2158.144	2161.015	4626	0	199
2024.03.18	12:00:00	2160.974	2163.613	2158.233	2159.086	6568	0	199
2024.03.18	13:00:00	2159.034	2161.062	2155.465	2156.715	7353	0	199
2024.03.18	14:00:00	2156.748	2160.719	2156.631	2158.382	6161	0	199
2024.03.18	15:00:00	2158.353	2161.310	2156.968	2158.310	5308	0	199
2024.03.18	16:00:00	2158.339	2160.701	2154.565	2159.840	5108	0	199
2024.03.18	17:00:00	2159.851	2161.135	2158.018	2159.910	4510	0	199
2024.03.18	18:00:00	2159.909	2160.637	2159.099	2159.386	3489	0	199
2024.03.18	19:00:00	2159.442	2160.980	2159.350	2160.167	3046	0	199
2024.03.18	20:00:00	2160.153	2160.382	2159.386	2160.055	1639	0	200
2024.03.18	22:00:00	2160.108	2162.358	2159.582	2160.809	1591	0	599
2024.03.18	23:00:00	2160.810	2161.877	2160.381	2161.650	1737	0	199
2024.03.19	00:00:00	2162.053	2162.839	2160.465	2160.569	2992	0	199
2024.03.19	01:00:00	2160.560	2162.130	2158.589	2160.461	3658	0	199
2024.03.19	02:00:00	2160.459	2162.763	2159.949	2160.850	3386	0	199
2024.03.19	03:00:00	2160.849	2162.334	2159.758	2161.428	3834	0	199
2024.03.19	04:00:00	2161.416	2162.064	2159.518	2160.102	3033	0	199
2024.03.19	05:00:00	2160.116	2160.393	2157.064	2157.645	3686	0	199
2024.03.19	06:00:00	2157.684	2157.789	2153.973	2156.769	4843	0	199
2024.03.19	07:00:00	2156.741	2157.218	2154.120	2155.740	4526	0	199
2024.03.19	08:00:00	2155.774	2155.923	2147.150	2153.025	6846	0	199
2024.03.19	09:00:00	2153.007	2154.512	2151.566	2153.179	4708	0	199
2024.03.19	10:00:00	2153.182	2156.294	2152.431	2154.044	4775	0	199
2024.03.19	11:00:00	2154.041	2156.659	2153.676	2155.535	4391	0	199
2024.03.19	12:00:00	2155.486	2158.609	2150.736	2156.992	6951	0	199
2024.03.19	13:00:00	2156.943	2158.678	2150.396	2151.160	7419	0	199
2024.03.19	14:00:00	2151.213	2155.414	2148.365	2154.850	6594	0	199
2024.03.19	15:00:00	2154.839	2155.609	2150.637	2154.219	5148	0	199
2024.03.19	16:00:00	2154.253	2155.990	2153.094	2154.460	4564	0	199
2024.03.19	17:00:00	2154.457	2157.326	2154.225	2156.864	4441	0	199
2024.03.19	18:00:00	2156.850	2157.703	2155.450	2156.671	3326	0	199
2024.03.19	19:00:00	2156.724	2157.912	2156.196	2157.681	3119	0	200
2024.03.19	20:00:00	2157.728	2158.457	2157.258	2157.557	1764	0	199
2024.03.19	22:00:00	2157.657	2159.519	2157.149	2158.420	1096	0	599
2024.03.19	23:00:00	2158.420	2158.715	2156.978	2157.009	1913	0	199
2024.03.20	00:00:00	2157.052	2157.433	2155.180	2157.086	2487	0	200
2024.03.20	01:00:00	2157.128	2160.004	2156.552	2158.626	3398	0	199
2024.03.20	02:00:00	2158.613	2159.647	2157.142	2158.862	2842	0	200
2024.03.20	03:00:00	2158.829	2159.806	2158.371	2159.806	2284	0	199
2024.03.20	04:00:00	2159.857	2160.181	2156.830	2156.864	2741	0	199
2024.03.20	05:00:00	2156.865	2158.195	2156.492	2157.406	2768	0	199
2024.03.20	06:00:00	2157.363	2158.226	2156.324	2156.987	3133	0	199
2024.03.20	07:00:00	2157.044	2159.497	2156.803	2158.267	3776	0	199
2024.03.20	08:00:00	2158.227	2158.350	2154.415	2156.125	3985	0	199
2024.03.20	09:00:00	2156.129	2156.129	2153.070	2154.707	3777	0	199
2024.03.20	10:00:00	2154.715	2154.818	2152.337	2154.289	3948	0	200
2024.03.20	11:00:00	2154.288	2155.028	2152.264	2153.977	3901	0	199
2024.03.20	12:00:00	2154.023	2155.213	2149.566	2153.105	5329	0	199
2024.03.20	13:00:00	2153.150	2158.615	2150.465	2157.853	6834	0	199
2024.03.20	14:00:00	2157.923	2164.846	2155.626	2157.108	8589	0	199
2024.03.20	15:00:00	2157.056	2158.628	2154.654	2155.852	4840	0	199
2024.03.20	16:00:00	2155.861	2158.618	2155.456	2157.706	4377	0	199
2024.03.20	17:00:00	2157.715	2159.575	2156.607	2157.369	4243	0	199
2024.03.20	18:00:00	2157.279	2183.665	2157.279	2181.810	30982	0	199
2024.03.20	19:00:00	2181.852	2188.788	2178.428	2182.881	13480	0	199
2024.03.20	20:00:00	2182.834	2187.186	2182.779	2185.934	3617	0	199
2024.03.20	22:00:00	2186.401	2211.005	2186.282	2200.177	3271	0	899
2024.03.20	23:00:00	2200.169	2206.222	2196.366	2203.501	5665	0	200
2024.03.21	00:00:00	2203.970	2203.970	2192.376	2198.931	7442	0	200
2024.03.21	01:00:00	2198.883	2212.563	2197.855	2204.799	9182	0	199
2024.03.21	02:00:00	2204.751	2206.322	2202.639	2203.347	4739	0	199
2024.03.21	03:00:00	2203.315	2204.967	2201.675	2202.725	3402	0	199
2024.03.21	04:00:00	2202.753	2204.104	2201.775	2203.295	3048	0	200
2024.03.21	05:00:00	2203.289	2205.148	2201.803	2204.847	3698	0	199
2024.03.21	06:00:00	2204.818	2209.526	2204.279	2207.091	5052	0	199
2024.03.21	07:00:00	2207.120	2210.164	2206.392	2206.576	5801	0	199
2024.03.21	08:00:00	2206.504	2206.689	2196.787	2201.403	7876	0	199
2024.03.21	09:00:00	2201.465	2205.988	2199.720	2205.315	6127	0	199
2024.03.21	10:00:00	2205.315	2211.756	2205.130	2207.612	5965	0	199
2024.03.21	11:00:00	2207.579	2208.800	2205.381	2207.486	5066	0	199
2024.03.21	12:00:00	2207.431	2208.819	2203.212	2207.673	7536	0	199
2024.03.21	13:00:00	2207.705	2208.081	2191.593	2191.854	11452	0	199
2024.03.21	14:00:00	2191.781	2191.996	2175.540	2176.624	17580	0	199
2024.03.21	15:00:00	2176.670	2176.901	2166.280	2174.680	12375	0	199
2024.03.21	16:00:00	2174.704	2180.312	2172.950	2179.865	6578	0	199
2024.03.21	17:00:00	2179.855	2183.745	2178.503	2180.832	6086	0	199
2024.03.21	18:00:00	2180.900	2183.946	2180.410	2182.760	4185	0	199
2024.03.21	19:00:00	2182.815	2183.625	2180.298	2181.423	3563	0	199
2024.03.21	20:00:00	2181.480	2182.420	2180.491	2180.851	2016	0	199
2024.03.21	22:00:00	2180.840	2182.357	2180.381	2180.896	1445	0	599
2024.03.21	23:00:00	2180.892	2181.871	2180.815	2181.491	1903	0	199
2024.03.22	00:00:00	2181.676	2186.043	2181.001	2184.881	3437	0	200
2024.03.22	01:00:00	2184.894	2185.943	2172.600	2173.484	6165	0	199
2024.03.22	02:00:00	2173.517	2177.067	2171.798	2172.579	6071	0	199
2024.03.22	03:00:00	2172.582	2176.193	2172.199	2173.738	4072	0	199
2024.03.22	04:00:00	2173.734	2175.361	2173.172	2173.601	3120	0	199
2024.03.22	05:00:00	2173.613	2175.767	2172.996	2174.248	3827	0	199
2024.03.22	06:00:00	2174.245	2176.273	2169.851	2170.115	4736	0	199
2024.03.22	07:00:00	2170.072	2170.465	2162.584	2168.404	6769	0	199
2024.03.22	08:00:00	2168.401	2169.228	2164.875	2167.892	5814	0	199
2024.03.22	09:00:00	2167.858	2170.039	2165.634	2166.605	4978	0	199
2024.03.22	10:00:00	2166.652	2168.600	2165.811	2167.165	4524	0	199
2024.03.22	11:00:00	2167.200	2168.144	2165.172	2166.016	4364	0	199
2024.03.22	12:00:00	2166.059	2176.252	2165.775	2174.508	7469	0	199
2024.03.22	13:00:00	2174.482	2180.057	2172.515	2178.031	8348	0	199
2024.03.22	14:00:00	2178.081	2179.889	2171.142	2173.840	8718	0	199
2024.03.22	15:00:00	2173.864	2173.864	2165.404	2166.095	6998	0	199
2024.03.22	16:00:00	2166.059	2167.465	2161.595	2162.578	5441	0	199
2024.03.22	17:00:00	2162.628	2164.896	2157.007	2159.153	6302	0	199
2024.03.22	18:00:00	2159.104	2164.729	2158.731	2163.069	4489	0	199
2024.03.22	19:00:00	2163.083	2165.144	2161.802	2163.985	3483	0	199
2024.03.22	20:00:00	2164.021	2167.182	2163.567	2165.338	2848	0	199
2024.03.24	22:00:00	2166.313	2167.822	2165.070	2166.416	2287	0	199
2024.03.24	23:00:00	2166.404	2168.893	2165.963	2168.337	3354	0	199
2024.03.25	00:00:00	2168.315	2169.414	2164.010	2165.448	4379	0	199
2024.03.25	01:00:00	2165.489	2176.912	2163.914	2175.127	9073	0	199
2024.03.25	02:00:00	2175.106	2178.328	2173.721	2175.096	4563	0	199
2024.03.25	03:00:00	2175.018	2175.102	2170.054	2170.602	4260	0	199
2024.03.25	04:00:00	2170.609	2171.614	2169.107	2169.397	2963	0	199
2024.03.25	05:00:00	2169.438	2171.025	2167.737	2169.818	3719	0	199
2024.03.25	06:00:00	2169.828	2170.491	2164.257	2165.435	4511	0	199
2024.03.25	07:00:00	2165.414	2168.742	2163.420	2165.813	4938	0	199
2024.03.25	08:00:00	2165.767	2169.009	2163.815	2165.639	5170	0	199
2024.03.25	09:00:00	2165.682	2168.749	2164.355	2168.382	4562	0	199
2024.03.25	10:00:00	2168.374	2171.068	2167.584	2168.335	4337	0	199
2024.03.25	11:00:00	2168.305	2171.844	2167.856	2170.397	4348	0	199
2024.03.25	12:00:00	2170.437	2177.016	2170.266	2174.451	6315	0	199
2024.03.25	13:00:00	2174.423	2181.257	2172.952	2177.094	7351	0	199
2024.03.25	14:00:00	2177.138	2180.483	2175.268	2177.740	6596	0	199
2024.03.25	15:00:00	2177.792	2177.909	2174.906	2175.412	5005	0	199
2024.03.25	16:00:00	2175.407	2177.796	2174.975	2175.757	4321	0	199
2024.03.25	17:00:00	2175.763	2176.629	2174.193	2174.711	4215	0	199
2024.03.25	18:00:00	2174.651	2174.651	2172.869	2173.215	2943	0	200
2024.03.25	19:00:00	2173.218	2173.687	2170.676	2170.945	3319	0	199
2024.03.25	20:00:00	2170.992	2172.263	2170.739	2171.311	1869	0	199
2024.03.25	22:00:00	2171.673	2173.299	2170.930	2171.855	1710	0	599
2024.03.25	23:00:00	2171.853	2173.305	2171.223	2172.876	2569	0	199
2024.03.26	00:00:00	2172.885	2174.407	2172.308	2173.838	3042	0	199
2024.03.26	01:00:00	2173.823	2174.262	2167.543	2169.431	5653	0	199
2024.03.26	02:00:00	2169.470	2171.578	2169.219	2170.734	3213	0	199
2024.03.26	03:00:00	2170.705	2172.413	2169.581	2170.345	3196	0	200
2024.03.26	04:00:00	2170.355	2172.715	2170.089	2172.261	2261	0	199
2024.03.26	05:00:00	2172.216	2173.336	2171.344	2172.921	3090	0	199
2024.03.26	06:00:00	2172.870	2174.073	2170.523	2171.475	4045	0	199
2024.03.26	07:00:00	2171.434	2174.175	2169.584	2173.008	3911	0	199
2024.03.26	08:00:00	2172.990	2179.266	2171.563	2178.196	4811	0	199
2024.03.26	09:00:00	2178.204	2195.210	2178.204	2190.823	7362	0	199
2024.03.26	10:00:00	2190.846	2200.057	2190.666	2197.653	6727	0	199
2024.03.26	11:00:00	2197.662	2199.077	2194.984	2196.423	5762	0	199
2024.03.26	12:00:00	2196.460	2197.326	2186.615	2187.947	7002	0	199
2024.03.26	13:00:00	2187.983	2192.898	2178.293	2183.056	10582	0	199
2024.03.26	14:00:00	2182.992	2186.330	2179.062	2179.290	8395	0	199
2024.03.26	15:00:00	2179.262	2181.489	2171.673	2174.244	8029	0	199
2024.03.26	16:00:00	2174.293	2178.428	2174.249	2176.765	5159	0	199
2024.03.26	17:00:00	2176.821	2179.220	2175.924	2176.727	4670	0	199
2024.03.26	18:00:00	2176.680	2178.515	2175.874	2177.661	3554	0	199
2024.03.26	19:00:00	2177.646	2178.147	2176.544	2177.875	3098	0	200
2024.03.26	20:00:00	2177.919	2178.294	2174.603	2177.828	2081	0	200
2024.03.26	22:00:00	2177.304	2179.394	2176.658	2178.160	1617	0	599
2024.03.26	23:00:00	2178.184	2179.945	2177.941	2179.467	2150	0	199
2024.03.27	00:00:00	2179.462	2180.153	2176.582	2177.435	2740	0	199
2024.03.27	01:00:00	2177.433	2180.312	2173.124	2175.148	5413	0	199
2024.03.27	02:00:00	2175.125	2177.593	2174.684	2175.954	3732	0	199
2024.03.27	03:00:00	2175.959	2181.654	2175.648	2177.722	4209	0	199
2024.03.27	04:00:00	2177.704	2180.070	2177.269	2178.353	2549	0	199
2024.03.27	05:00:00	2178.342	2178.460	2175.642	2176.974	3239	0	199
2024.03.27	06:00:00	2176.978	2180.020	2176.497	2177.710	3558	0	199
2024.03.27	07:00:00	2177.664	2180.788	2176.962	2180.488	4293	0	200
2024.03.27	08:00:00	2180.526	2182.675	2176.454	2177.360	4354	0	199
2024.03.27	09:00:00	2177.314	2193.888	2176.536	2189.216	7072	0	199
2024.03.27	10:00:00	2189.191	2194.506	2188.673	2193.745	6256	0	199
2024.03.27	11:00:00	2193.697	2197.586	2187.259	2188.387	6643	0	199
2024.03.27	12:00:00	2188.442	2189.355	2184.324	2186.030	7704	0	199
2024.03.27	13:00:00	2186.074	2193.436	2183.416	2193.305	9069	0	199
2024.03.27	14:00:00	2193.257	2195.233	2189.779	2193.389	7894	0	199
2024.03.27	15:00:00	2193.357	2194.093	2188.387	2190.502	5572	0	199
2024.03.27	16:00:00	2190.476	2192.726	2189.829	2192.398	4622	0	199
2024.03.27	17:00:00	2192.344	2194.085	2189.030	2190.348	4753	0	199
2024.03.27	18:00:00	2190.364	2192.389	2188.994	2192.389	3563	0	199
2024.03.27	19:00:00	2192.417	2194.215	2190.774	2193.278	3276	0	199
2024.03.27	20:00:00	2193.332	2195.208	2192.907	2194.655	2858	0	199
2024.03.27	22:00:00	2192.252	2194.048	2189.595	2192.095	2325	0	599
2024.03.27	23:00:00	2192.163	2192.403	2190.641	2190.969	2098	0	200
2024.03.28	00:00:00	2190.723	2190.880	2187.318	2189.042	3957	0	199
2024.03.28	01:00:00	2189.059	2190.510	2187.527	2189.362	4207	0	199
2024.03.28	02:00:00	2189.410	2196.003	2189.105	2194.791	4479	0	199
2024.03.28	03:00:00	2194.760	2196.438	2194.034	2194.771	3418	0	199
2024.03.28	04:00:00	2194.753	2196.914	2194.293	2195.561	2487	0	199
2024.03.28	05:00:00	2195.553	2200.636	2194.397	2197.196	3845	0	199
2024.03.28	06:00:00	2197.189	2198.927	2195.114	2198.665	4342	0	199
2024.03.28	07:00:00	2198.696	2198.793	2192.615	2193.718	4637	0	199
2024.03.28	08:00:00	2193.735	2197.288	2190.828	2194.728	5205	0	199
2024.03.28	09:00:00	2194.729	2197.846	2192.409	2197.763	4623	0	199
2024.03.28	10:00:00	2197.762	2213.722	2197.065	2212.140	8544	0	199
2024.03.28	11:00:00	2212.117	2213.382	2207.198	2210.260	6938	0	199
2024.03.28	12:00:00	2210.257	2216.924	2205.668	2215.568	11247	0	199
2024.03.28	13:00:00	2215.621	2217.130	2202.195	2206.601	12569	0	199
2024.03.28	14:00:00	2206.602	2214.938	2204.219	2214.294	10131	0	199
2024.03.28	15:00:00	2214.246	2216.979	2212.161	2215.877	7423	0	199
2024.03.28	16:00:00	2215.890	2225.568	2213.457	2220.233	7559	0	199
2024.03.28	17:00:00	2220.278	2223.221	2216.665	2221.903	5879	0	199
2024.03.28	18:00:00	2221.855	2222.408	2218.314	2220.425	4058	0	199
2024.03.28	19:00:00	2220.378	2222.246	2217.887	2221.640	3337	0	199
2024.03.28	20:00:00	2221.633	2236.293	2219.601	2232.586	4210	0	200
2024.03.31	22:00:00	2239.644	2243.126	2235.826	2236.813	5676	0	299
2024.03.31	23:00:00	2236.882	2247.302	2235.568	2244.927	4856	0	299
2024.04.01	00:00:00	2245.957	2256.302	2243.823	2250.013	5914	0	299
2024.04.01	01:00:00	2250.082	2259.551	2250.022	2255.757	7845	0	299
2024.04.01	02:00:00	2255.760	2258.123	2254.866	2257.248	4074	0	299
2024.04.01	03:00:00	2257.179	2265.149	2256.398	2264.309	4696	0	299
2024.04.01	04:00:00	2264.360	2265.623	2258.029	2260.261	3716	0	299
2024.04.01	05:00:00	2260.187	2263.367	2257.858	2261.547	3762	0	299
2024.04.01	06:00:00	2261.487	2262.670	2258.924	2260.306	3887	0	199
2024.04.01	07:00:00	2260.276	2263.038	2256.859	2257.535	3870	0	199
2024.04.01	08:00:00	2257.562	2260.175	2255.765	2257.186	4022	0	199
2024.04.01	09:00:00	2257.184	2258.352	2249.341	2251.756	5098	0	199
2024.04.01	10:00:00	2251.711	2253.424	2245.572	2247.809	5049	0	199
2024.04.01	11:00:00	2247.841	2251.008	2246.410	2246.851	4778	0	199
2024.04.01	12:00:00	2246.819	2252.614	2243.561	2252.521	8060	0	199
2024.04.01	13:00:00	2252.481	2257.912	2239.283	2246.398	13969	0	199
2024.04.01	14:00:00	2246.362	2246.362	2228.459	2235.903	16176	0	199
2024.04.01	15:00:00	2235.900	2240.556	2233.658	2239.635	7203	0	199
2024.04.01	16:00:00	2239.655	2243.428	2237.087	2238.075	5767	0	199
2024.04.01	17:00:00	2238.053	2239.317	2234.672	2239.127	4532	0	199
2024.04.01	18:00:00	2239.171	2241.209	2238.025	2239.303	3462	0	199
2024.04.01	19:00:00	2239.304	2244.722	2238.996	2244.667	3578	0	199
2024.04.01	20:00:00	2244.613	2250.599	2242.990	2250.558	3906	0	199
2024.04.01	22:00:00	2250.650	2255.719	2248.577	2253.385	2423	0	599
2024.04.01	23:00:00	2253.476	2253.552	2248.643	2248.942	3338	0	199
2024.04.02	00:00:00	2248.968	2253.622	2247.816	2250.372	5401	0	199
2024.04.02	01:00:00	2250.322	2250.322	2246.627	2248.997	5473	0	199
2024.04.02	02:00:00	2248.940	2255.031	2247.726	2254.215	4577	0	199
2024.04.02	03:00:00	2254.202	2255.267	2251.203	2251.531	4333	0	199
2024.04.02	04:00:00	2251.534	2259.857	2250.448	2256.647	4303	0	199
2024.04.02	05:00:00	2256.655	2257.098	2252.230	2253.581	4413	0	199
2024.04.02	06:00:00	2253.537	2256.125	2252.281	2255.664	4853	0	199
2024.04.02	07:00:00	2255.611	2257.580	2253.159	2256.372	5147	0	199
2024.04.02	08:00:00	2256.326	2262.817	2256.060	2260.965	6070	0	199
2024.04.02	09:00:00	2260.963	2266.782	2259.594	2260.677	5950	0	199
2024.04.02	10:00:00	2260.633	2264.681	2255.094	2262.099	6040	0	199
2024.04.02	11:00:00	2262.096	2262.138	2256.001	2260.530	6606	0	199
2024.04.02	12:00:00	2260.567	2261.503	2253.309	2257.538	9181	0	199
2024.04.02	13:00:00	2257.498	2266.815	2254.526	2265.369	12975	0	199
2024.04.02	14:00:00	2265.295	2276.983	2257.144	2260.676	19408	0	199
2024.04.02	15:00:00	2260.638	2261.126	2250.747	2258.604	11662	0	199
2024.04.02	16:00:00	2258.657	2261.344	2254.071	2260.274	6198	0	199
2024.04.02	17:00:00	2260.301	2266.641	2259.455	2265.927	5356	0	199
2024.04.02	18:00:00	2265.933	2272.838	2265.373	2271.361	6710	0	199
2024.04.02	19:00:00	2271.413	2279.304	2270.915	2277.354	5588	0	199
2024.04.02	20:00:00	2277.395	2281.158	2275.647	2280.244	3483	0	199
2024.04.02	22:00:00	2280.449	2288.238	2279.325	2281.501	3776	0	599
2024.04.02	23:00:00	2281.497	2283.746	2277.828	2280.205	3921	0	199
2024.04.03	00:00:00	2279.886	2285.891	2279.506	2283.239	6149	0	199
2024.04.03	01:00:00	2283.272	2283.436	2276.731	2282.502	7338	0	199
2024.04.03	02:00:00	2282.501	2284.561	2281.494	2283.307	4281	0	200
2024.04.03	03:00:00	2283.354	2287.944	2283.141	2285.007	4645	0	199
2024.04.03	04:00:00	2285.023	2287.043	2283.669	2283.709	3379	0	199
2024.04.03	05:00:00	2283.686	2285.933	2280.842	2285.933	4507	0	199
2024.04.03	06:00:00	2285.967	2285.967	2280.973	2281.992	5018	0	199
2024.04.03	07:00:00	2281.974	2282.017	2270.325	2271.188	7413	0	199
2024.04.03	08:00:00	2271.174	2276.092	2267.627	2273.154	6965	0	199
2024.04.03	09:00:00	2273.095	2274.747	2269.555	2272.034	5478	0	199
2024.04.03	10:00:00	2271.982	2273.402	2269.828	2272.674	5250	0	199
2024.04.03	11:00:00	2272.657	2274.507	2268.791	2273.784	5402	0	199
2024.04.03	12:00:00	2273.737	2275.184	2265.364	2274.924	11192	0	199
2024.04.03	13:00:00	2274.863	2278.866	2271.606	2275.103	12566	0	199
2024.04.03	14:00:00	2275.140	2285.273	2274.104	2282.671	17136	0	199
2024.04.03	15:00:00	2282.722	2288.352	2280.576	2286.298	10399	0	199
2024.04.03	16:00:00	2286.295	2295.151	2280.670	2293.825	11538	0	199
2024.04.03	17:00:00	2293.778	2295.571	2288.867	2294.985	6343	0	199
2024.04.03	18:00:00	2294.973	2297.890	2293.821	2296.390	4474	0	199
2024.04.03	19:00:00	2296.364	2298.866	2294.459	2297.373	4597	0	199
2024.04.03	20:00:00	2297.404	2301.169	2297.188	2299.789	3075	0	199
2024.04.03	22:00:00	2299.353	2302.420	2298.836	2301.387	2802	0	599
2024.04.03	23:00:00	2301.398	2301.595	2296.246	2297.446	3736	0	199
2024.04.04	00:00:00	2297.497	2302.478	2297.229	2302.185	5175	0	199
2024.04.04	01:00:00	2302.230	2304.869	2297.510	2301.008	5740	0	199
2024.04.04	02:00:00	2301.015	2302.073	2297.765	2299.548	3588	0	199
2024.04.04	03:00:00	2299.500	2300.644	2297.586	2299.174	3744	0	199
2024.04.04	04:00:00	2299.123	2300.178	2298.265	2298.897	2981	0	199
2024.04.04	05:00:00	2298.881	2300.666	2294.911	2295.248	3717	0	199
2024.04.04	06:00:00	2295.278	2297.306	2294.745	2295.794	4087	0	199
2024.04.04	07:00:00	2295.766	2298.175	2291.833	2292.953	6028	0	199
2024.04.04	08:00:00	2292.939	2294.492	2291.005	2291.564	5112	0	199
2024.04.04	09:00:00	2291.568	2294.070	2290.789	2293.210	4797	0	199
2024.04.04	10:00:00	2293.260	2295.037	2292.466	2294.450	4104	0	199
2024.04.04	11:00:00	2294.431	2295.180	2288.744	2289.261	5041	0	199
2024.04.04	12:00:00	2289.310	2289.983	2282.711	2288.124	11038	0	199
2024.04.04	13:00:00	2288.176	2291.052	2284.788	2287.498	10094	0	199
2024.04.04	14:00:00	2287.432	2299.360	2287.069	2295.117	11653	0	199
2024.04.04	15:00:00	2295.163	2295.523	2290.258	2292.082	7067	0	199
2024.04.04	16:00:00	2292.027	2293.158	2286.457	2286.827	5797	0	199
2024.04.04	17:00:00	2286.859	2294.020	2286.321	2293.978	5365	0	199
2024.04.04	18:00:00	2293.921	2305.537	2292.880	2304.044	11013	0	199
2024.04.04	19:00:00	2304.069	2304.673	2279.817	2284.952	18102	0	199
2024.04.04	20:00:00	2284.919	2291.660	2284.754	2290.628	4244	0	199
2024.04.04	22:00:00	2290.980	2293.218	2288.080	2289.589	2310	0	599
2024.04.04	23:00:00	2289.572	2291.220	2288.772	2288.890	2781	0	199
2024.04.05	00:00:00	2288.702	2290.276	2282.844	2283.116	6128	0	199
2024.04.05	01:00:00	2283.098	2284.109	2267.755	2271.759	12361	0	199
2024.04.05	02:00:00	2271.781	2274.714	2270.843	2273.814	4980	0	199
2024.04.05	03:00:00	2273.793	2279.392	2273.519	2276.732	4857	0	199
2024.04.05	04:00:00	2276.689	2279.823	2276.544	2277.988	3930	0	199
2024.04.05	05:00:00	2277.989	2282.288	2277.356	2279.736	4633	0	199
2024.04.05	06:00:00	2279.738	2283.085	2276.579	2279.071	5575	0	199
2024.04.05	07:00:00	2279.059	2290.547	2279.037	2289.045	7411	0	199
2024.04.05	08:00:00	2289.014	2291.756	2284.851	2287.967	5779	0	199
2024.04.05	09:00:00	2287.941	2293.585	2286.563	2291.006	5223	0	199
2024.04.05	10:00:00	2290.980	2296.142	2290.688	2293.898	5008	0	199
2024.04.05	11:00:00	2293.853	2294.591	2289.782	2291.132	4754	0	199
2024.04.05	12:00:00	2291.100	2296.081	2280.184	2290.854	17212	0	199
2024.04.05	13:00:00	2290.903	2303.615	2286.961	2299.757	19081	0	199
2024.04.05	14:00:00	2299.703	2324.769	2295.847	2317.550	23968	0	199
2024.04.05	15:00:00	2317.593	2328.448	2315.196	2326.175	15034	0	199
2024.04.05	16:00:00	2326.191	2329.526	2322.147	2327.110	7708	0	199
2024.04.05	17:00:00	2327.153	2330.507	2324.479	2326.199	6222	0	199
2024.04.05	18:00:00	2326.231	2328.307	2323.509	2325.285	4960	0	199
2024.04.05	19:00:00	2325.312	2325.337	2320.633	2323.121	5202	0	199
2024.04.05	20:00:00	2323.157	2329.995	2322.812	2329.355	3486	0	200
2024.04.07	22:00:00	2327.315	2328.568	2304.018	2307.581	11301	0	199
2024.04.07	23:00:00	2307.548	2314.370	2306.116	2311.647	8251	0	199
2024.04.08	00:00:00	2311.297	2311.869	2306.043	2306.173	7747	0	199
2024.04.08	01:00:00	2306.141	2325.134	2302.862	2324.249	17828	0	199
2024.04.08	02:00:00	2324.198	2354.159	2321.664	2348.137	25709	0	199
2024.04.08	03:00:00	2348.083	2349.920	2340.972	2345.488	11834	0	199
2024.04.08	04:00:00	2345.535	2345.574	2339.930	2342.144	6615	0	199
2024.04.08	05:00:00	2342.162	2343.685	2331.874	2334.540	10777	0	199
2024.04.08	06:00:00	2334.603	2341.322	2331.753	2336.246	9211	0	199
2024.04.08	07:00:00	2336.288	2338.905	2333.733	2337.768	8802	0	199
2024.04.08	08:00:00	2337.711	2341.544	2333.259	2336.204	8996	0	199
2024.04.08	09:00:00	2336.249	2337.885	2334.134	2337.463	6205	0	199
2024.04.08	10:00:00	2337.411	2343.532	2335.083	2340.144	6885	0	199
2024.04.08	11:00:00	2340.179	2342.405	2336.415	2337.341	8423	0	199
2024.04.08	12:00:00	2337.286	2338.004	2322.596	2329.028	19777	0	199
2024.04.08	13:00:00	2329.033	2335.735	2325.492	2327.413	22593	0	199
2024.04.08	14:00:00	2327.363	2329.277	2318.668	2328.770	18795	0	199
2024.04.08	15:00:00	2328.740	2331.697	2325.646	2327.834	9011	0	199
2024.04.08	16:00:00	2327.883	2330.206	2326.029	2328.450	6285	0	199
2024.04.08	17:00:00	2328.502	2339.172	2327.556	2337.883	8277	0	199
2024.04.08	18:00:00	2337.875	2342.001	2336.944	2338.940	5890	0	199
2024.04.08	19:00:00	2338.980	2340.569	2337.059	2338.344	4646	0	199
2024.04.08	20:00:00	2338.397	2339.121	2337.880	2339.019	2414	0	199
2024.04.08	22:00:00	2337.359	2338.794	2336.594	2338.506	1736	0	599
2024.04.08	23:00:00	2338.506	2340.449	2337.676	2338.790	3149	0	199
2024.04.09	00:00:00	2338.782	2341.672	2338.525	2340.862	4091	0	199
2024.04.09	01:00:00	2340.871	2348.505	2337.777	2339.970	11408	0	199
2024.04.09	02:00:00	2339.933	2345.773	2338.418	2345.137	6446	0	199
2024.04.09	03:00:00	2345.096	2346.575	2343.055	2343.943	4675	0	199
2024.04.09	04:00:00	2343.980	2346.169	2343.051	2344.135	3860	0	199
2024.04.09	05:00:00	2344.112	2347.930	2343.866	2345.031	4300	0	199
2024.04.09	06:00:00	2345.030	2346.773	2343.078	2344.474	5959	0	199
2024.04.09	07:00:00	2344.438	2357.010	2344.313	2353.963	8945	0	199
2024.04.09	08:00:00	2353.960	2359.260	2351.328	2357.604	6926	0	199
2024.04.09	09:00:00	2357.635	2365.338	2357.183	2363.181	7916	0	199
2024.04.09	10:00:00	2363.146	2364.220	2355.839	2356.479	6958	0	199
2024.04.09	11:00:00	2356.425	2356.708	2349.565	2354.445	7348	0	199
2024.04.09	12:00:00	2354.414	2357.346	2345.688	2349.370	12602	0	199
2024.04.09	13:00:00	2349.342	2360.987	2348.087	2355.377	19759	0	199
2024.04.09	14:00:00	2355.316	2364.281	2345.102	2352.799	21679	0	199
2024.04.09	15:00:00	2352.848	2353.665	2338.236	2340.289	16999	0	199
2024.04.09	16:00:00	2340.329	2347.055	2340.013	2344.978	8647	0	199
2024.04.09	17:00:00	2345.015	2349.716	2341.889	2347.326	7782	0	199
2024.04.09	18:00:00	2347.273	2350.010	2345.523	2349.559	5422	0	199
2024.04.09	19:00:00	2349.513	2351.526	2345.182	2351.118	4891	0	199
2024.04.09	20:00:00	2351.072	2354.573	2350.587	2352.802	2711	0	200
2024.04.09	22:00:00	2352.551	2353.895	2350.299	2352.212	2114	0	599
2024.04.09	23:00:00	2352.108	2355.275	2351.530	2354.778	3077	0	199
2024.04.10	00:00:00	2354.908	2355.569	2350.959	2351.630	3835	0	199
2024.04.10	01:00:00	2351.660	2351.934	2344.688	2349.317	8023	0	199
2024.04.10	02:00:00	2349.373	2354.253	2348.850	2352.110	5536	0	199
2024.04.10	03:00:00	2352.153	2353.504	2350.656	2351.248	3966	0	199
2024.04.10	04:00:00	2351.202	2356.861	2350.831	2356.166	3523	0	199
2024.04.10	05:00:00	2356.151	2360.086	2355.721	2357.368	5637	0	199
2024.04.10	06:00:00	2357.423	2359.902	2353.837	2356.094	6415	0	199
2024.04.10	07:00:00	2356.043	2357.750	2352.506	2353.072	5771	0	199
2024.04.10	08:00:00	2353.121	2355.864	2352.310	2354.494	5146	0	199
2024.04.10	09:00:00	2354.499	2354.802	2344.879	2347.642	6503	0	199
2024.04.10	10:00:00	2347.584	2350.138	2345.240	2347.453	5603	0	199
2024.04.10	11:00:00	2347.422	2349.333	2344.706	2347.029	5520	0	199
2024.04.10	12:00:00	2346.974	2350.708	2327.781	2338.390	28268	0	199
2024.04.10	13:00:00	2338.447	2339.609	2319.237	2333.921	36363	0	199
2024.04.10	14:00:00	2333.940	2352.352	2332.190	2346.265	27216	0	199
2024.04.10	15:00:00	2346.302	2347.659	2330.063	2337.070	17748	0	199
2024.04.10	16:00:00	2337.058	2340.793	2335.825	2337.266	8567	0	199
2024.04.10	17:00:00	2337.292	2345.226	2325.742	2337.622	19673	0	199
2024.04.10	18:00:00	2337.681	2341.022	2326.152	2327.516	9170	0	199
2024.04.10	19:00:00	2327.546	2330.950	2327.162	2329.634	7388	0	199
2024.04.10	20:00:00	2329.684	2333.590	2329.507	2332.730	3456	0	199
2024.04.10	22:00:00	2333.597	2336.655	2333.245	2335.742	2080	0	599
2024.04.10	23:00:00	2335.772	2337.202	2334.115	2335.429	3125	0	199
2024.04.11	00:00:00	2335.489	2335.972	2333.323	2335.131	5050	0	199
2024.04.11	01:00:00	2335.123	2342.260	2334.027	2340.653	7883	0	199
2024.04.11	02:00:00	2340.598	2345.790	2339.480	2343.835	4860	0	199
2024.04.11	03:00:00	2343.824	2346.939	2342.915	2343.967	4604	0	199
2024.04.11	04:00:00	2343.911	2346.086	2341.440	2342.975	4407	0	199
2024.04.11	05:00:00	2342.956	2344.557	2338.874	2341.881	5179	0	199
2024.04.11	06:00:00	2341.835	2342.171	2333.871	2335.990	7990	0	199
2024.04.11	07:00:00	2336.039	2340.669	2335.178	2336.396	7784	0	199
2024.04.11	08:00:00	2336.437	2337.953	2325.595	2327.970	8520	0	199
2024.04.11	09:00:00	2327.942	2335.278	2327.901	2330.778	6683	0	199
2024.04.11	10:00:00	2330.727	2339.202	2330.646	2338.514	6305	0	199
2024.04.11	11:00:00	2338.514	2339.678	2335.620	2337.252	5858	0	199
2024.04.11	12:00:00	2337.269	2344.394	2331.623	2341.406	16866	0	199
2024.04.11	13:00:00	2341.368	2347.427	2336.877	2343.341	16350	0	199
2024.04.11	14:00:00	2343.309	2346.825	2332.269	2338.926	18074	0	199
2024.04.11	15:00:00	2338.967	2345.535	2337.567	2344.618	8364	0	199
2024.04.11	16:00:00	2344.667	2350.802	2342.662	2349.778	7811	0	199
2024.04.11	17:00:00	2349.788	2357.233	2348.023	2356.250	9181	0	199
2024.04.11	18:00:00	2356.273	2365.029	2355.630	2361.438	7781	0	199
2024.04.11	19:00:00	2361.476	2374.623	2361.377	2372.742	7129	0	199
2024.04.11	20:00:00	2372.820	2377.721	2372.218	2373.249	5049	0	199
2024.04.11	22:00:00	2371.543	2379.373	2371.283	2373.593	3186	0	599
2024.04.11	23:00:00	2373.658	2377.112	2373.658	2377.001	4064	0	199
2024.04.12	00:00:00	2376.787	2379.121	2374.574	2378.633	4761	0	199
2024.04.12	01:00:00	2378.681	2391.423	2378.668	2390.657	19269	0	199
2024.04.12	02:00:00	2390.701	2395.458	2387.897	2390.502	11372	0	199
2024.04.12	03:00:00	2390.550	2391.196	2382.960	2384.239	6848	0	199
2024.04.12	04:00:00	2384.247	2387.023	2382.702	2384.202	4611	0	199
2024.04.12	05:00:00	2384.141	2390.089	2383.337	2387.513	5945	0	199
2024.04.12	06:00:00	2387.461	2395.193	2384.714	2395.030	8349	0	199
2024.04.12	07:00:00	2395.042	2400.348	2392.779	2399.913	9453	0	199
2024.04.12	08:00:00	2399.954	2400.642	2394.139	2396.664	7566	0	199
2024.04.12	09:00:00	2396.714	2400.194	2393.257	2398.069	6281	0	199
2024.04.12	10:00:00	2398.107	2400.419	2395.921	2398.123	6370	0	199
2024.04.12	11:00:00	2398.130	2398.144	2390.387	2395.362	8485	0	199
2024.04.12	12:00:00	2395.365	2397.679	2391.534	2395.805	13766	0	199
2024.04.12	13:00:00	2395.852	2406.546	2393.398	2404.257	25251	0	199
2024.04.12	14:00:00	2404.308	2429.077	2400.332	2426.586	27535	0	199
2024.04.12	15:00:00	2426.556	2431.528	2382.157	2395.556	46004	0	199
2024.04.12	16:00:00	2395.519	2395.519	2360.693	2369.174	35841	0	199
2024.04.12	17:00:00	2369.236	2373.111	2346.322	2355.233	27034	0	199
2024.04.12	18:00:00	2355.195	2356.640	2335.364	2338.796	15116	0	199
2024.04.12	19:00:00	2338.742	2345.422	2333.784	2343.263	11599	0	199
2024.04.12	20:00:00	2343.317	2345.169	2341.691	2344.382	4258	0	199
2024.04.14	22:00:00	2369.105	2371.920	2346.784	2356.806	7208	0	199
2024.04.14	23:00:00	2356.771	2365.290	2354.823	2364.486	4453	0	599
2024.04.15	00:00:00	2364.446	2365.995	2350.444	2353.245	11436	0	199
2024.04.15	01:00:00	2353.280	2359.775	2348.395	2355.633	18052	0	199
2024.04.15	02:00:00	2355.615	2364.654	2353.551	2359.507	10061	0	199
2024.04.15	03:00:00	2359.565	2360.412	2354.725	2358.511	7216	0	199
2024.04.15	04:00:00	2358.444	2358.691	2355.562	2356.659	4498	0	200
2024.04.15	05:00:00	2356.667	2362.467	2352.082	2361.094	7388	0	199
2024.04.15	06:00:00	2361.080	2361.512	2353.047	2354.858	10697	0	199
2024.04.15	07:00:00	2354.816	2356.356	2349.952	2353.050	9196	0	199
2024.04.15	08:00:00	2353.039	2356.016	2344.710	2351.557	10761	0	199
2024.04.15	09:00:00	2351.585	2353.498	2346.309	2349.608	6922	0	199
2024.04.15	10:00:00	2349.625	2356.981	2349.189	2356.748	5863	0	199
2024.04.15	11:00:00	2356.712	2361.183	2355.504	2357.947	7295	0	199
2024.04.15	12:00:00	2357.987	2359.259	2351.100	2357.312	12457	0	199
2024.04.15	13:00:00	2357.347	2361.137	2343.118	2348.627	19665	0	199
2024.04.15	14:00:00	2348.596	2352.501	2324.114	2349.464	34988	0	199
2024.04.15	15:00:00	2349.417	2352.577	2342.570	2351.578	14999	0	199
2024.04.15	16:00:00	2351.609	2359.988	2346.116	2357.120	11111	0	199
2024.04.15	17:00:00	2357.099	2370.645	2354.065	2365.441	14340	0	199
2024.04.15	18:00:00	2365.376	2378.187	2363.679	2375.916	9393	0	199
2024.04.15	19:00:00	2375.866	2387.635	2373.941	2386.315	12403	0	199
2024.04.15	20:00:00	2386.369	2386.718	2380.037	2382.778	4666	0	199
2024.04.15	22:00:00	2380.800	2392.013	2380.686	2384.121	3381	0	599
2024.04.15	23:00:00	2384.120	2387.329	2381.082	2381.833	4032	0	199
2024.04.16	00:00:00	2381.896	2387.647	2380.127	2383.496	7040	0	199
2024.04.16	01:00:00	2383.451	2386.952	2379.215	2383.675	10758	0	199
2024.04.16	02:00:00	2383.690	2387.979	2379.530	2386.145	7064	0	199
2024.04.16	03:00:00	2386.092	2389.330	2384.437	2387.870	5868	0	199
2024.04.16	04:00:00	2387.903	2388.252	2384.000	2386.050	5737	0	199
2024.04.16	05:00:00	2386.106	2389.020	2384.890	2386.485	5340	0	199
2024.04.16	06:00:00	2386.217	2388.144	2368.631	2373.032	12462	0	199
2024.04.16	07:00:00	2372.997	2375.231	2362.964	2365.653	9620	0	199
2024.04.16	08:00:00	2365.497	2371.925	2365.101	2369.408	6825	0	199
2024.04.16	09:00:00	2369.443	2373.195	2367.428	2372.339	6295	0	199
2024.04.16	10:00:00	2372.391	2375.370	2368.636	2370.125	7433	0	199
2024.04.16	11:00:00	2370.179	2375.274	2369.684	2373.956	6905	0	199
2024.04.16	12:00:00	2373.955	2378.208	2368.482	2376.183	10611	0	199
2024.04.16	13:00:00	2376.223	2379.271	2365.226	2366.287	22956	0	199
2024.04.16	14:00:00	2366.317	2383.405	2363.470	2382.947	24918	0	199
2024.04.16	15:00:00	2382.995	2393.017	2377.843	2385.937	19991	0	199
2024.04.16	16:00:00	2385.977	2398.253	2385.466	2397.498	12182	0	199
2024.04.16	17:00:00	2397.533	2397.644	2379.727	2384.701	21531	0	199
2024.04.16	18:00:00	2384.656	2396.450	2383.489	2392.297	15246	0	199
2024.04.16	19:00:00	2392.274	2395.217	2389.049	2389.683	7453	0	199
2024.04.16	20:00:00	2389.641	2390.279	2378.368	2382.208	4304	0	199
2024.04.16	22:00:00	2382.746	2386.773	2382.396	2384.744	2642	0	599
2024.04.16	23:00:00	2384.742	2386.874	2382.664	2382.843	4463	0	199
2024.04.17	00:00:00	2382.703	2384.687	2380.713	2384.360	5694	0	199
2024.04.17	01:00:00	2384.411	2385.550	2381.283	2384.598	8104	0	199
2024.04.17	02:00:00	2384.598	2386.253	2382.255	2382.338	5126	0	199
2024.04.17	03:00:00	2382.284	2383.666	2380.673	2381.654	4700	0	199
2024.04.17	04:00:00	2381.652	2383.021	2380.253	2381.915	3228	0	199
2024.04.17	05:00:00	2381.914	2382.054	2374.147	2377.502	6149	0	199
2024.04.17	06:00:00	2377.605	2381.531	2372.645	2380.981	8311	0	199
2024.04.17	07:00:00	2380.938	2383.252	2377.911	2382.493	6439	0	199
2024.04.17	08:00:00	2382.461	2393.558	2382.461	2392.876	7318	0	199
2024.04.17	09:00:00	2392.933	2394.287	2389.778	2392.123	6825	0	199
2024.04.17	10:00:00	2392.159	2393.849	2384.966	2386.602	6746	0	199
2024.04.17	11:00:00	2386.559	2390.335	2385.764	2387.294	5797	0	199
2024.04.17	12:00:00	2387.364	2387.989	2378.344	2383.237	10957	0	199
2024.04.17	13:00:00	2383.205	2395.203	2382.912	2393.320	15634	0	199
2024.04.17	14:00:00	2393.369	2395.586	2386.055	2390.460	14694	0	199
2024.04.17	15:00:00	2390.498	2393.600	2381.912	2382.173	14809	0	199
2024.04.17	16:00:00	2382.219	2384.453	2361.000	2372.348	22322	0	199
2024.04.17	17:00:00	2372.416	2375.975	2368.035	2372.174	13997	0	199
2024.04.17	18:00:00	2372.215	2379.070	2371.840	2374.387	9003	0	199
2024.04.17	19:00:00	2374.309	2375.095	2367.807	2372.657	7458	0	199
2024.04.17	20:00:00	2372.604	2373.301	2354.553	2360.925	5867	0	199
2024.04.17	22:00:00	2363.478	2367.501	2363.478	2365.090	2431	0	599
2024.04.17	23:00:00	2365.114	2368.143	2363.616	2367.840	3673	0	199
2024.04.18	00:00:00	2367.837	2370.067	2366.831	2369.741	4568	0	199
2024.04.18	01:00:00	2369.788	2371.994	2364.047	2367.247	7884	0	199
2024.04.18	02:00:00	2367.298	2374.913	2366.651	2373.137	5961	0	199
2024.04.18	03:00:00	2373.100	2375.337	2372.308	2374.755	4817	0	199
2024.04.18	04:00:00	2374.747	2376.565	2373.136	2375.078	3543	0	199
2024.04.18	05:00:00	2375.074	2377.137	2373.739	2376.751	5215	0	199
2024.04.18	06:00:00	2376.724	2380.873	2376.264	2380.577	6384	0	199
2024.04.18	07:00:00	2380.544	2381.047	2374.920	2377.808	6048	0	199
2024.04.18	08:00:00	2377.841	2380.758	2377.364	2379.946	5697	0	199
2024.04.18	09:00:00	2379.945	2380.816	2377.722	2379.572	4825	0	199
2024.04.18	10:00:00	2379.528	2384.021	2377.227	2382.952	5215	0	199
2024.04.18	11:00:00	2382.922	2385.359	2378.908	2380.917	6109	0	199
2024.04.18	12:00:00	2380.971	2387.539	2380.623	2385.361	12101	0	199
2024.04.18	13:00:00	2385.379	2392.800	2375.398	2379.639	24905	0	199
2024.04.18	14:00:00	2379.682	2384.997	2369.475	2379.888	19460	0	199
2024.04.18	15:00:00	2379.828	2385.489	2378.504	2384.106	10825	0	199
2024.04.18	16:00:00	2384.114	2388.746	2381.463	2387.886	8407	0	199
2024.04.18	17:00:00	2387.928	2389.306	2382.206	2384.699	7912	0	199
2024.04.18	18:00:00	2384.749	2384.787	2379.502	2381.616	5996	0	199
2024.04.18	19:00:00	2381.644	2385.133	2378.061	2380.230	5370	0	199
2024.04.18	20:00:00	2380.265	2380.464	2376.855	2377.450	2780	0	200
2024.04.18	22:00:00	2378.459	2380.389	2378.044	2379.038	1624	0	599
2024.04.18	23:00:00	2379.040	2381.471	2379.040	2380.003	2592	0	199
2024.04.19	00:00:00	2379.867	2379.867	2373.708	2379.363	5470	0	199
2024.04.19	01:00:00	2379.416	2417.905	2378.719	2409.371	33985	0	199
2024.04.19	02:00:00	2409.409	2414.820	2395.395	2400.384	25696	0	199
2024.04.19	03:00:00	2400.394	2402.516	2382.831	2391.347	25743	0	199
2024.04.19	04:00:00	2391.349	2391.426	2379.286	2383.526	11643	0	199
2024.04.19	05:00:00	2383.576	2384.405	2380.267	2381.360	9126	0	199
2024.04.19	06:00:00	2381.410	2391.879	2378.600	2389.969	11612	0	199
2024.04.19	07:00:00	2390.024	2393.882	2384.561	2385.425	9313	0	199
2024.04.19	08:00:00	2385.374	2386.298	2377.970	2384.264	10374	0	199
2024.04.19	09:00:00	2384.278	2386.128	2379.874	2381.036	7299	0	199
2024.04.19	10:00:00	2381.022	2383.136	2379.222	2381.054	6555	0	199
2024.04.19	11:00:00	2381.060	2381.294	2372.761	2376.757	10584	0	199
2024.04.19	12:00:00	2376.819	2384.514	2374.458	2381.469	10576	0	199
2024.04.19	13:00:00	2381.413	2386.813	2373.074	2378.574	16467	0	199
2024.04.19	14:00:00	2378.623	2392.017	2378.591	2391.065	16469	0	199
2024.04.19	15:00:00	2391.018	2396.007	2389.198	2394.753	11624	0	199
2024.04.19	16:00:00	2394.753	2399.689	2389.793	2399.618	8602	0	199
2024.04.19	17:00:00	2399.587	2401.970	2392.305	2393.649	8571	0	199
2024.04.19	18:00:00	2393.701	2398.148	2392.683	2398.148	5659	0	199
2024.04.19	19:00:00	2398.156	2398.270	2386.591	2387.607	6714	0	199
2024.04.19	20:00:00	2387.652	2391.252	2386.631	2390.677	3711	0	199
2024.04.21	22:00:00	2384.011	2388.597	2381.878	2383.830	4849	0	199
2024.04.21	23:00:00	2383.814	2387.823	2382.969	2386.483	4941	0	199
2024.04.22	00:00:00	2386.506	2386.506	2381.091	2382.132	5909	0	199
2024.04.22	01:00:00	2382.113	2384.242	2376.049	2378.025	9399	0	199
2024.04.22	02:00:00	2378.073	2378.113	2372.558	2372.717	5564	0	199
2024.04.22	03:00:00	2372.688	2372.688	2361.672	2369.326	10126	0	199
2024.04.22	04:00:00	2369.385	2372.902	2368.731	2369.678	5279	0	199
2024.04.22	05:00:00	2369.677	2370.499	2360.808	2365.492	9691	0	199
2024.04.22	06:00:00	2365.441	2367.020	2351.321	2355.879	11363	0	199
2024.04.22	07:00:00	2355.829	2361.112	2354.917	2360.983	8519	0	199
2024.04.22	08:00:00	2360.959	2363.051	2357.848	2359.512	6253	0	199
2024.04.22	09:00:00	2359.472	2363.644	2359.051	2361.184	5927	0	199
2024.04.22	10:00:00	2361.140	2361.435	2356.062	2357.639	5366	0	199
2024.04.22	11:00:00	2357.680	2357.680	2339.376	2342.055	11965	0	199
2024.04.22	12:00:00	2342.040	2350.382	2332.927	2336.810	14930	0	199
2024.04.22	13:00:00	2336.861	2343.738	2331.031	2338.468	22734	0	199
2024.04.22	14:00:00	2338.401	2343.864	2332.923	2341.215	13350	0	199
2024.04.22	15:00:00	2341.262	2341.851	2332.715	2334.797	9731	0	199
2024.04.22	16:00:00	2334.789	2336.453	2328.888	2329.846	7545	0	199
2024.04.22	17:00:00	2329.843	2334.867	2329.576	2330.006	6527	0	199
2024.04.22	18:00:00	2330.057	2330.987	2324.510	2327.593	5495	0	199
2024.04.22	19:00:00	2327.623	2331.670	2327.337	2329.332	4328	0	199
2024.04.22	20:00:00	2329.290	2330.178	2325.319	2326.498	2499	0	199
2024.04.22	22:00:00	2329.070	2331.320	2326.641	2330.255	2641	0	599
2024.04.22	23:00:00	2330.253	2333.928	2328.080	2333.737	4101	0	199
2024.04.23	00:00:00	2333.712	2333.830	2330.086	2332.589	4586	0	199
2024.04.23	01:00:00	2332.557	2334.378	2295.500	2298.946	23642	0	199
2024.04.23	02:00:00	2298.976	2314.265	2298.284	2301.871	16911	0	199
2024.04.23	03:00:00	2301.873	2307.237	2300.882	2302.606	8522	0	199
2024.04.23	04:00:00	2302.580	2308.205	2301.707	2305.489	5492	0	199
2024.04.23	05:00:00	2305.493	2314.746	2304.273	2308.229	8292	0	199
2024.04.23	06:00:00	2308.203	2309.988	2298.841	2301.983	10372	0	199
2024.04.23	07:00:00	2301.945	2311.255	2301.155	2309.053	8939	0	199
2024.04.23	08:00:00	2309.091	2309.769	2301.866	2303.296	7623	0	199
2024.04.23	09:00:00	2303.232	2303.444	2291.323	2295.671	10870	0	199
2024.04.23	10:00:00	2295.653	2306.221	2295.426	2303.202	6916	0	199
2024.04.23	11:00:00	2303.186	2303.279	2299.752	2302.136	6540	0	199
2024.04.23	12:00:00	2302.145	2313.592	2301.272	2311.713	10870	0	199
2024.04.23	13:00:00	2311.772	2330.688	2309.493	2329.651	22785	0	199
2024.04.23	14:00:00	2329.483	2332.160	2314.409	2320.299	23420	0	199
2024.04.23	15:00:00	2320.345	2324.495	2315.200	2323.196	11153	0	199
2024.04.23	16:00:00	2323.227	2331.162	2321.703	2330.229	8196	0	199
2024.04.23	17:00:00	2330.234	2331.351	2325.018	2326.313	7106	0	199
2024.04.23	18:00:00	2326.304	2329.761	2323.576	2324.253	5201	0	199
2024.04.23	19:00:00	2324.247	2325.112	2321.196	2322.255	4113	0	199
2024.04.23	20:00:00	2322.307	2323.274	2321.376	2321.929	2384	0	199
2024.04.23	22:00:00	2322.080	2322.914	2321.097	2321.688	1857	0	599
2024.04.23	23:00:00	2321.664	2324.337	2321.664	2323.210	2730	0	199
2024.04.24	00:00:00	2323.225	2323.598	2320.693	2320.852	3917	0	199
2024.04.24	01:00:00	2320.906	2323.175	2315.999	2318.217	7760	0	199
2024.04.24	02:00:00	2318.212	2322.143	2315.747	2321.639	6042	0	199
2024.04.24	03:00:00	2321.653	2328.114	2320.816	2327.841	5514	0	199
2024.04.24	04:00:00	2327.866	2330.069	2325.171	2326.636	4331	0	199
2024.04.24	05:00:00	2326.648	2329.888	2324.443	2328.821	5039	0	199
2024.04.24	06:00:00	2328.823	2331.310	2324.192	2326.854	6971	0	199
2024.04.24	07:00:00	2326.804	2326.804	2320.681	2320.700	6410	0	199
2024.04.24	08:00:00	2320.700	2321.910	2316.041	2319.178	5961	0	199
2024.04.24	09:00:00	2319.224	2319.318	2311.698	2315.003	6995	0	199
2024.04.24	10:00:00	2315.045	2318.501	2314.250	2316.771	4608	0	199
2024.04.24	11:00:00	2316.771	2316.981	2313.152	2316.167	4830	0	199
2024.04.24	12:00:00	2316.219	2323.493	2312.059	2323.154	11173	0	199
2024.04.24	13:00:00	2323.125	2326.058	2315.839	2321.245	18016	0	199
2024.04.24	14:00:00	2321.283	2330.410	2316.886	2329.621	12382	0	199
2024.04.24	15:00:00	2329.662	2337.291	2322.524	2322.593	12080	0	199
2024.04.24	16:00:00	2322.552	2326.354	2321.802	2325.159	7419	0	199
2024.04.24	17:00:00	2325.117	2330.477	2321.767	2324.391	7296	0	199
2024.04.24	18:00:00	2324.404	2324.667	2318.583	2320.492	5247	0	199
2024.04.24	19:00:00	2320.521	2322.462	2317.790	2319.074	4441	0	199
2024.04.24	20:00:00	2319.104	2319.648	2313.664	2315.786	3501	0	199
2024.04.24	22:00:00	2315.996	2318.379	2315.057	2317.790	1909	0	599
2024.04.24	23:00:00	2317.777	2318.277	2315.380	2316.219	3423	0	199
2024.04.25	00:00:00	2316.223	2319.424	2315.390	2319.111	3734	0	199
2024.04.25	01:00:00	2319.118	2320.666	2315.988	2319.155	5159	0	199
2024.04.25	02:00:00	2319.157	2322.041	2318.851	2319.855	4071	0	199
2024.04.25	03:00:00	2319.854	2320.691	2304.865	2313.177	8821	0	199
2024.04.25	04:00:00	2313.225	2315.890	2312.363	2315.322	3406	0	199
2024.04.25	05:00:00	2315.355	2320.796	2314.453	2319.484	5128	0	199
2024.04.25	06:00:00	2319.548	2323.580	2317.743	2322.640	6238	0	199
2024.04.25	07:00:00	2322.607	2326.113	2320.238	2325.621	5147	0	199
2024.04.25	08:00:00	2325.648	2328.852	2324.842	2326.869	5328	0	199
2024.04.25	09:00:00	2326.849	2327.570	2324.091	2324.879	4329	0	199
2024.04.25	10:00:00	2324.875	2328.700	2324.238	2328.076	4162	0	199
2024.04.25	11:00:00	2328.044	2330.618	2326.673	2328.506	4710	0	199
2024.04.25	12:00:00	2328.502	2334.768	2323.253	2330.717	16677	0	199
2024.04.25	13:00:00	2330.766	2331.203	2312.697	2318.974	28761	0	199
2024.04.25	14:00:00	2319.006	2344.872	2316.918	2333.891	24418	0	199
2024.04.25	15:00:00	2333.854	2336.680	2327.082	2330.473	13345	0	199
2024.04.25	16:00:00	2330.505	2332.437	2322.971	2328.737	7751	0	199
2024.04.25	17:00:00	2328.783	2332.210	2326.221	2332.200	6305	0	199
2024.04.25	18:00:00	2332.243	2335.028	2330.613	2333.058	5270	0	199
2024.04.25	19:00:00	2333.003	2336.414	2331.585	2332.887	4332	0	199
2024.04.25	20:00:00	2332.929	2333.739	2330.830	2331.927	2699	0	200
2024.04.25	22:00:00	2331.959	2333.157	2331.356	2332.460	1842	0	599
2024.04.25	23:00:00	2332.414	2332.617	2330.021	2330.620	2673	0	199
2024.04.26	00:00:00	2330.617	2331.404	2328.702	2329.817	2905	0	199
2024.04.26	01:00:00	2329.825	2333.230	2326.212	2332.083	5787	0	199
2024.04.26	02:00:00	2332.071	2336.196	2331.099	2333.837	4957	0	199
2024.04.26	03:00:00	2333.829	2334.902	2332.190	2334.634	4430	0	199
2024.04.26	04:00:00	2334.634	2338.355	2333.425	2335.879	3995	0	199
2024.04.26	05:00:00	2335.864	2338.559	2333.948	2337.801	4410	0	199
2024.04.26	06:00:00	2337.748	2343.107	2337.323	2341.030	6274	0	199
2024.04.26	07:00:00	2340.968	2347.319	2338.115	2345.504	6844	0	199
2024.04.26	08:00:00	2345.510	2350.380	2344.107	2347.032	9917	0	199
2024.04.26	09:00:00	2347.039	2352.555	2346.730	2349.316	5281	0	199
2024.04.26	10:00:00	2349.340	2350.338	2345.695	2348.135	4564	0	199
2024.04.26	11:00:00	2348.076	2348.615	2343.399	2344.905	4806	0	199
2024.04.26	12:00:00	2344.878	2351.589	2340.491	2344.669	12298	0	199
2024.04.26	13:00:00	2344.720	2350.364	2336.832	2341.375	16408	0	199
2024.04.26	14:00:00	2341.306	2345.254	2328.668	2333.552	15286	0	199
2024.04.26	15:00:00	2333.584	2337.679	2331.195	2336.631	10348	0	199
2024.04.26	16:00:00	2336.687	2338.951	2333.036	2333.603	6375	0	199
2024.04.26	17:00:00	2333.573	2340.323	2332.601	2338.450	5397	0	199
2024.04.26	18:00:00	2338.482	2341.410	2337.726	2340.851	4052	0	199
2024.04.26	19:00:00	2340.814	2340.891	2336.105	2339.895	4096	0	199
2024.04.26	20:00:00	2339.946	2340.112	2336.320	2337.792	3450	0	199
2024.04.28	22:00:00	2333.884	2336.097	2332.476	2334.733	3504	0	199
2024.04.28	23:00:00	2334.679	2336.825	2334.295	2335.986	2905	0	199
2024.04.29	00:00:00	2335.937	2336.331	2330.584	2332.063	3897	0	199
2024.04.29	01:00:00	2332.016	2332.016	2319.733	2330.990	12881	0	199
2024.04.29	02:00:00	2330.977	2331.531	2324.078	2324.284	5644	0	199
2024.04.29	03:00:00	2324.339	2329.461	2323.577	2328.433	4674	0	199
2024.04.29	04:00:00	2328.443	2333.196	2327.356	2332.563	10487	0	199
2024.04.29	05:00:00	2332.593	2336.502	2329.323	2330.560	6418	0	199
2024.04.29	06:00:00	2330.551	2333.525	2327.461	2329.196	6026	0	199
2024.04.29	07:00:00	2329.141	2337.905	2329.033	2337.317	9742	0	199
2024.04.29	08:00:00	2337.246	2341.274	2336.156	2338.086	5853	0	199
2024.04.29	09:00:00	2337.978	2344.345	2336.667	2343.164	5387	0	199
2024.04.29	10:00:00	2343.160	2344.154	2339.867	2341.174	4588	0	199
2024.04.29	11:00:00	2341.170	2342.897	2335.378	2337.058	4837	0	199
2024.04.29	12:00:00	2337.024	2337.569	2328.273	2331.870	7072	0	199
2024.04.29	13:00:00	2331.825	2336.509	2325.573	2333.974	12090	0	199
2024.04.29	14:00:00	2333.919	2339.504	2333.863	2337.767	10080	0	199
2024.04.29	15:00:00	2337.804	2338.951	2332.772	2337.783	7156	0	199
2024.04.29	16:00:00	2337.799	2346.720	2337.330	2342.848	9992	0	199
2024.04.29	17:00:00	2342.886	2346.639	2339.775	2342.134	6830	0	199
2024.04.29	18:00:00	2342.126	2343.828	2337.530	2341.257	5529	0	199
2024.04.29	19:00:00	2341.199	2341.199	2332.974	2335.628	7193	0	199
2024.04.29	20:00:00	2335.677	2337.110	2335.186	2335.198	2430	0	199
2024.04.29	22:00:00	2334.576	2336.140	2333.791	2334.755	1740	0	599
2024.04.29	23:00:00	2334.750	2334.961	2332.635	2333.173	2997	0	199
2024.04.30	00:00:00	2333.178	2334.789	2331.679	2333.913	4146	0	199
2024.04.30	01:00:00	2333.884	2336.113	2332.399	2333.973	5986	0	199
2024.04.30	02:00:00	2334.020	2334.434	2326.820	2331.301	5657	0	199
2024.04.30	03:00:00	2331.265	2331.649	2328.538	2329.190	4273	0	199
2024.04.30	04:00:00	2329.227	2329.467	2324.908	2326.442	3586	0	199
2024.04.30	05:00:00	2326.435	2327.006	2321.741	2322.961	5377	0	199
2024.04.30	06:00:00	2322.956	2323.564	2318.742	2322.372	6589	0	199
2024.04.30	07:00:00	2322.426	2322.634	2315.280	2317.528	5865	0	199
2024.04.30	08:00:00	2317.519	2318.458	2310.672	2312.878	5712	0	199
2024.04.30	09:00:00	2312.871	2317.423	2312.254	2314.776	5309	0	199
2024.04.30	10:00:00	2314.785	2317.984	2314.183	2315.479	4503	0	199
2024.04.30	11:00:00	2315.416	2315.560	2309.449	2312.703	5512	0	199
2024.04.30	12:00:00	2312.657	2313.363	2304.570	2306.055	12183	0	199
2024.04.30	13:00:00	2306.025	2313.282	2302.806	2307.479	14834	0	199
2024.04.30	14:00:00	2307.395	2310.639	2293.093	2293.093	18811	0	199
2024.04.30	15:00:00	2293.139	2300.503	2293.139	2295.834	11862	0	199
2024.04.30	16:00:00	2295.798	2299.309	2294.446	2294.708	7410	0	199
2024.04.30	17:00:00	2294.708	2297.201	2291.545	2295.966	7150	0	199
2024.04.30	18:00:00	2295.914	2297.495	2289.843	2290.081	5209	0	199
2024.04.30	19:00:00	2290.128	2294.855	2289.283	2290.833	5973	0	199
2024.04.30	20:00:00	2290.788	2293.468	2284.967	2285.328	5035	0	199
2024.04.30	22:00:00	2287.354	2291.656	2287.021	2291.100	2405	0	599
2024.04.30	23:00:00	2291.097	2293.277	2289.866	2291.244	3201	0	199
2024.05.01	00:00:00	2291.256	2292.869	2285.668	2286.906	4729	0	199
2024.05.01	01:00:00	2286.899	2289.493	2286.008	2287.946	4525	0	199
2024.05.01	02:00:00	2287.974	2288.653	2286.743	2287.985	3182	0	200
2024.05.01	03:00:00	2287.979	2288.366	2282.949	2284.046	3470	0	199
2024.05.01	04:00:00	2284.010	2285.498	2281.553	2283.238	3577	0	199
2024.05.01	05:00:00	2283.190	2288.427	2282.540	2287.477	3735	0	199
2024.05.01	06:00:00	2287.432	2289.744	2286.413	2286.867	4174	0	199
2024.05.01	07:00:00	2286.880	2287.962	2283.484	2285.785	4462	0	199
2024.05.01	08:00:00	2285.735	2286.818	2283.799	2286.189	4400	0	199
2024.05.01	09:00:00	2286.244	2293.108	2285.670	2291.895	5004	0	199
2024.05.01	10:00:00	2291.878	2294.338	2289.101	2293.117	4796	0	199
2024.05.01	11:00:00	2293.127	2297.093	2291.369	2294.535	4736	0	199
2024.05.01	12:00:00	2294.486	2300.028	2294.092	2298.190	9133	0	199
2024.05.01	13:00:00	2298.250	2303.457	2295.150	2303.031	10045	0	199
2024.05.01	14:00:00	2303.043	2310.404	2297.360	2304.382	16969	0	199
2024.05.01	15:00:00	2304.431	2310.459	2302.496	2307.260	9018	0	199
2024.05.01	16:00:00	2307.290	2307.352	2301.818	2303.718	6464	0	199
2024.05.01	17:00:00	2303.773	2304.954	2297.593	2299.824	6453	0	199
2024.05.01	18:00:00	2299.779	2328.289	2295.825	2325.296	34975	0	199
2024.05.01	19:00:00	2325.242	2327.867	2309.724	2309.724	17236	0	199
2024.05.01	20:00:00	2309.757	2320.567	2306.997	2317.703	10491	0	199
2024.05.01	22:00:00	2319.510	2322.998	2317.552	2320.638	2780	0	599
2024.05.01	23:00:00	2320.736	2324.833	2320.736	2323.809	3981	0	199
2024.05.02	00:00:00	2323.848	2325.995	2322.921	2324.455	4361	0	199
2024.05.02	01:00:00	2324.411	2326.492	2321.746	2324.117	4609	0	199
2024.05.02	02:00:00	2324.089	2325.591	2318.740	2320.193	4631	0	199
2024.05.02	03:00:00	2320.179	2320.754	2317.280	2319.492	4399	0	199
2024.05.02	04:00:00	2319.495	2320.986	2318.043	2318.188	3192	0	199
2024.05.02	05:00:00	2318.189	2318.471	2313.009	2314.908	4887	0	199
2024.05.02	06:00:00	2314.978	2319.047	2312.500	2313.673	6417	0	199
2024.05.02	07:00:00	2313.618	2315.052	2308.140	2309.262	6681	0	199
2024.05.02	08:00:00	2309.292	2311.082	2303.001	2304.036	6028	0	199
2024.05.02	09:00:00	2304.074	2305.381	2298.800	2301.799	5495	0	199
2024.05.02	10:00:00	2301.748	2301.854	2295.140	2299.227	6585	0	199
2024.05.02	11:00:00	2299.282	2302.922	2297.513	2299.009	5847	0	199
2024.05.02	12:00:00	2298.957	2304.466	2293.486	2294.461	10311	0	199
2024.05.02	13:00:00	2294.523	2295.766	2285.423	2291.588	16035	0	199
2024.05.02	14:00:00	2291.580	2304.880	2287.632	2303.936	16645	0	199
2024.05.02	15:00:00	2303.988	2306.887	2297.297	2299.944	11232	0	199
2024.05.02	16:00:00	2299.940	2303.795	2297.940	2299.657	6876	0	199
2024.05.02	17:00:00	2299.667	2308.525	2299.299	2308.024	6136	0	199
2024.05.02	18:00:00	2308.012	2309.474	2305.030	2307.989	4894	0	199
2024.05.02	19:00:00	2308.028	2308.028	2301.580	2302.920	4987	0	199
2024.05.02	20:00:00	2302.877	2304.135	2300.573	2303.904	3095	0	199
2024.05.02	22:00:00	2303.709	2305.492	2303.529	2303.606	1839	0	599
2024.05.02	23:00:00	2303.615	2304.548	2302.356	2304.247	2718	0	199
2024.05.03	00:00:00	2304.243	2304.813	2300.188	2303.906	3973	0	199
2024.05.03	01:00:00	2303.899	2306.388	2301.832	2302.574	4706	0	199
2024.05.03	02:00:00	2302.503	2303.047	2299.869	2301.103	4501	0	199
2024.05.03	03:00:00	2301.062	2302.425	2300.494	2302.403	3028	0	199
2024.05.03	04:00:00	2302.476	2308.018	2302.092	2307.368	3742	0	199
2024.05.03	05:00:00	2307.422	2308.770	2305.781	2306.144	3531	0	199
2024.05.03	06:00:00	2306.147	2306.445	2298.277	2298.473	5503	0	199
2024.05.03	07:00:00	2298.511	2301.410	2297.711	2299.215	5923	0	199
2024.05.03	08:00:00	2299.170	2302.631	2298.364	2301.297	5212	0	199
2024.05.03	09:00:00	2301.252	2303.184	2299.396	2301.431	4548	0	199
2024.05.03	10:00:00	2301.457	2301.733	2297.872	2299.046	4378	0	199
2024.05.03	11:00:00	2299.089	2299.841	2296.206	2298.281	4820	0	199
2024.05.03	12:00:00	2298.282	2320.712	2294.606	2304.773	20566	0	199
2024.05.03	13:00:00	2304.746	2308.926	2277.090	2290.326	31779	0	199
2024.05.03	14:00:00	2290.394	2302.744	2283.157	2291.122	28977	0	199
2024.05.03	15:00:00	2291.158	2298.966	2289.626	2293.728	11369	0	199
2024.05.03	16:00:00	2293.775	2300.232	2292.806	2299.186	7051	0	199
2024.05.03	17:00:00	2299.144	2303.091	2296.341	2302.030	5546	0	199
2024.05.03	18:00:00	2302.068	2302.900	2297.381	2299.278	4401	0	199
2024.05.03	19:00:00	2299.253	2301.485	2295.962	2301.365	4821	0	199
2024.05.03	20:00:00	2301.351	2303.414	2300.629	2301.626	3135	0	199
2024.05.05	22:00:00	2302.321	2303.289	2300.790	2301.786	2374	0	199
2024.05.05	23:00:00	2301.769	2302.934	2293.260	2293.968	4851	0	199
2024.05.06	00:00:00	2293.929	2297.961	2291.769	2295.968	5539	0	199
2024.05.06	01:00:00	2296.027	2309.139	2295.746	2308.277	13125	0	199
2024.05.06	02:00:00	2308.328	2315.394	2307.505	2311.173	7514	0	199
2024.05.06	03:00:00	2311.116	2311.966	2308.348	2309.322	4608	0	199
2024.05.06	04:00:00	2309.367	2311.802	2308.140	2309.187	3396	0	199
2024.05.06	05:00:00	2309.164	2313.950	2308.675	2313.438	6013	0	199
2024.05.06	06:00:00	2313.389	2314.785	2311.737	2314.141	5745	0	199
2024.05.06	07:00:00	2314.123	2324.143	2312.371	2322.646	6921	0	199
2024.05.06	08:00:00	2322.643	2323.082	2317.277	2318.307	5540	0	199
2024.05.06	09:00:00	2318.304	2322.032	2315.588	2321.161	5070	0	199
2024.05.06	10:00:00	2321.112	2322.069	2318.707	2319.274	4763	0	199
2024.05.06	11:00:00	2319.305	2322.427	2315.947	2318.192	4830	0	199
2024.05.06	12:00:00	2318.134	2330.285	2314.540	2323.290	10284	0	199
2024.05.06	13:00:00	2323.259	2332.095	2321.595	2327.858	14761	0	199
2024.05.06	14:00:00	2327.902	2330.562	2318.949	2321.064	12456	0	199
2024.05.06	15:00:00	2320.999	2325.495	2319.478	2324.777	6258	0	199
2024.05.06	16:00:00	2324.731	2327.461	2317.621	2325.569	9255	0	199
2024.05.06	17:00:00	2325.586	2326.134	2320.959	2324.619	6126	0	199
2024.05.06	18:00:00	2324.655	2326.533	2324.292	2326.245	3926	0	199
2024.05.06	19:00:00	2326.300	2327.174	2323.525	2325.030	4012	0	199
2024.05.06	20:00:00	2324.992	2328.809	2323.573	2323.942	3565	0	199
2024.05.06	22:00:00	2324.803	2326.683	2324.189	2326.536	2009	0	599
2024.05.06	23:00:00	2326.482	2326.900	2322.186	2325.943	3165	0	199
2024.05.07	00:00:00	2325.950	2329.479	2325.482	2329.200	4416	0	199
2024.05.07	01:00:00	2329.232	2329.926	2322.426	2322.766	6727	0	199
2024.05.07	02:00:00	2322.792	2324.340	2319.603	2321.578	5413	0	199
2024.05.07	03:00:00	2321.551	2325.089	2321.164	2324.857	3939	0	200
2024.05.07	04:00:00	2324.881	2325.078	2321.305	2322.638	4055	0	199
2024.05.07	05:00:00	2322.642	2323.269	2320.264	2321.500	4777	0	199
2024.05.07	06:00:00	2321.499	2321.499	2318.330	2320.389	5017	0	199
2024.05.07	07:00:00	2320.435	2322.000	2317.681	2319.251	5205	0	199
2024.05.07	08:00:00	2319.228	2319.841	2311.641	2315.676	5622	0	199
2024.05.07	09:00:00	2315.628	2317.213	2312.669	2313.741	4774	0	199
2024.05.07	10:00:00	2313.741	2315.913	2312.165	2315.312	4513	0	199
2024.05.07	11:00:00	2315.352	2316.525	2312.081	2312.348	4571	0	199
2024.05.07	12:00:00	2312.335	2317.352	2309.895	2315.989	7599	0	199
2024.05.07	13:00:00	2315.956	2323.697	2315.289	2318.536	11071	0	199
2024.05.07	14:00:00	2318.538	2322.383	2312.277	2314.177	8028	0	199
2024.05.07	15:00:00	2314.208	2319.130	2312.742	2314.704	7691	0	199
2024.05.07	16:00:00	2314.755	2316.114	2312.395	2312.507	4903	0	199
2024.05.07	17:00:00	2312.557	2317.437	2311.034	2314.333	4955	0	200
2024.05.07	18:00:00	2314.283	2315.323	2312.930	2314.415	3942	0	199
2024.05.07	19:00:00	2314.456	2315.543	2311.793	2314.618	3948	0	199
2024.05.07	20:00:00	2314.634	2315.511	2312.722	2314.015	2421	0	199
2024.05.07	22:00:00	2314.110	2316.533	2313.864	2314.391	1646	0	599
2024.05.07	23:00:00	2314.392	2316.318	2314.178	2315.118	1947	0	199
2024.05.08	00:00:00	2315.167	2316.276	2313.746	2314.194	3967	0	200
2024.05.08	01:00:00	2314.192	2314.464	2306.785	2307.868	6153	0	199
2024.05.08	02:00:00	2307.830	2317.465	2307.289	2317.082	6021	0	199
2024.05.08	03:00:00	2317.087	2318.189	2315.351	2317.001	4384	0	199
2024.05.08	04:00:00	2317.000	2319.299	2316.794	2319.231	3381	0	199
2024.05.08	05:00:00	2319.221	2321.336	2317.649	2317.711	3968	0	199
2024.05.08	06:00:00	2317.709	2318.947	2313.583	2314.693	5337	0	199
2024.05.08	07:00:00	2314.644	2314.907	2305.294	2305.727	6032	0	199
2024.05.08	08:00:00	2305.691	2309.257	2303.584	2307.302	6768	0	199
2024.05.08	09:00:00	2307.294	2311.393	2306.918	2310.763	4899	0	199
2024.05.08	10:00:00	2310.807	2317.102	2310.658	2315.520	5062	0	199
2024.05.08	11:00:00	2315.520	2318.085	2312.890	2314.668	5735	0	199
2024.05.08	12:00:00	2314.646	2319.096	2313.316	2314.488	8481	0	199
2024.05.08	13:00:00	2314.459	2316.226	2306.712	2310.005	14875	0	199
2024.05.08	14:00:00	2310.068	2317.701	2309.009	2315.468	8517	0	199
2024.05.08	15:00:00	2315.465	2320.371	2312.670	2320.371	7356	0	199
2024.05.08	16:00:00	2320.422	2321.095	2315.787	2316.976	5179	0	199
2024.05.08	17:00:00	2316.991	2317.489	2313.661	2313.861	4499	0	199
2024.05.08	18:00:00	2313.831	2313.900	2311.412	2312.634	3476	0	199
2024.05.08	19:00:00	2312.681	2312.811	2307.860	2308.174	3926	0	199
2024.05.08	20:00:00	2308.231	2309.583	2307.822	2308.766	2637	0	199
2024.05.08	22:00:00	2308.448	2310.689	2308.357	2309.521	1659	0	599
2024.05.08	23:00:00	2309.551	2309.984	2307.908	2308.740	2289	0	199
2024.05.09	00:00:00	2308.733	2310.535	2307.765	2309.310	3281	0	199
2024.05.09	01:00:00	2309.377	2312.216	2308.771	2309.944	4533	0	199
2024.05.09	02:00:00	2309.898	2311.612	2307.849	2310.348	4172	0	199
2024.05.09	03:00:00	2310.325	2312.996	2309.337	2312.274	3626	0	199
2024.05.09	04:00:00	2312.273	2315.254	2311.838	2314.508	3690	0	199
2024.05.09	05:00:00	2314.510	2319.735	2314.444	2316.508	5369	0	199
2024.05.09	06:00:00	2316.467	2317.055	2313.663	2314.219	4812	0	199
2024.05.09	07:00:00	2314.277	2314.960	2307.406	2309.314	5379	0	199
2024.05.09	08:00:00	2309.260	2313.335	2308.983	2310.408	5078	0	199
2024.05.09	09:00:00	2310.352	2311.944	2306.477	2307.633	4188	0	199
2024.05.09	10:00:00	2307.607	2312.876	2307.281	2311.797	4634	0	199
2024.05.09	11:00:00	2311.768	2316.643	2311.003	2315.918	4869	0	199
2024.05.09	12:00:00	2315.915	2329.421	2314.588	2326.645	10018	0	199
2024.05.09	13:00:00	2326.698	2326.699	2312.082	2324.372	16746	0	199
2024.05.09	14:00:00	2324.317	2338.930	2323.233	2333.253	15582	0	199
2024.05.09	15:00:00	2333.317	2337.635	2328.112	2330.400	7889	0	199
2024.05.09	16:00:00	2330.430	2333.967	2329.508	2329.721	5087	0	199
2024.05.09	17:00:00	2329.746	2334.999	2329.128	2334.760	5245	0	199
2024.05.09	18:00:00	2334.761	2337.650	2333.820	2337.492	3792	0	199
2024.05.09	19:00:00	2337.537	2343.998	2335.566	2343.750	5572	0	199
2024.05.09	20:00:00	2343.697	2347.186	2343.123	2345.439	4461	0	199
2024.05.09	22:00:00	2346.034	2347.320	2344.919	2346.032	1878	0	599
2024.05.09	23:00:00	2346.034	2348.325	2345.852	2346.524	2520	0	199
2024.05.10	00:00:00	2346.557	2349.051	2345.924	2347.564	3835	0	199
2024.05.10	01:00:00	2347.612	2355.814	2347.352	2350.350	9659	0	199
2024.05.10	02:00:00	2350.297	2351.824	2347.115	2349.436	5510	0	199
2024.05.10	03:00:00	2349.435	2354.035	2349.064	2353.325	4536	0	199
2024.05.10	04:00:00	2353.375	2354.518	2351.171	2353.912	3293	0	199
2024.05.10	05:00:00	2353.908	2358.772	2353.679	2357.130	5522	0	199
2024.05.10	06:00:00	2357.061	2369.044	2356.003	2368.397	8356	0	199
2024.05.10	07:00:00	2368.356	2370.375	2364.713	2366.700	7227	0	199
2024.05.10	08:00:00	2366.733	2372.199	2365.835	2369.525	5975	0	199
2024.05.10	09:00:00	2369.571	2375.412	2369.571	2372.469	6398	0	199
2024.05.10	10:00:00	2372.480	2378.476	2371.591	2374.722	5755	0	199
2024.05.10	11:00:00	2374.717	2375.707	2371.053	2372.126	5967	0	199
2024.05.10	12:00:00	2372.132	2375.774	2361.630	2364.832	11502	0	199
2024.05.10	13:00:00	2364.846	2372.069	2360.110	2367.766	15212	0	199
2024.05.10	14:00:00	2367.716	2373.009	2357.736	2360.608	15120	0	199
2024.05.10	15:00:00	2360.575	2366.355	2356.568	2364.804	9276	0	199
2024.05.10	16:00:00	2364.779	2369.961	2361.647	2368.236	6408	0	199
2024.05.10	17:00:00	2368.283	2370.056	2366.830	2369.505	5717	0	199
2024.05.10	18:00:00	2369.555	2370.961	2366.581	2367.318	3992	0	199
2024.05.10	19:00:00	2367.276	2367.482	2362.179	2363.308	4495	0	199
2024.05.10	20:00:00	2363.368	2365.048	2359.697	2360.449	2984	0	199
2024.05.12	22:00:00	2361.401	2363.088	2360.035	2361.523	2601	0	199
2024.05.12	23:00:00	2361.514	2362.568	2359.730	2360.407	2697	0	199
2024.05.13	00:00:00	2360.447	2364.490	2359.869	2364.007	3740	0	199
2024.05.13	01:00:00	2363.983	2364.123	2354.778	2359.135	7385	0	199
2024.05.13	02:00:00	2359.146	2359.854	2357.608	2358.945	4573	0	199
2024.05.13	03:00:00	2358.990	2359.336	2356.227	2357.071	4065	0	199
2024.05.13	04:00:00	2357.012	2357.043	2354.053	2354.307	3310	0	199
2024.05.13	05:00:00	2354.277	2355.060	2351.151	2352.537	4481	0	199
2024.05.13	06:00:00	2352.597	2354.408	2347.376	2349.579	5971	0	199
2024.05.13	07:00:00	2349.570	2351.298	2346.425	2348.570	5192	0	199
2024.05.13	08:00:00	2348.522	2350.343	2341.638	2343.232	5762	0	199
2024.05.13	09:00:00	2343.302	2344.347	2339.029	2340.114	5372	0	199
2024.05.13	10:00:00	2340.066	2344.059	2339.243	2343.273	5194	0	199
2024.05.13	11:00:00	2343.272	2346.659	2338.364	2344.547	6914	0	199
2024.05.13	12:00:00	2344.470	2349.777	2343.612	2347.072	9561	0	199
2024.05.13	13:00:00	2347.008	2349.356	2340.324	2344.071	11279	0	199
2024.05.13	14:00:00	2344.029	2345.969	2340.737	2343.622	11424	0	199
2024.05.13	15:00:00	2343.680	2343.680	2332.060	2335.866	11124	0	199
2024.05.13	16:00:00	2335.884	2337.786	2334.639	2336.634	5972	0	199
2024.05.13	17:00:00	2336.679	2338.163	2334.424	2335.977	4888	0	199
2024.05.13	18:00:00	2335.997	2337.897	2335.745	2337.242	3841	0	199
2024.05.13	19:00:00	2337.290	2338.490	2335.837	2337.333	3502	0	199
2024.05.13	20:00:00	2337.375	2337.518	2335.222	2336.006	2022	0	199
2024.05.13	22:00:00	2336.444	2338.254	2336.321	2337.377	1373	0	599
2024.05.13	23:00:00	2337.384	2339.302	2337.303	2338.408	2168	0	199
2024.05.14	00:00:00	2338.390	2339.618	2334.734	2336.403	3330	0	199
2024.05.14	01:00:00	2336.350	2342.080	2336.350	2341.940	5634	0	199
2024.05.14	02:00:00	2341.974	2344.422	2340.094	2340.433	4816	0	199
2024.05.14	03:00:00	2340.467	2343.575	2339.971	2343.059	3625	0	199
2024.05.14	04:00:00	2343.077	2344.825	2342.514	2343.973	3077	0	199
2024.05.14	05:00:00	2344.012	2345.925	2342.626	2344.736	4640	0	199
2024.05.14	06:00:00	2344.679	2345.207	2336.854	2338.165	5964	0	199
2024.05.14	07:00:00	2338.113	2339.735	2336.076	2339.151	4909	0	199
2024.05.14	08:00:00	2339.111	2343.920	2337.727	2343.743	4967	0	199
2024.05.14	09:00:00	2343.742	2348.205	2343.650	2345.844	5297	0	199
2024.05.14	10:00:00	2345.841	2347.526	2342.619	2345.633	4825	0	199
2024.05.14	11:00:00	2345.612	2346.261	2342.410	2343.587	4693	0	199
2024.05.14	12:00:00	2343.615	2350.242	2336.534	2348.193	13118	0	199
2024.05.14	13:00:00	2348.200	2355.208	2344.857	2353.863	13878	0	199
2024.05.14	14:00:00	2353.810	2357.079	2348.042	2353.056	14073	0	199
2024.05.14	15:00:00	2353.019	2353.888	2347.196	2347.925	8324	0	199
2024.05.14	16:00:00	2347.881	2355.533	2346.291	2354.190	7221	0	199
2024.05.14	17:00:00	2354.144	2356.563	2351.969	2355.842	5017	0	199
2024.05.14	18:00:00	2355.796	2359.593	2355.656	2357.626	4160	0	199
2024.05.14	19:00:00	2357.628	2357.951	2354.979	2356.486	4150	0	199
2024.05.14	20:00:00	2356.520	2358.383	2356.049	2358.247	2143	0	199
2024.05.14	22:00:00	2357.052	2357.746	2356.037	2357.309	1498	0	599
2024.05.14	23:00:00	2357.241	2357.529	2355.047	2355.774	2408	0	200
2024.05.15	00:00:00	2355.770	2356.866	2354.840	2355.808	3304	0	199
2024.05.15	01:00:00	2355.823	2358.989	2354.873	2357.452	5381	0	199
2024.05.15	02:00:00	2357.507	2359.102	2356.572	2358.592	4002	0	199
2024.05.15	03:00:00	2358.580	2360.989	2357.706	2360.274	3901	0	199
2024.05.15	04:00:00	2360.296	2360.856	2356.128	2356.955	3748	0	199
2024.05.15	05:00:00	2356.944	2359.060	2355.686	2358.526	4155	0	199
2024.05.15	06:00:00	2358.528	2359.679	2356.801	2358.721	5235	0	199
2024.05.15	07:00:00	2358.717	2365.200	2358.416	2362.401	5628	0	199
2024.05.15	08:00:00	2362.432	2374.313	2362.387	2373.284	6596	0	199
2024.05.15	09:00:00	2373.326	2374.260	2368.189	2369.329	5209	0	199
2024.05.15	10:00:00	2369.281	2370.845	2365.226	2365.879	4532	0	199
2024.05.15	11:00:00	2365.836	2366.808	2362.006	2362.742	5185	0	199
2024.05.15	12:00:00	2362.743	2378.698	2358.334	2372.620	19911	0	199
2024.05.15	13:00:00	2372.580	2375.450	2351.746	2358.105	20975	0	199
2024.05.15	14:00:00	2358.051	2373.764	2353.776	2373.764	14427	0	199
2024.05.15	15:00:00	2373.768	2385.715	2372.977	2377.551	12700	0	199
2024.05.15	16:00:00	2377.591	2386.730	2377.065	2383.685	8565	0	199
2024.05.15	17:00:00	2383.720	2390.295	2383.457	2389.207	6544	0	199
2024.05.15	18:00:00	2389.204	2389.379	2383.562	2385.500	5096	0	199
2024.05.15	19:00:00	2385.448	2387.448	2383.810	2386.313	4670	0	199
2024.05.15	20:00:00	2386.283	2388.667	2385.866	2386.450	3302	0	200
2024.05.15	22:00:00	2385.385	2389.427	2385.385	2388.763	2247	0	599
2024.05.15	23:00:00	2388.706	2391.910	2388.706	2391.769	3797	0	199
2024.05.16	00:00:00	2391.764	2395.067	2390.211	2394.910	5014	0	199
2024.05.16	01:00:00	2394.908	2397.342	2389.555	2391.550	8763	0	199
2024.05.16	02:00:00	2391.520	2391.823	2386.542	2387.546	7296	0	199
2024.05.16	03:00:00	2387.496	2390.726	2386.578	2388.606	4771	0	199
2024.05.16	04:00:00	2388.637	2392.146	2387.042	2391.261	4107	0	199
2024.05.16	05:00:00	2391.277	2394.502	2390.112	2390.178	5079	0	199
2024.05.16	06:00:00	2390.211	2390.414	2386.419	2387.092	5846	0	199
2024.05.16	07:00:00	2387.130	2391.190	2384.598	2389.337	6256	0	199
2024.05.16	08:00:00	2389.313	2391.345	2385.323	2386.077	5459	0	200
2024.05.16	09:00:00	2386.034	2387.745	2383.587	2385.362	5045	0	199
2024.05.16	10:00:00	2385.363	2385.676	2380.837	2384.786	4686	0	199
2024.05.16	11:00:00	2384.833	2386.558	2381.484	2384.623	5147	0	199
2024.05.16	12:00:00	2384.665	2386.331	2377.802	2379.176	12245	0	199
2024.05.16	13:00:00	2379.123	2382.171	2371.615	2375.157	17566	0	199
2024.05.16	14:00:00	2375.101	2379.059	2370.885	2373.267	10199	0	199
2024.05.16	15:00:00	2373.318	2382.336	2373.096	2381.510	7056	0	199
2024.05.16	16:00:00	2381.564	2383.742	2379.137	2381.903	6090	0	199
2024.05.16	17:00:00	2381.940	2382.448	2379.822	2381.411	4624	0	199
2024.05.16	18:00:00	2381.378	2381.994	2378.349	2379.659	4110	0	199
2024.05.16	19:00:00	2379.645	2381.759	2377.704	2378.109	3956	0	199
2024.05.16	20:00:00	2378.150	2378.400	2375.840	2376.607	2506	0	199
2024.05.16	22:00:00	2377.550	2379.172	2377.281	2378.180	1709	0	599
2024.05.16	23:00:00	2378.219	2379.661	2377.726	2377.726	2163	0	199
2024.05.17	00:00:00	2377.722	2379.664	2377.469	2377.984	3651	0	199
2024.05.17	01:00:00	2377.997	2378.823	2376.078	2378.158	4918	0	199
2024.05.17	02:00:00	2378.203	2381.223	2373.935	2375.205	5071	0	199
2024.05.17	03:00:00	2375.238	2377.825	2374.665	2377.803	3644	0	199
2024.05.17	04:00:00	2377.806	2379.102	2376.570	2378.799	2869	0	199
2024.05.17	05:00:00	2378.809	2382.381	2378.508	2381.324	4904	0	199
2024.05.17	06:00:00	2381.281	2386.671	2380.853	2385.952	5464	0	199
2024.05.17	07:00:00	2386.009	2387.767	2382.829	2383.813	5411	0	199
2024.05.17	08:00:00	2383.872	2385.680	2381.297	2384.185	5182	0	199
2024.05.17	09:00:00	2384.173	2386.548	2381.601	2382.507	4419	0	199
2024.05.17	10:00:00	2382.464	2387.548	2381.782	2387.328	4455	0	199
2024.05.17	11:00:00	2387.376	2390.140	2385.739	2389.682	4797	0	199
2024.05.17	12:00:00	2389.645	2393.989	2386.798	2393.217	7605	0	199
2024.05.17	13:00:00	2393.264	2405.139	2393.264	2401.648	16921	0	199
2024.05.17	14:00:00	2401.603	2415.501	2398.766	2413.377	14380	0	199
2024.05.17	15:00:00	2413.331	2419.174	2403.540	2407.708	13064	0	199
2024.05.17	16:00:00	2407.739	2414.143	2407.647	2407.813	7416	0	199
2024.05.17	17:00:00	2407.779	2414.372	2405.735	2414.224	6684	0	199
2024.05.17	18:00:00	2414.256	2419.180	2413.290	2417.388	5438	0	199
2024.05.17	19:00:00	2417.353	2417.791	2411.480	2416.402	6125	0	199
2024.05.17	20:00:00	2416.451	2422.737	2413.420	2413.933	5394	0	199
2024.05.19	22:00:00	2425.202	2425.202	2416.739	2417.733	5573	0	199
2024.05.19	23:00:00	2417.754	2420.565	2417.121	2420.193	4667	0	199
2024.05.20	00:00:00	2420.204	2426.554	2416.469	2425.322	6482	0	199
2024.05.20	01:00:00	2425.320	2440.659	2425.320	2434.518	19418	0	199
2024.05.20	02:00:00	2434.577	2437.083	2428.772	2434.011	8433	0	199
2024.05.20	03:00:00	2433.964	2438.929	2430.901	2437.543	6843	0	199
2024.05.20	04:00:00	2437.543	2439.645	2435.147	2437.283	4922	0	199
2024.05.20	05:00:00	2437.297	2450.026	2436.921	2449.525	9122	0	199
2024.05.20	06:00:00	2449.561	2449.695	2431.760	2438.676	13509	0	199
2024.05.20	07:00:00	2438.674	2443.734	2435.491	2442.195	9175	0	199
2024.05.20	08:00:00	2442.233	2443.631	2436.817	2440.090	6657	0	199
2024.05.20	09:00:00	2440.047	2447.188	2438.680	2441.605	7280	0	199
2024.05.20	10:00:00	2441.661	2442.992	2434.575	2436.253	6438	0	199
2024.05.20	11:00:00	2436.279	2437.165	2427.591	2430.606	9367	0	199
2024.05.20	12:00:00	2430.569	2430.897	2407.279	2413.882	20874	0	199
2024.05.20	13:00:00	2413.868	2422.682	2410.357	2420.034	21781	0	199
2024.05.20	14:00:00	2420.101	2423.690	2414.744	2422.959	12298	0	199
2024.05.20	15:00:00	2423.030	2426.956	2419.375	2424.839	9925	0	199
2024.05.20	16:00:00	2424.808	2428.068	2422.475	2426.514	6446	0	199
2024.05.20	17:00:00	2426.533	2436.749	2425.641	2435.226	6738	0	199
2024.05.20	18:00:00	2435.306	2437.375	2431.853	2435.167	6269	0	199
2024.05.20	19:00:00	2435.218	2435.296	2426.054	2426.682	6464	0	199
2024.05.20	20:00:00	2426.734	2427.975	2423.280	2425.263	4649	0	199
2024.05.20	22:00:00	2427.372	2430.347	2426.171	2427.105	2289	0	599
2024.05.20	23:00:00	2427.196	2428.584	2425.120	2426.133	2980	0	199
2024.05.21	00:00:00	2426.134	2429.917	2424.297	2428.910	4596	0	199
2024.05.21	01:00:00	2428.914	2433.081	2419.524	2420.464	14350	0	199
2024.05.21	02:00:00	2420.408	2422.675	2411.459	2413.915	13590	0	199
2024.05.21	03:00:00	2413.896	2417.200	2406.085	2413.695	8141	0	199
2024.05.21	04:00:00	2413.676	2415.933	2410.597	2412.347	5009	0	199
2024.05.21	05:00:00	2412.344	2418.007	2412.084	2416.516	5827	0	199
2024.05.21	06:00:00	2416.561	2417.377	2409.578	2410.632	8082	0	199
2024.05.21	07:00:00	2410.596	2422.176	2408.497	2419.213	8439	0	199
2024.05.21	08:00:00	2419.266	2419.963	2414.320	2418.693	6642	0	199
2024.05.21	09:00:00	2418.644	2420.194	2412.110	2416.326	6444	0	199
2024.05.21	10:00:00	2416.304	2420.059	2414.793	2419.810	5302	0	199
2024.05.21	11:00:00	2419.738	2423.730	2417.300	2423.390	5697	0	199
2024.05.21	12:00:00	2423.406	2429.990	2422.343	2426.204	8719	0	199
2024.05.21	13:00:00	2426.255	2431.502	2420.434	2427.742	18361	0	199
2024.05.21	14:00:00	2427.751	2431.714	2425.312	2429.445	11202	0	199
2024.05.21	15:00:00	2429.496	2433.945	2420.009	2423.414	11913	0	199
2024.05.21	16:00:00	2423.359	2423.681	2417.958	2422.837	8687	0	199
2024.05.21	17:00:00	2422.891	2423.771	2418.499	2419.971	5936	0	199
2024.05.21	18:00:00	2419.921	2420.567	2417.292	2420.285	4526	0	199
2024.05.21	19:00:00	2420.341	2425.001	2419.886	2423.317	4134	0	199
2024.05.21	20:00:00	2423.306	2423.462	2420.330	2420.747	2392	0	199
2024.05.21	22:00:00	2420.730	2422.054	2420.591	2421.764	1526	0	599
2024.05.21	23:00:00	2421.773	2422.165	2421.210	2421.654	2310	0	199
2024.05.22	00:00:00	2421.659	2423.156	2420.300	2420.467	3437	0	199
2024.05.22	01:00:00	2420.511	2423.355	2419.288	2421.903	6440	0	199
2024.05.22	02:00:00	2421.950	2426.533	2415.853	2417.775	6454	0	199
2024.05.22	03:00:00	2417.723	2419.502	2412.533	2414.163	5951	0	199
2024.05.22	04:00:00	2414.164	2416.164	2412.030	2412.879	4242	0	199
2024.05.22	05:00:00	2412.848	2417.363	2411.397	2417.098	6067	0	199
2024.05.22	06:00:00	2417.052	2418.055	2413.720	2417.041	6146	0	199
2024.05.22	07:00:00	2416.990	2418.531	2412.267	2417.232	6205	0	199
2024.05.22	08:00:00	2417.199	2417.503	2410.582	2416.827	6134	0	199
2024.05.22	09:00:00	2416.852	2418.018	2414.333	2417.203	5292	0	199
2024.05.22	10:00:00	2417.251	2419.395	2414.225	2414.711	4602	0	199
2024.05.22	11:00:00	2414.673	2415.270	2404.681	2408.674	7983	0	199
2024.05.22	12:00:00	2408.711	2415.039	2408.711	2412.421	9679	0	199
2024.05.22	13:00:00	2412.375	2413.290	2405.808	2411.529	13146	0	199
2024.05.22	14:00:00	2411.499	2411.499	2382.136	2388.564	24104	0	199
2024.05.22	15:00:00	2388.501	2395.325	2386.537	2391.966	11735	0	199
2024.05.22	16:00:00	2391.922	2394.988	2389.414	2391.985	7433	0	199
2024.05.22	17:00:00	2391.992	2394.312	2386.737	2388.650	7112	0	199
2024.05.22	18:00:00	2388.481	2390.732	2374.942	2377.761	11848	0	199
2024.05.22	19:00:00	2377.726	2380.069	2376.828	2379.306	6488	0	199
2024.05.22	20:00:00	2379.266	2380.567	2377.308	2378.556	4047	0	199
2024.05.22	22:00:00	2378.371	2381.045	2378.185	2380.519	2307	0	599
2024.05.22	23:00:00	2380.563	2382.708	2380.339	2382.124	2999	0	199
2024.05.23	00:00:00	2382.156	2383.692	2378.830	2380.315	4508	0	199
2024.05.23	01:00:00	2380.317	2381.849	2366.728	2372.943	13967	0	199
2024.05.23	02:00:00	2372.915	2375.688	2368.155	2369.528	7136	0	199
2024.05.23	03:00:00	2369.480	2372.876	2367.838	2372.438	4772	0	199
2024.05.23	04:00:00	2372.424	2373.985	2371.435	2372.739	4075	0	199
2024.05.23	05:00:00	2372.792	2373.102	2358.282	2359.980	8387	0	199
2024.05.23	06:00:00	2360.013	2367.232	2354.940	2364.276	9208	0	199
2024.05.23	07:00:00	2364.218	2364.727	2355.119	2356.114	9079	0	199
2024.05.23	08:00:00	2356.056	2361.825	2355.086	2360.518	7080	0	199
2024.05.23	09:00:00	2360.467	2364.277	2358.795	2364.022	6158	0	199
2024.05.23	10:00:00	2364.069	2367.688	2363.515	2366.295	5447	0	199
2024.05.23	11:00:00	2366.309	2369.420	2365.592	2368.040	5923	0	199
2024.05.23	12:00:00	2368.003	2369.298	2360.688	2362.633	9698	0	199
2024.05.23	13:00:00	2362.685	2369.862	2350.617	2358.612	20172	0	199
2024.05.23	14:00:00	2358.564	2363.872	2341.457	2345.887	25405	0	199
2024.05.23	15:00:00	2345.896	2349.866	2340.313	2346.081	12490	0	199
2024.05.23	16:00:00	2346.042	2350.143	2339.986	2340.898	8170	0	199
2024.05.23	17:00:00	2340.919	2343.048	2331.824	2332.236	9627	0	199
2024.05.23	18:00:00	2332.184	2336.334	2331.730	2334.841	7109	0	199
2024.05.23	19:00:00	2334.798	2334.845	2330.908	2331.580	5082	0	199
2024.05.23	20:00:00	2331.622	2332.736	2326.872	2328.366	3609	0	199
2024.05.23	22:00:00	2328.610	2331.896	2328.434	2330.815	1921	0	599
2024.05.23	23:00:00	2330.820	2333.614	2330.438	2332.012	2907	0	199
2024.05.24	00:00:00	2332.015	2332.347	2327.423	2329.073	4155	0	199
2024.05.24	01:00:00	2329.023	2335.156	2326.600	2333.781	7909	0	199
2024.05.24	02:00:00	2333.818	2334.473	2325.351	2330.732	8001	0	199
2024.05.24	03:00:00	2330.719	2331.581	2328.452	2330.601	4444	0	199
2024.05.24	04:00:00	2330.587	2335.142	2330.415	2335.025	4055	0	199
2024.05.24	05:00:00	2334.976	2339.266	2333.180	2338.442	5299	0	199
2024.05.24	06:00:00	2338.488	2339.528	2335.276	2338.746	6322	0	199
2024.05.24	07:00:00	2338.702	2340.569	2336.903	2337.731	5465	0	199
2024.05.24	08:00:00	2337.686	2341.021	2336.032	2340.148	5378	0	199
2024.05.24	09:00:00	2340.137	2343.298	2337.444	2337.575	5202	0	199
2024.05.24	10:00:00	2337.580	2343.922	2336.946	2340.249	5338	0	199
2024.05.24	11:00:00	2340.295	2342.035	2337.732	2338.175	4995	0	199
2024.05.24	12:00:00	2338.176	2340.786	2335.738	2339.251	7855	0	199
2024.05.24	13:00:00	2339.197	2347.385	2336.788	2337.321	10065	0	199
2024.05.24	14:00:00	2337.229	2343.193	2335.407	2338.332	9805	0	199
2024.05.24	15:00:00	2338.390	2340.216	2332.343	2334.490	7801	0	199
2024.05.24	16:00:00	2334.523	2336.967	2332.786	2334.270	5432	0	199
2024.05.24	17:00:00	2334.244	2334.531	2331.890	2332.695	4736	0	199
2024.05.24	18:00:00	2332.667	2336.728	2332.488	2334.845	4063	0	199
2024.05.24	19:00:00	2334.848	2334.848	2331.792	2333.766	3783	0	199
2024.05.24	20:00:00	2333.802	2335.165	2333.309	2333.782	2361	0	199
2024.05.26	22:00:00	2335.785	2340.598	2332.184	2340.186	3746	0	199
2024.05.26	23:00:00	2340.165	2340.683	2336.560	2337.176	3043	0	199
2024.05.27	00:00:00	2337.188	2337.447	2334.360	2336.195	3729	0	199
2024.05.27	01:00:00	2336.151	2340.300	2334.544	2339.678	5844	0	199
2024.05.27	02:00:00	2339.673	2346.391	2338.719	2346.065	4731	0	199
2024.05.27	03:00:00	2346.059	2347.611	2343.568	2345.976	4779	0	199
2024.05.27	04:00:00	2345.973	2346.019	2340.989	2342.918	3683	0	199
2024.05.27	05:00:00	2342.912	2344.189	2340.309	2343.664	4606	0	199
2024.05.27	06:00:00	2343.619	2344.583	2341.237	2341.409	5373	0	199
2024.05.27	07:00:00	2341.425	2341.572	2338.110	2338.561	4477	0	199
2024.05.27	08:00:00	2338.606	2346.152	2338.157	2344.207	5427	0	199
2024.05.27	09:00:00	2344.236	2345.786	2343.000	2343.288	3880	0	199
2024.05.27	10:00:00	2343.336	2345.794	2342.399	2344.896	4066	0	199
2024.05.27	11:00:00	2344.897	2346.016	2343.154	2345.031	4885	0	199
2024.05.27	12:00:00	2345.076	2349.815	2343.675	2347.111	6979	0	199
2024.05.27	13:00:00	2347.133	2357.003	2344.619	2354.892	10853	0	199
2024.05.27	14:00:00	2354.940	2358.449	2354.078	2354.295	7182	0	199
2024.05.27	15:00:00	2354.274	2356.816	2352.174	2352.446	5767	0	199
2024.05.27	16:00:00	2352.398	2355.602	2352.119	2354.867	4180	0	199
2024.05.27	17:00:00	2354.914	2355.047	2353.405	2353.899	831	0	199
2024.05.27	22:00:00	2352.085	2353.654	2351.320	2351.916	1580	0	599
2024.05.27	23:00:00	2352.000	2352.782	2351.050	2352.372	2500	0	199
2024.05.28	00:00:00	2352.411	2353.541	2351.193	2351.763	3827	0	199
2024.05.28	01:00:00	2351.751	2356.320	2349.143	2354.744	7780	0	199
2024.05.28	02:00:00	2354.717	2355.814	2351.525	2354.137	4916	0	199
2024.05.28	03:00:00	2354.131	2354.509	2350.119	2350.858	4749	0	199
2024.05.28	04:00:00	2350.825	2352.043	2350.406	2350.988	3484	0	199
2024.05.28	05:00:00	2350.985	2353.668	2349.584	2350.401	4764	0	199
2024.05.28	06:00:00	2350.370	2350.370	2341.296	2341.794	9460	0	199
2024.05.28	07:00:00	2341.739	2344.932	2341.685	2344.008	6135	0	199
2024.05.28	08:00:00	2343.974	2345.061	2340.231	2344.817	5960	0	199
2024.05.28	09:00:00	2344.763	2345.133	2342.272	2343.824	4590	0	199
2024.05.28	10:00:00	2343.802	2346.276	2343.136	2345.622	4313	0	199
2024.05.28	11:00:00	2345.667	2348.448	2343.548	2347.396	4925	0	199
2024.05.28	12:00:00	2347.367	2357.077	2345.921	2353.181	9411	0	199
2024.05.28	13:00:00	2353.128	2364.077	2352.197	2354.962	16682	0	199
2024.05.28	14:00:00	2354.890	2356.832	2347.938	2355.308	13639	0	199
2024.05.28	15:00:00	2355.350	2362.123	2352.996	2360.241	9407	0	199
2024.05.28	16:00:00	2360.203	2362.192	2355.237	2356.697	6879	0	199
2024.05.28	17:00:00	2356.696	2360.022	2353.059	2356.867	7389	0	199
2024.05.28	18:00:00	2356.830	2357.755	2352.766	2357.041	5119	0	199
2024.05.28	19:00:00	2357.068	2360.191	2355.745	2358.154	4505	0	199
2024.05.28	20:00:00	2358.137	2361.241	2357.805	2361.241	3184	0	199
2024.05.28	22:00:00	2362.287	2362.287	2357.901	2358.957	1944	0	599
2024.05.28	23:00:00	2358.989	2360.819	2358.104	2359.685	3010	0	199
2024.05.29	00:00:00	2359.648	2361.036	2357.329	2357.894	3585	0	199
2024.05.29	01:00:00	2357.900	2359.447	2355.619	2356.463	6515	0	199
2024.05.29	02:00:00	2356.417	2360.852	2354.381	2355.665	5388	0	199
2024.05.29	03:00:00	2355.644	2359.085	2355.201	2358.124	5023	0	199
2024.05.29	04:00:00	2358.136	2358.970	2356.865	2358.267	3296	0	199
2024.05.29	05:00:00	2358.313	2361.322	2356.451	2356.800	6270	0	199
2024.05.29	06:00:00	2356.761	2356.761	2351.065	2355.765	6793	0	199
2024.05.29	07:00:00	2355.714	2356.151	2350.000	2350.471	5679	0	199
2024.05.29	08:00:00	2350.536	2351.728	2344.878	2345.538	6936	0	199
2024.05.29	09:00:00	2345.533	2346.149	2340.774	2345.680	6338	0	199
2024.05.29	10:00:00	2345.665	2347.194	2343.048	2346.391	4870	0	199
2024.05.29	11:00:00	2346.357	2346.966	2338.425	2341.666	5741	0	199
2024.05.29	12:00:00	2341.658	2343.766	2334.457	2337.590	8493	0	199
2024.05.29	13:00:00	2337.625	2347.192	2335.830	2345.612	13161	0	199
2024.05.29	14:00:00	2345.645	2346.464	2341.434	2343.432	9213	0	199
2024.05.29	15:00:00	2343.474	2343.716	2336.730	2339.149	7100	0	199
2024.05.29	16:00:00	2339.141	2341.922	2336.008	2341.922	5359	0	199
2024.05.29	17:00:00	2341.863	2344.262	2339.317	2343.605	5011	0	199
2024.05.29	18:00:00	2343.614	2344.291	2337.918	2338.201	4106	0	199
2024.05.29	19:00:00	2338.246	2339.286	2336.341	2336.745	4026	0	199
2024.05.29	20:00:00	2336.774	2338.696	2335.896	2338.409	3198	0	199
2024.05.29	22:00:00	2337.919	2338.879	2337.048	2337.508	1993	0	599
2024.05.29	23:00:00	2337.510	2339.090	2337.510	2338.364	2870	0	199
2024.05.30	00:00:00	2338.378	2338.378	2333.946	2336.861	4697	0	199
2024.05.30	01:00:00	2336.917	2339.852	2332.788	2334.080	7882	0	199
2024.05.30	02:00:00	2334.029	2336.548	2328.012	2330.867	7954	0	199
2024.05.30	03:00:00	2330.820	2335.072	2329.149	2334.311	6133	0	199
2024.05.30	04:00:00	2334.264	2337.095	2334.029	2335.266	4439	0	199
2024.05.30	05:00:00	2335.230	2335.783	2322.557	2324.959	7977	0	199
2024.05.30	06:00:00	2324.927	2333.061	2323.926	2332.912	7635	0	199
2024.05.30	07:00:00	2332.811	2337.695	2332.232	2334.342	6757	0	199
2024.05.30	08:00:00	2334.371	2335.759	2331.805	2334.993	6389	0	199
2024.05.30	09:00:00	2335.049	2337.978	2331.610	2333.103	6239	0	199
2024.05.30	10:00:00	2333.162	2340.933	2330.560	2340.603	5475	0	199
2024.05.30	11:00:00	2340.530	2340.603	2335.243	2335.826	6382	0	199
2024.05.30	12:00:00	2335.801	2345.232	2331.930	2341.354	13187	0	199
2024.05.30	13:00:00	2341.303	2348.628	2339.762	2348.628	14754	0	199
2024.05.30	14:00:00	2348.677	2351.847	2342.715	2344.067	12864	0	199
2024.05.30	15:00:00	2344.077	2345.744	2341.733	2343.804	8135	0	199
2024.05.30	16:00:00	2343.837	2348.000	2340.858	2347.770	5970	0	199
2024.05.30	17:00:00	2347.836	2348.806	2342.837	2344.401	5172	0	199
2024.05.30	18:00:00	2344.396	2344.547	2341.192	2342.603	4517	0	199
2024.05.30	19:00:00	2342.553	2342.564	2339.831	2341.567	4524	0	199
2024.05.30	20:00:00	2341.513	2343.541	2341.440	2343.147	2648	0	200
2024.05.30	22:00:00	2343.994	2344.572	2341.886	2343.896	2600	0	599
2024.05.30	23:00:00	2343.914	2346.376	2343.115	2343.907	3162	0	200
2024.05.31	00:00:00	2343.921	2347.515	2342.521	2346.319	4103	0	199
2024.05.31	01:00:00	2346.366	2347.628	2343.106	2346.550	7182	0	199
2024.05.31	02:00:00	2346.547	2347.688	2342.284	2342.508	5103	0	199
2024.05.31	03:00:00	2342.544	2343.699	2336.936	2343.698	6202	0	199
2024.05.31	04:00:00	2343.669	2345.546	2340.967	2344.002	4465	0	199
2024.05.31	05:00:00	2344.011	2344.839	2341.680	2342.360	5019	0	199
2024.05.31	06:00:00	2342.302	2347.061	2341.924	2345.909	5392	0	199
2024.05.31	07:00:00	2345.850	2345.850	2339.895	2340.364	5438	0	199
2024.05.31	08:00:00	2340.339	2343.851	2339.683	2343.209	5090	0	199
2024.05.31	09:00:00	2343.206	2344.435	2340.982	2342.075	4803	0	199
2024.05.31	10:00:00	2342.033	2344.493	2341.522	2343.982	4101	0	199
2024.05.31	11:00:00	2343.982	2344.922	2342.619	2343.784	4709	0	199
2024.05.31	12:00:00	2343.739	2356.779	2342.412	2354.757	11447	0	199
2024.05.31	13:00:00	2354.720	2359.694	2343.218	2348.135	14560	0	199
2024.05.31	14:00:00	2348.185	2349.039	2334.127	2335.227	17488	0	199
2024.05.31	15:00:00	2335.177	2336.132	2327.695	2330.024	15601	0	199
2024.05.31	16:00:00	2329.969	2336.692	2329.685	2332.914	8762	0	199
2024.05.31	17:00:00	2332.839	2333.744	2323.852	2325.937	9168	0	199
2024.05.31	18:00:00	2325.985	2327.187	2322.278	2322.924	5553	0	199
2024.05.31	19:00:00	2322.924	2328.244	2320.525	2327.645	6022	0	199
2024.05.31	20:00:00	2327.686	2330.550	2326.996	2327.192	4103	0	199
2024.06.02	22:00:00	2328.496	2328.774	2323.335	2326.369	3565	0	199
2024.06.02	23:00:00	2326.363	2326.795	2324.002	2325.937	3070	0	199
2024.06.03	00:00:00	2325.967	2327.466	2323.956	2327.037	4053	0	199
2024.06.03	01:00:00	2327.097	2331.110	2326.120	2330.709	6612	0	199
2024.06.03	02:00:00	2330.694	2330.945	2325.529	2326.318	4941	0	199
2024.06.03	03:00:00	2326.269	2328.150	2320.806	2321.394	5513	0	199
2024.06.03	04:00:00	2321.441	2322.499	2319.966	2321.371	3994	0	199
2024.06.03	05:00:00	2321.343	2323.687	2315.315	2320.147	6905	0	199
2024.06.03	06:00:00	2320.125	2322.794	2314.692	2322.344	7940	0	199
2024.06.03	07:00:00	2322.307	2328.844	2322.160	2325.951	6372	0	199
2024.06.03	08:00:00	2325.921	2328.498	2324.710	2325.492	5789	0	199
2024.06.03	09:00:00	2325.510	2328.716	2324.295	2327.726	4938	0	199
2024.06.03	10:00:00	2327.734	2333.311	2326.193	2330.713	5987	0	199
2024.06.03	11:00:00	2330.688	2332.385	2328.938	2329.976	5268	0	199
2024.06.03	12:00:00	2329.993	2334.346	2325.657	2333.977	7344	0	199
2024.06.03	13:00:00	2333.939	2336.695	2329.811	2333.662	11704	0	199
2024.06.03	14:00:00	2333.456	2345.668	2333.456	2341.721	16221	0	199
2024.06.03	15:00:00	2341.657	2344.215	2335.422	2342.815	9857	0	199
2024.06.03	16:00:00	2342.781	2350.258	2341.348	2349.131	7051	0	199
2024.06.03	17:00:00	2349.079	2354.732	2346.050	2348.410	7534	0	199
2024.06.03	18:00:00	2348.376	2349.440	2346.480	2348.169	5109	0	199
2024.06.03	19:00:00	2348.216	2349.027	2344.683	2347.609	4321	0	199
2024.06.03	20:00:00	2347.654	2351.098	2346.898	2350.814	2748	0	199
2024.06.03	22:00:00	2351.660	2351.811	2349.879	2350.491	1683	0	599
2024.06.03	23:00:00	2350.558	2351.121	2349.715	2350.630	2421	0	199
2024.06.04	00:00:00	2350.641	2352.794	2350.088	2350.667	3479	0	199
2024.06.04	01:00:00	2350.647	2352.312	2343.118	2347.104	6245	0	199
2024.06.04	02:00:00	2347.075	2349.576	2345.638	2346.837	4647	0	199
2024.06.04	03:00:00	2346.804	2347.006	2344.111	2345.751	4195	0	199
2024.06.04	04:00:00	2345.692	2349.859	2345.132	2349.267	3524	0	199
2024.06.04	05:00:00	2349.217	2349.566	2347.265	2347.725	4299	0	199
2024.06.04	06:00:00	2347.678	2351.761	2344.280	2344.519	6027	0	199
2024.06.04	07:00:00	2344.499	2345.128	2339.034	2339.732	6097	0	199
2024.06.04	08:00:00	2339.678	2339.786	2332.232	2333.329	8481	0	199
2024.06.04	09:00:00	2333.371	2334.186	2326.692	2329.860	8649	0	199
2024.06.04	10:00:00	2329.906	2334.812	2328.848	2329.161	6228	0	199
2024.06.04	11:00:00	2329.214	2329.794	2325.245	2327.916	6517	0	199
2024.06.04	12:00:00	2327.877	2335.958	2326.633	2335.078	8559	0	199
2024.06.04	13:00:00	2335.113	2337.919	2322.053	2324.223	14159	0	199
2024.06.04	14:00:00	2324.330	2332.489	2315.552	2317.620	19205	0	199
2024.06.04	15:00:00	2317.651	2328.776	2317.393	2326.066	9765	0	199
2024.06.04	16:00:00	2326.071	2329.663	2322.510	2323.859	7021	0	199
2024.06.04	17:00:00	2323.910	2330.320	2323.696	2328.753	6165	0	199
2024.06.04	18:00:00	2328.699	2329.739	2326.022	2328.241	4667	0	199
2024.06.04	19:00:00	2328.199	2328.351	2325.989	2327.312	3953	0	199
2024.06.04	20:00:00	2327.355	2327.659	2325.980	2327.058	2366	0	199
2024.06.04	22:00:00	2327.611	2328.119	2327.256	2327.563	1282	0	599
2024.06.04	23:00:00	2327.563	2328.897	2327.554	2328.785	2134	0	199
2024.06.05	00:00:00	2328.791	2329.659	2327.716	2328.133	3371	0	199
2024.06.05	01:00:00	2328.182	2330.910	2325.827	2330.431	5049	0	199
2024.06.05	02:00:00	2330.446	2333.517	2329.875	2333.310	4492	0	199
2024.06.05	03:00:00	2333.266	2337.925	2332.956	2337.121	4469	0	199
2024.06.05	04:00:00	2337.172	2338.216	2335.822	2337.963	3420	0	199
2024.06.05	05:00:00	2337.958	2341.666	2337.315	2337.315	4970	0	199
2024.06.05	06:00:00	2337.311	2338.379	2328.058	2332.702	6532	0	199
2024.06.05	07:00:00	2332.717	2333.716	2329.093	2331.588	5669	0	199
2024.06.05	08:00:00	2331.581	2335.083	2331.301	2332.535	5159	0	199
2024.06.05	09:00:00	2332.593	2333.907	2330.974	2332.304	5217	0	199
2024.06.05	10:00:00	2332.245	2335.525	2329.466	2333.750	5591	0	199
2024.06.05	11:00:00	2333.697	2335.479	2331.041	2332.513	5003	0	199
2024.06.05	12:00:00	2332.569	2344.032	2332.180	2342.112	10018	0	199
2024.06.05	13:00:00	2342.060	2345.936	2338.157	2345.722	12461	0	199
2024.06.05	14:00:00	2345.755	2350.272	2334.029	2348.880	18899	0	199
2024.06.05	15:00:00	2348.936	2357.389	2348.936	2353.649	10160	0	199
2024.06.05	16:00:00	2353.641	2354.972	2351.370	2352.542	6179	0	199
2024.06.05	17:00:00	2352.593	2355.718	2351.668	2355.029	4879	0	199
2024.06.05	18:00:00	2354.989	2356.734	2353.421	2355.769	4282	0	199
2024.06.05	19:00:00	2355.767	2356.071	2352.625	2353.928	4036	0	199
2024.06.05	20:00:00	2353.971	2355.221	2352.769	2355.147	2656	0	199
2024.06.05	22:00:00	2356.891	2356.891	2354.888	2356.609	1841	0	599
2024.06.05	23:00:00	2356.598	2357.530	2354.755	2355.011	2249	0	200
2024.06.06	00:00:00	2355.010	2355.983	2354.490	2355.738	2906	0	199
2024.06.06	01:00:00	2355.686	2373.305	2355.545	2367.450	10990	0	199
2024.06.06	02:00:00	2367.466	2374.654	2365.092	2374.320	6713	0	199
2024.06.06	03:00:00	2374.352	2374.963	2367.586	2368.445	5017	0	199
2024.06.06	04:00:00	2368.448	2370.562	2366.816	2369.380	3587	0	199
2024.06.06	05:00:00	2369.377	2371.395	2366.322	2367.700	4594	0	199
2024.06.06	06:00:00	2367.720	2367.955	2363.113	2367.051	5197	0	199
2024.06.06	07:00:00	2367.005	2368.391	2362.153	2362.906	5061	0	199
2024.06.06	08:00:00	2362.899	2363.179	2359.774	2362.861	4635	0	199
2024.06.06	09:00:00	2362.903	2363.888	2358.515	2361.552	4550	0	199
2024.06.06	10:00:00	2361.554	2361.924	2359.432	2360.986	3848	0	199
2024.06.06	11:00:00	2361.011	2361.963	2359.126	2359.760	4107	0	199
2024.06.06	12:00:00	2359.739	2365.181	2355.242	2357.533	10905	0	199
2024.06.06	13:00:00	2357.584	2366.999	2353.375	2360.620	16896	0	199
2024.06.06	14:00:00	2360.620	2366.318	2358.393	2364.194	10328	0	199
2024.06.06	15:00:00	2364.160	2378.510	2364.066	2374.226	9875	0	199
2024.06.06	16:00:00	2374.209	2376.907	2370.296	2372.854	7932	0	199
2024.06.06	17:00:00	2372.882	2374.021	2370.639	2373.075	5368	0	199
2024.06.06	18:00:00	2373.085	2373.654	2368.977	2372.057	4785	0	199
2024.06.06	19:00:00	2372.037	2375.452	2371.176	2372.497	4299	0	199
2024.06.06	20:00:00	2372.472	2376.102	2372.285	2375.754	2806	0	199
2024.06.06	22:00:00	2376.653	2377.131	2375.592	2376.945	1601	0	199
2024.06.06	23:00:00	2376.948	2378.124	2376.235	2376.730	2160	0	199
2024.06.07	00:00:00	2376.735	2379.241	2376.015	2378.424	3860	0	199
2024.06.07	01:00:00	2378.418	2379.966	2370.146	2370.927	7135	0	199
2024.06.07	02:00:00	2370.958	2378.226	2369.379	2376.536	6042	0	199
2024.06.07	03:00:00	2376.572	2381.969	2375.132	2380.119	4727	0	199
2024.06.07	04:00:00	2380.121	2387.495	2379.226	2386.549	4189	0	199
2024.06.07	05:00:00	2386.571	2387.702	2375.014	2375.939	7166	0	199
2024.06.07	06:00:00	2375.903	2377.754	2372.841	2375.406	6512	0	199
2024.06.07	07:00:00	2375.370	2379.285	2372.734	2373.584	5375	0	199
2024.06.07	08:00:00	2373.536	2373.934	2342.542	2347.262	18385	0	199
2024.06.07	09:00:00	2347.309	2347.945	2337.372	2339.276	9340	0	199
2024.06.07	10:00:00	2339.261	2339.261	2331.939	2333.613	7227	0	199
2024.06.07	11:00:00	2333.572	2339.308	2330.867	2336.497	8179	0	199
2024.06.07	12:00:00	2336.488	2339.312	2313.175	2319.267	23213	0	199
2024.06.07	13:00:00	2319.215	2328.039	2304.995	2309.403	21902	0	199
2024.06.07	14:00:00	2309.454	2321.113	2307.520	2313.249	16391	0	199
2024.06.07	15:00:00	2313.217	2315.495	2304.445	2304.958	11517	0	199
2024.06.07	16:00:00	2305.019	2314.468	2302.936	2311.573	9272	0	199
2024.06.07	17:00:00	2311.624	2312.333	2303.685	2305.474	7141	0	199
2024.06.07	18:00:00	2305.513	2307.119	2299.894	2301.410	6027	0	199
2024.06.07	19:00:00	2301.436	2301.443	2287.536	2288.262	7931	0	199
2024.06.07	20:00:00	2288.298	2294.327	2286.722	2293.797	5438	0	199
2024.06.09	22:00:00	2290.431	2298.435	2290.380	2297.428	3676	0	199
2024.06.09	23:00:00	2297.380	2300.041	2296.436	2298.478	3470	0	199
2024.06.10	00:00:00	2298.479	2299.847	2294.137	2296.991	4218	0	199
2024.06.10	01:00:00	2296.947	2297.970	2293.904	2297.629	4178	0	199
2024.06.10	02:00:00	2297.580	2301.383	2295.497	2296.222	5034	0	199
2024.06.10	03:00:00	2296.255	2297.728	2294.803	2295.329	3877	0	199
2024.06.10	04:00:00	2295.287	2295.797	2292.701	2294.788	4104	0	199
2024.06.10	05:00:00	2294.796	2297.269	2292.132	2295.650	4860	0	199
2024.06.10	06:00:00	2295.698	2296.547	2287.700	2291.199	6764	0	199
2024.06.10	07:00:00	2291.245	2297.246	2290.426	2296.475	6823	0	199
2024.06.10	08:00:00	2296.522	2297.566	2292.457	2292.627	5675	0	199
2024.06.10	09:00:00	2292.602	2297.444	2291.827	2295.304	5199	0	199
2024.06.10	10:00:00	2295.329	2298.774	2295.276	2298.438	4980	0	199
2024.06.10	11:00:00	2298.482	2305.281	2297.803	2305.044	5937	0	199
2024.06.10	12:00:00	2304.993	2308.653	2303.134	2306.100	8078	0	199
2024.06.10	13:00:00	2306.143	2307.790	2300.355	2305.567	9050	0	199
2024.06.10	14:00:00	2305.611	2307.199	2301.700	2302.695	8526	0	199
2024.06.10	15:00:00	2302.742	2308.635	2301.292	2307.301	6566	0	199
2024.06.10	16:00:00	2307.348	2313.766	2306.934	2312.918	6513	0	199
2024.06.10	17:00:00	2312.954	2313.374	2309.069	2311.830	4899	0	199
2024.06.10	18:00:00	2311.813	2312.023	2309.864	2310.879	4014	0	199
2024.06.10	19:00:00	2310.907	2312.273	2308.636	2308.733	3921	0	199
2024.06.10	20:00:00	2308.786	2310.947	2308.475	2310.782	2312	0	199
2024.06.10	22:00:00	2311.889	2312.147	2309.699	2309.741	2190	0	199
2024.06.10	23:00:00	2309.756	2310.582	2308.720	2309.930	2318	0	199
2024.06.11	00:00:00	2309.925	2311.898	2309.032	2310.866	3265	0	199
2024.06.11	01:00:00	2310.812	2310.812	2301.662	2302.838	10218	0	199
2024.06.11	02:00:00	2302.805	2303.669	2298.778	2301.869	7400	0	199
2024.06.11	03:00:00	2301.835	2304.405	2300.755	2303.733	4495	0	199
2024.06.11	04:00:00	2303.686	2303.934	2301.405	2303.571	3313	0	199
2024.06.11	05:00:00	2303.521	2304.365	2297.646	2299.595	4705	0	199
2024.06.11	06:00:00	2299.569	2304.625	2298.655	2302.071	5237	0	199
2024.06.11	07:00:00	2302.024	2305.411	2301.672	2304.485	5293	0	199
2024.06.11	08:00:00	2304.517	2307.761	2303.227	2306.019	5455	0	199
2024.06.11	09:00:00	2306.004	2307.350	2301.491	2306.332	5342	0	199
2024.06.11	10:00:00	2306.375	2308.871	2305.214	2307.829	4813	0	199
2024.06.11	11:00:00	2307.864	2308.262	2305.438	2307.644	4946	0	199
2024.06.11	12:00:00	2307.607	2319.950	2307.538	2317.956	8453	0	199
2024.06.11	13:00:00	2317.971	2319.568	2309.227	2314.670	16253	0	199
2024.06.11	14:00:00	2314.715	2317.780	2312.404	2314.706	8928	0	199
2024.06.11	15:00:00	2314.758	2315.911	2309.930	2310.121	6960	0	199
2024.06.11	16:00:00	2310.171	2312.362	2305.788	2308.472	5914	0	199
2024.06.11	17:00:00	2308.518	2313.432	2307.823	2312.702	5729	0	199
2024.06.11	18:00:00	2312.732	2315.756	2312.085	2313.717	4260	0	199
2024.06.11	19:00:00	2313.765	2315.669	2312.424	2315.310	3875	0	199
2024.06.11	20:00:00	2315.350	2316.872	2314.736	2316.639	2493	0	199
2024.06.11	22:00:00	2316.526	2317.604	2315.130	2316.790	2065	0	200
2024.06.11	23:00:00	2316.864	2317.442	2313.877	2315.071	2834	0	199
2024.06.12	00:00:00	2315.056	2315.629	2313.387	2313.797	3018	0	199
2024.06.12	01:00:00	2313.795	2315.141	2310.790	2314.414	5706	0	199
2024.06.12	02:00:00	2314.435	2315.493	2310.672	2313.640	5298	0	199
2024.06.12	03:00:00	2313.592	2316.748	2313.537	2314.024	3585	0	199
2024.06.12	04:00:00	2314.031	2314.376	2312.413	2312.711	2831	0	200
2024.06.12	05:00:00	2312.729	2315.342	2312.374	2314.949	3784	0	199
2024.06.12	06:00:00	2314.968	2317.780	2313.791	2314.880	4928	0	199
2024.06.12	07:00:00	2314.833	2315.464	2311.157	2314.479	4441	0	199
2024.06.12	08:00:00	2314.519	2315.697	2310.762	2312.775	4438	0	199
2024.06.12	09:00:00	2312.731	2315.383	2312.156	2314.005	4480	0	199
2024.06.12	10:00:00	2313.957	2314.718	2312.164	2313.348	3994	0	199
2024.06.12	11:00:00	2313.295	2314.770	2312.215	2312.847	5259	0	199
2024.06.12	12:00:00	2312.866	2337.685	2311.564	2335.910	16259	0	199
2024.06.12	13:00:00	2335.876	2341.631	2324.956	2329.789	22754	0	199
2024.06.12	14:00:00	2329.774	2329.942	2320.068	2325.229	11919	0	199
2024.06.12	15:00:00	2325.287	2337.158	2324.648	2335.542	10820	0	199
2024.06.12	16:00:00	2335.552	2338.165	2333.128	2337.635	7880	0	199
2024.06.12	17:00:00	2337.686	2339.557	2332.773	2335.260	6161	0	199
2024.06.12	18:00:00	2335.292	2335.292	2319.317	2322.696	26816	0	199
2024.06.12	19:00:00	2322.729	2324.638	2315.819	2321.213	9847	0	199
2024.06.12	20:00:00	2321.263	2324.717	2320.258	2324.393	3603	0	199
2024.06.12	22:00:00	2324.700	2325.354	2321.657	2321.925	2360	0	200
2024.06.12	23:00:00	2321.923	2322.385	2320.119	2320.555	2628	0	199
2024.06.13	00:00:00	2320.569	2322.964	2317.564	2320.727	3850	0	199
2024.06.13	01:00:00	2320.776	2321.545	2308.078	2312.613	10125	0	199
2024.06.13	02:00:00	2312.656	2316.119	2310.637	2314.150	5313	0	199
2024.06.13	03:00:00	2314.130	2316.311	2312.547	2314.248	4399	0	199
2024.06.13	04:00:00	2314.239	2314.844	2309.307	2311.773	3652	0	199
2024.06.13	05:00:00	2311.777	2312.222	2308.968	2311.613	4399	0	199
2024.06.13	06:00:00	2311.564	2316.115	2311.145	2315.632	5177	0	199
2024.06.13	07:00:00	2315.586	2318.566	2313.298	2317.012	5379	0	199
2024.06.13	08:00:00	2317.060	2317.201	2313.905	2315.560	4665	0	199
2024.06.13	09:00:00	2315.538	2318.425	2313.368	2315.446	4619	0	199
2024.06.13	10:00:00	2315.397	2319.954	2315.243	2316.294	4595	0	199
2024.06.13	11:00:00	2316.327	2316.692	2303.936	2307.026	7038	0	199
2024.06.13	12:00:00	2307.073	2326.749	2305.506	2323.305	14723	0	199
2024.06.13	13:00:00	2323.261	2324.740	2308.349	2310.731	13448	0	199
2024.06.13	14:00:00	2310.693	2314.446	2305.648	2313.508	12370	0	199
2024.06.13	15:00:00	2313.565	2317.038	2297.746	2298.992	13413	0	199
2024.06.13	16:00:00	2298.938	2300.327	2295.463	2299.237	8600	0	199
2024.06.13	17:00:00	2299.279	2304.409	2299.049	2301.444	6377	0	199
2024.06.13	18:00:00	2301.431	2303.966	2300.016	2302.970	4171	0	199
2024.06.13	19:00:00	2302.966	2304.894	2302.685	2303.413	3999	0	199
2024.06.13	20:00:00	2303.463	2304.322	2302.867	2303.847	2184	0	199
2024.06.13	22:00:00	2303.326	2304.117	2302.873	2302.887	1682	0	199
2024.06.13	23:00:00	2302.920	2303.268	2301.689	2302.335	1993	0	199
2024.06.14	00:00:00	2302.379	2305.729	2301.502	2304.884	3309	0	199
2024.06.14	01:00:00	2304.886	2307.128	2303.017	2305.967	5217	0	199
2024.06.14	02:00:00	2305.918	2307.040	2304.212	2306.590	4412	0	199
2024.06.14	03:00:00	2306.590	2308.605	2304.956	2305.461	4684	0	199
2024.06.14	04:00:00	2305.417	2306.097	2303.447	2305.864	3612	0	199
2024.06.14	05:00:00	2305.870	2311.590	2305.502	2309.880	4559	0	199
2024.06.14	06:00:00	2309.825	2312.771	2307.433	2312.613	5675	0	199
2024.06.14	07:00:00	2312.564	2316.710	2309.342	2315.226	6371	0	199
2024.06.14	08:00:00	2315.184	2321.631	2314.723	2317.349	6281	0	199
2024.06.14	09:00:00	2317.387	2322.736	2315.225	2322.653	5746	0	199
2024.06.14	10:00:00	2322.608	2332.646	2320.916	2330.492	7790	0	199
2024.06.14	11:00:00	2330.447	2336.559	2326.001	2332.012	8079	0	199
2024.06.14	12:00:00	2332.043	2333.379	2327.181	2330.316	9539	0	199
2024.06.14	13:00:00	2330.288	2332.867	2324.151	2330.386	11707	0	199
2024.06.14	14:00:00	2330.393	2335.470	2327.933	2330.160	10834	0	199
2024.06.14	15:00:00	2330.053	2332.170	2324.007	2326.087	7136	0	199
2024.06.14	16:00:00	2326.129	2331.916	2325.353	2328.788	6428	0	199
2024.06.14	17:00:00	2328.840	2335.552	2328.470	2334.089	5237	0	199
2024.06.14	18:00:00	2334.086	2335.085	2332.185	2334.573	4156	0	199
2024.06.14	19:00:00	2334.531	2335.378	2332.136	2332.452	4105	0	199
2024.06.14	20:00:00	2332.506	2333.064	2330.917	2332.825	2574	0	199
2024.06.16	22:00:00	2331.087	2331.485	2327.554	2328.795	1897	0	199
2024.06.16	23:00:00	2328.858	2329.675	2327.412	2328.873	2498	0	199
2024.06.17	00:00:00	2328.918	2328.918	2325.222	2326.418	3912	0	199
2024.06.17	01:00:00	2326.400	2328.950	2322.740	2326.257	6462	0	199
2024.06.17	02:00:00	2326.213	2326.213	2321.481	2322.655	5039	0	199
2024.06.17	03:00:00	2322.606	2325.146	2321.660	2324.309	4054	0	199
2024.06.17	04:00:00	2324.307	2326.234	2322.636	2323.692	3337	0	199
2024.06.17	05:00:00	2323.675	2323.675	2317.738	2318.551	4910	0	199
2024.06.17	06:00:00	2318.505	2319.237	2315.441	2317.365	5237	0	199
2024.06.17	07:00:00	2317.335	2320.111	2315.521	2316.993	4812	0	199
2024.06.17	08:00:00	2316.962	2322.280	2316.413	2321.280	4828	0	199
2024.06.17	09:00:00	2321.293	2322.586	2319.203	2320.061	4465	0	199
2024.06.17	10:00:00	2320.027	2322.548	2319.519	2320.460	4076	0	199
2024.06.17	11:00:00	2320.471	2321.944	2317.551	2318.185	4854	0	199
2024.06.17	12:00:00	2318.230	2321.098	2316.767	2319.567	6036	0	199
2024.06.17	13:00:00	2319.521	2326.313	2318.737	2320.978	8549	0	199
2024.06.17	14:00:00	2320.933	2327.643	2318.313	2324.476	7292	0	199
2024.06.17	15:00:00	2324.523	2325.481	2309.970	2312.489	8800	0	199
2024.06.17	16:00:00	2312.538	2317.025	2312.538	2316.843	5370	0	199
2024.06.17	17:00:00	2316.837	2318.307	2313.219	2316.635	4593	0	199
2024.06.17	18:00:00	2316.666	2319.221	2316.084	2317.846	4092	0	199
2024.06.17	19:00:00	2317.857	2320.570	2317.794	2320.138	3953	0	199
2024.06.17	20:00:00	2320.182	2320.725	2318.413	2319.015	2140	0	199
2024.06.17	22:00:00	2320.134	2321.196	2319.695	2320.950	1504	0	200
2024.06.17	23:00:00	2321.008	2321.227	2319.148	2320.645	2070	0	199
2024.06.18	00:00:00	2320.634	2325.538	2320.634	2324.086	3919	0	199
2024.06.18	01:00:00	2324.086	2325.442	2319.236	2322.544	5278	0	199
2024.06.18	02:00:00	2322.562	2325.632	2321.529	2324.382	4359	0	199
2024.06.18	03:00:00	2324.351	2325.103	2323.186	2324.411	3451	0	199
2024.06.18	04:00:00	2324.408	2324.813	2321.901	2322.609	3283	0	199
2024.06.18	05:00:00	2322.598	2323.742	2319.399	2322.125	4521	0	199
2024.06.18	06:00:00	2322.123	2322.707	2318.690	2320.085	4280	0	199
2024.06.18	07:00:00	2320.092	2320.171	2314.957	2315.526	4413	0	199
2024.06.18	08:00:00	2315.505	2315.505	2310.665	2311.317	5155	0	199
2024.06.18	09:00:00	2311.259	2314.295	2310.855	2311.168	4673	0	199
2024.06.18	10:00:00	2311.136	2312.404	2306.533	2308.304	4727	0	199
2024.06.18	11:00:00	2308.350	2314.169	2306.624	2313.311	4836	0	199
2024.06.18	12:00:00	2313.279	2324.182	2311.436	2313.896	11258	0	199
2024.06.18	13:00:00	2313.949	2327.703	2313.682	2326.684	14933	0	199
2024.06.18	14:00:00	2326.647	2327.152	2322.116	2323.639	8624	0	199
2024.06.18	15:00:00	2323.650	2329.758	2318.708	2326.865	8048	0	199
2024.06.18	16:00:00	2326.917	2330.728	2326.448	2330.181	5340	0	199
2024.06.18	17:00:00	2330.230	2333.087	2328.210	2329.688	5262	0	199
2024.06.18	18:00:00	2329.642	2331.476	2327.443	2331.226	4445	0	199
2024.06.18	19:00:00	2331.223	2331.223	2328.495	2329.358	3673	0	199
2024.06.18	20:00:00	2329.351	2330.549	2328.857	2329.408	1987	0	199
2024.06.18	22:00:00	2329.788	2330.182	2327.498	2328.289	1917	0	199
2024.06.18	23:00:00	2328.289	2329.606	2327.960	2328.254	1843	0	199
2024.06.19	00:00:00	2328.273	2329.958	2328.015	2329.447	3039	0	199
2024.06.19	01:00:00	2329.414	2330.920	2326.493	2330.069	4512	0	199
2024.06.19	02:00:00	2330.068	2331.268	2328.911	2330.282	3644	0	199
2024.06.19	03:00:00	2330.288	2331.749	2327.928	2328.270	3108	0	199
2024.06.19	04:00:00	2328.222	2328.470	2327.240	2327.920	2650	0	199
2024.06.19	05:00:00	2327.916	2330.026	2326.797	2329.299	3334	0	199
2024.06.19	06:00:00	2329.343	2330.719	2328.357	2330.244	3948	0	199
2024.06.19	07:00:00	2330.237	2332.693	2329.746	2331.768	4547	0	199
2024.06.19	08:00:00	2331.812	2334.962	2331.812	2332.541	4070	0	199
2024.06.19	09:00:00	2332.539	2332.753	2327.670	2328.112	4293	0	199
2024.06.19	10:00:00	2328.107	2329.911	2327.371	2327.924	3870	0	199
2024.06.19	11:00:00	2327.924	2331.061	2325.754	2330.405	4285	0	199
2024.06.19	12:00:00	2330.388	2332.903	2325.163	2328.307	5156	0	199
2024.06.19	13:00:00	2328.298	2331.394	2326.729	2328.227	5309	0	199
2024.06.19	14:00:00	2328.170	2328.422	2323.674	2326.142	5606	0	199
2024.06.19	15:00:00	2326.091	2329.777	2325.194	2329.774	4222	0	199
2024.06.19	16:00:00	2329.783	2331.336	2328.882	2329.464	3297	0	199
2024.06.19	17:00:00	2329.411	2330.864	2329.187	2329.971	520	0	199
2024.06.19	22:00:00	2329.947	2330.547	2329.088	2330.400	2060	0	199
2024.06.19	23:00:00	2330.415	2330.415	2328.658	2329.342	1972	0	199
2024.06.20	00:00:00	2329.361	2329.772	2327.740	2329.681	2810	0	199
2024.06.20	01:00:00	2329.667	2338.980	2329.667	2336.301	7032	0	199
2024.06.20	02:00:00	2336.292	2337.309	2332.822	2333.740	4751	0	199
2024.06.20	03:00:00	2333.731	2334.345	2332.345	2333.901	3842	0	199
2024.06.20	04:00:00	2333.897	2340.912	2333.694	2340.356	4478	0	199
2024.06.20	05:00:00	2340.349	2344.925	2339.730	2340.216	5296	0	199
2024.06.20	06:00:00	2340.271	2345.677	2340.179	2344.069	5161	0	199
2024.06.20	07:00:00	2344.124	2344.984	2338.448	2338.581	5544	0	199
2024.06.20	08:00:00	2338.533	2338.670	2332.638	2333.319	5913	0	199
2024.06.20	09:00:00	2333.321	2335.727	2331.555	2334.590	4667	0	199
2024.06.20	10:00:00	2334.646	2340.585	2333.458	2339.486	3917	0	199
2024.06.20	11:00:00	2339.444	2341.376	2337.704	2339.247	4583	0	199
2024.06.20	12:00:00	2339.292	2344.056	2335.302	2338.495	9675	0	199
2024.06.20	13:00:00	2338.540	2349.416	2336.608	2349.223	11201	0	199
2024.06.20	14:00:00	2349.268	2364.973	2348.860	2364.062	13187	0	199
2024.06.20	15:00:00	2364.049	2365.487	2351.331	2353.737	9212	0	199
2024.06.20	16:00:00	2353.725	2357.139	2352.798	2356.313	5541	0	199
2024.06.20	17:00:00	2356.324	2357.550	2354.575	2357.293	4978	0	199
2024.06.20	18:00:00	2357.341	2361.003	2357.247	2357.933	4184	0	199
2024.06.20	19:00:00	2358.007	2359.812	2357.580	2358.812	4031	0	199
2024.06.20	20:00:00	2358.856	2360.082	2358.166	2359.911	2344	0	199
2024.06.20	22:00:00	2360.374	2360.374	2358.156	2359.409	2847	0	199
2024.06.20	23:00:00	2359.399	2361.131	2358.833	2360.745	2533	0	200
2024.06.21	00:00:00	2360.764	2364.834	2360.764	2364.067	3595	0	199
2024.06.21	01:00:00	2364.119	2364.171	2357.068	2359.610	6315	0	199
2024.06.21	02:00:00	2359.651	2361.608	2358.115	2359.327	4325	0	199
2024.06.21	03:00:00	2359.350	2362.193	2358.687	2362.135	3440	0	199
2024.06.21	04:00:00	2362.162	2362.983	2361.003	2362.908	2777	0	199
2024.06.21	05:00:00	2362.902	2365.602	2362.180	2364.488	3661	0	199
2024.06.21	06:00:00	2364.447	2364.447	2357.906	2358.465	5360	0	199
2024.06.21	07:00:00	2358.422	2364.380	2355.088	2362.883	6673	0	199
2024.06.21	08:00:00	2362.931	2368.104	2362.629	2365.257	5548	0	199
2024.06.21	09:00:00	2365.212	2367.301	2362.846	2363.935	4729	0	200
2024.06.21	10:00:00	2363.954	2364.152	2361.277	2363.573	4570	0	199
2024.06.21	11:00:00	2363.572	2368.742	2363.417	2366.216	4685	0	199
2024.06.21	12:00:00	2366.270	2368.041	2360.381	2360.650	6713	0	199
2024.06.21	13:00:00	2360.617	2363.759	2334.682	2340.543	18013	0	199
2024.06.21	14:00:00	2340.491	2340.540	2328.500	2329.880	16022	0	199
2024.06.21	15:00:00	2329.922	2334.737	2323.276	2327.893	11758	0	199
2024.06.21	16:00:00	2327.946	2329.353	2323.668	2324.747	6729	0	199
2024.06.21	17:00:00	2324.700	2325.142	2316.667	2319.270	8252	0	199
2024.06.21	18:00:00	2319.285	2322.785	2316.700	2322.115	5056	0	199
2024.06.21	19:00:00	2322.124	2323.353	2320.363	2322.054	4578	0	199
2024.06.21	20:00:00	2322.105	2322.653	2320.760	2321.501	2875	0	199
2024.06.23	22:00:00	2321.110	2322.193	2320.409	2321.489	2175	0	199
2024.06.23	23:00:00	2321.492	2321.492	2317.688	2319.185	2947	0	199
2024.06.24	00:00:00	2319.176	2321.733	2317.852	2320.882	3826	0	199
2024.06.24	01:00:00	2320.915	2326.253	2319.041	2323.640	6792	0	199
2024.06.24	02:00:00	2323.582	2325.144	2319.546	2324.730	5213	0	199
2024.06.24	03:00:00	2324.680	2326.643	2324.316	2325.395	3949	0	199
2024.06.24	04:00:00	2325.405	2326.610	2324.092	2324.506	3154	0	199
2024.06.24	05:00:00	2324.495	2327.254	2323.608	2325.112	3957	0	199
2024.06.24	06:00:00	2325.064	2325.305	2321.350	2323.507	4918	0	199
2024.06.24	07:00:00	2323.444	2331.787	2321.696	2330.705	5232	0	199
2024.06.24	08:00:00	2330.722	2332.776	2329.134	2330.570	4993	0	199
2024.06.24	09:00:00	2330.538	2330.979	2320.767	2325.041	6169	0	199
2024.06.24	10:00:00	2325.023	2327.129	2324.448	2325.169	5145	0	199
2024.06.24	11:00:00	2325.162	2328.053	2324.053	2326.190	4635	0	199
2024.06.24	12:00:00	2326.236	2327.826	2323.284	2327.604	6181	0	199
2024.06.24	13:00:00	2327.603	2333.831	2325.835	2328.052	9291	0	199
2024.06.24	14:00:00	2328.008	2333.663	2326.913	2330.708	7997	0	199
2024.06.24	15:00:00	2330.653	2333.113	2327.421	2327.626	5763	0	199
2024.06.24	16:00:00	2327.581	2332.215	2326.814	2331.641	4470	0	199
2024.06.24	17:00:00	2331.602	2333.164	2330.506	2331.972	4380	0	199
2024.06.24	18:00:00	2331.978	2334.631	2331.911	2333.783	4152	0	199
2024.06.24	19:00:00	2333.804	2333.804	2330.922	2331.640	3992	0	199
2024.06.24	20:00:00	2331.607	2333.855	2331.607	2333.671	2236	0	199
2024.06.24	22:00:00	2333.991	2334.390	2331.631	2331.777	1484	0	199
2024.06.24	23:00:00	2331.770	2331.969	2330.226	2330.877	2232	0	199
2024.06.25	00:00:00	2330.871	2330.925	2328.218	2330.016	3204	0	199
2024.06.25	01:00:00	2330.016	2330.902	2323.164	2325.792	5767	0	199
2024.06.25	02:00:00	2325.802	2327.027	2324.506	2326.448	4674	0	199
2024.06.25	03:00:00	2326.403	2328.531	2324.003	2324.146	4044	0	199
2024.06.25	04:00:00	2324.188	2327.781	2322.677	2327.394	3652	0	199
2024.06.25	05:00:00	2327.399	2330.078	2324.501	2324.950	4305	0	199
2024.06.25	06:00:00	2324.998	2328.173	2323.410	2327.283	4775	0	199
2024.06.25	07:00:00	2327.235	2327.638	2324.027	2324.788	5078	0	199
2024.06.25	08:00:00	2324.745	2330.573	2322.814	2329.587	6124	0	199
2024.06.25	09:00:00	2329.591	2334.088	2329.257	2333.026	4689	0	199
2024.06.25	10:00:00	2333.030	2337.088	2332.583	2335.286	4910	0	199
2024.06.25	11:00:00	2335.251	2335.813	2327.308	2330.125	5262	0	199
2024.06.25	12:00:00	2330.164	2330.458	2323.990	2324.214	6447	0	199
2024.06.25	13:00:00	2324.263	2327.421	2320.174	2325.725	10700	0	199
2024.06.25	14:00:00	2325.726	2328.217	2319.499	2327.159	9405	0	199
2024.06.25	15:00:00	2327.193	2327.726	2315.562	2324.683	8638	0	199
2024.06.25	16:00:00	2324.752	2324.988	2315.436	2317.784	5549	0	199
2024.06.25	17:00:00	2317.730	2320.076	2316.774	2319.076	4970	0	200
2024.06.25	18:00:00	2319.133	2319.745	2316.995	2319.170	3920	0	199
2024.06.25	19:00:00	2319.126	2320.643	2318.765	2319.776	3522	0	199
2024.06.25	20:00:00	2319.725	2319.896	2317.859	2319.337	2275	0	199
2024.06.25	22:00:00	2319.490	2321.289	2318.987	2320.595	2792	0	199
2024.06.25	23:00:00	2320.597	2321.424	2318.720	2320.027	2552	0	199
2024.06.26	00:00:00	2319.979	2323.882	2317.745	2318.439	4359	0	199
2024.06.26	01:00:00	2318.385	2320.713	2310.555	2312.913	8940	0	199
2024.06.26	02:00:00	2312.905	2321.695	2312.396	2319.475	6300	0	199
2024.06.26	03:00:00	2319.442	2321.076	2316.629	2317.247	3906	0	200
2024.06.26	04:00:00	2317.289	2317.689	2315.060	2316.775	3272	0	199
2024.06.26	05:00:00	2316.791	2318.131	2311.835	2312.120	4608	0	199
2024.06.26	06:00:00	2312.067	2317.374	2309.670	2317.089	6026	0	199
2024.06.26	07:00:00	2317.155	2317.344	2312.911	2316.087	5181	0	199
2024.06.26	08:00:00	2316.044	2318.010	2312.910	2315.665	5331	0	199
2024.06.26	09:00:00	2315.713	2318.423	2315.674	2316.339	4744	0	199
2024.06.26	10:00:00	2316.326	2316.469	2307.690	2308.352	5842	0	199
2024.06.26	11:00:00	2308.311	2313.950	2304.375	2313.006	6582	0	199
2024.06.26	12:00:00	2312.993	2317.804	2310.080	2310.080	7477	0	199
2024.06.26	13:00:00	2310.050	2311.598	2293.529	2296.348	13480	0	199
2024.06.26	14:00:00	2296.302	2301.274	2295.328	2297.427	9913	0	199
2024.06.26	15:00:00	2297.483	2304.151	2295.822	2299.943	8746	0	199
2024.06.26	16:00:00	2299.919	2302.200	2298.401	2299.711	5368	0	199
2024.06.26	17:00:00	2299.726	2302.981	2299.286	2301.839	4991	0	199
2024.06.26	18:00:00	2301.887	2302.059	2298.543	2298.918	4016	0	199
2024.06.26	19:00:00	2298.964	2299.455	2296.872	2298.625	4020	0	199
2024.06.26	20:00:00	2298.681	2299.223	2297.197	2298.094	2634	0	200
2024.06.26	22:00:00	2298.442	2299.048	2298.113	2298.262	1806	0	199
2024.06.26	23:00:00	2298.264	2298.592	2296.763	2298.402	2270	0	199
2024.06.27	00:00:00	2298.412	2300.100	2297.858	2298.960	3643	0	200
2024.06.27	01:00:00	2299.015	2299.730	2296.806	2297.776	4649	0	199
2024.06.27	02:00:00	2297.770	2300.047	2297.758	2299.295	3879	0	199
2024.06.27	03:00:00	2299.298	2299.867	2298.009	2298.932	3070	0	199
2024.06.27	04:00:00	2298.934	2301.133	2298.700	2300.499	2991	0	200
2024.06.27	05:00:00	2300.501	2300.585	2296.751	2297.526	3802	0	199
2024.06.27	06:00:00	2297.538	2303.388	2296.429	2301.213	4944	0	199
2024.06.27	07:00:00	2301.163	2302.522	2299.947	2302.260	4704	0	199
2024.06.27	08:00:00	2302.213	2308.365	2301.964	2307.532	4871	0	199
2024.06.27	09:00:00	2307.525	2313.781	2307.255	2312.587	5610	0	199
2024.06.27	10:00:00	2312.554	2315.512	2312.231	2315.082	5027	0	199
2024.06.27	11:00:00	2315.131	2317.891	2313.294	2317.020	5047	0	199
2024.06.27	12:00:00	2316.975	2325.812	2316.028	2322.833	10360	0	199
2024.06.27	13:00:00	2322.802	2324.967	2319.473	2323.301	11423	0	199
2024.06.27	14:00:00	2323.219	2330.936	2322.613	2328.973	10501	0	199
2024.06.27	15:00:00	2329.000	2330.873	2325.053	2327.436	7262	0	199
2024.06.27	16:00:00	2327.401	2328.283	2323.915	2325.397	5472	0	199
2024.06.27	17:00:00	2325.442	2328.039	2324.197	2325.821	5182	0	199
2024.06.27	18:00:00	2325.778	2326.419	2322.394	2326.222	4182	0	199
2024.06.27	19:00:00	2326.225	2327.669	2325.588	2325.951	3810	0	199
2024.06.27	20:00:00	2325.917	2328.524	2325.380	2327.869	2462	0	199
2024.06.27	22:00:00	2327.490	2327.586	2325.878	2326.838	1426	0	199
2024.06.27	23:00:00	2326.833	2327.910	2326.425	2327.720	2104	0	200
2024.06.28	00:00:00	2327.665	2328.268	2321.417	2321.662	3744	0	199
2024.06.28	01:00:00	2321.656	2324.445	2319.008	2320.290	6707	0	199
2024.06.28	02:00:00	2320.236	2324.176	2319.811	2323.666	4845	0	199
2024.06.28	03:00:00	2323.692	2325.020	2320.756	2321.714	3957	0	200
2024.06.28	04:00:00	2321.787	2321.848	2319.710	2321.191	3137	0	199
2024.06.28	05:00:00	2321.183	2326.994	2320.900	2325.725	3952	0	199
2024.06.28	06:00:00	2325.676	2328.135	2325.074	2327.361	4546	0	199
2024.06.28	07:00:00	2327.409	2328.850	2324.790	2327.143	4530	0	199
2024.06.28	08:00:00	2327.153	2331.947	2326.430	2328.695	4975	0	199
2024.06.28	09:00:00	2328.684	2330.330	2327.222	2330.315	4736	0	199
2024.06.28	10:00:00	2330.323	2336.769	2329.330	2335.771	4977	0	199
2024.06.28	11:00:00	2335.817	2337.147	2333.294	2333.937	4474	0	199
2024.06.28	12:00:00	2333.909	2339.358	2331.161	2335.496	9244	0	199
2024.06.28	13:00:00	2335.441	2339.809	2326.677	2330.290	12092	0	199
2024.06.28	14:00:00	2330.337	2333.645	2322.842	2326.435	10765	0	199
2024.06.28	15:00:00	2326.481	2330.381	2324.156	2328.591	7107	0	199
2024.06.28	16:00:00	2328.641	2332.518	2327.672	2329.919	5275	0	199
2024.06.28	17:00:00	2330.032	2332.713	2326.382	2326.815	4873	0	199
2024.06.28	18:00:00	2326.869	2328.403	2325.330	2325.802	4032	0	199
2024.06.28	19:00:00	2325.795	2326.237	2322.926	2325.004	4485	0	199
2024.06.28	20:00:00	2324.973	2326.827	2322.838	2326.638	3398	0	199
2024.06.30	22:00:00	2322.849	2325.879	2322.840	2324.521	2261	0	199
2024.06.30	23:00:00	2324.529	2326.157	2323.087	2324.930	2476	0	200
2024.07.01	00:00:00	2324.951	2325.286	2322.103	2324.832	4040	0	199
2024.07.01	01:00:00	2324.765	2328.500	2323.467	2327.837	5130	0	199
2024.07.01	02:00:00	2327.785	2327.785	2324.428	2326.615	3970	0	200
2024.07.01	03:00:00	2326.605	2327.590	2324.453	2324.746	3375	0	199
2024.07.01	04:00:00	2324.729	2326.051	2321.382	2323.578	3463	0	199
2024.07.01	05:00:00	2323.532	2323.981	2318.438	2321.794	5083	0	199
2024.07.01	06:00:00	2321.795	2328.974	2321.286	2326.447	5463	0	199
2024.07.01	07:00:00	2326.400	2326.932	2323.629	2323.684	4620	0	199
2024.07.01	08:00:00	2323.651	2326.212	2321.837	2325.749	5230	0	199
2024.07.01	09:00:00	2325.750	2329.436	2325.403	2327.407	4678	0	199
2024.07.01	10:00:00	2327.392	2332.444	2327.392	2332.426	4739	0	199
2024.07.01	11:00:00	2332.469	2338.250	2332.025	2338.133	5404	0	199
2024.07.01	12:00:00	2338.163	2338.483	2327.136	2327.427	6926	0	199
2024.07.01	13:00:00	2327.462	2334.115	2322.549	2326.867	9829	0	199
2024.07.01	14:00:00	2327.029	2334.241	2319.185	2324.013	12676	0	199
2024.07.01	15:00:00	2324.056	2328.970	2323.004	2327.713	6893	0	199
2024.07.01	16:00:00	2327.707	2331.880	2326.610	2328.097	5574	0	199
2024.07.01	17:00:00	2328.116	2329.868	2326.737	2329.266	4508	0	199
2024.07.01	18:00:00	2329.230	2330.732	2326.977	2329.934	3738	0	199
2024.07.01	19:00:00	2329.976	2331.446	2328.920	2330.899	3704	0	199
2024.07.01	20:00:00	2330.973	2332.387	2330.854	2331.638	2208	0	199
2024.07.01	22:00:00	2332.521	2332.521	2331.298	2331.832	1655	0	199
2024.07.01	23:00:00	2331.813	2332.550	2331.673	2332.222	1778	0	199
2024.07.02	00:00:00	2332.216	2333.899	2331.735	2333.095	3072	0	199
2024.07.02	01:00:00	2333.064	2334.189	2331.091	2334.008	4366	0	199
2024.07.02	02:00:00	2334.043	2334.301	2331.216	2332.281	3458	0	199
2024.07.02	03:00:00	2332.276	2332.660	2325.708	2326.033	3847	0	199
2024.07.02	04:00:00	2326.036	2327.849	2324.871	2327.264	3222	0	199
2024.07.02	05:00:00	2327.250	2330.801	2326.302	2329.855	3931	0	199
2024.07.02	06:00:00	2329.920	2331.786	2327.608	2330.469	4244	0	199
2024.07.02	07:00:00	2330.436	2330.891	2323.259	2330.679	5540	0	199
2024.07.02	08:00:00	2330.735	2332.453	2328.374	2331.156	4970	0	199
2024.07.02	09:00:00	2331.182	2331.899	2324.104	2324.880	4767	0	199
2024.07.02	10:00:00	2324.923	2326.463	2322.834	2324.530	4554	0	199
2024.07.02	11:00:00	2324.533	2325.642	2319.901	2320.700	4906	0	199
2024.07.02	12:00:00	2320.728	2328.700	2319.004	2327.387	7771	0	199
2024.07.02	13:00:00	2327.343	2336.770	2326.089	2334.417	10631	0	199
2024.07.02	14:00:00	2334.421	2335.739	2322.874	2326.581	13431	0	199
2024.07.02	15:00:00	2326.565	2330.400	2324.118	2324.711	7041	0	199
2024.07.02	16:00:00	2324.678	2325.011	2320.921	2322.831	5078	0	200
2024.07.02	17:00:00	2322.831	2325.213	2322.061	2324.591	4384	0	199
2024.07.02	18:00:00	2324.547	2328.834	2324.430	2328.279	3626	0	200
2024.07.02	19:00:00	2328.277	2331.313	2328.036	2330.760	3510	0	199
2024.07.02	20:00:00	2330.725	2330.962	2328.614	2329.496	2350	0	200
2024.07.02	22:00:00	2330.266	2331.257	2329.707	2330.005	1717	0	200
2024.07.02	23:00:00	2329.986	2331.446	2329.649	2330.180	1678	0	199
2024.07.03	00:00:00	2330.177	2332.132	2330.177	2330.271	2839	0	199
2024.07.03	01:00:00	2330.250	2331.545	2328.415	2329.101	4421	0	199
2024.07.03	02:00:00	2329.145	2331.066	2326.782	2328.785	3803	0	199
2024.07.03	03:00:00	2328.772	2332.506	2328.011	2331.648	3443	0	200
2024.07.03	04:00:00	2331.699	2335.289	2331.699	2334.417	2920	0	199
2024.07.03	05:00:00	2334.384	2335.811	2331.931	2333.326	4318	0	199
2024.07.03	06:00:00	2333.346	2341.244	2332.866	2340.114	5445	0	199
2024.07.03	07:00:00	2340.145	2347.201	2338.867	2345.306	6361	0	199
2024.07.03	08:00:00	2345.318	2347.553	2343.044	2344.585	5513	0	199
2024.07.03	09:00:00	2344.641	2346.462	2342.105	2346.180	4759	0	199
2024.07.03	10:00:00	2346.210	2349.482	2344.519	2346.983	5115	0	199
2024.07.03	11:00:00	2346.954	2346.958	2342.409	2345.375	5183	0	199
2024.07.03	12:00:00	2345.399	2356.119	2344.871	2350.482	9523	0	199
2024.07.03	13:00:00	2350.425	2358.734	2347.470	2355.544	11425	0	199
2024.07.03	14:00:00	2355.578	2364.926	2355.578	2362.368	13448	0	199
2024.07.03	15:00:00	2362.425	2363.998	2359.960	2363.040	7644	0	199
2024.07.03	16:00:00	2363.001	2363.151	2355.130	2356.515	5951	0	199
2024.07.03	17:00:00	2356.490	2360.900	2353.833	2356.814	5213	0	199
2024.07.03	18:00:00	2356.775	2357.967	2355.174	2356.299	3271	0	199
2024.07.03	19:00:00	2356.344	2356.689	2353.615	2354.280	2801	0	199
2024.07.03	20:00:00	2354.302	2356.434	2354.225	2356.114	1492	0	199
2024.07.03	22:00:00	2357.081	2359.208	2356.099	2358.790	1732	0	199
2024.07.03	23:00:00	2358.840	2359.581	2357.655	2358.699	1956	0	199
2024.07.04	00:00:00	2358.721	2359.261	2356.443	2358.565	2876	0	199
2024.07.04	01:00:00	2358.543	2362.540	2358.250	2361.938	4680	0	199
2024.07.04	02:00:00	2361.915	2362.193	2357.411	2359.294	3639	0	199
2024.07.04	03:00:00	2359.308	2360.304	2357.141	2358.103	3865	0	199
2024.07.04	04:00:00	2358.102	2359.602	2357.586	2358.529	2805	0	199
2024.07.04	05:00:00	2358.487	2358.588	2355.476	2356.862	3636	0	199
2024.07.04	06:00:00	2356.876	2357.198	2350.358	2356.320	4981	0	199
2024.07.04	07:00:00	2356.263	2357.692	2353.590	2357.453	4197	0	199
2024.07.04	08:00:00	2357.513	2359.593	2355.449	2358.743	4117	0	199
2024.07.04	09:00:00	2358.753	2359.093	2355.665	2357.664	3686	0	199
2024.07.04	10:00:00	2357.680	2359.260	2356.382	2358.023	3495	0	199
2024.07.04	11:00:00	2358.021	2359.990	2357.523	2358.391	3568	0	199
2024.07.04	12:00:00	2358.463	2360.450	2356.875	2357.756	3804	0	199
2024.07.04	13:00:00	2357.758	2360.044	2357.263	2359.648	4329	0	199
2024.07.04	14:00:00	2359.636	2361.872	2358.016	2358.890	4366	0	199
2024.07.04	15:00:00	2358.839	2360.686	2355.462	2357.395	5472	0	199
2024.07.04	16:00:00	2357.412	2359.098	2356.903	2357.876	3437	0	199
2024.07.04	17:00:00	2357.833	2358.061	2357.225	2357.230	474	0	200
2024.07.04	22:00:00	2357.034	2357.387	2354.210	2357.387	2639	0	199
2024.07.04	23:00:00	2357.406	2357.703	2356.326	2356.721	2057	0	200
2024.07.05	00:00:00	2356.753	2358.977	2356.024	2358.805	3124	0	199
2024.07.05	01:00:00	2358.816	2360.227	2356.893	2358.432	4569	0	199
2024.07.05	02:00:00	2358.477	2363.107	2358.092	2360.487	4431	0	199
2024.07.05	03:00:00	2360.477	2362.304	2359.538	2361.713	3937	0	199
2024.07.05	04:00:00	2361.716	2364.660	2361.302	2363.901	3242	0	200
2024.07.05	05:00:00	2363.904	2365.009	2362.628	2364.653	3641	0	200
2024.07.05	06:00:00	2364.664	2366.295	2363.541	2363.979	4526	0	199
2024.07.05	07:00:00	2363.955	2367.446	2362.242	2365.224	4818	0	199
2024.07.05	08:00:00	2365.261	2368.002	2364.561	2366.342	4622	0	199
2024.07.05	09:00:00	2366.333	2366.819	2361.917	2362.428	4072	0	199
2024.07.05	10:00:00	2362.385	2365.460	2361.770	2364.907	4168	0	199
2024.07.05	11:00:00	2364.938	2366.012	2362.239	2365.755	4587	0	199
2024.07.05	12:00:00	2365.736	2376.106	2345.792	2372.066	15882	0	199
2024.07.05	13:00:00	2372.104	2385.168	2370.620	2383.165	17356	0	199
2024.07.05	14:00:00	2383.116	2384.378	2374.450	2380.717	12240	0	199
2024.07.05	15:00:00	2380.748	2388.347	2378.478	2384.639	8377	0	199
2024.07.05	16:00:00	2384.685	2387.570	2383.903	2386.481	6125	0	199
2024.07.05	17:00:00	2386.526	2389.894	2384.591	2385.764	5947	0	199
2024.07.05	18:00:00	2385.737	2392.584	2385.101	2391.021	4938	0	199
2024.07.05	19:00:00	2391.031	2392.941	2388.069	2388.833	4374	0	199
2024.07.05	20:00:00	2388.783	2391.626	2388.191	2391.563	2660	0	200
2024.07.07	22:00:00	2389.583	2390.178	2384.875	2385.336	2500	0	199
2024.07.07	23:00:00	2385.360	2386.900	2384.765	2386.122	2876	0	199
2024.07.08	00:00:00	2386.067	2387.799	2384.512	2386.665	3781	0	199
2024.07.08	01:00:00	2386.623	2391.090	2384.213	2386.421	6513	0	199
2024.07.08	02:00:00	2386.373	2387.154	2381.392	2382.836	4870	0	199
2024.07.08	03:00:00	2382.832	2384.127	2380.687	2382.875	4179	0	199
2024.07.08	04:00:00	2382.933	2384.995	2382.005	2384.874	2939	0	200
2024.07.08	05:00:00	2384.923	2386.769	2381.533	2382.775	4698	0	199
2024.07.08	06:00:00	2382.834	2384.169	2376.648	2376.924	5699	0	199
2024.07.08	07:00:00	2376.894	2381.099	2376.599	2377.830	5204	0	199
2024.07.08	08:00:00	2377.824	2378.825	2371.933	2372.789	5413	0	199
2024.07.08	09:00:00	2372.752	2373.765	2368.261	2370.172	5228	0	199
2024.07.08	10:00:00	2370.118	2374.269	2369.655	2374.016	4466	0	199
2024.07.08	11:00:00	2374.073	2375.636	2372.374	2375.284	4342	0	199
2024.07.08	12:00:00	2375.236	2377.482	2370.259	2372.749	6782	0	199
2024.07.08	13:00:00	2372.702	2377.069	2370.263	2375.436	10056	0	199
2024.07.08	14:00:00	2375.404	2379.503	2373.149	2373.255	8497	0	199
2024.07.08	15:00:00	2373.212	2374.990	2350.975	2355.459	12899	0	199
2024.07.08	16:00:00	2355.409	2358.771	2350.996	2358.613	7809	0	199
2024.07.08	17:00:00	2358.643	2359.717	2355.554	2357.159	5456	0	199
2024.07.08	18:00:00	2357.112	2358.195	2354.836	2356.591	3860	0	199
2024.07.08	19:00:00	2356.551	2359.839	2356.153	2359.129	3802	0	199
2024.07.08	20:00:00	2359.173	2359.833	2357.986	2358.713	2002	0	199
2024.07.08	22:00:00	2358.981	2359.782	2358.450	2359.774	1521	0	200
2024.07.08	23:00:00	2359.745	2362.000	2359.731	2361.711	2128	0	199
2024.07.09	00:00:00	2361.740	2363.665	2360.772	2361.890	3645	0	199
2024.07.09	01:00:00	2361.927	2365.285	2361.349	2363.416	5004	0	199
2024.07.09	02:00:00	2363.380	2366.714	2360.454	2364.025	4984	0	199
2024.07.09	03:00:00	2364.030	2367.949	2363.341	2367.625	4074	0	199
2024.07.09	04:00:00	2367.619	2368.777	2366.339	2367.371	3709	0	199
2024.07.09	05:00:00	2367.312	2368.290	2364.086	2364.601	4265	0	199
2024.07.09	06:00:00	2364.648	2365.477	2362.680	2364.067	4531	0	199
2024.07.09	07:00:00	2364.046	2364.496	2358.255	2358.933	4653	0	199
2024.07.09	08:00:00	2358.980	2361.930	2358.214	2361.609	4308	0	199
2024.07.09	09:00:00	2361.602	2365.352	2361.514	2364.245	4468	0	199
2024.07.09	10:00:00	2364.285	2365.634	2362.105	2363.119	3993	0	199
2024.07.09	11:00:00	2363.175	2363.175	2357.485	2360.583	4894	0	199
2024.07.09	12:00:00	2360.632	2361.334	2356.061	2360.125	5951	0	199
2024.07.09	13:00:00	2360.087	2368.455	2359.484	2367.712	11515	0	199
2024.07.09	14:00:00	2367.668	2371.583	2354.047	2354.885	15522	0	199
2024.07.09	15:00:00	2354.933	2362.218	2349.354	2361.993	10907	0	199
2024.07.09	16:00:00	2361.976	2363.114	2356.510	2357.492	6790	0	199
2024.07.09	17:00:00	2357.495	2362.471	2357.464	2361.899	5654	0	199
2024.07.09	18:00:00	2361.915	2365.312	2361.079	2364.397	4335	0	199
2024.07.09	19:00:00	2364.449	2365.566	2362.834	2363.497	3636	0	200
2024.07.09	20:00:00	2363.538	2364.895	2363.512	2363.706	1943	0	199
2024.07.09	22:00:00	2364.133	2364.430	2363.278	2364.430	1454	0	199
2024.07.09	23:00:00	2364.413	2366.044	2364.382	2364.965	1907	0	199
2024.07.10	00:00:00	2364.944	2366.539	2364.420	2364.630	3137	0	199
2024.07.10	01:00:00	2364.645	2369.898	2363.302	2368.229	5495	0	199
2024.07.10	02:00:00	2368.275	2370.292	2366.884	2369.282	4189	0	199
2024.07.10	03:00:00	2369.271	2369.767	2366.452	2368.144	3491	0	199
2024.07.10	04:00:00	2368.165	2368.897	2366.566	2367.735	3158	0	199
2024.07.10	05:00:00	2367.740	2370.338	2367.291	2368.321	3770	0	199
2024.07.10	06:00:00	2368.376	2372.785	2367.120	2371.884	4418	0	199
2024.07.10	07:00:00	2371.935	2374.925	2371.380	2372.604	4287	0	199
2024.07.10	08:00:00	2372.569	2374.224	2371.437	2372.817	4132	0	199
2024.07.10	09:00:00	2372.803	2374.159	2371.662	2371.897	3757	0	199
2024.07.10	10:00:00	2371.897	2375.312	2371.724	2372.480	3581	0	199
2024.07.10	11:00:00	2372.433	2378.361	2372.393	2378.353	4263	0	199
2024.07.10	12:00:00	2378.386	2381.781	2377.196	2377.768	5840	0	199
2024.07.10	13:00:00	2377.713	2386.671	2376.222	2383.174	9215	0	199
2024.07.10	14:00:00	2383.181	2385.094	2373.880	2374.900	9186	0	199
2024.07.10	15:00:00	2374.870	2380.715	2374.007	2378.760	6626	0	199
2024.07.10	16:00:00	2378.787	2381.331	2376.612	2377.889	4846	0	199
2024.07.10	17:00:00	2377.874	2378.524	2370.466	2372.944	5843	0	199
2024.07.10	18:00:00	2372.891	2373.565	2369.834	2372.647	3847	0	199
2024.07.10	19:00:00	2372.630	2372.630	2370.522	2371.766	3689	0	199
2024.07.10	20:00:00	2371.756	2372.423	2370.863	2371.289	2106	0	199
2024.07.10	22:00:00	2372.147	2372.881	2371.192	2372.840	1483	0	199
2024.07.10	23:00:00	2372.824	2372.911	2372.194	2372.852	1701	0	199
2024.07.11	00:00:00	2372.834	2374.398	2371.403	2374.189	3099	0	199
2024.07.11	01:00:00	2374.180	2376.294	2373.074	2375.848	4475	0	199
2024.07.11	02:00:00	2375.849	2377.732	2374.351	2377.353	4171	0	199
2024.07.11	03:00:00	2377.334	2380.222	2376.818	2378.744	3783	0	199
2024.07.11	04:00:00	2378.775	2382.487	2378.638	2381.885	3053	0	199
2024.07.11	05:00:00	2381.954	2383.012	2381.177	2382.523	4011	0	199
2024.07.11	06:00:00	2382.477	2383.197	2378.465	2381.775	4771	0	199
2024.07.11	07:00:00	2381.725	2381.969	2378.800	2379.887	4545	0	199
2024.07.11	08:00:00	2379.924	2384.100	2379.541	2381.328	4986	0	199
2024.07.11	09:00:00	2381.287	2384.526	2381.287	2383.932	4036	0	199
2024.07.11	10:00:00	2383.946	2383.987	2380.375	2382.225	3924	0	199
2024.07.11	11:00:00	2382.183	2383.369	2378.999	2380.794	4404	0	199
2024.07.11	12:00:00	2380.752	2409.781	2378.108	2406.309	19909	0	199
2024.07.11	13:00:00	2406.259	2413.023	2395.803	2406.613	26819	0	199
2024.07.11	14:00:00	2406.675	2417.863	2404.321	2417.620	15424	0	199
2024.07.11	15:00:00	2417.673	2424.538	2412.448	2417.353	12315	0	199
2024.07.11	16:00:00	2417.303	2419.246	2411.567	2411.649	7755	0	199
2024.07.11	17:00:00	2411.622	2416.636	2410.006	2413.621	7050	0	199
2024.07.11	18:00:00	2413.602	2416.595	2412.919	2416.378	4619	0	199
2024.07.11	19:00:00	2416.335	2418.666	2414.046	2414.080	4463	0	199
2024.07.11	20:00:00	2414.137	2415.094	2413.094	2414.775	2742	0	200
2024.07.11	22:00:00	2414.522	2414.522	2411.106	2413.968	2588	0	200
2024.07.11	23:00:00	2413.914	2416.001	2411.917	2415.851	4333	0	199
2024.07.12	00:00:00	2415.855	2416.252	2410.997	2411.959	4909	0	199
2024.07.12	01:00:00	2411.948	2414.232	2407.043	2407.895	5892	0	199
2024.07.12	02:00:00	2407.937	2410.916	2406.649	2409.576	4776	0	199
2024.07.12	03:00:00	2409.526	2410.189	2408.538	2408.778	3581	0	199
2024.07.12	04:00:00	2408.779	2409.923	2408.128	2408.620	2840	0	200
2024.07.12	05:00:00	2408.658	2410.070	2405.386	2408.016	4647	0	199
2024.07.12	06:00:00	2407.969	2408.249	2402.154	2404.086	5777	0	199
2024.07.12	07:00:00	2404.105	2405.510	2400.283	2404.174	5576	0	199
2024.07.12	08:00:00	2404.100	2408.127	2403.694	2407.315	5241	0	199
2024.07.12	09:00:00	2407.369	2408.311	2403.070	2404.907	4479	0	199
2024.07.12	10:00:00	2404.858	2405.482	2399.764	2400.178	4623	0	199
2024.07.12	11:00:00	2400.230	2402.668	2398.284	2401.711	4717	0	199
2024.07.12	12:00:00	2401.766	2404.262	2391.363	2397.860	13975	0	199
2024.07.12	13:00:00	2397.913	2405.672	2396.771	2403.719	14187	0	199
2024.07.12	14:00:00	2403.678	2410.903	2403.678	2408.863	10887	0	199
2024.07.12	15:00:00	2408.866	2413.692	2408.007	2411.715	6791	0	199
2024.07.12	16:00:00	2411.752	2416.912	2411.698	2415.903	5128	0	199
2024.07.12	17:00:00	2415.894	2418.233	2414.455	2417.778	4286	0	199
2024.07.12	18:00:00	2417.828	2417.949	2413.863	2414.137	3618	0	199
2024.07.12	19:00:00	2414.149	2414.748	2412.167	2412.823	3769	0	199
2024.07.12	20:00:00	2412.771	2412.771	2411.262	2411.399	2308	0	199
2024.07.14	22:00:00	2411.618	2412.245	2406.870	2407.600	3487	0	179
2024.07.14	23:00:00	2407.583	2408.707	2405.666	2408.653	3055	0	180
2024.07.15	00:00:00	2408.657	2408.857	2406.256	2408.408	3634	0	180
2024.07.15	01:00:00	2408.438	2410.327	2404.886	2409.950	5616	0	179
2024.07.15	02:00:00	2410.007	2410.890	2408.156	2409.155	4526	0	180
2024.07.15	03:00:00	2409.152	2411.970	2408.636	2411.556	3269	0	179
2024.07.15	04:00:00	2411.594	2413.354	2410.643	2411.480	2733	0	179
2024.07.15	05:00:00	2411.464	2413.973	2407.922	2408.113	4285	0	179
2024.07.15	06:00:00	2408.140	2408.281	2401.969	2403.198	5766	0	179
2024.07.15	07:00:00	2403.131	2407.926	2401.307	2407.881	6004	0	179
2024.07.15	08:00:00	2407.897	2412.057	2406.872	2411.992	4840	0	179
2024.07.15	09:00:00	2411.978	2412.560	2407.692	2410.700	4895	0	179
2024.07.15	10:00:00	2410.692	2415.793	2410.692	2414.761	4859	0	179
2024.07.15	11:00:00	2414.751	2420.321	2414.495	2418.231	6204	0	179
2024.07.15	12:00:00	2418.237	2420.848	2413.428	2414.773	7853	0	179
2024.07.15	13:00:00	2414.762	2419.273	2411.496	2419.101	9717	0	179
2024.07.15	14:00:00	2419.035	2431.990	2418.091	2431.555	10158	0	162
2024.07.15	15:00:00	2431.504	2437.451	2431.408	2433.281	10526	0	179
2024.07.15	16:00:00	2433.259	2439.767	2429.523	2430.171	10668	0	179
2024.07.15	17:00:00	2430.135	2430.216	2420.420	2421.488	9511	0	179
2024.07.15	18:00:00	2421.525	2424.797	2419.723	2422.421	5570	0	179
2024.07.15	19:00:00	2422.391	2423.251	2420.209	2421.089	5136	0	179
2024.07.15	20:00:00	2421.146	2422.429	2420.587	2422.115	2351	0	179
2024.07.15	22:00:00	2421.728	2422.186	2420.896	2420.989	1621	0	179
2024.07.15	23:00:00	2420.981	2422.729	2420.956	2422.494	2170	0	179
2024.07.16	00:00:00	2422.483	2422.878	2419.914	2421.219	3671	0	179
2024.07.16	01:00:00	2421.232	2427.694	2421.171	2427.219	6220	0	179
2024.07.16	02:00:00	2427.226	2430.252	2426.048	2430.133	5280	0	179
2024.07.16	03:00:00	2430.087	2431.435	2426.579	2428.578	4319	0	179
2024.07.16	04:00:00	2428.582	2429.532	2425.023	2429.352	3746	0	179
2024.07.16	05:00:00	2429.283	2432.798	2428.123	2431.870	5296	0	179
2024.07.16	06:00:00	2431.890	2433.837	2428.066	2433.837	5892	0	179
2024.07.16	07:00:00	2433.936	2439.339	2432.524	2436.968	6324	0	179
2024.07.16	08:00:00	2436.951	2438.584	2433.607	2436.517	6126	0	179
2024.07.16	09:00:00	2436.545	2443.409	2435.048	2442.381	6126	0	179
2024.07.16	10:00:00	2442.426	2443.415	2439.651	2440.090	5161	0	179
2024.07.16	11:00:00	2440.139	2442.474	2438.092	2439.521	5663	0	180
2024.07.16	12:00:00	2439.494	2443.985	2429.334	2432.564	13804	0	179
2024.07.16	13:00:00	2432.533	2448.002	2430.950	2442.760	14141	0	179
2024.07.16	14:00:00	2442.770	2454.031	2440.530	2452.025	11158	0	179
2024.07.16	15:00:00	2451.987	2465.283	2451.857	2463.099	11573	0	179
2024.07.16	16:00:00	2463.125	2463.704	2457.834	2459.165	8238	0	179
2024.07.16	17:00:00	2459.157	2466.406	2458.657	2464.631	6086	0	179
2024.07.16	18:00:00	2464.593	2466.599	2462.423	2465.339	5190	0	179
2024.07.16	19:00:00	2465.376	2468.700	2463.200	2468.483	4598	0	179
2024.07.16	20:00:00	2468.537	2469.806	2466.824	2468.876	3375	0	179
2024.07.16	22:00:00	2468.399	2469.967	2466.245	2468.969	2964	0	179
2024.07.16	23:00:00	2468.973	2469.769	2467.355	2468.278	2903	0	179
2024.07.17	00:00:00	2468.268	2473.330	2466.104	2468.773	5591	0	179
2024.07.17	01:00:00	2468.747	2481.242	2468.542	2479.403	11285	0	179
2024.07.17	02:00:00	2479.453	2482.365	2469.586	2474.502	7768	0	179
2024.07.17	03:00:00	2474.474	2474.519	2463.910	2471.702	7178	0	179
2024.07.17	04:00:00	2471.677	2472.744	2467.669	2467.816	4637	0	179
2024.07.17	05:00:00	2467.821	2471.023	2465.385	2465.415	6032	0	179
2024.07.17	06:00:00	2465.398	2467.511	2461.756	2466.453	7953	0	179
2024.07.17	07:00:00	2466.484	2474.324	2464.139	2474.104	7988	0	179
2024.07.17	08:00:00	2474.066	2478.844	2471.519	2474.974	8555	0	179
2024.07.17	09:00:00	2474.945	2475.486	2469.724	2475.023	6742	0	179
2024.07.17	10:00:00	2475.051	2476.357	2466.656	2467.829	6353	0	179
2024.07.17	11:00:00	2467.793	2473.209	2467.203	2470.029	6860	0	179
2024.07.17	12:00:00	2470.059	2475.361	2468.715	2473.379	8285	0	179
2024.07.17	13:00:00	2473.341	2483.443	2471.151	2482.960	15466	0	179
2024.07.17	14:00:00	2482.911	2483.707	2461.055	2463.738	19704	0	179
2024.07.17	15:00:00	2463.710	2465.965	2458.014	2463.374	14269	0	179
2024.07.17	16:00:00	2463.422	2465.106	2452.839	2455.646	9269	0	179
2024.07.17	17:00:00	2455.667	2459.270	2451.854	2452.566	7340	0	179
2024.07.17	18:00:00	2452.592	2458.113	2451.407	2457.905	5253	0	179
2024.07.17	19:00:00	2457.936	2460.422	2457.015	2457.986	4970	0	179
2024.07.17	20:00:00	2458.023	2459.428	2457.212	2458.829	2622	0	179
2024.07.17	22:00:00	2458.984	2459.542	2457.968	2459.217	2391	0	179
2024.07.17	23:00:00	2459.256	2461.849	2459.085	2461.296	3659	0	179
2024.07.18	00:00:00	2461.334	2461.451	2457.290	2458.851	4294	0	179
2024.07.18	01:00:00	2458.803	2464.113	2457.576	2462.401	6708	0	179
2024.07.18	02:00:00	2462.428	2465.971	2460.307	2465.532	5149	0	179
2024.07.18	03:00:00	2465.494	2468.886	2465.224	2468.011	5380	0	179
2024.07.18	04:00:00	2468.000	2468.186	2465.066	2465.269	4284	0	179
2024.07.18	05:00:00	2465.309	2469.927	2464.887	2466.949	6213	0	179
2024.07.18	06:00:00	2466.988	2472.150	2464.551	2471.411	6810	0	179
2024.07.18	07:00:00	2471.446	2474.966	2470.754	2471.930	6083	0	179
2024.07.18	08:00:00	2471.959	2473.694	2465.567	2465.986	6068	0	179
2024.07.18	09:00:00	2465.991	2467.688	2464.544	2465.651	5702	0	179
2024.07.18	10:00:00	2465.608	2466.348	2461.488	2464.180	6037	0	179
2024.07.18	11:00:00	2464.149	2466.291	2462.057	2464.461	5207	0	179
2024.07.18	12:00:00	2464.499	2468.765	2462.606	2464.043	9804	0	179
2024.07.18	13:00:00	2464.071	2466.177	2457.522	2464.950	12931	0	179
2024.07.18	14:00:00	2464.971	2469.919	2460.085	2468.397	10222	0	199
2024.07.18	15:00:00	2468.508	2469.098	2461.137	2461.291	8829	0	179
2024.07.18	16:00:00	2461.323	2462.032	2455.740	2456.227	7284	0	179
2024.07.18	17:00:00	2456.209	2457.571	2451.740	2456.278	7179	0	179
2024.07.18	18:00:00	2456.300	2456.453	2450.798	2451.484	5071	0	179
2024.07.18	19:00:00	2451.496	2451.813	2440.226	2442.916	8098	0	179
2024.07.18	20:00:00	2442.965	2445.470	2441.223	2444.902	3430	0	179
2024.07.18	22:00:00	2445.407	2445.563	2443.748	2444.423	2205	0	179
2024.07.18	23:00:00	2444.420	2445.194	2441.233	2441.250	2218	0	179
2024.07.19	00:00:00	2441.292	2441.343	2426.085	2434.301	10635	0	179
2024.07.19	01:00:00	2434.415	2434.632	2420.417	2426.191	13774	0	179
2024.07.19	02:00:00	2426.158	2428.695	2422.592	2428.256	7448	0	179
2024.07.19	03:00:00	2428.258	2429.468	2425.000	2428.700	5298	0	179
2024.07.19	04:00:00	2428.697	2429.321	2423.894	2425.397	4133	0	179
2024.07.19	05:00:00	2425.404	2426.149	2421.091	2423.371	6342	0	179
2024.07.19	06:00:00	2423.352	2424.051	2414.300	2419.943	11289	0	179
2024.07.19	07:00:00	2419.980	2422.171	2412.803	2418.127	7882	0	179
2024.07.19	08:00:00	2418.139	2421.641	2416.307	2420.384	7324	0	179
2024.07.19	09:00:00	2420.429	2421.183	2414.771	2416.122	6111	0	179
2024.07.19	10:00:00	2416.183	2416.372	2410.559	2412.460	6498	0	179
2024.07.19	11:00:00	2412.504	2414.329	2408.411	2410.053	7010	0	179
2024.07.19	12:00:00	2410.059	2410.228	2401.470	2403.745	10978	0	179
2024.07.19	13:00:00	2403.700	2406.724	2393.756	2403.792	20128	0	179
2024.07.19	14:00:00	2403.820	2404.717	2395.971	2397.983	13166	0	179
2024.07.19	15:00:00	2397.935	2408.450	2397.704	2405.378	9414	0	179
2024.07.19	16:00:00	2405.445	2405.968	2399.312	2399.667	5900	0	179
2024.07.19	17:00:00	2399.666	2400.761	2395.640	2399.218	6866	0	179
2024.07.19	18:00:00	2399.214	2400.249	2397.064	2398.602	4613	0	179
2024.07.19	19:00:00	2398.526	2400.123	2397.036	2398.708	4587	0	179
2024.07.19	20:00:00	2398.742	2400.550	2397.783	2400.450	3119	0	179
2024.07.21	22:00:00	2403.680	2411.696	2402.487	2411.319	3389	0	179
2024.07.21	23:00:00	2411.272	2411.931	2409.224	2411.528	3896	0	179
2024.07.22	00:00:00	2411.496	2411.675	2406.839	2407.882	4811	0	179
2024.07.22	01:00:00	2407.832	2412.155	2405.746	2406.398	7770	0	179
2024.07.22	02:00:00	2406.371	2408.167	2403.233	2406.513	6082	0	179
2024.07.22	03:00:00	2406.522	2409.534	2405.861	2406.732	4381	0	179
2024.07.22	04:00:00	2406.690	2407.175	2403.153	2405.508	4195	0	179
2024.07.22	05:00:00	2405.527	2407.353	2402.867	2402.943	5617	0	179
2024.07.22	06:00:00	2402.910	2405.217	2398.881	2402.526	8872	0	179
2024.07.22	07:00:00	2402.553	2404.525	2399.702	2402.507	6608	0	179
2024.07.22	08:00:00	2402.501	2404.676	2399.796	2400.757	5387	0	179
2024.07.22	09:00:00	2400.746	2405.735	2399.802	2404.399	5765	0	179
2024.07.22	10:00:00	2404.448	2408.421	2403.617	2406.871	5097	0	179
2024.07.22	11:00:00	2406.913	2407.583	2397.953	2398.056	5918	0	179
2024.07.22	12:00:00	2398.043	2399.603	2388.755	2394.218	11785	0	179
2024.07.22	13:00:00	2394.248	2400.171	2391.436	2392.687	13103	0	179
2024.07.22	14:00:00	2392.659	2394.804	2383.797	2387.287	12483	0	179
2024.07.22	15:00:00	2387.279	2390.528	2384.177	2386.312	8038	0	179
2024.07.22	16:00:00	2386.304	2393.303	2386.085	2392.980	5979	0	179
2024.07.22	17:00:00	2393.017	2396.393	2391.758	2393.950	5340	0	179
2024.07.22	18:00:00	2393.991	2396.473	2392.462	2395.722	4131	0	179
2024.07.22	19:00:00	2395.702	2400.060	2395.093	2399.000	3841	0	179
2024.07.22	20:00:00	2398.954	2399.486	2395.678	2396.585	2186	0	179
2024.07.22	22:00:00	2397.067	2397.987	2395.056	2395.122	1709	0	179
2024.07.22	23:00:00	2395.132	2396.162	2394.705	2395.783	2293	0	179
2024.07.23	00:00:00	2395.750	2400.309	2395.465	2399.980	3872	0	179
2024.07.23	01:00:00	2400.020	2403.981	2397.831	2401.094	7354	0	179
2024.07.23	02:00:00	2401.046	2402.427	2397.476	2399.643	5271	0	179
2024.07.23	03:00:00	2399.593	2400.775	2396.200	2398.357	5105	0	179
2024.07.23	04:00:00	2398.360	2399.643	2395.748	2396.461	4115	0	179
2024.07.23	05:00:00	2396.455	2396.880	2390.736	2392.621	5320	0	179
2024.07.23	06:00:00	2392.562	2393.727	2388.225	2390.330	7403	0	179
2024.07.23	07:00:00	2390.383	2399.192	2389.971	2397.790	7401	0	179
2024.07.23	08:00:00	2397.823	2407.109	2396.276	2404.075	6807	0	179
2024.07.23	09:00:00	2404.042	2408.091	2403.163	2406.825	6232	0	179
2024.07.23	10:00:00	2406.795	2408.291	2405.577	2407.644	5228	0	179
2024.07.23	11:00:00	2407.604	2412.001	2405.943	2407.614	6061	0	179
2024.07.23	12:00:00	2407.577	2409.281	2403.651	2405.453	7669	0	179
2024.07.23	13:00:00	2405.415	2407.689	2399.515	2401.945	10534	0	179
2024.07.23	14:00:00	2402.053	2407.394	2399.570	2402.880	9368	0	179
2024.07.23	15:00:00	2402.833	2407.193	2402.050	2405.479	6266	0	179
2024.07.23	16:00:00	2405.437	2406.757	2402.935	2405.350	5043	0	179
2024.07.23	17:00:00	2405.302	2408.203	2402.626	2404.917	5507	0	179
2024.07.23	18:00:00	2404.870	2406.281	2403.792	2405.616	4100	0	179
2024.07.23	19:00:00	2405.661	2408.980	2405.325	2407.545	4043	0	179
2024.07.23	20:00:00	2407.504	2410.013	2405.305	2409.404	3018	0	179
2024.07.23	22:00:00	2408.702	2409.675	2408.039	2409.355	1815	0	180
2024.07.23	23:00:00	2409.313	2409.460	2407.817	2408.513	2226	0	179
2024.07.24	00:00:00	2408.558	2410.248	2408.046	2408.310	3373	0	179
2024.07.24	01:00:00	2408.323	2412.203	2404.866	2408.160	7409	0	179
2024.07.24	02:00:00	2408.121	2415.884	2407.128	2414.119	7358	0	179
2024.07.24	03:00:00	2414.147	2418.327	2413.603	2416.406	5548	0	179
2024.07.24	04:00:00	2416.421	2417.963	2414.748	2417.795	4928	0	179
2024.07.24	05:00:00	2417.797	2417.912	2412.978	2416.099	5409	0	179
2024.07.24	06:00:00	2416.045	2419.206	2414.183	2417.498	6616	0	179
2024.07.24	07:00:00	2417.450	2417.830	2411.621	2414.574	5927	0	179
2024.07.24	08:00:00	2414.532	2415.116	2410.681	2411.825	4866	0	179
2024.07.24	09:00:00	2411.864	2414.904	2409.753	2413.447	5396	0	179
2024.07.24	10:00:00	2413.491	2416.433	2412.122	2413.622	5034	0	179
2024.07.24	11:00:00	2413.557	2417.782	2410.532	2417.432	5331	0	179
2024.07.24	12:00:00	2417.469	2422.007	2416.190	2421.426	7663	0	179
2024.07.24	13:00:00	2421.394	2426.737	2413.607	2421.731	13504	0	179
2024.07.24	14:00:00	2421.728	2431.954	2419.164	2430.254	14350	0	179
2024.07.24	15:00:00	2430.303	2431.355	2422.272	2424.757	8724	0	179
2024.07.24	16:00:00	2424.793	2424.918	2418.508	2419.090	6401	0	179
2024.07.24	17:00:00	2419.066	2419.618	2408.036	2409.178	7096	0	179
2024.07.24	18:00:00	2409.126	2409.470	2405.567	2408.258	7147	0	179
2024.07.24	19:00:00	2408.182	2408.700	2398.280	2398.358	6458	0	179
2024.07.24	20:00:00	2398.470	2400.490	2397.054	2397.267	4796	0	179
2024.07.24	22:00:00	2397.531	2398.211	2393.033	2397.822	4403	0	179
2024.07.24	23:00:00	2397.859	2401.193	2397.011	2398.669	3823	0	179
2024.07.25	00:00:00	2398.720	2399.320	2395.987	2397.104	6015	0	179
2024.07.25	01:00:00	2397.062	2399.985	2370.423	2376.350	22562	0	179
2024.07.25	02:00:00	2376.339	2380.673	2369.860	2372.580	14315	0	179
2024.07.25	03:00:00	2372.508	2375.567	2366.774	2374.755	9309	0	179
2024.07.25	04:00:00	2374.704	2378.042	2373.111	2377.547	5701	0	179
2024.07.25	05:00:00	2377.564	2377.838	2369.022	2376.255	7433	0	179
2024.07.25	06:00:00	2376.298	2378.731	2369.865	2371.995	8526	0	179
2024.07.25	07:00:00	2372.036	2377.454	2365.752	2374.020	8672	0	179
2024.07.25	08:00:00	2374.073	2377.574	2372.031	2374.705	7757	0	179
2024.07.25	09:00:00	2374.710	2376.183	2370.483	2373.698	6799	0	179
2024.07.25	10:00:00	2373.737	2382.529	2371.919	2381.154	6568	0	179
2024.07.25	11:00:00	2381.193	2381.765	2367.981	2368.560	8332	0	179
2024.07.25	12:00:00	2368.562	2377.310	2362.720	2371.093	18205	0	179
2024.07.25	13:00:00	2371.138	2376.338	2362.037	2364.895	20885	0	179
2024.07.25	14:00:00	2364.826	2368.453	2357.919	2366.775	17578	0	179
2024.07.25	15:00:00	2366.682	2368.388	2362.102	2363.151	10104	0	179
2024.07.25	16:00:00	2363.123	2364.538	2357.472	2362.614	8943	0	179
2024.07.25	17:00:00	2362.662	2365.522	2353.086	2356.060	10172	0	179
2024.07.25	18:00:00	2356.089	2360.275	2354.268	2357.144	6218	0	179
2024.07.25	19:00:00	2357.093	2363.901	2356.062	2362.579	5506	0	179
2024.07.25	20:00:00	2362.608	2365.249	2359.362	2365.062	4925	0	180
2024.07.25	22:00:00	2364.122	2365.455	2362.856	2363.351	2217	0	179
2024.07.25	23:00:00	2363.360	2364.741	2362.024	2363.801	3096	0	179
2024.07.26	00:00:00	2363.849	2365.405	2362.146	2362.727	4234	0	179
2024.07.26	01:00:00	2362.726	2373.950	2355.842	2373.473	10140	0	179
2024.07.26	02:00:00	2373.512	2379.403	2370.489	2374.247	7531	0	179
2024.07.26	03:00:00	2374.250	2378.278	2371.474	2371.779	6447	0	179
2024.07.26	04:00:00	2371.821	2372.868	2369.715	2369.799	4348	0	179
2024.07.26	05:00:00	2369.796	2375.252	2368.149	2374.291	6148	0	179
2024.07.26	06:00:00	2374.321	2374.426	2365.214	2369.529	7180	0	179
2024.07.26	07:00:00	2369.595	2371.934	2367.576	2371.462	5940	0	179
2024.07.26	08:00:00	2371.503	2374.148	2369.344	2372.912	5916	0	179
2024.07.26	09:00:00	2372.870	2374.486	2371.609	2373.732	5233	0	179
2024.07.26	10:00:00	2373.730	2375.331	2372.628	2372.687	4410	0	179
2024.07.26	11:00:00	2372.649	2375.803	2370.223	2373.278	5022	0	179
2024.07.26	12:00:00	2373.274	2379.052	2371.028	2377.456	11515	0	179
2024.07.26	13:00:00	2377.455	2383.224	2373.945	2381.677	12320	0	179
2024.07.26	14:00:00	2381.584	2390.799	2380.096	2381.969	13435	0	179
2024.07.26	15:00:00	2381.914	2386.880	2379.909	2385.133	7846	0	179
2024.07.26	16:00:00	2385.211	2390.391	2384.598	2389.117	6142	0	179
2024.07.26	17:00:00	2389.081	2389.210	2381.125	2383.374	5720	0	179
2024.07.26	18:00:00	2383.370	2386.223	2382.753	2384.311	4448	0	179
2024.07.26	19:00:00	2384.364	2387.038	2382.637	2386.272	4265	0	179
2024.07.26	20:00:00	2386.312	2388.853	2385.432	2387.114	3262	0	180
2024.07.28	22:00:00	2387.944	2403.155	2387.857	2395.767	7046	0	179
2024.07.28	23:00:00	2395.807	2399.010	2394.600	2397.091	4127	0	179
2024.07.29	00:00:00	2397.055	2401.614	2396.992	2400.056	5580	0	179
2024.07.29	01:00:00	2400.086	2402.481	2388.614	2392.725	10974	0	179
2024.07.29	02:00:00	2392.682	2394.702	2390.894	2393.240	6140	0	179
2024.07.29	03:00:00	2393.211	2395.256	2391.867	2394.526	4699	0	179
2024.07.29	04:00:00	2394.505	2396.013	2393.286	2394.843	4119	0	179
2024.07.29	05:00:00	2394.817	2396.263	2390.218	2392.792	5492	0	179
2024.07.29	06:00:00	2392.750	2395.440	2390.667	2391.752	5985	0	179
2024.07.29	07:00:00	2391.765	2394.394	2389.426	2391.569	7461	0	179
2024.07.29	08:00:00	2391.558	2392.730	2386.926	2390.307	6560	0	179
2024.07.29	09:00:00	2390.374	2393.490	2389.790	2392.702	5505	0	179
2024.07.29	10:00:00	2392.783	2395.368	2392.013	2392.608	5186	0	179
2024.07.29	11:00:00	2392.567	2393.012	2386.809	2387.729	5699	0	179
2024.07.29	12:00:00	2387.738	2394.190	2385.385	2393.785	8698	0	179
2024.07.29	13:00:00	2393.777	2396.786	2389.799	2391.826	11197	0	179
2024.07.29	14:00:00	2391.912	2394.031	2380.045	2381.258	11276	0	179
2024.07.29	15:00:00	2381.219	2382.973	2369.523	2376.802	12701	0	179
2024.07.29	16:00:00	2376.832	2379.029	2374.500	2378.082	6143	0	179
2024.07.29	17:00:00	2378.115	2383.450	2377.441	2378.270	6816	0	179
2024.07.29	18:00:00	2378.296	2380.774	2376.936	2379.563	4617	0	179
2024.07.29	19:00:00	2379.619	2385.444	2378.310	2383.092	5094	0	179
2024.07.29	20:00:00	2383.048	2384.573	2381.228	2383.853	2708	0	179
2024.07.29	22:00:00	2382.682	2384.948	2382.176	2384.024	1526	0	179
2024.07.29	23:00:00	2384.074	2384.290	2380.887	2381.143	2640	0	179
2024.07.30	00:00:00	2381.186	2383.801	2380.170	2381.850	3922	0	179
2024.07.30	01:00:00	2381.848	2382.425	2376.471	2379.790	8846	0	179
2024.07.30	02:00:00	2379.739	2383.236	2378.520	2381.743	5770	0	179
2024.07.30	03:00:00	2381.789	2385.963	2381.454	2385.741	4997	0	179
2024.07.30	04:00:00	2385.730	2388.334	2385.638	2386.327	3934	0	179
2024.07.30	05:00:00	2386.400	2389.854	2386.006	2388.703	5501	0	179
2024.07.30	06:00:00	2388.734	2391.037	2387.761	2390.316	6509	0	179
2024.07.30	07:00:00	2390.364	2391.971	2388.849	2390.225	6110	0	179
2024.07.30	08:00:00	2390.264	2391.508	2388.550	2389.458	5129	0	179
2024.07.30	09:00:00	2389.451	2390.104	2387.795	2389.089	4521	0	179
2024.07.30	10:00:00	2389.044	2392.440	2387.867	2391.642	4848	0	179
2024.07.30	11:00:00	2391.653	2392.165	2386.872	2387.115	5059	0	179
2024.07.30	12:00:00	2387.109	2388.327	2385.669	2386.505	6616	0	179
2024.07.30	13:00:00	2386.552	2397.738	2385.784	2394.129	13255	0	179
2024.07.30	14:00:00	2394.048	2395.975	2387.516	2391.730	13427	0	179
2024.07.30	15:00:00	2391.682	2392.444	2383.320	2385.260	9752	0	179
2024.07.30	16:00:00	2385.303	2400.277	2384.953	2399.745	8185	0	179
2024.07.30	17:00:00	2399.773	2411.070	2399.773	2405.706	12753	0	179
2024.07.30	18:00:00	2405.735	2407.363	2403.606	2404.830	5198	0	179
2024.07.30	19:00:00	2404.847	2408.418	2403.779	2407.008	4477	0	179
2024.07.30	20:00:00	2406.975	2412.799	2406.947	2411.011	4857	0	179
2024.07.30	22:00:00	2409.447	2410.926	2408.001	2409.194	2886	0	179
2024.07.30	23:00:00	2409.225	2410.274	2408.514	2409.807	3093	0	179
2024.07.31	00:00:00	2409.810	2410.023	2407.818	2408.966	3989	0	179
2024.07.31	01:00:00	2408.919	2412.200	2403.876	2409.132	9371	0	179
2024.07.31	02:00:00	2409.071	2409.395	2404.085	2407.383	7103	0	179
2024.07.31	03:00:00	2407.377	2419.165	2407.162	2416.442	9265	0	179
2024.07.31	04:00:00	2416.473	2421.372	2414.371	2421.136	6077	0	179
2024.07.31	05:00:00	2421.136	2422.212	2417.259	2417.793	6072	0	179
2024.07.31	06:00:00	2417.752	2425.510	2416.469	2421.278	7527	0	179
2024.07.31	07:00:00	2421.322	2421.909	2415.850	2417.175	7188	0	179
2024.07.31	08:00:00	2417.137	2421.732	2415.436	2421.410	6912	0	179
2024.07.31	09:00:00	2421.434	2422.286	2417.845	2420.956	4903	0	179
2024.07.31	10:00:00	2421.011	2422.893	2417.586	2418.515	5054	0	179
2024.07.31	11:00:00	2418.406	2423.246	2418.099	2419.576	5689	0	179
2024.07.31	12:00:00	2419.629	2422.922	2417.270	2420.467	10150	0	179
2024.07.31	13:00:00	2420.479	2427.556	2417.811	2426.115	10960	0	179
2024.07.31	14:00:00	2426.141	2428.991	2419.183	2422.335	12687	0	179
2024.07.31	15:00:00	2422.385	2424.246	2419.982	2423.098	7971	0	179
2024.07.31	16:00:00	2423.139	2427.724	2422.417	2426.845	5770	0	179
2024.07.31	17:00:00	2426.888	2428.987	2425.716	2425.837	6129	0	179
2024.07.31	18:00:00	2426.011	2435.373	2421.537	2433.799	14939	0	179
2024.07.31	19:00:00	2433.757	2450.853	2431.119	2449.804	15029	0	179
2024.07.31	20:00:00	2449.758	2450.933	2446.193	2447.786	5662	0	179
2024.07.31	22:00:00	2449.173	2449.505	2446.974	2447.555	2870	0	179
2024.07.31	23:00:00	2447.594	2447.929	2444.099	2445.743	3223	0	179
2024.08.01	00:00:00	2445.725	2449.450	2445.203	2447.575	6359	0	179
2024.08.01	01:00:00	2447.539	2458.378	2446.053	2451.357	13865	0	179
2024.08.01	02:00:00	2451.407	2451.459	2437.256	2441.167	10285	0	179
2024.08.01	03:00:00	2441.202	2444.630	2439.321	2442.777	6936	0	179
2024.08.01	04:00:00	2442.769	2446.776	2442.418	2444.239	4950	0	179
2024.08.01	05:00:00	2444.212	2447.994	2443.541	2446.906	6471	0	179
2024.08.01	06:00:00	2446.860	2448.807	2444.087	2444.795	8505	0	179
2024.08.01	07:00:00	2444.835	2444.877	2439.871	2440.325	7316	0	179
2024.08.01	08:00:00	2440.282	2442.323	2433.144	2433.855	8444	0	179
2024.08.01	09:00:00	2433.849	2435.044	2430.165	2432.951	7296	0	179
2024.08.01	10:00:00	2433.003	2436.749	2431.970	2435.186	6141	0	179
2024.08.01	11:00:00	2435.108	2442.888	2434.332	2440.741	6657	0	179
2024.08.01	12:00:00	2440.723	2454.872	2440.278	2450.600	12102	0	179
2024.08.01	13:00:00	2450.718	2457.368	2448.421	2453.690	15455	0	179
2024.08.01	14:00:00	2453.699	2462.290	2443.147	2448.504	22968	0	179
2024.08.01	15:00:00	2448.467	2451.743	2442.065	2445.107	14241	0	179
2024.08.01	16:00:00	2445.183	2448.761	2443.382	2444.468	9554	0	179
2024.08.01	17:00:00	2444.457	2444.718	2435.733	2439.283	10947	0	179
2024.08.01	18:00:00	2439.240	2441.002	2434.879	2439.519	7403	0	179
2024.08.01	19:00:00	2439.563	2444.100	2438.306	2443.053	6091	0	179
2024.08.01	20:00:00	2443.021	2447.553	2441.721	2446.649	4292	0	179
2024.08.01	22:00:00	2446.364	2447.365	2443.631	2445.159	4047	0	179
2024.08.01	23:00:00	2445.148	2446.526	2444.124	2445.844	3891	0	179
2024.08.02	00:00:00	2445.886	2452.360	2443.902	2449.050	6567	0	179
2024.08.02	01:00:00	2449.045	2450.963	2434.872	2447.179	13615	0	179
2024.08.02	02:00:00	2447.209	2455.698	2446.673	2455.616	10749	0	179
2024.08.02	03:00:00	2455.535	2459.412	2451.575	2454.432	8099	0	179
2024.08.02	04:00:00	2454.422	2460.354	2454.191	2457.839	5187	0	179
2024.08.02	05:00:00	2457.873	2466.889	2457.627	2466.678	7329	0	179
2024.08.02	06:00:00	2466.720	2468.480	2462.406	2465.603	9067	0	179
2024.08.02	07:00:00	2465.507	2466.736	2460.216	2461.538	8672	0	179
2024.08.02	08:00:00	2461.586	2465.304	2460.944	2462.063	6747	0	179
2024.08.02	09:00:00	2462.101	2464.263	2460.858	2463.884	5633	0	179
2024.08.02	10:00:00	2463.912	2465.371	2460.829	2463.593	5949	0	179
2024.08.02	11:00:00	2463.632	2464.651	2457.531	2459.259	7442	0	179
2024.08.02	12:00:00	2459.216	2477.722	2455.781	2472.856	22873	0	179
2024.08.02	13:00:00	2472.828	2474.260	2455.717	2469.775	28816	0	179
2024.08.02	14:00:00	2469.824	2474.368	2428.187	2431.556	38750	0	179
2024.08.02	15:00:00	2431.502	2435.742	2410.794	2433.147	32557	0	179
2024.08.02	16:00:00	2433.068	2439.293	2426.261	2430.530	18009	0	179
2024.08.02	17:00:00	2430.518	2431.601	2422.932	2427.846	10207	0	179
2024.08.02	18:00:00	2427.787	2433.663	2426.488	2428.986	7036	0	179
2024.08.02	19:00:00	2429.011	2438.237	2425.587	2437.618	7376	0	179
2024.08.02	20:00:00	2437.645	2442.473	2435.539	2441.892	4858	0	179
2024.08.04	22:00:00	2441.020	2446.346	2437.915	2441.390	6719	0	179
2024.08.04	23:00:00	2441.378	2445.751	2439.071	2440.952	6579	0	179
2024.08.05	00:00:00	2440.984	2440.984	2413.767	2422.122	24100	0	179
2024.08.05	01:00:00	2422.091	2441.934	2420.129	2439.429	23634	0	179
2024.08.05	02:00:00	2439.483	2446.165	2433.078	2442.786	11904	0	179
2024.08.05	03:00:00	2442.694	2452.510	2442.687	2450.957	10009	0	179
2024.08.05	04:00:00	2451.022	2458.836	2450.913	2452.722	10448	0	179
2024.08.05	05:00:00	2452.657	2452.657	2432.395	2437.913	17529	0	179
2024.08.05	06:00:00	2437.961	2438.711	2422.064	2428.563	21498	0	179
2024.08.05	07:00:00	2428.538	2445.624	2424.557	2431.980	15288	0	179
2024.08.05	08:00:00	2432.021	2434.439	2423.262	2424.990	12110	0	179
2024.08.05	09:00:00	2425.030	2428.730	2419.124	2424.069	13764	0	179
2024.08.05	10:00:00	2424.185	2425.655	2408.076	2408.584	12543	0	179
2024.08.05	11:00:00	2408.625	2408.625	2383.268	2386.736	22128	0	179
2024.08.05	12:00:00	2386.772	2392.230	2364.267	2374.480	32786	0	179
2024.08.05	13:00:00	2374.512	2396.993	2374.512	2393.320	35833	0	179
2024.08.05	14:00:00	2393.309	2397.515	2386.894	2396.548	25210	0	179
2024.08.05	15:00:00	2396.520	2412.236	2396.468	2402.838	20652	0	179
2024.08.05	16:00:00	2402.767	2408.730	2398.986	2403.063	12849	0	179
2024.08.05	17:00:00	2403.034	2406.630	2400.196	2405.023	10508	0	179
2024.08.05	18:00:00	2405.013	2408.923	2403.700	2404.904	7176	0	179
2024.08.05	19:00:00	2404.941	2413.057	2404.619	2407.679	7747	0	179
2024.08.05	20:00:00	2407.641	2411.608	2405.412	2409.343	5378	0	179
2024.08.05	22:00:00	2410.644	2412.562	2407.909	2408.865	3563	0	179
2024.08.05	23:00:00	2408.933	2410.001	2404.340	2404.837	4966	0	179
2024.08.06	00:00:00	2404.865	2418.307	2404.515	2415.900	10034	0	179
2024.08.06	01:00:00	2415.829	2417.685	2410.714	2412.389	12975	0	179
2024.08.06	02:00:00	2412.360	2413.241	2405.825	2407.428	9159	0	179
2024.08.06	03:00:00	2407.468	2411.080	2406.491	2408.984	6906	0	179
2024.08.06	04:00:00	2409.013	2412.647	2406.335	2408.073	6704	0	179
2024.08.06	05:00:00	2408.070	2411.874	2398.100	2398.771	11718	0	179
2024.08.06	06:00:00	2398.867	2408.290	2394.794	2401.541	15725	0	179
2024.08.06	07:00:00	2401.531	2410.655	2401.451	2409.835	11209	0	179
2024.08.06	08:00:00	2409.935	2415.444	2408.073	2411.060	8695	0	179
2024.08.06	09:00:00	2411.145	2415.553	2410.311	2413.293	7792	0	179
2024.08.06	10:00:00	2413.285	2416.344	2411.540	2412.361	7149	0	179
2024.08.06	11:00:00	2412.333	2415.292	2410.104	2410.955	7903	0	179
2024.08.06	12:00:00	2410.996	2412.207	2391.723	2393.110	15205	0	179
2024.08.06	13:00:00	2393.143	2399.499	2388.773	2395.690	21969	0	179
2024.08.06	14:00:00	2395.604	2403.207	2386.216	2388.371	20897	0	179
2024.08.06	15:00:00	2388.318	2391.170	2381.404	2387.536	17892	0	179
2024.08.06	16:00:00	2387.571	2391.423	2385.539	2389.913	8956	0	179
2024.08.06	17:00:00	2389.862	2393.502	2387.575	2391.899	8528	0	179
2024.08.06	18:00:00	2391.877	2396.014	2391.330	2392.738	5846	0	179
2024.08.06	19:00:00	2392.808	2393.058	2386.377	2387.732	6753	0	179
2024.08.06	20:00:00	2387.759	2389.535	2386.805	2389.141	3915	0	179
2024.08.06	22:00:00	2389.898	2390.487	2387.965	2388.688	3305	0	179
2024.08.06	23:00:00	2388.690	2389.652	2382.755	2383.778	4299	0	179
2024.08.07	00:00:00	2383.723	2387.428	2381.083	2386.538	6897	0	179
2024.08.07	01:00:00	2386.566	2387.569	2378.941	2384.017	15619	0	179
2024.08.07	02:00:00	2383.970	2388.440	2380.882	2384.178	12538	0	179
2024.08.07	03:00:00	2384.219	2387.541	2383.191	2385.948	7036	0	179
2024.08.07	04:00:00	2385.985	2394.686	2385.682	2392.831	5882	0	179
2024.08.07	05:00:00	2392.819	2396.240	2388.631	2391.382	8763	0	179
2024.08.07	06:00:00	2391.422	2397.582	2389.576	2394.786	8266	0	179
2024.08.07	07:00:00	2394.824	2394.901	2387.972	2389.310	7801	0	179
2024.08.07	08:00:00	2389.340	2393.723	2388.251	2393.291	7095	0	179
2024.08.07	09:00:00	2393.308	2396.445	2392.438	2394.338	5931	0	179
2024.08.07	10:00:00	2394.368	2398.152	2393.143	2397.453	5351	0	179
2024.08.07	11:00:00	2397.407	2402.392	2394.201	2401.178	7085	0	179
2024.08.07	12:00:00	2401.195	2407.090	2398.846	2403.846	8774	0	179
2024.08.07	13:00:00	2403.878	2404.895	2396.933	2400.046	11915	0	179
2024.08.07	14:00:00	2399.951	2403.392	2397.903	2399.095	11269	0	179
2024.08.07	15:00:00	2399.125	2401.773	2391.932	2394.452	11692	0	179
2024.08.07	16:00:00	2394.450	2399.748	2392.785	2399.676	6546	0	179
2024.08.07	17:00:00	2399.631	2399.714	2389.415	2389.872	7862	0	179
2024.08.07	18:00:00	2389.825	2391.670	2383.782	2386.146	8276	0	179
2024.08.07	19:00:00	2386.185	2390.521	2385.319	2385.719	5850	0	179
2024.08.07	20:00:00	2385.670	2387.382	2381.690	2382.762	3966	0	179
2024.08.07	22:00:00	2382.322	2384.401	2380.884	2383.656	3523	0	179
2024.08.07	23:00:00	2383.655	2385.933	2382.782	2384.791	4269	0	179
2024.08.08	00:00:00	2384.835	2388.775	2383.268	2385.472	6436	0	179
2024.08.08	01:00:00	2385.435	2391.325	2384.959	2386.830	11219	0	179
2024.08.08	02:00:00	2386.795	2390.846	2386.268	2390.390	6454	0	179
2024.08.08	03:00:00	2390.376	2394.698	2388.622	2394.350	5499	0	179
2024.08.08	04:00:00	2394.316	2396.405	2392.693	2394.354	5579	0	179
2024.08.08	05:00:00	2394.309	2395.520	2392.427	2395.252	6058	0	179
2024.08.08	06:00:00	2395.290	2400.640	2392.657	2397.726	8995	0	179
2024.08.08	07:00:00	2397.686	2400.275	2394.714	2396.736	7178	0	179
2024.08.08	08:00:00	2396.786	2398.077	2392.869	2394.570	5507	0	179
2024.08.08	09:00:00	2394.609	2398.968	2393.814	2396.190	5962	0	179
2024.08.08	10:00:00	2396.200	2406.491	2396.189	2405.115	6770	0	179
2024.08.08	11:00:00	2405.085	2413.632	2404.863	2412.192	9667	0	179
2024.08.08	12:00:00	2412.152	2415.554	2407.028	2408.037	14773	0	179
2024.08.08	13:00:00	2408.073	2415.481	2402.295	2414.156	17147	0	179
2024.08.08	14:00:00	2414.161	2424.365	2409.264	2413.738	20546	0	179
2024.08.08	15:00:00	2413.792	2420.272	2411.810	2418.686	8528	0	179
2024.08.08	16:00:00	2418.645	2423.815	2416.675	2418.062	7104	0	179
2024.08.08	17:00:00	2418.102	2424.942	2415.797	2423.564	7841	0	179
2024.08.08	18:00:00	2423.534	2426.361	2422.282	2423.973	5269	0	179
2024.08.08	19:00:00	2423.970	2424.884	2421.498	2423.532	4939	0	179
2024.08.08	20:00:00	2423.554	2427.679	2422.962	2427.136	3311	0	179
2024.08.08	22:00:00	2426.817	2427.818	2424.550	2425.777	3409	0	179
2024.08.08	23:00:00	2425.809	2426.464	2422.829	2424.593	3340	0	179
2024.08.09	00:00:00	2424.519	2425.352	2422.533	2424.011	4992	0	179
2024.08.09	01:00:00	2423.981	2427.676	2420.102	2427.199	8775	0	179
2024.08.09	02:00:00	2427.208	2429.000	2422.363	2422.548	6581	0	179
2024.08.09	03:00:00	2422.507	2423.394	2419.222	2421.089	5342	0	179
2024.08.09	04:00:00	2421.046	2424.510	2420.183	2423.845	4361	0	180
2024.08.09	05:00:00	2423.833	2423.976	2417.114	2417.171	6662	0	179
2024.08.09	06:00:00	2417.128	2421.782	2416.829	2420.683	6778	0	179
2024.08.09	07:00:00	2420.641	2427.054	2420.326	2423.128	6118	0	179
2024.08.09	08:00:00	2423.183	2426.785	2422.198	2424.491	5828	0	179
2024.08.09	09:00:00	2424.430	2425.554	2422.639	2423.559	5186	0	179
2024.08.09	10:00:00	2423.584	2431.556	2422.993	2430.438	5984	0	179
2024.08.09	11:00:00	2430.438	2432.640	2425.151	2426.761	6791	0	179
2024.08.09	12:00:00	2426.734	2429.886	2423.657	2429.610	8223	0	179
2024.08.09	13:00:00	2429.568	2433.199	2420.955	2426.738	16994	0	179
2024.08.09	14:00:00	2426.617	2435.956	2425.399	2428.686	15641	0	179
2024.08.09	15:00:00	2428.682	2432.614	2426.429	2431.470	9540	0	179
2024.08.09	16:00:00	2431.514	2434.763	2427.527	2434.423	6278	0	179
2024.08.09	17:00:00	2434.414	2437.018	2430.487	2430.564	6433	0	179
2024.08.09	18:00:00	2430.573	2430.918	2427.157	2429.782	5087	0	179
2024.08.09	19:00:00	2429.812	2430.097	2427.380	2429.079	4506	0	179
2024.08.09	20:00:00	2429.118	2431.172	2429.118	2430.805	3053	0	179
2024.08.11	22:00:00	2428.332	2433.234	2427.321	2430.405	3334	0	179
2024.08.11	23:00:00	2430.403	2430.605	2427.246	2427.927	3168	0	179
2024.08.12	00:00:00	2427.928	2429.088	2426.731	2428.507	3510	0	179
2024.08.12	01:00:00	2428.471	2430.288	2424.638	2425.985	5847	0	179
2024.08.12	02:00:00	2425.971	2427.444	2423.825	2426.243	5052	0	179
2024.08.12	03:00:00	2426.199	2429.390	2425.714	2428.572	4132	0	179
2024.08.12	04:00:00	2428.515	2433.522	2428.192	2433.331	3195	0	179
2024.08.12	05:00:00	2433.337	2435.040	2429.108	2434.595	5861	0	179
2024.08.12	06:00:00	2434.655	2437.182	2433.637	2436.762	5803	0	179
2024.08.12	07:00:00	2436.713	2442.819	2435.429	2441.573	5673	0	179
2024.08.12	08:00:00	2441.614	2443.827	2439.576	2442.015	5539	0	179
2024.08.12	09:00:00	2441.983	2445.058	2440.525	2442.622	5495	0	179
2024.08.12	10:00:00	2442.690	2444.694	2441.440	2443.781	4944	0	179
2024.08.12	11:00:00	2443.780	2444.182	2439.647	2441.498	5653	0	179
2024.08.12	12:00:00	2441.506	2445.436	2441.409	2444.334	5996	0	179
2024.08.12	13:00:00	2444.343	2457.489	2442.095	2454.182	12852	0	179
2024.08.12	14:00:00	2454.137	2455.485	2444.500	2453.218	12640	0	169
2024.08.12	15:00:00	2453.259	2460.686	2452.882	2459.735	10419	0	169
2024.08.12	16:00:00	2459.778	2466.152	2458.930	2463.161	7296	0	169
2024.08.12	17:00:00	2463.116	2468.593	2461.763	2467.110	6244	0	169
2024.08.12	18:00:00	2467.150	2470.959	2466.344	2470.315	5418	0	169
2024.08.12	19:00:00	2470.297	2472.187	2469.679	2470.473	4300	0	169
2024.08.12	20:00:00	2470.446	2473.189	2470.407	2472.391	2749	0	169
2024.08.12	22:00:00	2470.850	2474.143	2470.151	2473.664	2845	0	169
2024.08.12	23:00:00	2473.673	2476.033	2472.737	2475.536	3273	0	169
2024.08.13	00:00:00	2475.580	2476.963	2468.462	2472.175	5104	0	169
2024.08.13	01:00:00	2472.132	2473.712	2460.792	2466.357	10766	0	169
2024.08.13	02:00:00	2466.323	2467.726	2461.501	2461.501	5698	0	169
2024.08.13	03:00:00	2461.480	2464.685	2461.353	2463.449	5511	0	169
2024.08.13	04:00:00	2463.513	2465.031	2460.124	2462.015	4190	0	169
2024.08.13	05:00:00	2461.963	2464.338	2458.493	2462.736	6297	0	169
2024.08.13	06:00:00	2462.788	2464.619	2461.144	2463.286	5610	0	169
2024.08.13	07:00:00	2463.252	2466.158	2460.765	2464.260	6117	0	169
2024.08.13	08:00:00	2464.302	2464.371	2458.890	2460.573	5537	0	169
2024.08.13	09:00:00	2460.596	2462.111	2458.834	2460.701	4688	0	169
2024.08.13	10:00:00	2460.693	2463.483	2459.371	2462.197	5216	0	169
2024.08.13	11:00:00	2462.170	2466.607	2461.525	2465.768	6031	0	169
2024.08.13	12:00:00	2465.797	2472.507	2464.282	2467.604	10147	0	169
2024.08.13	13:00:00	2467.573	2475.657	2458.908	2472.879	15480	0	169
2024.08.13	14:00:00	2472.843	2473.241	2464.060	2471.222	11022	0	169
2024.08.13	15:00:00	2471.266	2473.042	2465.971	2468.627	7137	0	169
2024.08.13	16:00:00	2468.600	2471.086	2466.312	2469.438	5904	0	169
2024.08.13	17:00:00	2469.454	2470.304	2465.887	2467.591	5283	0	169
2024.08.13	18:00:00	2467.632	2468.916	2466.337	2467.795	4640	0	169
2024.08.13	19:00:00	2467.748	2468.763	2462.235	2466.912	4798	0	169
2024.08.13	20:00:00	2466.922	2467.835	2464.531	2465.234	2924	0	169
2024.08.13	22:00:00	2466.709	2466.906	2463.904	2465.553	2103	0	169
2024.08.13	23:00:00	2465.559	2465.559	2462.942	2464.060	2706	0	169
2024.08.14	00:00:00	2464.104	2467.410	2463.928	2465.709	4028	0	169
2024.08.14	01:00:00	2465.671	2472.499	2464.588	2465.427	8469	0	169
2024.08.14	02:00:00	2465.397	2465.741	2455.271	2459.861	10325	0	169
2024.08.14	03:00:00	2459.807	2461.557	2458.762	2460.792	5491	0	169
2024.08.14	04:00:00	2460.815	2462.941	2459.776	2461.849	4393	0	169
2024.08.14	05:00:00	2461.813	2462.557	2459.256	2462.052	4770	0	169
2024.08.14	06:00:00	2462.089	2467.732	2460.298	2467.466	7139	0	169
2024.08.14	07:00:00	2467.412	2471.901	2466.292	2470.850	5866	0	169
2024.08.14	08:00:00	2470.822	2478.789	2468.677	2474.443	7581	0	169
2024.08.14	09:00:00	2474.401	2475.386	2470.992	2472.788	5564	0	169
2024.08.14	10:00:00	2472.829	2476.161	2470.472	2474.947	5338	0	169
2024.08.14	11:00:00	2474.873	2475.244	2471.698	2474.696	5313	0	169
2024.08.14	12:00:00	2474.735	2480.064	2462.294	2468.786	19757	0	169
2024.08.14	13:00:00	2468.737	2469.580	2449.324	2457.428	27095	0	169
2024.08.14	14:00:00	2457.401	2458.331	2446.909	2450.267	21191	0	169
2024.08.14	15:00:00	2450.216	2452.178	2441.986	2444.024	12782	0	169
2024.08.14	16:00:00	2443.972	2445.485	2437.995	2444.122	9325	0	169
2024.08.14	17:00:00	2444.104	2445.028	2440.323	2441.554	6443	0	169
2024.08.14	18:00:00	2441.593	2448.009	2440.632	2447.678	5392	0	169
2024.08.14	19:00:00	2447.640	2448.449	2444.307	2447.226	4608	0	169
2024.08.14	20:00:00	2447.126	2448.367	2446.529	2447.929	2596	0	169
2024.08.14	22:00:00	2447.749	2448.593	2446.433	2447.847	2079	0	169
2024.08.14	23:00:00	2447.883	2449.482	2447.148	2449.408	2764	0	169
2024.08.15	00:00:00	2449.396	2454.286	2448.418	2450.156	4976	0	169
2024.08.15	01:00:00	2450.122	2453.527	2448.211	2450.659	9094	0	169
2024.08.15	02:00:00	2450.693	2452.531	2449.756	2451.454	6006	0	169
2024.08.15	03:00:00	2451.463	2454.357	2451.245	2453.680	4057	0	169
2024.08.15	04:00:00	2453.700	2455.485	2452.682	2453.379	3969	0	169
2024.08.15	05:00:00	2453.324	2455.038	2450.280	2453.811	5765	0	169
2024.08.15	06:00:00	2453.865	2458.787	2452.711	2456.045	7781	0	169
2024.08.15	07:00:00	2455.997	2456.634	2454.340	2455.710	5365	0	169
2024.08.15	08:00:00	2455.701	2457.227	2453.537	2455.455	5703	0	169
2024.08.15	09:00:00	2455.475	2457.282	2455.278	2456.734	4364	0	169
2024.08.15	10:00:00	2456.770	2460.291	2456.770	2458.176	4721	0	169
2024.08.15	11:00:00	2458.220	2464.166	2457.863	2463.529	6460	0	169
2024.08.15	12:00:00	2463.581	2470.095	2440.995	2441.089	23366	0	169
2024.08.15	13:00:00	2441.137	2451.551	2432.094	2444.430	31134	0	169
2024.08.15	14:00:00	2444.460	2458.576	2444.460	2452.337	19084	0	169
2024.08.15	15:00:00	2452.308	2459.628	2450.544	2458.320	11148	0	169
2024.08.15	16:00:00	2458.394	2459.907	2455.018	2455.694	6663	0	169
2024.08.15	17:00:00	2455.741	2456.512	2453.400	2455.433	6219	0	169
2024.08.15	18:00:00	2455.434	2458.318	2454.835	2458.224	4831	0	169
2024.08.15	19:00:00	2458.219	2461.621	2454.059	2455.566	5141	0	169
2024.08.15	20:00:00	2455.520	2457.490	2454.672	2456.457	3098	0	169
2024.08.15	22:00:00	2455.960	2456.211	2454.579	2454.922	1665	0	169
2024.08.15	23:00:00	2454.883	2458.255	2454.397	2457.302	3065	0	169
2024.08.16	00:00:00	2457.311	2459.777	2456.883	2458.375	3622	0	169
2024.08.16	01:00:00	2458.365	2460.028	2455.676	2457.382	6504	0	169
2024.08.16	02:00:00	2457.310	2457.699	2453.562	2454.944	5682	0	169
2024.08.16	03:00:00	2454.963	2455.697	2450.694	2452.397	5383	0	169
2024.08.16	04:00:00	2452.435	2453.736	2451.921	2452.746	3223	0	169
2024.08.16	05:00:00	2452.744	2456.307	2452.579	2455.681	4686	0	169
2024.08.16	06:00:00	2455.694	2457.817	2454.625	2454.995	5602	0	169
2024.08.16	07:00:00	2455.025	2464.489	2451.070	2461.969	6881	0	169
2024.08.16	08:00:00	2462.047	2464.020	2459.093	2462.295	5608	0	169
2024.08.16	09:00:00	2462.299	2464.325	2461.156	2463.275	4677	0	169
2024.08.16	10:00:00	2463.314	2468.154	2462.785	2464.639	5710	0	169
2024.08.16	11:00:00	2464.609	2472.296	2464.609	2472.113	6996	0	169
2024.08.16	12:00:00	2472.074	2492.413	2471.251	2491.591	12934	0	169
2024.08.16	13:00:00	2491.637	2500.520	2483.610	2494.759	21302	0	169
2024.08.16	14:00:00	2494.757	2495.084	2477.462	2487.223	21339	0	169
2024.08.16	15:00:00	2487.260	2492.333	2485.622	2491.691	8779	0	169
2024.08.16	16:00:00	2491.766	2497.850	2491.651	2495.903	7781	0	169
2024.08.16	17:00:00	2495.811	2500.163	2493.097	2499.698	6533	0	169
2024.08.16	18:00:00	2499.707	2505.562	2498.403	2503.303	6026	0	169
2024.08.16	19:00:00	2503.351	2509.027	2501.705	2507.862	5782	0	169
2024.08.16	20:00:00	2507.916	2509.783	2505.539	2507.820	4268	0	169
2024.08.18	22:00:00	2506.461	2506.573	2502.271	2504.831	4980	0	179
2024.08.18	23:00:00	2504.906	2506.778	2503.411	2506.450	2410	0	179
2024.08.19	00:00:00	2506.438	2506.771	2500.329	2502.059	5408	0	179
2024.08.19	01:00:00	2502.106	2506.020	2494.912	2498.174	13062	0	179
2024.08.19	02:00:00	2498.117	2504.010	2496.155	2503.472	6828	0	179
2024.08.19	03:00:00	2503.431	2505.829	2500.537	2503.220	6475	0	179
2024.08.19	04:00:00	2503.214	2504.737	2498.807	2500.708	4971	0	179
2024.08.19	05:00:00	2500.659	2502.478	2499.082	2501.088	6235	0	179
2024.08.19	06:00:00	2501.103	2505.181	2499.612	2502.155	6950	0	179
2024.08.19	07:00:00	2502.199	2504.933	2499.736	2502.992	6325	0	179
2024.08.19	08:00:00	2502.945	2507.185	2502.327	2503.044	5631	0	179
2024.08.19	09:00:00	2503.029	2504.011	2499.725	2499.947	4707	0	179
2024.08.19	10:00:00	2499.899	2500.084	2489.395	2489.793	6858	0	179
2024.08.19	11:00:00	2489.781	2495.167	2486.483	2494.410	7378	0	179
2024.08.19	12:00:00	2494.415	2495.507	2488.689	2491.087	7292	0	179
2024.08.19	13:00:00	2491.125	2495.820	2485.615	2494.651	14112	0	179
2024.08.19	14:00:00	2494.618	2504.804	2493.842	2501.286	12154	0	179
2024.08.19	15:00:00	2501.335	2505.931	2499.904	2503.934	8087	0	179
2024.08.19	16:00:00	2503.898	2507.482	2501.912	2505.475	6673	0	179
2024.08.19	17:00:00	2505.482	2505.875	2500.634	2503.153	5790	0	179
2024.08.19	18:00:00	2503.145	2504.827	2502.372	2504.230	4208	0	179
2024.08.19	19:00:00	2504.189	2505.899	2503.001	2505.403	3815	0	179
2024.08.19	20:00:00	2505.442	2505.624	2503.376	2504.052	2183	0	179
2024.08.19	22:00:00	2503.234	2504.572	2502.044	2504.272	1957	0	179
2024.08.19	23:00:00	2504.263	2504.308	2502.398	2503.544	2260	0	180
2024.08.20	00:00:00	2503.554	2506.908	2503.375	2504.976	4089	0	179
2024.08.20	01:00:00	2504.934	2508.289	2501.217	2502.000	7501	0	179
2024.08.20	02:00:00	2501.985	2502.302	2498.632	2499.710	6385	0	179
2024.08.20	03:00:00	2499.662	2502.466	2499.074	2501.731	4185	0	179
2024.08.20	04:00:00	2501.789	2502.810	2499.527	2500.853	3253	0	179
2024.08.20	05:00:00	2500.896	2503.709	2499.374	2499.442	4656	0	179
2024.08.20	06:00:00	2499.400	2505.846	2497.256	2502.382	6881	0	179
2024.08.20	07:00:00	2502.339	2515.223	2501.112	2514.878	7295	0	179
2024.08.20	08:00:00	2514.905	2523.123	2514.293	2519.748	10957	0	179
2024.08.20	09:00:00	2519.810	2525.197	2519.748	2521.747	7063	0	179
2024.08.20	10:00:00	2521.703	2524.503	2521.101	2522.809	5398	0	179
2024.08.20	11:00:00	2522.769	2527.171	2522.131	2526.224	5798	0	179
2024.08.20	12:00:00	2526.267	2529.150	2521.654	2526.759	9300	0	179
2024.08.20	13:00:00	2526.725	2531.668	2519.829	2529.864	15591	0	179
2024.08.20	14:00:00	2529.909	2530.261	2520.396	2523.870	15167	0	179
2024.08.20	15:00:00	2523.823	2524.018	2505.759	2508.518	16675	0	179
2024.08.20	16:00:00	2508.549	2510.601	2500.829	2509.002	10619	0	179
2024.08.20	17:00:00	2509.037	2513.239	2506.704	2510.525	6360	0	179
2024.08.20	18:00:00	2510.495	2515.521	2509.241	2513.334	4782	0	179
2024.08.20	19:00:00	2513.328	2515.292	2510.844	2514.951	4263	0	179
2024.08.20	20:00:00	2514.994	2516.937	2513.802	2513.981	2397	0	179
2024.08.20	22:00:00	2513.347	2515.721	2513.296	2514.691	1945	0	180
2024.08.20	23:00:00	2514.761	2516.121	2512.753	2512.964	2728	0	179
2024.08.21	00:00:00	2512.976	2515.954	2512.453	2513.510	4070	0	179
2024.08.21	01:00:00	2513.528	2517.129	2510.761	2516.915	7695	0	179
2024.08.21	02:00:00	2516.920	2519.942	2515.914	2519.335	6011	0	179
2024.08.21	03:00:00	2519.340	2519.380	2512.991	2517.386	5009	0	179
2024.08.21	04:00:00	2517.433	2517.688	2513.809	2516.132	4127	0	179
2024.08.21	05:00:00	2516.139	2518.460	2514.863	2515.191	4554	0	179
2024.08.21	06:00:00	2515.225	2519.598	2511.692	2514.519	6720	0	179
2024.08.21	07:00:00	2514.447	2516.952	2508.091	2509.751	6968	0	179
2024.08.21	08:00:00	2509.723	2512.362	2506.718	2507.271	5754	0	179
2024.08.21	09:00:00	2507.231	2509.222	2504.467	2505.652	5453	0	179
2024.08.21	10:00:00	2505.614	2509.722	2504.418	2509.302	5270	0	179
2024.08.21	11:00:00	2509.344	2513.321	2506.838	2511.823	5378	0	179
2024.08.21	12:00:00	2511.781	2513.733	2507.067	2510.488	8082	0	179
2024.08.21	13:00:00	2510.528	2512.916	2497.895	2503.001	13764	0	179
2024.08.21	14:00:00	2502.952	2506.703	2493.669	2501.527	26346	0	179
2024.08.21	15:00:00	2501.566	2511.059	2501.345	2508.422	9737	0	179
2024.08.21	16:00:00	2508.381	2508.887	2503.054	2507.063	6694	0	179
2024.08.21	17:00:00	2507.097	2511.403	2506.843	2509.433	5569	0	179
2024.08.21	18:00:00	2509.398	2519.167	2509.398	2515.883	7416	0	179
2024.08.21	19:00:00	2515.901	2516.402	2510.915	2511.559	5502	0	179
2024.08.21	20:00:00	2511.513	2512.455	2509.742	2512.061	3164	0	179
2024.08.21	22:00:00	2511.984	2513.968	2511.409	2513.869	2068	0	180
2024.08.21	23:00:00	2513.887	2514.424	2512.248	2512.783	2106	0	179
2024.08.22	00:00:00	2512.732	2514.701	2511.141	2513.696	3940	0	179
2024.08.22	01:00:00	2513.689	2514.072	2507.032	2507.645	6665	0	179
2024.08.22	02:00:00	2507.664	2508.673	2499.852	2502.263	7127	0	179
2024.08.22	03:00:00	2502.345	2504.687	2501.084	2502.329	5704	0	179
2024.08.22	04:00:00	2502.344	2502.389	2499.184	2501.922	3839	0	179
2024.08.22	05:00:00	2501.879	2506.273	2500.589	2505.495	5405	0	179
2024.08.22	06:00:00	2505.511	2510.580	2503.501	2507.538	7672	0	179
2024.08.22	07:00:00	2507.497	2509.799	2504.346	2507.102	6667	0	179
2024.08.22	08:00:00	2507.104	2507.494	2502.416	2503.600	6087	0	179
2024.08.22	09:00:00	2503.578	2508.022	2501.078	2507.223	6137	0	179
2024.08.22	10:00:00	2507.267	2509.122	2505.186	2505.320	4759	0	179
2024.08.22	11:00:00	2505.277	2506.002	2498.053	2499.444	6925	0	179
2024.08.22	12:00:00	2499.489	2504.208	2495.186	2500.661	10674	0	179
2024.08.22	13:00:00	2500.618	2501.505	2482.982	2487.915	17795	0	179
2024.08.22	14:00:00	2487.887	2487.887	2470.801	2480.020	19521	0	179
2024.08.22	15:00:00	2480.011	2484.186	2474.958	2481.794	10591	0	179
2024.08.22	16:00:00	2481.842	2485.965	2481.286	2484.204	7383	0	179
2024.08.22	17:00:00	2484.182	2484.423	2479.563	2482.207	6354	0	179
2024.08.22	18:00:00	2482.253	2484.789	2480.345	2482.296	5434	0	179
2024.08.22	19:00:00	2482.249	2483.444	2478.520	2482.983	4692	0	179
2024.08.22	20:00:00	2483.021	2484.853	2482.369	2484.319	3236	0	179
2024.08.22	22:00:00	2484.521	2485.594	2484.370	2485.164	1548	0	180
2024.08.22	23:00:00	2485.151	2487.596	2484.858	2487.564	1904	0	180
2024.08.23	00:00:00	2487.574	2492.189	2486.435	2489.960	4725	0	179
2024.08.23	01:00:00	2489.945	2491.501	2487.835	2490.801	7506	0	179
2024.08.23	02:00:00	2490.841	2491.588	2486.675	2489.933	5642	0	179
2024.08.23	03:00:00	2489.885	2493.753	2489.448	2493.166	5133	0	179
2024.08.23	04:00:00	2493.153	2494.534	2492.554	2493.313	3761	0	179
2024.08.23	05:00:00	2493.333	2495.765	2491.104	2491.800	5026	0	179
2024.08.23	06:00:00	2491.780	2494.638	2490.567	2492.902	5565	0	179
2024.08.23	07:00:00	2492.964	2494.072	2491.640	2493.384	6049	0	179
2024.08.23	08:00:00	2493.338	2499.915	2492.991	2498.910	5569	0	179
2024.08.23	09:00:00	2498.911	2501.873	2496.887	2498.976	5509	0	179
2024.08.23	10:00:00	2498.931	2499.327	2495.597	2499.009	5051	0	179
2024.08.23	11:00:00	2498.959	2502.499	2497.388	2501.571	5148	0	179
2024.08.23	12:00:00	2501.557	2502.379	2498.358	2501.332	6824	0	179
2024.08.23	13:00:00	2501.299	2503.903	2494.453	2498.532	10738	0	179
2024.08.23	14:00:00	2498.544	2517.842	2497.803	2509.138	31650	0	179
2024.08.23	15:00:00	2509.165	2518.350	2507.910	2509.845	14186	0	179
2024.08.23	16:00:00	2509.884	2510.510	2501.675	2510.244	10313	0	179
2024.08.23	17:00:00	2510.317	2513.242	2509.490	2510.918	6936	0	179
2024.08.23	18:00:00	2510.908	2511.870	2508.980	2509.826	4757	0	179
2024.08.23	19:00:00	2509.794	2512.802	2507.817	2510.772	4815	0	179
2024.08.23	20:00:00	2510.745	2512.463	2509.532	2512.357	3096	0	179
2024.08.25	22:00:00	2512.067	2514.663	2511.076	2512.954	3083	0	159
2024.08.25	23:00:00	2512.978	2516.683	2512.921	2515.917	4341	0	159
2024.08.26	00:00:00	2515.903	2516.996	2512.467	2513.729	5513	0	159
2024.08.26	01:00:00	2513.720	2515.503	2510.545	2513.344	8658	0	159
2024.08.26	02:00:00	2513.377	2515.339	2511.746	2511.955	5102	0	159
2024.08.26	03:00:00	2511.949	2512.967	2509.330	2509.769	4591	0	159
2024.08.26	04:00:00	2509.739	2510.842	2508.869	2509.638	3964	0	159
2024.08.26	05:00:00	2509.615	2511.253	2508.646	2510.593	4846	0	159
2024.08.26	06:00:00	2510.571	2515.392	2509.802	2515.117	6612	0	159
2024.08.26	07:00:00	2515.072	2521.820	2514.169	2521.408	7984	0	159
2024.08.26	08:00:00	2521.412	2525.782	2520.702	2524.190	6498	0	159
2024.08.26	09:00:00	2524.235	2525.563	2523.345	2524.979	5286	0	159
2024.08.26	10:00:00	2524.992	2526.627	2522.517	2524.926	5653	0	159
2024.08.26	11:00:00	2524.893	2526.906	2520.856	2526.533	6812	0	159
2024.08.26	12:00:00	2526.472	2527.009	2522.573	2523.841	9338	0	159
2024.08.26	13:00:00	2523.801	2526.498	2515.435	2515.892	15128	0	159
2024.08.26	14:00:00	2515.918	2519.018	2510.630	2516.913	13622	0	159
2024.08.26	15:00:00	2516.871	2517.455	2511.389	2515.788	9487	0	159
2024.08.26	16:00:00	2515.834	2520.498	2513.518	2520.209	6406	0	159
2024.08.26	17:00:00	2520.161	2523.391	2516.454	2518.040	6347	0	159
2024.08.26	18:00:00	2518.037	2519.496	2515.489	2516.931	4537	0	159
2024.08.26	19:00:00	2516.886	2520.967	2516.795	2518.169	4470	0	159
2024.08.26	20:00:00	2518.202	2519.095	2517.424	2518.229	2381	0	160
2024.08.26	22:00:00	2517.940	2518.051	2517.020	2517.303	1585	0	160
2024.08.26	23:00:00	2517.321	2517.688	2515.406	2515.511	2006	0	160
2024.08.27	00:00:00	2515.512	2516.709	2512.895	2513.229	4021	0	159
2024.08.27	01:00:00	2513.191	2514.097	2508.290	2509.763	7585	0	159
2024.08.27	02:00:00	2509.765	2510.351	2505.816	2508.785	6316	0	159
2024.08.27	03:00:00	2508.748	2509.156	2505.820	2508.973	4440	0	159
2024.08.27	04:00:00	2509.008	2509.499	2506.177	2507.303	3783	0	159
2024.08.27	05:00:00	2507.313	2513.756	2506.618	2513.497	6134	0	159
2024.08.27	06:00:00	2513.539	2517.498	2512.778	2514.850	7554	0	159
2024.08.27	07:00:00	2514.898	2517.561	2504.575	2504.988	8630	0	159
2024.08.27	08:00:00	2504.885	2512.490	2503.510	2511.059	7303	0	159
2024.08.27	09:00:00	2511.024	2513.745	2508.036	2508.943	6852	0	159
2024.08.27	10:00:00	2508.917	2510.525	2506.851	2508.992	6529	0	159
2024.08.27	11:00:00	2509.029	2512.428	2508.589	2511.479	5738	0	159
2024.08.27	12:00:00	2511.444	2514.377	2507.698	2509.915	8293	0	159
2024.08.27	13:00:00	2509.875	2515.102	2503.436	2512.410	15013	0	159
2024.08.27	14:00:00	2512.290	2518.109	2507.741	2514.739	15271	0	159
2024.08.27	15:00:00	2514.801	2520.316	2511.516	2512.134	9887	0	159
2024.08.27	16:00:00	2512.107	2514.500	2509.814	2514.343	6415	0	159
2024.08.27	17:00:00	2514.377	2521.725	2514.071	2520.038	6693	0	159
2024.08.27	18:00:00	2520.014	2525.938	2519.875	2524.426	5619	0	159
2024.08.27	19:00:00	2524.461	2525.729	2523.005	2525.097	4430	0	159
2024.08.27	20:00:00	2525.062	2525.956	2523.780	2524.577	2895	0	159
2024.08.27	22:00:00	2524.984	2526.023	2524.728	2525.623	1953	0	159
2024.08.27	23:00:00	2525.662	2529.062	2524.123	2525.269	3569	0	159
2024.08.28	00:00:00	2525.223	2525.813	2523.878	2524.371	3638	0	159
2024.08.28	01:00:00	2524.377	2524.377	2516.802	2517.081	7399	0	159
2024.08.28	02:00:00	2517.095	2518.510	2513.366	2516.332	6081	0	159
2024.08.28	03:00:00	2516.310	2517.116	2513.171	2515.865	4411	0	159
2024.08.28	04:00:00	2515.824	2516.138	2510.193	2511.538	4553	0	159
2024.08.28	05:00:00	2511.572	2511.742	2505.447	2505.705	7615	0	159
2024.08.28	06:00:00	2505.674	2508.893	2503.219	2508.452	8562	0	159
2024.08.28	07:00:00	2508.490	2511.304	2507.510	2509.984	7561	0	159
2024.08.28	08:00:00	2509.942	2509.942	2505.957	2508.111	6077	0	159
2024.08.28	09:00:00	2508.072	2511.432	2507.663	2510.115	5082	0	159
2024.08.28	10:00:00	2510.154	2510.477	2502.539	2505.368	5850	0	159
2024.08.28	11:00:00	2505.346	2505.469	2500.690	2501.485	6976	0	159
2024.08.28	12:00:00	2501.445	2501.675	2493.526	2500.567	11349	0	159
2024.08.28	13:00:00	2500.557	2510.712	2499.313	2506.588	15189	0	159
2024.08.28	14:00:00	2506.551	2509.116	2503.957	2507.518	11234	0	159
2024.08.28	15:00:00	2507.560	2510.253	2504.988	2506.141	8479	0	159
2024.08.28	16:00:00	2506.182	2506.503	2496.385	2501.892	7699	0	159
2024.08.28	17:00:00	2501.891	2506.372	2500.479	2505.332	6575	0	159
2024.08.28	18:00:00	2505.377	2508.238	2503.577	2507.934	4986	0	159
2024.08.28	19:00:00	2507.960	2509.613	2506.759	2507.607	4807	0	159
2024.08.28	20:00:00	2507.643	2508.595	2502.760	2504.362	3855	0	159
2024.08.28	22:00:00	2505.235	2508.703	2504.915	2507.142	3470	0	159
2024.08.28	23:00:00	2507.107	2508.218	2506.383	2508.110	2578	0	160
2024.08.29	00:00:00	2508.080	2515.335	2507.963	2512.321	5575	0	159
2024.08.29	01:00:00	2512.357	2514.688	2511.676	2513.184	6366	0	159
2024.08.29	02:00:00	2513.187	2515.203	2511.644	2512.842	4949	0	159
2024.08.29	03:00:00	2512.812	2516.771	2512.345	2516.543	4323	0	159
2024.08.29	04:00:00	2516.591	2518.213	2515.501	2515.891	4342	0	160
2024.08.29	05:00:00	2515.855	2519.930	2513.806	2518.728	5343	0	159
2024.08.29	06:00:00	2518.695	2521.164	2516.292	2516.875	6420	0	159
2024.08.29	07:00:00	2516.909	2519.147	2515.160	2519.091	5841	0	159
2024.08.29	08:00:00	2519.125	2520.175	2515.043	2517.153	7985	0	159
2024.08.29	09:00:00	2517.193	2524.378	2515.917	2522.935	6089	0	159
2024.08.29	10:00:00	2522.965	2524.446	2520.778	2523.082	6258	0	159
2024.08.29	11:00:00	2523.117	2523.358	2519.046	2519.883	5777	0	159
2024.08.29	12:00:00	2519.874	2520.125	2503.558	2509.156	15231	0	159
2024.08.29	13:00:00	2509.187	2519.190	2508.136	2516.813	16791	0	159
2024.08.29	14:00:00	2516.861	2522.317	2514.384	2522.092	14239	0	159
2024.08.29	15:00:00	2522.135	2525.670	2518.561	2522.535	8392	0	159
2024.08.29	16:00:00	2522.507	2526.779	2517.418	2525.217	6763	0	159
2024.08.29	17:00:00	2525.261	2528.669	2523.476	2525.758	6382	0	159
2024.08.29	18:00:00	2525.800	2526.418	2521.013	2523.058	6368	0	159
2024.08.29	19:00:00	2523.048	2524.869	2520.851	2521.166	5111	0	159
2024.08.29	20:00:00	2521.213	2522.313	2520.636	2521.459	2716	0	159
2024.08.29	22:00:00	2520.922	2521.833	2520.423	2520.975	1672	0	159
2024.08.29	23:00:00	2520.988	2520.988	2518.893	2519.613	2300	0	159
2024.08.30	00:00:00	2519.600	2519.687	2516.704	2517.726	4027	0	159
2024.08.30	01:00:00	2517.738	2520.108	2514.425	2516.107	7022	0	159
2024.08.30	02:00:00	2516.019	2517.908	2514.131	2516.055	5505	0	159
2024.08.30	03:00:00	2516.022	2517.000	2512.292	2513.554	4495	0	159
2024.08.30	04:00:00	2513.533	2514.595	2512.166	2513.410	3968	0	159
2024.08.30	05:00:00	2513.402	2516.283	2512.453	2513.810	5412	0	159
2024.08.30	06:00:00	2513.805	2524.066	2513.107	2517.768	9774	0	159
2024.08.30	07:00:00	2517.743	2521.379	2517.512	2519.369	6165	0	159
2024.08.30	08:00:00	2519.356	2526.746	2518.863	2522.944	6126	0	159
2024.08.30	09:00:00	2522.967	2526.914	2522.656	2524.218	5402	0	159
2024.08.30	10:00:00	2524.192	2524.811	2514.987	2515.372	6434	0	159
2024.08.30	11:00:00	2515.326	2521.635	2514.999	2519.523	5902	0	159
2024.08.30	12:00:00	2519.485	2524.760	2516.311	2519.591	13306	0	159
2024.08.30	13:00:00	2519.567	2519.844	2512.831	2515.457	17175	0	159
2024.08.30	14:00:00	2515.485	2518.421	2506.361	2509.161	18729	0	159
2024.08.30	15:00:00	2509.122	2509.626	2500.233	2502.501	14588	0	159
2024.08.30	16:00:00	2502.465	2506.045	2496.532	2497.728	9973	0	159
2024.08.30	17:00:00	2497.695	2500.435	2494.086	2499.493	9238	0	159
2024.08.30	18:00:00	2499.530	2504.750	2499.378	2502.343	5976	0	159
2024.08.30	19:00:00	2502.346	2504.015	2498.248	2502.343	5829	0	159
2024.08.30	20:00:00	2502.304	2503.578	2501.849	2503.342	3448	0	159
2024.09.01	22:00:00	2502.485	2504.755	2502.382	2503.468	2059	0	159
2024.09.01	23:00:00	2503.469	2503.697	2501.942	2502.980	3390	0	159
2024.09.02	00:00:00	2502.983	2504.980	2501.138	2501.574	3547	0	159
2024.09.02	01:00:00	2501.589	2504.690	2496.642	2498.011	8449	0	159
2024.09.02	02:00:00	2498.018	2498.269	2489.977	2491.966	8975	0	159
2024.09.02	03:00:00	2491.977	2496.358	2491.400	2496.228	4674	0	159
2024.09.02	04:00:00	2496.208	2499.532	2496.133	2496.858	3896	0	159
2024.09.02	05:00:00	2496.899	2498.508	2495.190	2496.479	5121	0	159
2024.09.02	06:00:00	2496.448	2501.457	2495.859	2497.569	6973	0	159
2024.09.02	07:00:00	2497.528	2499.536	2496.150	2498.157	5598	0	159
2024.09.02	08:00:00	2498.203	2507.334	2497.250	2506.240	6668	0	159
2024.09.02	09:00:00	2506.215	2506.594	2498.190	2498.888	6108	0	159
2024.09.02	10:00:00	2498.851	2502.055	2498.095	2499.231	4838	0	159
2024.09.02	11:00:00	2499.229	2500.219	2497.082	2499.814	5064	0	159
2024.09.02	12:00:00	2499.774	2503.231	2498.733	2501.265	5197	0	159
2024.09.02	13:00:00	2501.305	2502.251	2498.530	2499.940	7154	0	159
2024.09.02	14:00:00	2499.920	2502.442	2497.672	2501.951	5968	0	159
2024.09.02	15:00:00	2501.955	2502.402	2499.842	2501.485	4291	0	159
2024.09.02	16:00:00	2501.490	2501.902	2498.616	2500.527	2847	0	159
2024.09.02	17:00:00	2500.483	2501.345	2499.768	2500.085	1222	0	159
2024.09.02	22:00:00	2499.525	2499.708	2497.472	2497.743	1578	0	159
2024.09.02	23:00:00	2497.773	2498.509	2496.476	2497.242	2254	0	160
2024.09.03	00:00:00	2497.247	2497.701	2494.954	2495.778	4034	0	159
2024.09.03	01:00:00	2495.733	2495.848	2489.707	2493.699	8573	0	159
2024.09.03	02:00:00	2493.725	2496.394	2492.432	2495.260	6710	0	159
2024.09.03	03:00:00	2495.222	2495.833	2493.039	2494.717	5198	0	159
2024.09.03	04:00:00	2494.789	2496.950	2493.890	2495.930	3806	0	159
2024.09.03	05:00:00	2495.940	2495.967	2492.733	2494.975	5261	0	159
2024.09.03	06:00:00	2495.012	2498.851	2492.818	2497.822	7101	0	159
2024.09.03	07:00:00	2497.784	2502.051	2496.584	2500.843	6948	0	159
2024.09.03	08:00:00	2500.809	2506.247	2500.567	2503.895	6825	0	159
2024.09.03	09:00:00	2503.937	2505.001	2500.861	2500.917	5758	0	159
2024.09.03	10:00:00	2500.950	2501.038	2492.593	2497.266	7901	0	159
2024.09.03	11:00:00	2497.225	2501.556	2484.618	2489.683	11004	0	159
2024.09.03	12:00:00	2489.626	2502.228	2487.016	2493.269	19068	0	159
2024.09.03	13:00:00	2493.228	2497.657	2475.464	2480.061	25104	0	159
2024.09.03	14:00:00	2479.973	2485.625	2473.282	2478.270	25389	0	159
2024.09.03	15:00:00	2478.224	2489.497	2477.167	2488.353	11255	0	159
2024.09.03	16:00:00	2488.330	2488.993	2483.879	2486.034	6971	0	159
2024.09.03	17:00:00	2486.007	2491.985	2485.480	2489.490	6118	0	159
2024.09.03	18:00:00	2489.484	2490.038	2487.058	2489.304	4738	0	159
2024.09.03	19:00:00	2489.270	2494.398	2488.951	2492.015	4765	0	159
2024.09.03	20:00:00	2491.965	2492.961	2491.318	2492.781	2489	0	159
2024.09.03	22:00:00	2492.767	2494.419	2492.043	2493.106	2421	0	159
2024.09.03	23:00:00	2493.117	2494.764	2492.316	2493.223	2876	0	159
2024.09.04	00:00:00	2493.200	2495.001	2492.166	2492.422	5011	0	159
2024.09.04	01:00:00	2492.377	2494.508	2491.284	2493.346	6529	0	159
2024.09.04	02:00:00	2493.312	2496.950	2492.439	2495.291	5298	0	159
2024.09.04	03:00:00	2495.255	2496.501	2493.508	2495.016	3882	0	159
2024.09.04	04:00:00	2495.058	2496.733	2494.464	2495.866	3011	0	159
2024.09.04	05:00:00	2495.864	2496.553	2492.781	2493.142	4791	0	159
2024.09.04	06:00:00	2493.119	2493.430	2483.714	2484.311	8459	0	159
2024.09.04	07:00:00	2484.267	2488.217	2481.921	2482.177	8106	0	159
2024.09.04	08:00:00	2482.172	2483.315	2472.504	2473.340	8565	0	159
2024.09.04	09:00:00	2473.367	2483.296	2471.868	2481.590	9527	0	159
2024.09.04	10:00:00	2481.603	2489.985	2481.078	2488.978	7587	0	159
2024.09.04	11:00:00	2488.980	2491.259	2486.744	2489.177	7506	0	159
2024.09.04	12:00:00	2489.140	2491.160	2485.422	2486.513	10797	0	159
2024.09.04	13:00:00	2486.523	2490.041	2482.056	2485.782	14209	0	159
2024.09.04	14:00:00	2485.705	2500.329	2485.052	2496.228	24069	0	159
2024.09.04	15:00:00	2496.209	2498.307	2492.836	2493.984	10698	0	159
2024.09.04	16:00:00	2493.958	2498.023	2493.151	2496.688	6248	0	159
2024.09.04	17:00:00	2496.659	2497.395	2493.470	2493.929	5001	0	159
2024.09.04	18:00:00	2493.964	2495.541	2492.316	2494.658	4977	0	159
2024.09.04	19:00:00	2494.698	2494.818	2491.432	2493.424	4440	0	159
2024.09.04	20:00:00	2493.370	2496.951	2492.832	2495.811	2693	0	160
2024.09.04	22:00:00	2495.236	2495.678	2494.374	2495.352	1723	0	160
2024.09.04	23:00:00	2495.352	2496.900	2495.046	2495.829	2704	0	159
2024.09.05	00:00:00	2495.827	2496.540	2494.498	2495.164	3764	0	159
2024.09.05	01:00:00	2495.160	2499.335	2494.491	2496.376	6798	0	159
2024.09.05	02:00:00	2496.404	2498.971	2496.183	2498.094	4279	0	159
2024.09.05	03:00:00	2498.039	2498.665	2494.633	2494.868	4227	0	159
2024.09.05	04:00:00	2494.835	2495.106	2493.759	2494.212	3262	0	159
2024.09.05	05:00:00	2494.174	2502.357	2493.914	2501.914	5278	0	159
2024.09.05	06:00:00	2501.878	2506.888	2500.747	2504.468	8221	0	159
2024.09.05	07:00:00	2504.419	2507.623	2502.918	2506.370	6223	0	159
2024.09.05	08:00:00	2506.408	2516.679	2505.906	2514.682	9529	0	159
2024.09.05	09:00:00	2514.717	2517.307	2514.717	2515.543	6645	0	159
2024.09.05	10:00:00	2515.564	2516.922	2513.333	2516.357	5729	0	159
2024.09.05	11:00:00	2516.445	2518.375	2513.636	2515.200	7481	0	159
2024.09.05	12:00:00	2515.247	2523.574	2514.119	2517.758	16945	0	159
2024.09.05	13:00:00	2517.796	2519.426	2512.409	2514.912	17352	0	159
2024.09.05	14:00:00	2514.857	2520.603	2507.599	2508.756	22122	0	159
2024.09.05	15:00:00	2508.720	2510.966	2503.797	2507.154	12118	0	159
2024.09.05	16:00:00	2507.179	2511.610	2506.065	2510.397	7312	0	159
2024.09.05	17:00:00	2510.369	2515.468	2509.255	2515.079	6231	0	159
2024.09.05	18:00:00	2515.114	2516.854	2514.733	2515.622	4446	0	159
2024.09.05	19:00:00	2515.644	2516.091	2513.604	2514.814	4266	0	159
2024.09.05	20:00:00	2514.857	2516.953	2514.802	2516.452	2215	0	159
2024.09.05	22:00:00	2517.047	2517.047	2515.675	2516.187	1756	0	159
2024.09.05	23:00:00	2516.147	2518.007	2516.147	2517.282	2618	0	159
2024.09.06	00:00:00	2517.277	2517.652	2515.520	2515.950	3616	0	159
2024.09.06	01:00:00	2515.954	2516.642	2513.454	2513.859	5904	0	159
2024.09.06	02:00:00	2513.825	2518.018	2513.053	2517.698	5426	0	159
2024.09.06	03:00:00	2517.690	2518.474	2516.868	2518.248	3902	0	159
2024.09.06	04:00:00	2518.257	2519.561	2517.694	2518.395	3585	0	159
2024.09.06	05:00:00	2518.384	2521.865	2518.384	2520.137	5049	0	159
2024.09.06	06:00:00	2520.090	2521.402	2516.610	2519.178	6593	0	159
2024.09.06	07:00:00	2519.134	2519.911	2516.278	2516.553	6244	0	159
2024.09.06	08:00:00	2516.516	2518.223	2515.453	2517.746	5248	0	159
2024.09.06	09:00:00	2517.819	2519.910	2516.356	2519.161	4636	0	159
2024.09.06	10:00:00	2519.179	2519.864	2517.150	2518.903	5068	0	159
2024.09.06	11:00:00	2518.933	2520.364	2514.671	2516.254	5993	0	159
2024.09.06	12:00:00	2516.302	2529.208	2507.445	2522.221	25117	0	159
2024.09.06	13:00:00	2522.247	2523.020	2502.173	2509.375	32032	0	159
2024.09.06	14:00:00	2509.418	2515.607	2500.418	2506.776	27253	0	159
2024.09.06	15:00:00	2506.809	2518.517	2503.653	2505.418	31635	0	159
2024.09.06	16:00:00	2505.397	2505.882	2485.004	2488.936	23758	0	159
2024.09.06	17:00:00	2488.899	2496.985	2485.878	2495.576	13234	0	159
2024.09.06	18:00:00	2495.599	2496.842	2492.047	2494.507	9024	0	159
2024.09.06	19:00:00	2494.532	2496.800	2490.707	2495.978	8094	0	159
2024.09.06	20:00:00	2495.939	2497.827	2494.735	2497.523	3866	0	160
2024.09.08	22:00:00	2497.037	2498.007	2496.169	2497.871	2488	0	159
2024.09.08	23:00:00	2497.897	2498.277	2495.500	2496.869	3662	0	159
2024.09.09	00:00:00	2496.871	2498.279	2495.663	2496.020	4852	0	159
2024.09.09	01:00:00	2495.994	2498.666	2494.721	2497.765	9797	0	159
2024.09.09	02:00:00	2497.802	2499.100	2496.970	2497.174	6328	0	159
2024.09.09	03:00:00	2497.136	2500.508	2496.727	2499.284	4707	0	159
2024.09.09	04:00:00	2499.250	2499.519	2497.462	2498.170	3580	0	160
2024.09.09	05:00:00	2498.159	2498.288	2487.405	2487.820	7587	0	159
2024.09.09	06:00:00	2487.839	2493.575	2485.503	2489.733	10702	0	159
2024.09.09	07:00:00	2489.780	2496.672	2488.783	2494.295	11669	0	159
2024.09.09	08:00:00	2494.338	2495.594	2489.965	2492.139	9243	0	159
2024.09.09	09:00:00	2492.179	2497.620	2492.031	2496.296	6394	0	159
2024.09.09	10:00:00	2496.330	2499.137	2493.050	2494.352	6405	0	159
2024.09.09	11:00:00	2494.386	2498.881	2493.379	2497.242	5688	0	159
2024.09.09	12:00:00	2497.296	2504.137	2496.280	2500.893	9148	0	159
2024.09.09	13:00:00	2500.824	2505.292	2499.229	2499.795	13479	0	159
2024.09.09	14:00:00	2499.758	2501.184	2493.231	2496.824	12871	0	159
2024.09.09	15:00:00	2496.860	2499.662	2493.578	2499.087	8887	0	159
2024.09.09	16:00:00	2499.121	2505.233	2499.121	2504.327	6634	0	159
2024.09.09	17:00:00	2504.328	2506.577	2499.429	2499.972	6286	0	159
2024.09.09	18:00:00	2500.013	2505.355	2499.404	2504.661	5044	0	159
2024.09.09	19:00:00	2504.662	2506.113	2502.570	2505.960	4665	0	159
2024.09.09	20:00:00	2505.921	2507.212	2505.221	2506.118	2855	0	159
2024.09.09	22:00:00	2506.438	2507.155	2505.805	2506.964	1646	0	160
2024.09.09	23:00:00	2506.965	2507.701	2505.640	2506.813	2532	0	159
2024.09.10	00:00:00	2506.815	2507.461	2504.776	2505.393	4348	0	159
2024.09.10	01:00:00	2505.395	2506.856	2502.867	2503.835	6855	0	159
2024.09.10	02:00:00	2503.835	2504.037	2501.754	2503.008	5371	0	159
2024.09.10	03:00:00	2502.936	2504.410	2501.370	2502.532	4277	0	159
2024.09.10	04:00:00	2502.500	2502.895	2500.919	2501.792	3370	0	159
2024.09.10	05:00:00	2501.753	2504.935	2500.736	2503.884	4854	0	159
2024.09.10	06:00:00	2503.871	2506.570	2503.343	2505.055	6644	0	159
2024.09.10	07:00:00	2505.008	2507.773	2502.062	2502.792	6552	0	159
2024.09.10	08:00:00	2502.754	2503.113	2500.052	2502.248	6237	0	159
2024.09.10	09:00:00	2502.236	2506.056	2500.165	2506.038	6413	0	159
2024.09.10	10:00:00	2506.063	2509.695	2505.120	2505.641	6652	0	159
2024.09.10	11:00:00	2505.618	2507.149	2504.211	2504.607	6056	0	159
2024.09.10	12:00:00	2504.575	2514.069	2504.451	2513.784	8372	0	159
2024.09.10	13:00:00	2513.817	2515.385	2506.244	2506.842	15073	0	159
2024.09.10	14:00:00	2506.804	2509.242	2500.854	2508.999	16677	0	159
2024.09.10	15:00:00	2509.097	2518.416	2508.176	2512.597	11556	0	159
2024.09.10	16:00:00	2512.770	2515.518	2510.693	2514.335	7551	0	159
2024.09.10	17:00:00	2514.341	2515.697	2512.886	2513.157	5890	0	159
2024.09.10	18:00:00	2513.138	2516.623	2512.090	2516.281	5116	0	159
2024.09.10	19:00:00	2516.254	2517.515	2514.120	2517.214	4698	0	159
2024.09.10	20:00:00	2517.210	2517.427	2515.750	2516.448	2503	0	160
2024.09.10	22:00:00	2516.582	2517.135	2516.287	2516.436	1441	0	159
2024.09.10	23:00:00	2516.445	2518.868	2516.338	2518.678	2535	0	159
2024.09.11	00:00:00	2518.638	2519.140	2516.231	2516.640	4206	0	159
2024.09.11	01:00:00	2516.659	2522.577	2514.940	2518.784	9685	0	159
2024.09.11	02:00:00	2518.781	2520.326	2517.563	2518.794	6073	0	159
2024.09.11	03:00:00	2518.753	2519.957	2516.746	2519.406	5623	0	159
2024.09.11	04:00:00	2519.426	2520.147	2518.527	2519.533	4468	0	159
2024.09.11	05:00:00	2519.597	2522.483	2519.322	2521.209	6661	0	159
2024.09.11	06:00:00	2521.231	2529.028	2520.833	2526.552	9228	0	159
2024.09.11	07:00:00	2526.563	2527.748	2520.715	2521.471	6437	0	159
2024.09.11	08:00:00	2521.437	2527.221	2520.748	2524.299	7163	0	159
2024.09.11	09:00:00	2524.299	2524.730	2522.014	2523.235	4837	0	159
2024.09.11	10:00:00	2523.203	2523.315	2519.773	2521.719	6167	0	159
2024.09.11	11:00:00	2521.715	2524.217	2520.738	2522.267	6197	0	159
2024.09.11	12:00:00	2522.227	2523.922	2502.175	2508.169	25913	0	159
2024.09.11	13:00:00	2508.092	2512.890	2503.163	2509.620	26061	0	159
2024.09.11	14:00:00	2509.638	2510.420	2500.844	2509.395	20403	0	159
2024.09.11	15:00:00	2509.429	2514.959	2508.634	2514.743	10926	0	159
2024.09.11	16:00:00	2514.712	2520.033	2513.668	2515.218	8060	0	159
2024.09.11	17:00:00	2515.182	2516.899	2512.374	2514.548	7573	0	159
2024.09.11	18:00:00	2514.563	2516.352	2511.230	2511.581	6101	0	159
2024.09.11	19:00:00	2511.540	2513.238	2509.762	2512.930	5139	0	159
2024.09.11	20:00:00	2512.904	2513.828	2511.270	2511.462	2762	0	159
2024.09.11	22:00:00	2512.310	2513.892	2512.310	2512.883	1784	0	159
2024.09.11	23:00:00	2512.846	2513.129	2511.826	2511.901	2221	0	160
2024.09.12	00:00:00	2511.823	2512.476	2511.066	2512.209	3528	0	159
2024.09.12	01:00:00	2512.174	2515.189	2511.691	2513.235	6455	0	159
2024.09.12	02:00:00	2513.206	2514.113	2510.973	2512.188	5265	0	159
2024.09.12	03:00:00	2512.199	2516.098	2512.105	2515.844	4029	0	160
2024.09.12	04:00:00	2515.880	2517.788	2515.493	2517.044	3479	0	159
2024.09.12	05:00:00	2517.009	2519.765	2516.947	2519.385	4904	0	159
2024.09.12	06:00:00	2519.416	2522.260	2516.746	2516.877	5913	0	159
2024.09.12	07:00:00	2516.920	2517.746	2514.441	2515.934	6283	0	159
2024.09.12	08:00:00	2515.906	2519.290	2515.107	2517.403	6012	0	159
2024.09.12	09:00:00	2517.413	2519.261	2516.357	2518.795	4367	0	159
2024.09.12	10:00:00	2518.782	2521.014	2513.140	2513.237	5944	0	159
2024.09.12	11:00:00	2513.201	2520.338	2512.966	2519.444	7773	0	159
2024.09.12	12:00:00	2519.485	2535.344	2518.862	2528.528	17138	0	159
2024.09.12	13:00:00	2528.552	2551.715	2522.090	2545.384	34472	0	159
2024.09.12	14:00:00	2545.359	2554.768	2541.849	2553.338	22065	0	159
2024.09.12	15:00:00	2553.363	2555.229	2548.865	2553.315	12507	0	159
2024.09.12	16:00:00	2553.279	2553.733	2544.851	2550.668	10700	0	159
2024.09.12	17:00:00	2550.679	2554.849	2550.104	2554.072	8575	0	159
2024.09.12	18:00:00	2554.103	2558.864	2552.048	2555.857	7486	0	159
2024.09.12	19:00:00	2555.822	2559.083	2554.473	2557.905	6774	0	159
2024.09.12	20:00:00	2557.870	2560.091	2556.743	2558.829	3824	0	159
2024.09.12	22:00:00	2558.333	2559.549	2557.172	2557.418	2655	0	159
2024.09.12	23:00:00	2557.453	2558.652	2556.742	2558.422	3050	0	159
2024.09.13	00:00:00	2558.419	2562.759	2556.780	2561.482	5554	0	159
2024.09.13	01:00:00	2561.526	2568.091	2559.896	2563.170	11468	0	159
2024.09.13	02:00:00	2563.197	2565.624	2561.569	2565.370	6745	0	159
2024.09.13	03:00:00	2565.335	2570.082	2564.630	2567.853	5872	0	159
2024.09.13	04:00:00	2567.858	2570.150	2566.579	2568.862	4143	0	159
2024.09.13	05:00:00	2568.858	2570.496	2565.943	2566.524	6104	0	159
2024.09.13	06:00:00	2566.492	2568.771	2563.068	2567.081	9076	0	159
2024.09.13	07:00:00	2567.180	2571.135	2563.872	2569.848	9367	0	159
2024.09.13	08:00:00	2569.856	2571.035	2565.649	2570.000	7622	0	159
2024.09.13	09:00:00	2569.914	2573.019	2567.008	2568.522	7853	0	159
2024.09.13	10:00:00	2568.553	2569.373	2565.540	2566.986	6516	0	159
2024.09.13	11:00:00	2567.022	2568.340	2563.648	2567.288	6558	0	159
2024.09.13	12:00:00	2567.323	2575.953	2566.033	2575.768	8902	0	159
2024.09.13	13:00:00	2575.804	2583.480	2573.494	2577.693	16567	0	159
2024.09.13	14:00:00	2577.665	2580.161	2573.129	2578.296	19311	0	159
2024.09.13	15:00:00	2578.332	2582.441	2573.677	2582.140	11911	0	159
2024.09.13	16:00:00	2582.175	2585.232	2580.094	2584.250	8061	0	159
2024.09.13	17:00:00	2584.236	2586.120	2581.485	2582.737	6780	0	159
2024.09.13	18:00:00	2582.771	2583.994	2580.691	2582.236	6277	0	159
2024.09.13	19:00:00	2582.235	2582.979	2578.593	2582.646	4977	0	159
2024.09.13	20:00:00	2582.612	2582.909	2577.704	2579.067	3422	0	159
2024.09.15	22:00:00	2578.456	2580.454	2577.545	2580.122	3416	0	159
2024.09.15	23:00:00	2580.147	2580.320	2578.212	2579.163	3867	0	160
2024.09.16	00:00:00	2579.170	2582.341	2578.887	2581.361	3692	0	159
2024.09.16	01:00:00	2581.367	2582.935	2579.792	2581.686	4010	0	159
2024.09.16	02:00:00	2581.648	2585.998	2581.502	2585.359	4200	0	160
2024.09.16	03:00:00	2585.327	2589.001	2583.766	2586.294	5263	0	159
2024.09.16	04:00:00	2586.335	2586.771	2584.865	2585.733	3397	0	159
2024.09.16	05:00:00	2585.764	2589.426	2585.404	2588.741	4082	0	159
2024.09.16	06:00:00	2588.779	2589.651	2585.091	2585.338	6486	0	159
2024.09.16	07:00:00	2585.381	2585.636	2579.452	2582.142	9151	0	159
2024.09.16	08:00:00	2582.135	2588.526	2581.378	2586.854	7719	0	159
2024.09.16	09:00:00	2586.855	2588.313	2584.140	2585.500	6370	0	159
2024.09.16	10:00:00	2585.526	2586.406	2575.285	2579.773	7008	0	159
2024.09.16	11:00:00	2579.798	2583.254	2578.684	2582.999	6277	0	159
2024.09.16	12:00:00	2582.966	2583.576	2578.502	2583.401	10041	0	159
2024.09.16	13:00:00	2583.445	2589.298	2581.227	2588.148	12920	0	159
2024.09.16	14:00:00	2588.257	2588.502	2576.070	2580.158	14787	0	159
2024.09.16	15:00:00	2580.180	2581.881	2577.682	2579.879	8836	0	159
2024.09.16	16:00:00	2579.912	2584.019	2579.524	2583.645	5728	0	159
2024.09.16	17:00:00	2583.600	2584.172	2579.848	2582.579	5153	0	159
2024.09.16	18:00:00	2582.617	2582.913	2580.205	2580.992	4346	0	159
2024.09.16	19:00:00	2581.013	2583.359	2579.636	2582.486	3652	0	160
2024.09.16	20:00:00	2582.550	2583.463	2581.809	2582.903	2316	0	160
2024.09.16	22:00:00	2582.736	2583.569	2582.439	2582.899	1781	0	159
2024.09.16	23:00:00	2582.910	2583.855	2582.117	2583.659	2255	0	160
2024.09.17	00:00:00	2583.654	2584.408	2580.172	2580.260	3879	0	159
2024.09.17	01:00:00	2580.252	2582.706	2578.409	2582.563	4626	0	159
2024.09.17	02:00:00	2582.565	2586.338	2581.017	2581.594	4731	0	159
2024.09.17	03:00:00	2581.554	2581.554	2576.771	2577.184	5347	0	159
2024.09.17	04:00:00	2577.178	2579.206	2574.879	2576.964	4563	0	159
2024.09.17	05:00:00	2576.961	2579.616	2574.537	2579.310	4496	0	159
2024.09.17	06:00:00	2579.342	2586.956	2579.262	2584.247	6911	0	159
2024.09.17	07:00:00	2584.291	2585.695	2582.678	2583.800	5649	0	159
2024.09.17	08:00:00	2583.761	2584.162	2577.566	2580.178	7307	0	159
2024.09.17	09:00:00	2580.067	2580.069	2571.648	2573.621	7398	0	159
2024.09.17	10:00:00	2573.574	2576.060	2569.707	2572.964	7278	0	159
2024.09.17	11:00:00	2573.013	2581.729	2572.186	2579.824	8646	0	159
2024.09.17	12:00:00	2579.834	2581.644	2568.336	2577.754	16253	0	159
2024.09.17	13:00:00	2577.736	2579.576	2573.093	2573.725	16515	0	159
2024.09.17	14:00:00	2573.697	2582.239	2571.767	2576.409	13806	0	159
2024.09.17	15:00:00	2576.443	2577.104	2561.739	2565.668	12670	0	159
2024.09.17	16:00:00	2565.692	2566.565	2561.311	2563.164	9564	0	159
2024.09.17	17:00:00	2563.195	2570.436	2560.661	2569.870	8164	0	159
2024.09.17	18:00:00	2569.855	2571.658	2568.610	2570.146	5185	0	159
2024.09.17	19:00:00	2570.057	2571.188	2566.900	2568.615	4726	0	159
2024.09.17	20:00:00	2568.640	2570.338	2568.289	2569.805	2632	0	159
2024.09.17	22:00:00	2569.594	2571.468	2569.554	2570.701	1871	0	159
2024.09.17	23:00:00	2570.700	2574.367	2570.666	2574.050	2857	0	159
2024.09.18	00:00:00	2574.019	2574.767	2571.471	2572.973	4368	0	159
2024.09.18	01:00:00	2573.013	2576.474	2571.636	2572.310	10924	0	159
2024.09.18	02:00:00	2572.271	2574.122	2570.016	2573.742	5841	0	159
2024.09.18	03:00:00	2573.766	2576.457	2572.759	2575.899	5048	0	159
2024.09.18	04:00:00	2575.923	2576.511	2567.990	2568.679	4726	0	159
2024.09.18	05:00:00	2568.602	2569.275	2565.709	2567.685	6306	0	159
2024.09.18	06:00:00	2567.719	2570.016	2566.618	2569.136	5835	0	159
2024.09.18	07:00:00	2569.160	2571.969	2568.659	2571.566	6174	0	159
2024.09.18	08:00:00	2571.643	2571.929	2568.274	2569.689	5218	0	159
2024.09.18	09:00:00	2569.696	2571.954	2567.934	2571.954	5625	0	159
2024.09.18	10:00:00	2571.969	2578.169	2571.079	2576.095	6637	0	159
2024.09.18	11:00:00	2576.133	2580.740	2575.037	2577.407	6051	0	159
2024.09.18	12:00:00	2577.441	2578.872	2573.481	2576.215	7537	0	159
2024.09.18	13:00:00	2576.239	2578.563	2568.588	2571.665	11935	0	159
2024.09.18	14:00:00	2571.640	2574.775	2567.950	2571.551	11078	0	159
2024.09.18	15:00:00	2571.589	2574.470	2567.980	2569.701	7790	0	159
2024.09.18	16:00:00	2569.731	2575.226	2568.802	2574.859	5346	0	159
2024.09.18	17:00:00	2574.900	2574.900	2566.902	2567.473	7029	0	159
2024.09.18	18:00:00	2567.383	2600.138	2567.383	2575.758	57804	0	159
2024.09.18	19:00:00	2575.717	2576.130	2546.828	2549.026	54380	0	159
2024.09.18	20:00:00	2548.981	2560.824	2548.283	2559.124	9357	0	159
2024.09.18	22:00:00	2558.398	2561.568	2555.664	2559.193	5228	0	159
2024.09.18	23:00:00	2559.249	2559.689	2556.239	2559.239	4068	0	160
2024.09.19	00:00:00	2559.239	2559.555	2556.946	2558.793	6484	0	159
2024.09.19	01:00:00	2558.754	2558.754	2550.894	2555.164	12661	0	159
2024.09.19	02:00:00	2555.205	2566.702	2555.205	2564.075	9304	0	159
2024.09.19	03:00:00	2564.035	2565.273	2561.335	2563.959	7134	0	159
2024.09.19	04:00:00	2564.002	2564.144	2559.564	2564.061	5213	0	159
2024.09.19	05:00:00	2564.017	2574.536	2563.855	2574.519	9084	0	159
2024.09.19	06:00:00	2574.550	2578.764	2573.889	2575.782	10439	0	159
2024.09.19	07:00:00	2575.886	2584.633	2574.999	2584.344	10329	0	159
2024.09.19	08:00:00	2584.361	2586.588	2581.338	2584.871	7218	0	159
2024.09.19	09:00:00	2584.866	2594.963	2583.953	2591.858	11095	0	159
2024.09.19	10:00:00	2591.813	2591.909	2585.866	2588.545	8097	0	159
2024.09.19	11:00:00	2588.586	2589.794	2584.391	2589.435	8891	0	159
2024.09.19	12:00:00	2589.399	2591.203	2573.157	2576.804	17487	0	159
2024.09.19	13:00:00	2576.771	2582.575	2569.753	2575.071	24477	0	159
2024.09.19	14:00:00	2575.097	2584.623	2571.724	2581.243	18682	0	159
2024.09.19	15:00:00	2581.280	2589.471	2580.344	2589.022	10542	0	159
2024.09.19	16:00:00	2589.062	2592.550	2587.609	2591.678	7784	0	159
2024.09.19	17:00:00	2591.702	2592.612	2587.926	2590.521	6042	0	159
2024.09.19	18:00:00	2590.555	2590.749	2586.616	2588.230	5506	0	159
2024.09.19	19:00:00	2588.197	2588.863	2585.932	2588.309	5095	0	159
2024.09.19	20:00:00	2588.355	2589.803	2585.876	2586.720	3411	0	159
2024.09.19	22:00:00	2586.366	2587.915	2586.100	2587.779	1783	0	160
2024.09.19	23:00:00	2587.771	2587.844	2586.423	2587.282	2488	0	159
2024.09.20	00:00:00	2587.253	2588.532	2586.091	2588.063	3744	0	159
2024.09.20	01:00:00	2588.098	2589.493	2584.714	2588.269	7844	0	159
2024.09.20	02:00:00	2588.245	2592.596	2587.408	2591.503	5954	0	159
2024.09.20	03:00:00	2591.463	2593.705	2590.928	2591.389	6266	0	159
2024.09.20	04:00:00	2591.397	2594.406	2591.258	2593.761	3927	0	159
2024.09.20	05:00:00	2593.743	2595.237	2592.381	2594.538	4801	0	159
2024.09.20	06:00:00	2594.505	2607.187	2594.245	2605.440	9847	0	159
2024.09.20	07:00:00	2605.475	2609.797	2604.697	2607.178	9685	0	159
2024.09.20	08:00:00	2607.158	2612.708	2605.419	2609.780	8339	0	159
2024.09.20	09:00:00	2609.784	2610.590	2602.440	2606.242	6465	0	159
2024.09.20	10:00:00	2606.345	2614.243	2606.173	2613.217	6897	0	159
2024.09.20	11:00:00	2613.249	2615.500	2610.219	2613.736	7794	0	159
2024.09.20	12:00:00	2613.697	2619.283	2613.354	2615.625	10473	0	159
2024.09.20	13:00:00	2615.627	2616.574	2602.476	2606.683	22880	0	159
2024.09.20	14:00:00	2606.660	2617.119	2604.699	2613.911	17033	0	159
2024.09.20	15:00:00	2613.967	2623.035	2611.235	2622.725	18280	0	159
2024.09.20	16:00:00	2622.762	2625.754	2619.675	2624.837	10647	0	159
2024.09.20	17:00:00	2624.877	2625.402	2619.212	2619.586	8301	0	159
2024.09.20	18:00:00	2619.607	2622.183	2617.840	2621.648	6834	0	159
2024.09.20	19:00:00	2621.611	2623.369	2620.652	2621.087	6100	0	159
2024.09.20	20:00:00	2621.129	2622.509	2619.100	2622.098	3393	0	159
2024.09.22	22:00:00	2620.944	2622.128	2619.748	2620.471	2836	0	159
2024.09.22	23:00:00	2620.512	2621.496	2619.652	2620.234	2751	0	159
2024.09.23	00:00:00	2620.202	2620.446	2618.181	2618.368	3543	0	159
2024.09.23	01:00:00	2618.325	2621.473	2616.029	2620.118	8019	0	159
2024.09.23	02:00:00	2620.141	2626.820	2618.845	2625.404	6844	0	159
2024.09.23	03:00:00	2625.361	2631.128	2624.857	2628.553	5861	0	159
2024.09.23	04:00:00	2628.558	2630.965	2628.005	2629.372	3610	0	159
2024.09.23	05:00:00	2629.417	2631.395	2626.823	2630.011	5734	0	159
2024.09.23	06:00:00	2629.977	2630.157	2624.442	2624.442	8097	0	159
2024.09.23	07:00:00	2624.352	2625.057	2613.799	2615.150	12833	0	159
2024.09.23	08:00:00	2615.113	2619.651	2614.564	2616.868	8245	0	159
2024.09.23	09:00:00	2616.870	2622.028	2615.309	2621.584	6222	0	159
2024.09.23	10:00:00	2621.555	2623.651	2620.651	2621.595	6169	0	159
2024.09.23	11:00:00	2621.634	2625.786	2620.924	2624.063	6706	0	159
2024.09.23	12:00:00	2624.056	2628.237	2619.960	2626.975	9022	0	159
2024.09.23	13:00:00	2627.000	2634.328	2625.519	2631.852	14906	0	159
2024.09.23	14:00:00	2631.827	2634.881	2627.966	2630.391	15367	0	159
2024.09.23	15:00:00	2630.420	2631.947	2625.756	2629.242	10670	0	159
2024.09.23	16:00:00	2629.201	2630.915	2626.586	2628.149	8735	0	159
2024.09.23	17:00:00	2628.108	2629.110	2626.396	2627.965	5803	0	159
2024.09.23	18:00:00	2627.933	2628.807	2625.897	2627.379	4940	0	159
2024.09.23	19:00:00	2627.380	2627.943	2625.665	2626.240	4354	0	159
2024.09.23	20:00:00	2626.295	2628.501	2626.197	2628.302	2202	0	159
2024.09.23	22:00:00	2627.157	2628.320	2626.932	2627.498	1745	0	159
2024.09.23	23:00:00	2627.507	2627.507	2625.821	2626.300	2443	0	159
2024.09.24	00:00:00	2626.295	2626.563	2623.745	2625.100	4537	0	159
2024.09.24	01:00:00	2625.140	2630.215	2624.835	2629.083	9360	0	159
2024.09.24	02:00:00	2629.039	2629.254	2626.729	2628.857	6035	0	159
2024.09.24	03:00:00	2628.898	2636.156	2628.734	2634.099	6598	0	159
2024.09.24	04:00:00	2634.090	2638.295	2632.021	2638.121	5664	0	159
2024.09.24	05:00:00	2638.057	2640.092	2625.169	2625.396	10109	0	159
2024.09.24	06:00:00	2625.430	2629.934	2624.409	2628.700	13237	0	159
2024.09.24	07:00:00	2628.737	2630.271	2622.524	2628.996	9975	0	159
2024.09.24	08:00:00	2629.005	2629.519	2625.892	2628.972	6672	0	159
2024.09.24	09:00:00	2628.934	2630.896	2627.056	2630.751	6202	0	159
2024.09.24	10:00:00	2630.789	2636.312	2630.581	2633.378	6886	0	159
2024.09.24	11:00:00	2633.349	2633.428	2623.339	2626.367	10370	0	159
2024.09.24	12:00:00	2626.411	2633.294	2623.470	2633.129	11774	0	159
2024.09.24	13:00:00	2633.154	2637.322	2630.988	2635.504	16127	0	159
2024.09.24	14:00:00	2635.517	2647.164	2634.552	2643.609	18283	0	159
2024.09.24	15:00:00	2643.646	2648.504	2639.778	2643.143	14343	0	159
2024.09.24	16:00:00	2643.153	2655.278	2642.369	2653.475	13168	0	159
2024.09.24	17:00:00	2653.501	2654.566	2649.773	2653.975	8118	0	159
2024.09.24	18:00:00	2653.971	2657.754	2653.366	2657.266	6054	0	159
2024.09.24	19:00:00	2657.226	2664.366	2656.349	2662.622	7157	0	159
2024.09.24	20:00:00	2662.588	2663.747	2656.417	2656.855	4394	0	159
2024.09.24	22:00:00	2658.850	2659.894	2657.590	2659.109	2756	0	159
2024.09.24	23:00:00	2659.120	2659.283	2656.633	2658.204	3703	0	159
2024.09.25	00:00:00	2658.163	2661.128	2656.615	2660.751	5081	0	159
2024.09.25	01:00:00	2660.753	2662.940	2655.427	2660.029	14139	0	159
2024.09.25	02:00:00	2660.004	2670.629	2659.599	2670.156	9315	0	159
2024.09.25	03:00:00	2670.111	2670.240	2659.781	2661.479	7369	0	159
2024.09.25	04:00:00	2661.499	2661.718	2657.609	2658.932	5064	0	159
2024.09.25	05:00:00	2658.940	2659.872	2654.370	2657.177	7688	0	159
2024.09.25	06:00:00	2657.159	2659.817	2653.486	2654.742	9858	0	159
2024.09.25	07:00:00	2654.775	2657.632	2651.321	2657.018	8916	0	159
2024.09.25	08:00:00	2657.026	2658.581	2654.603	2655.901	7254	0	159
2024.09.25	09:00:00	2655.916	2657.703	2652.698	2656.878	6352	0	159
2024.09.25	10:00:00	2656.906	2658.180	2654.360	2655.526	6884	0	159
2024.09.25	11:00:00	2655.568	2658.021	2653.842	2657.431	6164	0	159
2024.09.25	12:00:00	2657.380	2660.835	2656.926	2659.361	9665	0	159
2024.09.25	13:00:00	2659.403	2666.049	2658.325	2664.390	15810	0	159
2024.09.25	14:00:00	2664.423	2667.448	2654.155	2658.987	18156	0	159
2024.09.25	15:00:00	2659.026	2660.845	2655.280	2657.678	14095	0	159
2024.09.25	16:00:00	2657.652	2658.862	2649.566	2653.709	10425	0	159
2024.09.25	17:00:00	2653.671	2663.062	2653.080	2660.680	8002	0	159
2024.09.25	18:00:00	2660.641	2661.762	2659.076	2660.380	4945	0	159
2024.09.25	19:00:00	2660.334	2661.555	2659.394	2659.754	4190	0	159
2024.09.25	20:00:00	2659.802	2660.306	2656.328	2657.175	3529	0	159
2024.09.25	22:00:00	2657.274	2659.755	2656.948	2658.287	2713	0	159
2024.09.25	23:00:00	2658.292	2659.477	2656.203	2656.259	2776	0	159
2024.09.26	00:00:00	2656.359	2660.444	2655.307	2659.021	5091	0	159
2024.09.26	01:00:00	2659.001	2661.467	2657.685	2660.844	7542	0	159
2024.09.26	02:00:00	2660.838	2661.555	2657.035	2658.120	6341	0	159
2024.09.26	03:00:00	2658.089	2662.537	2657.664	2662.516	5631	0	159
2024.09.26	04:00:00	2662.545	2662.945	2660.193	2660.672	3666	0	160
2024.09.26	05:00:00	2660.702	2663.450	2659.776	2661.388	6359	0	159
2024.09.26	06:00:00	2661.356	2662.606	2657.930	2661.690	8060	0	159
2024.09.26	07:00:00	2661.714	2666.924	2659.469	2664.684	8426	0	159
2024.09.26	08:00:00	2664.650	2670.493	2664.599	2669.035	8223	0	159
2024.09.26	09:00:00	2669.056	2669.841	2666.870	2668.808	6673	0	159
2024.09.26	10:00:00	2668.806	2675.623	2667.489	2672.684	9311	0	159
2024.09.26	11:00:00	2672.649	2685.611	2672.234	2682.764	12115	0	159
2024.09.26	12:00:00	2682.797	2684.211	2668.496	2677.368	23154	0	159
2024.09.26	13:00:00	2677.326	2679.687	2654.717	2660.867	36787	0	159
2024.09.26	14:00:00	2660.918	2669.603	2659.580	2665.823	22543	0	159
2024.09.26	15:00:00	2665.790	2673.154	2662.414	2671.348	14031	0	159
2024.09.26	16:00:00	2671.390	2672.470	2662.946	2668.249	12091	0	159
2024.09.26	17:00:00	2668.200	2672.226	2667.582	2670.950	8117	0	159
2024.09.26	18:00:00	2670.986	2677.152	2670.080	2675.959	6742	0	159
2024.09.26	19:00:00	2675.988	2677.911	2672.280	2673.675	5774	0	159
2024.09.26	20:00:00	2673.715	2674.068	2670.805	2672.265	3042	0	159
2024.09.26	22:00:00	2671.888	2673.202	2671.804	2672.393	1877	0	159
2024.09.26	23:00:00	2672.434	2673.283	2671.959	2672.601	2496	0	159
2024.09.27	00:00:00	2672.610	2672.708	2669.295	2669.850	5000	0	159
2024.09.27	01:00:00	2669.811	2672.777	2666.190	2669.442	10420	0	159
2024.09.27	02:00:00	2669.442	2671.017	2667.220	2668.975	7118	0	159
2024.09.27	03:00:00	2668.942	2673.944	2668.609	2673.638	5376	0	159
2024.09.27	04:00:00	2673.650	2673.944	2669.299	2670.494	4130	0	159
2024.09.27	05:00:00	2670.488	2671.423	2662.336	2664.795	9928	0	159
2024.09.27	06:00:00	2664.829	2669.485	2664.017	2665.772	11822	0	159
2024.09.27	07:00:00	2665.723	2668.330	2660.890	2664.720	9869	0	159
2024.09.27	08:00:00	2664.685	2665.403	2661.800	2662.562	8003	0	159
2024.09.27	09:00:00	2662.472	2664.973	2658.284	2663.709	8326	0	159
2024.09.27	10:00:00	2663.735	2665.632	2662.048	2664.367	6718	0	159
2024.09.27	11:00:00	2664.349	2669.236	2664.305	2666.159	6583	0	159
2024.09.27	12:00:00	2666.125	2674.266	2662.315	2670.063	14825	0	159
2024.09.27	13:00:00	2670.026	2671.160	2664.059	2666.226	19111	0	159
2024.09.27	14:00:00	2666.153	2666.895	2649.385	2649.488	21230	0	159
2024.09.27	15:00:00	2649.448	2654.627	2644.705	2649.794	22042	0	159
2024.09.27	16:00:00	2649.751	2656.361	2645.972	2651.845	12079	0	159
2024.09.27	17:00:00	2651.835	2652.419	2642.994	2645.155	9531	0	159
2024.09.27	18:00:00	2645.155	2648.890	2643.356	2647.910	6877	0	159
2024.09.27	19:00:00	2647.949	2652.836	2645.577	2652.079	6391	0	159
2024.09.27	20:00:00	2652.036	2660.009	2651.126	2657.983	4330	0	159
2024.09.29	22:00:00	2661.714	2663.582	2659.762	2662.716	4942	0	159
2024.09.29	23:00:00	2662.678	2665.106	2661.640	2663.543	4923	0	159
2024.09.30	00:00:00	2663.580	2666.049	2661.271	2661.644	7286	0	159
2024.09.30	01:00:00	2661.680	2664.377	2647.264	2652.674	15819	0	159
2024.09.30	02:00:00	2652.632	2656.363	2650.196	2652.581	8956	0	159
2024.09.30	03:00:00	2652.605	2655.644	2652.107	2653.617	5896	0	159
2024.09.30	04:00:00	2653.573	2655.918	2652.122	2655.865	4790	0	159
2024.09.30	05:00:00	2655.896	2659.319	2654.383	2657.881	6912	0	159
2024.09.30	06:00:00	2657.753	2660.056	2655.586	2657.821	8304	0	159
2024.09.30	07:00:00	2657.856	2660.619	2650.630	2650.993	7613	0	159
2024.09.30	08:00:00	2650.935	2656.591	2650.646	2653.585	7225	0	159
2024.09.30	09:00:00	2653.614	2653.638	2648.294	2649.643	7441	0	159
2024.09.30	10:00:00	2649.715	2650.098	2635.748	2636.947	9945	0	159
2024.09.30	11:00:00	2636.911	2642.814	2634.410	2641.542	8946	0	159
2024.09.30	12:00:00	2641.523	2644.199	2634.879	2638.913	10192	0	159
2024.09.30	13:00:00	2638.955	2642.082	2630.398	2635.685	17591	0	159
2024.09.30	14:00:00	2635.659	2636.173	2628.693	2633.226	19253	0	159
2024.09.30	15:00:00	2633.289	2636.505	2630.262	2633.868	11092	0	159
2024.09.30	16:00:00	2633.874	2639.429	2633.356	2639.053	8054	0	159
2024.09.30	17:00:00	2639.091	2641.893	2636.385	2637.829	7075	0	159
2024.09.30	18:00:00	2637.804	2638.327	2624.679	2631.467	15432	0	159
2024.09.30	19:00:00	2631.431	2631.734	2626.430	2630.923	7403	0	159
2024.09.30	20:00:00	2630.963	2635.122	2630.747	2634.848	3189	0	159
2024.09.30	22:00:00	2633.527	2635.031	2632.530	2635.016	2124	0	159
2024.09.30	23:00:00	2634.994	2636.228	2634.559	2635.634	2638	0	160
2024.10.01	00:00:00	2635.659	2637.198	2633.911	2636.455	4255	0	159
2024.10.01	01:00:00	2636.439	2639.812	2635.500	2639.811	4505	0	160
2024.10.01	02:00:00	2639.788	2640.008	2634.995	2636.481	4619	0	159
2024.10.01	03:00:00	2636.494	2638.655	2634.480	2637.947	4304	0	159
2024.10.01	04:00:00	2637.955	2640.510	2637.399	2639.541	3893	0	159
2024.10.01	05:00:00	2639.555	2644.406	2639.528	2643.048	5362	0	159
2024.10.01	06:00:00	2643.012	2645.544	2642.536	2645.330	6143	0	159
2024.10.01	07:00:00	2645.354	2647.449	2641.633	2645.559	8892	0	159
2024.10.01	08:00:00	2645.593	2646.811	2642.418	2646.535	7049	0	159
2024.10.01	09:00:00	2646.492	2649.334	2645.371	2648.666	6593	0	159
2024.10.01	10:00:00	2648.698	2650.519	2648.240	2650.391	5461	0	159
2024.10.01	11:00:00	2650.416	2652.073	2646.880	2650.229	6455	0	159
2024.10.01	12:00:00	2650.274	2656.678	2650.142	2651.564	9689	0	159
2024.10.01	13:00:00	2651.533	2671.868	2647.946	2668.452	27601	0	159
2024.10.01	14:00:00	2668.506	2669.950	2657.343	2659.295	27251	0	159
2024.10.01	15:00:00	2659.195	2665.467	2653.857	2663.338	17567	0	159
2024.10.01	16:00:00	2663.303	2673.222	2661.166	2666.412	14446	0	159
2024.10.01	17:00:00	2666.460	2671.784	2661.164	2662.414	15816	0	159
2024.10.01	18:00:00	2662.447	2664.897	2657.515	2661.021	8233	0	159
2024.10.01	19:00:00	2660.990	2664.325	2658.160	2658.691	6349	0	159
2024.10.01	20:00:00	2658.730	2664.009	2657.812	2663.575	3127	0	160
2024.10.01	22:00:00	2661.812	2662.895	2661.194	2662.126	2235	0	160
2024.10.01	23:00:00	2662.127	2662.281	2660.135	2660.361	2687	0	160
2024.10.02	00:00:00	2660.390	2660.646	2656.950	2657.452	5107	0	159
2024.10.02	01:00:00	2657.496	2662.017	2656.294	2660.656	5852	0	159
2024.10.02	02:00:00	2660.611	2661.156	2658.735	2660.153	4900	0	159
2024.10.02	03:00:00	2660.116	2661.568	2655.101	2655.376	5339	0	159
2024.10.02	04:00:00	2655.351	2656.542	2652.540	2654.127	5170	0	159
2024.10.02	05:00:00	2654.118	2656.197	2644.495	2647.938	9168	0	159
2024.10.02	06:00:00	2648.023	2650.859	2647.178	2649.760	6810	0	159
2024.10.02	07:00:00	2649.714	2655.515	2649.397	2655.426	8550	0	159
2024.10.02	08:00:00	2655.482	2655.871	2648.579	2652.358	7406	0	159
2024.10.02	09:00:00	2652.359	2655.607	2651.509	2652.876	6611	0	159
2024.10.02	10:00:00	2652.911	2654.341	2648.741	2649.146	5570	0	159
2024.10.02	11:00:00	2649.097	2652.588	2647.941	2649.577	6269	0	159
2024.10.02	12:00:00	2649.619	2652.979	2643.699	2649.597	12131	0	159
2024.10.02	13:00:00	2649.509	2660.821	2649.165	2659.402	17451	0	159
2024.10.02	14:00:00	2659.446	2663.354	2647.350	2648.173	17535	0	159
2024.10.02	15:00:00	2648.201	2650.748	2641.038	2649.890	14659	0	159
2024.10.02	16:00:00	2649.918	2652.278	2648.064	2649.731	7965	0	159
2024.10.02	17:00:00	2649.751	2652.803	2647.096	2652.151	5882	0	159
2024.10.02	18:00:00	2652.136	2655.946	2651.149	2654.104	5596	0	159
2024.10.02	19:00:00	2654.065	2658.986	2653.678	2658.640	4625	0	159
2024.10.02	20:00:00	2658.622	2659.904	2658.263	2658.825	2961	0	159
2024.10.02	22:00:00	2658.946	2660.339	2658.375	2659.450	2409	0	160
2024.10.02	23:00:00	2659.454	2661.236	2659.375	2660.333	3007	0	159
2024.10.03	00:00:00	2660.299	2662.968	2657.398	2657.751	5590	0	159
2024.10.03	01:00:00	2657.729	2658.932	2654.994	2658.172	6162	0	159
2024.10.03	02:00:00	2658.212	2658.695	2655.363	2655.830	4892	0	159
2024.10.03	03:00:00	2655.785	2657.987	2653.273	2656.001	5162	0	159
2024.10.03	04:00:00	2655.966	2656.551	2654.605	2655.039	3959	0	159
2024.10.03	05:00:00	2655.000	2656.712	2651.804	2653.268	6314	0	159
2024.10.03	06:00:00	2653.226	2657.491	2651.308	2655.908	7092	0	159
2024.10.03	07:00:00	2655.931	2656.204	2643.491	2645.187	9894	0	159
2024.10.03	08:00:00	2645.215	2647.482	2641.672	2645.207	7772	0	159
2024.10.03	09:00:00	2645.163	2647.554	2640.975	2644.855	7768	0	159
2024.10.03	10:00:00	2644.824	2648.078	2643.969	2646.822	6913	0	159
2024.10.03	11:00:00	2646.739	2649.024	2643.555	2648.018	6773	0	159
2024.10.03	12:00:00	2647.984	2654.360	2642.014	2642.398	14345	0	159
2024.10.03	13:00:00	2642.360	2651.341	2641.539	2647.865	15845	0	159
2024.10.03	14:00:00	2647.629	2654.460	2637.964	2650.245	29265	0	159
2024.10.03	15:00:00	2650.208	2654.619	2647.884	2648.798	11203	0	159
2024.10.03	16:00:00	2648.842	2661.259	2648.490	2660.000	9629	0	159
2024.10.03	17:00:00	2659.997	2662.161	2655.157	2656.745	8409	0	159
2024.10.03	18:00:00	2656.741	2659.773	2655.361	2657.591	5310	0	159
2024.10.03	19:00:00	2657.586	2659.532	2656.974	2657.974	5223	0	159
2024.10.03	20:00:00	2658.009	2658.009	2655.776	2656.246	2410	0	159
2024.10.03	22:00:00	2657.147	2657.147	2654.356	2655.987	2434	0	160
2024.10.03	23:00:00	2656.046	2656.683	2654.319	2655.804	2112	0	159
2024.10.04	00:00:00	2655.800	2657.581	2655.444	2657.234	4024	0	159
2024.10.04	01:00:00	2657.243	2659.224	2656.742	2658.335	5172	0	159
2024.10.04	02:00:00	2658.291	2663.521	2657.965	2662.095	4882	0	159
2024.10.04	03:00:00	2662.099	2663.591	2660.714	2661.137	4787	0	159
2024.10.04	04:00:00	2661.128	2665.861	2660.634	2664.086	4223	0	159
2024.10.04	05:00:00	2664.080	2667.864	2664.055	2667.394	4765	0	159
2024.10.04	06:00:00	2667.391	2667.580	2659.636	2660.228	5929	0	159
2024.10.04	07:00:00	2660.275	2663.175	2658.703	2661.080	7809	0	159
2024.10.04	08:00:00	2661.050	2661.595	2658.772	2659.021	5716	0	159
2024.10.04	09:00:00	2659.060	2660.237	2656.783	2657.455	5448	0	159
2024.10.04	10:00:00	2657.427	2660.741	2657.131	2658.279	4896	0	159
2024.10.04	11:00:00	2658.234	2662.567	2657.346	2661.342	5798	0	159
2024.10.04	12:00:00	2661.307	2661.564	2632.038	2638.818	27374	0	159
2024.10.04	13:00:00	2638.854	2655.217	2637.409	2651.887	27421	0	159
2024.10.04	14:00:00	2651.904	2661.199	2646.482	2658.293	20735	0	159
2024.10.04	15:00:00	2658.338	2670.167	2647.800	2653.201	27103	0	159
2024.10.04	16:00:00	2653.227	2653.859	2641.813	2645.295	12908	0	159
2024.10.04	17:00:00	2645.338	2650.461	2643.898	2650.069	8460	0	159
2024.10.04	18:00:00	2650.068	2650.754	2644.310	2645.651	6955	0	159
2024.10.04	19:00:00	2645.686	2652.076	2642.763	2651.624	6023	0	159
2024.10.04	20:00:00	2651.657	2653.995	2649.848	2653.488	3395	0	159
2024.10.06	22:00:00	2651.575	2652.212	2649.908	2650.826	3443	0	159
2024.10.06	23:00:00	2650.825	2652.397	2649.674	2650.120	3410	0	159
2024.10.07	00:00:00	2650.103	2651.144	2647.737	2649.273	4666	0	159
2024.10.07	01:00:00	2649.268	2651.928	2643.825	2646.185	7448	0	159
2024.10.07	02:00:00	2646.151	2648.643	2645.264	2645.300	6280	0	159
2024.10.07	03:00:00	2645.269	2647.499	2643.891	2647.421	5214	0	159
2024.10.07	04:00:00	2647.399	2648.661	2646.342	2646.815	3646	0	159
2024.10.07	05:00:00	2646.759	2646.794	2639.917	2640.720	5472	0	159
2024.10.07	06:00:00	2640.688	2643.891	2639.597	2643.235	7465	0	159
2024.10.07	07:00:00	2643.167	2652.832	2642.045	2651.974	8930	0	159
2024.10.07	08:00:00	2652.016	2656.354	2651.529	2652.296	8320	0	159
2024.10.07	09:00:00	2652.257	2657.340	2650.597	2656.545	6622	0	159
2024.10.07	10:00:00	2656.520	2658.508	2655.176	2655.441	6482	0	159
2024.10.07	11:00:00	2655.398	2659.677	2655.029	2656.913	6753	0	159
2024.10.07	12:00:00	2656.949	2659.206	2637.728	2640.007	15617	0	159
2024.10.07	13:00:00	2639.934	2653.767	2639.640	2642.750	20423	0	159
2024.10.07	14:00:00	2642.704	2647.792	2640.380	2640.852	15923	0	159
2024.10.07	15:00:00	2640.821	2650.139	2639.051	2645.728	10855	0	159
2024.10.07	16:00:00	2645.687	2646.897	2642.604	2646.797	6585	0	159
2024.10.07	17:00:00	2646.796	2648.744	2644.117	2647.865	5298	0	159
2024.10.07	18:00:00	2647.902	2648.110	2639.686	2640.908	6412	0	159
2024.10.07	19:00:00	2640.931	2644.734	2640.384	2643.260	5514	0	159
2024.10.07	20:00:00	2643.224	2643.703	2641.776	2642.567	2667	0	160
2024.10.07	22:00:00	2643.087	2649.220	2641.768	2644.249	3947	0	159
2024.10.07	23:00:00	2644.274	2644.856	2642.389	2642.944	3481	0	160
2024.10.08	00:00:00	2642.962	2645.150	2642.320	2643.641	5058	0	159
2024.10.08	01:00:00	2643.665	2647.898	2637.861	2647.297	14679	0	159
2024.10.08	02:00:00	2647.253	2648.317	2633.726	2635.733	15943	0	159
2024.10.08	03:00:00	2635.699	2645.798	2635.207	2642.990	9486	0	159
2024.10.08	04:00:00	2642.952	2643.843	2641.282	2643.069	4787	0	159
2024.10.08	05:00:00	2643.027	2646.404	2641.526	2645.014	7359	0	159
2024.10.08	06:00:00	2644.998	2646.429	2635.595	2636.410	9856	0	159
2024.10.08	07:00:00	2636.374	2638.536	2631.100	2633.951	12072	0	159
2024.10.08	08:00:00	2633.977	2640.322	2628.487	2637.973	10652	0	159
2024.10.08	09:00:00	2637.963	2641.971	2635.718	2641.340	7338	0	159
2024.10.08	10:00:00	2641.339	2647.434	2639.719	2646.234	7499	0	159
2024.10.08	11:00:00	2646.269	2651.936	2646.159	2650.745	8876	0	159
2024.10.08	12:00:00	2650.739	2652.982	2639.738	2645.963	13718	0	159
2024.10.08	13:00:00	2645.919	2647.695	2636.588	2639.632	20884	0	159
2024.10.08	14:00:00	2639.674	2640.364	2619.494	2620.941	28946	0	159
2024.10.08	15:00:00	2620.973	2621.151	2604.686	2612.939	20923	0	159
2024.10.08	16:00:00	2613.016	2616.265	2606.663	2608.992	11038	0	159
2024.10.08	17:00:00	2609.031	2618.103	2605.443	2614.557	11027	0	159
2024.10.08	18:00:00	2614.527	2616.945	2613.762	2615.658	6341	0	159
2024.10.08	19:00:00	2615.668	2623.574	2614.864	2622.921	6291	0	159
2024.10.08	20:00:00	2622.963	2623.087	2618.811	2621.872	3924	0	159
2024.10.08	22:00:00	2621.786	2622.414	2620.542	2621.929	2114	0	159
2024.10.08	23:00:00	2621.951	2623.813	2621.151	2621.868	3264	0	159
2024.10.09	00:00:00	2621.868	2623.237	2620.963	2621.140	4750	0	159
2024.10.09	01:00:00	2621.167	2624.263	2618.287	2619.992	10652	0	159
2024.10.09	02:00:00	2620.028	2620.392	2616.847	2618.428	7489	0	159
2024.10.09	03:00:00	2618.408	2618.921	2614.848	2617.072	6397	0	159
2024.10.09	04:00:00	2617.035	2618.627	2615.404	2615.945	3534	0	159
2024.10.09	05:00:00	2615.906	2624.321	2615.632	2619.677	8679	0	159
2024.10.09	06:00:00	2619.644	2619.644	2610.611	2612.722	9385	0	159
2024.10.09	07:00:00	2612.808	2615.600	2609.139	2611.628	8358	0	159
2024.10.09	08:00:00	2611.669	2617.373	2610.405	2616.210	7981	0	159
2024.10.09	09:00:00	2616.184	2618.567	2614.582	2617.956	6528	0	159
2024.10.09	10:00:00	2617.996	2621.534	2616.041	2621.004	5717	0	159
2024.10.09	11:00:00	2620.976	2622.450	2616.910	2619.022	6332	0	159
2024.10.09	12:00:00	2619.061	2622.458	2615.300	2618.859	9784	0	159
2024.10.09	13:00:00	2618.890	2620.725	2606.875	2609.612	19383	0	159
2024.10.09	14:00:00	2609.586	2611.887	2605.189	2609.826	15437	0	159
2024.10.09	15:00:00	2609.784	2617.933	2609.391	2614.845	12201	0	159
2024.10.09	16:00:00	2614.861	2615.888	2607.778	2608.684	8053	0	159
2024.10.09	17:00:00	2608.702	2609.944	2606.372	2609.654	6734	0	159
2024.10.09	18:00:00	2609.723	2611.105	2605.116	2606.416	6003	0	159
2024.10.09	19:00:00	2606.451	2610.155	2606.266	2609.087	4750	0	159
2024.10.09	20:00:00	2609.150	2609.477	2606.881	2607.741	2851	0	160
2024.10.09	22:00:00	2608.184	2608.981	2607.436	2608.804	2171	0	159
2024.10.09	23:00:00	2608.882	2609.441	2607.907	2608.476	2164	0	159
2024.10.10	00:00:00	2608.438	2610.146	2605.904	2609.328	4679	0	159
2024.10.10	01:00:00	2609.326	2612.494	2606.769	2609.087	9014	0	159
2024.10.10	02:00:00	2609.052	2615.580	2607.950	2615.234	7356	0	159
2024.10.10	03:00:00	2615.267	2616.900	2611.390	2611.762	6922	0	159
2024.10.10	04:00:00	2611.724	2614.725	2611.492	2613.856	4043	0	159
2024.10.10	05:00:00	2613.892	2615.531	2612.461	2613.260	5983	0	159
2024.10.10	06:00:00	2613.307	2616.422	2610.545	2612.419	6628	0	159
2024.10.10	07:00:00	2612.398	2617.066	2610.202	2616.657	7763	0	159
2024.10.10	08:00:00	2616.695	2617.352	2613.497	2615.408	6032	0	159
2024.10.10	09:00:00	2615.487	2618.437	2614.301	2617.141	5243	0	159
2024.10.10	10:00:00	2617.173	2618.448	2615.519	2617.914	4825	0	159
2024.10.10	11:00:00	2617.888	2618.912	2611.306	2612.980	7139	0	159
2024.10.10	12:00:00	2613.013	2627.300	2602.164	2625.081	24176	0	159
2024.10.10	13:00:00	2625.046	2627.934	2615.681	2626.657	26382	0	159
2024.10.10	14:00:00	2626.754	2629.794	2622.644	2625.393	19174	0	159
2024.10.10	15:00:00	2625.431	2626.206	2618.722	2623.615	11316	0	159
2024.10.10	16:00:00	2623.619	2629.106	2618.717	2619.263	10117	0	159
2024.10.10	17:00:00	2619.230	2626.265	2616.442	2623.788	9671	0	159
2024.10.10	18:00:00	2623.868	2629.111	2623.254	2626.494	6221	0	159
2024.10.10	19:00:00	2626.500	2631.359	2625.931	2629.160	5369	0	159
2024.10.10	20:00:00	2629.135	2631.485	2628.804	2629.638	3201	0	159
2024.10.10	22:00:00	2629.120	2629.169	2628.071	2628.232	2240	0	160
2024.10.10	23:00:00	2628.237	2636.032	2628.237	2633.149	4681	0	160
2024.10.11	00:00:00	2633.161	2634.472	2631.952	2633.908	5798	0	159
2024.10.11	01:00:00	2633.896	2637.964	2632.944	2637.745	8723	0	159
2024.10.11	02:00:00	2637.712	2644.092	2635.222	2642.356	8494	0	159
2024.10.11	03:00:00	2642.324	2646.040	2640.650	2645.483	6075	0	159
2024.10.11	04:00:00	2645.510	2646.110	2643.901	2645.610	3741	0	159
2024.10.11	05:00:00	2645.570	2645.965	2643.155	2644.682	4759	0	159
2024.10.11	06:00:00	2644.723	2647.204	2638.037	2639.551	8717	0	159
2024.10.11	07:00:00	2639.506	2645.552	2638.283	2645.355	6318	0	159
2024.10.11	08:00:00	2645.317	2646.198	2639.003	2639.239	5516	0	159
2024.10.11	09:00:00	2639.247	2641.642	2636.153	2637.910	6005	0	159
2024.10.11	10:00:00	2637.870	2642.241	2636.976	2641.641	4944	0	159
2024.10.11	11:00:00	2641.679	2644.796	2638.658	2644.635	5974	0	159
2024.10.11	12:00:00	2644.599	2650.109	2640.610	2642.976	13366	0	159
2024.10.11	13:00:00	2643.009	2653.396	2642.623	2649.749	15766	0	159
2024.10.11	14:00:00	2649.580	2655.379	2646.480	2653.034	13329	0	159
2024.10.11	15:00:00	2653.027	2659.318	2653.027	2658.776	8831	0	159
2024.10.11	16:00:00	2658.784	2661.462	2657.857	2660.475	7058	0	159
2024.10.11	17:00:00	2660.487	2661.196	2656.304	2659.474	6013	0	159
2024.10.11	18:00:00	2659.440	2659.518	2656.123	2658.597	4837	0	159
2024.10.11	19:00:00	2658.587	2658.831	2655.240	2656.122	4596	0	159
2024.10.11	20:00:00	2656.160	2657.207	2654.728	2656.836	2817	0	160
2024.10.13	22:00:00	2650.086	2652.472	2646.866	2650.375	5932	0	159
2024.10.13	23:00:00	2650.378	2650.705	2647.617	2648.091	3896	0	159
2024.10.14	00:00:00	2648.131	2648.348	2645.112	2646.683	4930	0	159
2024.10.14	01:00:00	2646.682	2648.438	2643.556	2646.064	10528	0	159
2024.10.14	02:00:00	2646.031	2655.468	2643.075	2655.131	9050	0	159
2024.10.14	03:00:00	2655.124	2657.455	2653.761	2655.553	6194	0	159
2024.10.14	04:00:00	2655.556	2660.391	2655.194	2659.153	3717	0	160
2024.10.14	05:00:00	2659.172	2660.723	2657.106	2658.987	5351	0	159
2024.10.14	06:00:00	2658.979	2666.867	2657.468	2664.058	9693	0	159
2024.10.14	07:00:00	2664.019	2665.166	2659.101	2660.395	7248	0	159
2024.10.14	08:00:00	2660.396	2661.881	2658.278	2659.452	5859	0	159
2024.10.14	09:00:00	2659.476	2662.995	2656.732	2658.523	5602	0	159
2024.10.14	10:00:00	2658.519	2660.855	2655.743	2655.813	5828	0	159
2024.10.14	11:00:00	2655.828	2656.877	2650.987	2652.184	7181	0	160
2024.10.14	12:00:00	2652.174	2654.563	2649.217	2651.352	8905	0	159
2024.10.14	13:00:00	2651.307	2661.162	2647.662	2655.583	15597	0	159
2024.10.14	14:00:00	2655.543	2657.021	2644.729	2645.690	15242	0	159
2024.10.14	15:00:00	2645.725	2649.092	2643.940	2646.733	8733	0	159
2024.10.14	16:00:00	2646.795	2649.725	2645.745	2648.549	5440	0	159
2024.10.14	17:00:00	2648.517	2649.930	2647.240	2648.604	4352	0	159
2024.10.14	18:00:00	2648.610	2650.940	2648.389	2649.195	3524	0	159
2024.10.14	19:00:00	2649.257	2652.575	2646.993	2652.395	5051	0	159
2024.10.14	20:00:00	2652.437	2653.329	2646.075	2648.860	3345	0	159
2024.10.14	22:00:00	2647.876	2650.346	2647.415	2650.013	2186	0	160
2024.10.14	23:00:00	2650.011	2650.991	2648.901	2649.351	2656	0	159
2024.10.15	00:00:00	2649.419	2650.232	2647.813	2648.145	4301	0	159
2024.10.15	01:00:00	2648.121	2651.277	2647.265	2648.429	7347	0	160
2024.10.15	02:00:00	2648.467	2652.769	2648.082	2651.649	6386	0	159
2024.10.15	03:00:00	2651.682	2651.715	2644.449	2645.705	6216	0	159
2024.10.15	04:00:00	2645.743	2645.743	2642.907	2644.372	5051	0	159
2024.10.15	05:00:00	2644.374	2644.374	2637.975	2641.824	8716	0	159
2024.10.15	06:00:00	2641.813	2649.220	2641.305	2648.610	8288	0	159
2024.10.15	07:00:00	2648.642	2653.947	2647.906	2650.758	8741	0	159
2024.10.15	08:00:00	2650.740	2655.778	2649.720	2653.859	7423	0	159
2024.10.15	09:00:00	2653.859	2655.509	2651.032	2653.569	6384	0	159
2024.10.15	10:00:00	2653.611	2656.771	2652.602	2653.026	5637	0	159
2024.10.15	11:00:00	2653.065	2654.543	2645.596	2647.749	7622	0	159
2024.10.15	12:00:00	2647.726	2657.431	2647.168	2648.287	10983	0	159
2024.10.15	13:00:00	2648.285	2653.342	2646.001	2648.609	17149	0	159
2024.10.15	14:00:00	2648.576	2664.150	2647.785	2659.781	19202	0	159
2024.10.15	15:00:00	2659.808	2665.158	2657.284	2664.637	12188	0	159
2024.10.15	16:00:00	2664.673	2668.930	2661.051	2661.873	8317	0	159
2024.10.15	17:00:00	2661.793	2662.729	2658.971	2662.676	3946	0	159
2024.10.15	18:00:00	2664.158	2665.825	2663.853	2665.152	1359	0	159
2024.10.15	19:00:00	2665.111	2666.475	2659.424	2661.602	5845	0	159
2024.10.15	20:00:00	2661.640	2663.110	2660.269	2662.980	2823	0	159
2024.10.15	22:00:00	2662.042	2662.866	2661.519	2662.103	1831	0	159
2024.10.15	23:00:00	2662.132	2662.616	2660.413	2660.500	2482	0	159
2024.10.16	00:00:00	2660.498	2660.544	2658.722	2660.161	4120	0	159
2024.10.16	01:00:00	2660.167	2668.020	2660.085	2668.020	10421	0	159
2024.10.16	02:00:00	2667.975	2670.155	2665.506	2668.045	7754	0	159
2024.10.16	03:00:00	2668.100	2669.214	2665.292	2667.156	6233	0	159
2024.10.16	04:00:00	2667.120	2668.260	2665.592	2666.686	4110	0	159
2024.10.16	05:00:00	2666.721	2670.586	2666.091	2669.419	6211	0	159
2024.10.16	06:00:00	2669.460	2677.704	2667.071	2677.168	13042	0	159
2024.10.16	07:00:00	2677.135	2677.490	2673.250	2676.115	7381	0	159
2024.10.16	08:00:00	2676.113	2680.176	2674.539	2679.465	6187	0	159
2024.10.16	09:00:00	2679.506	2682.759	2678.055	2680.221	6529	0	159
2024.10.16	10:00:00	2680.253	2681.006	2673.191	2674.263	7740	0	159
2024.10.16	11:00:00	2674.307	2680.635	2672.964	2678.331	7646	0	159
2024.10.16	12:00:00	2678.312	2681.969	2676.479	2681.711	10141	0	159
2024.10.16	13:00:00	2681.671	2685.394	2672.386	2675.055	18927	0	159
2024.10.16	14:00:00	2675.081	2681.436	2670.030	2672.130	18666	0	159
2024.10.16	15:00:00	2672.154	2675.703	2667.541	2669.985	12134	0	159
2024.10.16	16:00:00	2669.925	2674.201	2666.680	2674.143	8282	0	159
2024.10.16	17:00:00	2674.187	2676.320	2673.075	2675.240	6166	0	159
2024.10.16	18:00:00	2675.217	2676.704	2674.588	2674.995	4030	0	160
2024.10.16	19:00:00	2674.950	2675.013	2672.765	2674.690	4063	0	159
2024.10.16	20:00:00	2674.735	2674.988	2673.078	2673.614	1928	0	160
2024.10.16	22:00:00	2674.510	2674.996	2673.292	2673.730	2115	0	159
2024.10.16	23:00:00	2673.721	2674.739	2673.456	2674.087	1899	0	160
2024.10.17	00:00:00	2674.122	2677.953	2674.069	2677.828	4164	0	159
2024.10.17	01:00:00	2677.894	2683.022	2676.463	2682.999	8346	0	159
2024.10.17	02:00:00	2683.024	2684.898	2678.885	2681.941	10762	0	159
2024.10.17	03:00:00	2681.905	2682.242	2674.531	2676.610	7489	0	159
2024.10.17	04:00:00	2676.651	2679.762	2676.397	2679.074	4622	0	159
2024.10.17	05:00:00	2679.060	2684.294	2678.032	2683.507	7755	0	159
2024.10.17	06:00:00	2683.536	2685.756	2679.981	2681.121	10532	0	159
2024.10.17	07:00:00	2681.165	2683.814	2678.878	2681.953	9015	0	159
2024.10.17	08:00:00	2681.981	2683.880	2680.017	2681.802	6299	0	159
2024.10.17	09:00:00	2681.805	2682.085	2676.949	2679.481	6652	0	159
2024.10.17	10:00:00	2679.458	2688.826	2679.026	2687.480	6617	0	159
2024.10.17	11:00:00	2687.443	2688.435	2680.778	2681.298	6579	0	159
2024.10.17	12:00:00	2681.258	2682.259	2673.155	2680.646	17945	0	159
2024.10.17	13:00:00	2680.603	2690.139	2677.780	2688.717	19425	0	159
2024.10.17	14:00:00	2688.753	2696.541	2684.720	2695.643	19936	0	159
2024.10.17	15:00:00	2695.602	2696.788	2687.543	2693.271	13675	0	159
2024.10.17	16:00:00	2693.365	2693.403	2683.959	2692.202	10109	0	159
2024.10.17	17:00:00	2692.234	2694.202	2690.433	2691.990	6710	0	159
2024.10.17	18:00:00	2691.971	2692.228	2689.165	2689.577	5132	0	159
2024.10.17	19:00:00	2689.572	2692.583	2688.858	2691.954	3913	0	159
2024.10.17	20:00:00	2692.006	2692.958	2690.958	2692.719	2396	0	160
2024.10.17	22:00:00	2692.423	2693.375	2692.318	2692.617	1625	0	159
2024.10.17	23:00:00	2692.618	2694.411	2692.309	2693.709	1996	0	160
2024.10.18	00:00:00	2693.670	2695.827	2692.765	2693.061	4517	0	159
2024.10.18	01:00:00	2693.018	2706.793	2692.789	2704.637	11736	0	159
2024.10.18	02:00:00	2704.529	2711.964	2703.977	2708.138	11779	0	159
2024.10.18	03:00:00	2708.062	2710.848	2706.957	2709.959	7040	0	159
2024.10.18	04:00:00	2709.944	2711.410	2708.751	2710.142	4029	0	159
2024.10.18	05:00:00	2710.164	2714.080	2710.044	2711.467	7483	0	159
2024.10.18	06:00:00	2711.429	2711.625	2702.643	2707.415	13844	0	159
2024.10.18	07:00:00	2707.382	2709.151	2702.233	2702.272	7722	0	159
2024.10.18	08:00:00	2702.281	2706.264	2701.682	2706.255	5826	0	159
2024.10.18	09:00:00	2706.243	2713.162	2706.135	2711.383	7095	0	159
2024.10.18	10:00:00	2711.412	2713.204	2707.944	2712.514	6559	0	159
2024.10.18	11:00:00	2712.506	2713.109	2707.963	2709.779	8418	0	159
2024.10.18	12:00:00	2709.808	2717.075	2709.133	2709.605	10118	0	159
2024.10.18	13:00:00	2709.566	2715.828	2704.921	2713.649	21345	0	159
2024.10.18	14:00:00	2713.624	2720.131	2712.095	2717.466	15454	0	159
2024.10.18	15:00:00	2717.363	2719.172	2713.575	2714.813	10812	0	159
2024.10.18	16:00:00	2714.846	2719.024	2714.686	2717.549	6948	0	159
2024.10.18	17:00:00	2717.585	2720.071	2713.576	2715.924	6877	0	159
2024.10.18	18:00:00	2715.923	2721.281	2715.490	2720.225	5582	0	159
2024.10.18	19:00:00	2720.269	2720.504	2718.028	2719.624	5618	0	159
2024.10.18	20:00:00	2719.665	2722.633	2719.181	2721.778	3661	0	159
2024.10.20	22:00:00	2723.092	2723.839	2720.179	2723.564	3435	0	159
2024.10.20	23:00:00	2723.527	2725.132	2722.363	2723.416	3992	0	159
2024.10.21	00:00:00	2723.457	2725.830	2721.425	2721.616	6480	0	159
2024.10.21	01:00:00	2721.659	2729.291	2721.040	2726.429	17236	0	159
2024.10.21	02:00:00	2726.442	2731.482	2724.750	2730.741	9699	0	159
2024.10.21	03:00:00	2730.697	2732.826	2729.348	2731.512	6666	0	159
2024.10.21	04:00:00	2731.514	2731.974	2729.552	2730.381	3895	0	160
2024.10.21	05:00:00	2730.385	2730.422	2724.436	2724.886	7654	0	159
2024.10.21	06:00:00	2724.851	2730.597	2723.554	2730.240	8339	0	159
2024.10.21	07:00:00	2730.284	2732.500	2725.333	2730.312	7701	0	159
2024.10.21	08:00:00	2730.322	2733.120	2729.357	2731.328	6545	0	159
2024.10.21	09:00:00	2731.341	2736.899	2730.725	2734.519	7787	0	159
2024.10.21	10:00:00	2734.540	2734.965	2727.706	2733.362	8255	0	159
2024.10.21	11:00:00	2733.317	2738.128	2732.955	2734.419	8785	0	159
2024.10.21	12:00:00	2734.458	2739.794	2732.731	2738.688	12857	0	159
2024.10.21	13:00:00	2738.713	2740.561	2733.687	2738.973	19451	0	159
2024.10.21	14:00:00	2739.045	2739.545	2722.236	2725.224	24141	0	159
2024.10.21	15:00:00	2725.268	2727.116	2716.833	2720.119	18724	0	159
2024.10.21	16:00:00	2720.093	2724.009	2718.086	2723.499	8495	0	159
2024.10.21	17:00:00	2723.539	2725.598	2721.596	2722.796	6978	0	159
2024.10.21	18:00:00	2722.788	2723.253	2715.325	2716.464	6085	0	159
2024.10.21	19:00:00	2716.424	2721.025	2714.178	2719.854	7672	0	159
2024.10.21	20:00:00	2719.810	2720.972	2718.823	2719.873	3158	0	159
2024.10.21	22:00:00	2718.770	2721.754	2718.707	2720.760	2072	0	159
2024.10.21	23:00:00	2720.726	2722.592	2720.380	2721.483	2591	0	159
2024.10.22	00:00:00	2721.478	2725.184	2720.633	2724.830	5415	0	159
2024.10.22	01:00:00	2724.866	2730.330	2723.917	2728.161	9684	0	159
2024.10.22	02:00:00	2728.120	2730.678	2727.690	2728.789	6195	0	159
2024.10.22	03:00:00	2728.763	2733.081	2728.660	2731.019	5895	0	159
2024.10.22	04:00:00	2730.967	2736.022	2730.967	2734.712	5601	0	159
2024.10.22	05:00:00	2734.733	2735.117	2729.015	2730.435	6232	0	160
2024.10.22	06:00:00	2730.397	2737.141	2729.575	2735.064	7592	0	159
2024.10.22	07:00:00	2735.016	2736.256	2732.456	2733.656	5889	0	159
2024.10.22	08:00:00	2733.617	2738.400	2731.433	2734.917	6966	0	159
2024.10.22	09:00:00	2734.915	2736.066	2729.809	2731.462	6710	0	159
2024.10.22	10:00:00	2731.435	2739.358	2730.481	2738.843	7828	0	159
2024.10.22	11:00:00	2738.887	2739.283	2729.436	2731.976	8220	0	159
2024.10.22	12:00:00	2732.010	2738.036	2731.553	2736.164	11335	0	159
2024.10.22	13:00:00	2736.202	2742.068	2735.417	2735.831	16331	0	159
2024.10.22	14:00:00	2735.775	2743.223	2733.713	2741.814	16632	0	159
2024.10.22	15:00:00	2741.851	2744.206	2736.822	2737.562	10529	0	159
2024.10.22	16:00:00	2737.521	2745.550	2737.117	2745.259	7850	0	159
2024.10.22	17:00:00	2745.301	2748.375	2743.528	2746.684	7751	0	159
2024.10.22	18:00:00	2746.718	2747.227	2744.102	2744.659	5474	0	159
2024.10.22	19:00:00	2744.621	2748.905	2743.827	2748.306	5126	0	159
2024.10.22	20:00:00	2748.354	2748.863	2746.755	2748.585	3550	0	159
2024.10.22	22:00:00	2747.854	2748.354	2747.021	2747.305	1782	0	159
2024.10.22	23:00:00	2747.304	2748.080	2745.820	2746.550	2053	0	160
2024.10.23	00:00:00	2746.557	2747.037	2744.725	2745.213	3972	0	159
2024.10.23	01:00:00	2745.255	2747.217	2737.920	2738.623	9298	0	160
2024.10.23	02:00:00	2738.575	2741.059	2737.816	2738.952	7027	0	159
2024.10.23	03:00:00	2738.906	2747.018	2738.238	2746.047	6791	0	159
2024.10.23	04:00:00	2746.054	2750.677	2745.347	2749.921	6208	0	159
2024.10.23	05:00:00	2749.928	2753.288	2748.803	2751.441	7470	0	159
2024.10.23	06:00:00	2751.406	2753.188	2748.096	2750.513	7550	0	159
2024.10.23	07:00:00	2750.470	2755.632	2749.254	2754.874	6363	0	159
2024.10.23	08:00:00	2754.913	2758.508	2754.574	2756.845	5615	0	159
2024.10.23	09:00:00	2756.890	2757.622	2749.830	2750.622	7923	0	159
2024.10.23	10:00:00	2750.643	2752.519	2749.675	2750.742	6302	0	159
2024.10.23	11:00:00	2750.736	2752.911	2749.134	2749.967	6740	0	159
2024.10.23	12:00:00	2749.932	2750.514	2740.762	2743.369	12365	0	159
2024.10.23	13:00:00	2743.407	2744.216	2731.595	2737.442	25759	0	159
2024.10.23	14:00:00	2737.508	2738.698	2716.402	2717.801	29590	0	159
2024.10.23	15:00:00	2717.827	2722.563	2708.604	2721.726	19486	0	159
2024.10.23	16:00:00	2721.692	2723.275	2718.470	2719.363	10245	0	159
2024.10.23	17:00:00	2719.308	2720.656	2713.743	2716.684	9128	0	159
2024.10.23	18:00:00	2716.659	2716.659	2711.932	2714.102	8134	0	159
2024.10.23	19:00:00	2714.017	2718.215	2713.218	2716.202	6154	0	159
2024.10.23	20:00:00	2716.236	2716.647	2714.143	2715.544	3475	0	159
2024.10.23	22:00:00	2715.190	2718.306	2715.156	2718.000	2448	0	159
2024.10.23	23:00:00	2718.049	2721.885	2718.049	2721.258	3476	0	159
2024.10.24	00:00:00	2721.219	2721.401	2717.761	2721.184	5791	0	159
2024.10.24	01:00:00	2721.282	2726.698	2720.292	2723.737	11008	0	159
2024.10.24	02:00:00	2723.740	2724.488	2720.220	2723.377	7920	0	159
2024.10.24	03:00:00	2723.382	2724.034	2721.392	2722.877	4977	0	159
2024.10.24	04:00:00	2722.882	2727.182	2722.824	2726.516	4459	0	159
2024.10.24	05:00:00	2726.507	2729.746	2725.779	2728.951	5812	0	159
2024.10.24	06:00:00	2728.930	2736.565	2728.290	2735.210	8585	0	159
2024.10.24	07:00:00	2735.169	2737.121	2732.148	2733.540	7865	0	159
2024.10.24	08:00:00	2733.613	2737.894	2732.489	2736.807	6976	0	159
2024.10.24	09:00:00	2736.768	2739.204	2735.844	2736.469	5761	0	159
2024.10.24	10:00:00	2736.515	2739.199	2736.222	2736.722	5162	0	159
2024.10.24	11:00:00	2736.767	2739.696	2735.074	2738.556	6621	0	159
2024.10.24	12:00:00	2738.464	2741.591	2734.634	2739.094	10620	0	159
2024.10.24	13:00:00	2739.138	2743.208	2729.556	2733.539	17706	0	159
2024.10.24	14:00:00	2733.586	2736.157	2722.364	2732.339	20208	0	159
2024.10.24	15:00:00	2732.302	2734.345	2726.750	2731.099	12379	0	159
2024.10.24	16:00:00	2731.091	2735.562	2725.758	2733.576	10598	0	159
2024.10.24	17:00:00	2733.554	2737.067	2732.870	2735.345	8041	0	159
2024.10.24	18:00:00	2735.381	2737.727	2734.447	2735.578	6093	0	159
2024.10.24	19:00:00	2735.611	2737.012	2733.424	2737.012	5112	0	159
2024.10.24	20:00:00	2737.119	2737.144	2735.027	2735.706	2567	0	159
2024.10.24	22:00:00	2735.683	2736.089	2734.529	2734.577	1760	0	159
2024.10.24	23:00:00	2734.584	2735.490	2733.622	2733.844	2197	0	160
2024.10.25	00:00:00	2733.885	2734.884	2731.305	2732.430	4153	0	159
2024.10.25	01:00:00	2732.472	2735.199	2729.788	2730.022	8274	0	159
2024.10.25	02:00:00	2729.979	2730.156	2726.136	2728.423	6730	0	159
2024.10.25	03:00:00	2728.380	2728.380	2724.376	2726.041	5318	0	159
2024.10.25	04:00:00	2726.077	2727.792	2723.863	2725.994	4574	0	159
2024.10.25	05:00:00	2726.033	2729.850	2726.005	2728.464	6505	0	159
2024.10.25	06:00:00	2728.477	2732.567	2724.961	2732.186	7801	0	159
2024.10.25	07:00:00	2732.148	2732.148	2725.880	2726.375	6792	0	159
2024.10.25	08:00:00	2726.464	2727.060	2718.805	2719.429	8545	0	159
2024.10.25	09:00:00	2719.320	2721.400	2716.956	2721.232	7076	0	159
2024.10.25	10:00:00	2721.338	2722.670	2717.166	2722.217	6386	0	159
2024.10.25	11:00:00	2722.224	2729.391	2721.205	2724.181	8238	0	159
2024.10.25	12:00:00	2724.208	2732.506	2723.198	2731.435	8928	0	159
2024.10.25	13:00:00	2731.474	2732.130	2725.195	2727.638	14935	0	159
2024.10.25	14:00:00	2727.705	2740.563	2727.670	2738.444	16072	0	159
2024.10.25	15:00:00	2738.423	2742.028	2736.444	2737.131	9384	0	159
2024.10.25	16:00:00	2737.093	2739.394	2733.864	2739.173	7913	0	159
2024.10.25	17:00:00	2739.198	2745.022	2738.693	2744.246	6335	0	159
2024.10.25	18:00:00	2744.285	2744.695	2741.234	2742.059	5338	0	159
2024.10.25	19:00:00	2742.055	2744.410	2740.300	2742.519	5426	0	159
2024.10.25	20:00:00	2742.561	2747.774	2742.469	2747.023	4214	0	159
2024.10.27	22:00:00	2733.443	2736.182	2730.340	2734.546	7106	0	159
2024.10.27	23:00:00	2734.571	2740.210	2734.563	2735.815	5686	0	159
2024.10.28	00:00:00	2735.783	2736.301	2732.145	2732.466	6196	0	159
2024.10.28	01:00:00	2732.433	2732.962	2724.631	2732.264	12838	0	159
2024.10.28	02:00:00	2732.261	2735.564	2730.662	2734.186	6609	0	159
2024.10.28	03:00:00	2734.129	2734.683	2729.584	2729.702	5499	0	159
2024.10.28	04:00:00	2729.629	2733.480	2729.059	2732.910	4085	0	159
2024.10.28	05:00:00	2732.954	2738.766	2731.083	2738.385	6158	0	159
2024.10.28	06:00:00	2738.393	2744.515	2737.466	2740.573	8723	0	159
2024.10.28	07:00:00	2740.582	2743.665	2735.795	2738.919	7172	0	159
2024.10.28	08:00:00	2738.887	2740.869	2731.383	2731.953	8332	0	159
2024.10.28	09:00:00	2731.923	2734.011	2728.386	2729.294	7545	0	159
2024.10.28	10:00:00	2729.256	2733.309	2727.811	2732.234	6731	0	159
2024.10.28	11:00:00	2732.242	2732.869	2729.683	2732.319	6088	0	159
2024.10.28	12:00:00	2732.312	2734.884	2731.171	2734.343	7838	0	159
2024.10.28	13:00:00	2734.299	2743.459	2732.811	2740.888	13941	0	159
2024.10.28	14:00:00	2740.851	2745.917	2738.873	2744.215	12572	0	159
2024.10.28	15:00:00	2744.244	2744.673	2739.645	2740.704	9871	0	159
2024.10.28	16:00:00	2740.671	2744.968	2739.976	2742.670	6305	0	159
2024.10.28	17:00:00	2742.658	2744.896	2740.270	2743.358	5806	0	159
2024.10.28	18:00:00	2743.396	2743.470	2740.169	2741.811	4835	0	159
2024.10.28	19:00:00	2741.851	2743.487	2740.313	2742.498	4421	0	159
2024.10.28	20:00:00	2742.464	2743.024	2741.320	2742.284	2521	0	159
2024.10.28	22:00:00	2741.724	2742.340	2739.774	2742.019	2223	0	160
2024.10.28	23:00:00	2742.009	2744.427	2741.124	2744.427	2761	0	160
2024.10.29	00:00:00	2744.379	2746.796	2743.267	2745.758	4246	0	159
2024.10.29	01:00:00	2745.746	2752.452	2745.566	2752.022	8743	0	159
2024.10.29	02:00:00	2752.071	2757.750	2750.466	2752.927	9641	0	159
2024.10.29	03:00:00	2752.905	2753.342	2748.598	2751.681	6721	0	159
2024.10.29	04:00:00	2751.677	2755.299	2751.287	2754.708	4235	0	159
2024.10.29	05:00:00	2754.752	2756.854	2749.732	2750.008	7422	0	159
2024.10.29	06:00:00	2749.960	2756.552	2748.898	2755.759	7365	0	159
2024.10.29	07:00:00	2755.722	2756.339	2751.918	2752.459	5952	0	159
2024.10.29	08:00:00	2752.499	2755.054	2746.303	2754.554	9347	0	159
2024.10.29	09:00:00	2754.593	2756.663	2750.096	2752.451	7424	0	159
2024.10.29	10:00:00	2752.494	2753.156	2747.383	2749.855	6876	0	159
2024.10.29	11:00:00	2749.857	2753.373	2746.190	2751.774	7507	0	159
2024.10.29	12:00:00	2751.806	2753.744	2748.937	2749.100	8299	0	159
2024.10.29	13:00:00	2749.073	2763.961	2748.142	2760.795	16334	0	159
2024.10.29	14:00:00	2760.811	2771.730	2760.811	2769.536	19271	0	159
2024.10.29	15:00:00	2769.571	2770.452	2760.778	2764.241	14441	0	159
2024.10.29	16:00:00	2764.219	2770.255	2764.128	2769.345	8525	0	159
2024.10.29	17:00:00	2769.343	2772.600	2766.262	2769.778	9322	0	159
2024.10.29	18:00:00	2769.808	2773.518	2768.207	2772.925	5975	0	159
2024.10.29	19:00:00	2772.919	2774.755	2771.000	2772.196	4947	0	159
2024.10.29	20:00:00	2772.165	2774.752	2771.823	2774.347	3035	0	159
2024.10.29	22:00:00	2773.558	2775.397	2772.943	2774.553	2236	0	160
2024.10.29	23:00:00	2774.561	2775.117	2773.367	2774.915	2744	0	159
2024.10.30	00:00:00	2774.943	2779.163	2774.778	2778.090	4998	0	160
2024.10.30	01:00:00	2778.145	2782.150	2776.956	2781.673	8693	0	159
2024.10.30	02:00:00	2781.707	2781.872	2776.048	2780.417	7251	0	159
2024.10.30	03:00:00	2780.462	2781.258	2777.187	2778.924	6048	0	159
2024.10.30	04:00:00	2778.930	2781.007	2777.395	2780.161	3673	0	159
2024.10.30	05:00:00	2780.123	2784.975	2777.939	2783.123	6070	0	159
2024.10.30	06:00:00	2783.124	2789.821	2781.228	2787.049	7826	0	159
2024.10.30	07:00:00	2787.087	2788.103	2780.447	2782.222	6924	0	159
2024.10.30	08:00:00	2782.257	2784.587	2779.541	2781.982	7319	0	159
2024.10.30	09:00:00	2781.885	2784.629	2780.275	2784.557	5616	0	159
2024.10.30	10:00:00	2784.560	2786.529	2780.110	2780.196	5543	0	159
2024.10.30	11:00:00	2780.160	2782.076	2778.213	2778.580	6394	0	159
2024.10.30	12:00:00	2778.556	2783.441	2773.618	2782.443	11673	0	159
2024.10.30	13:00:00	2782.549	2787.509	2770.830	2777.436	23312	0	159
2024.10.30	14:00:00	2777.455	2781.702	2775.108	2780.302	17744	0	159
2024.10.30	15:00:00	2780.268	2785.936	2771.956	2784.634	13191	0	159
2024.10.30	16:00:00	2784.675	2787.487	2783.002	2785.404	8003	0	159
2024.10.30	17:00:00	2785.351	2789.575	2783.887	2788.623	6859	0	159
2024.10.30	18:00:00	2788.575	2790.075	2787.265	2787.763	5073	0	159
2024.10.30	19:00:00	2787.801	2788.128	2784.470	2787.285	5175	0	159
2024.10.30	20:00:00	2787.333	2788.038	2784.777	2786.412	3539	0	159
2024.10.30	22:00:00	2787.459	2788.067	2786.207	2787.491	2658	0	160
2024.10.30	23:00:00	2787.460	2788.085	2785.215	2785.490	2500	0	159
2024.10.31	00:00:00	2785.489	2788.265	2784.648	2787.535	3771	0	159
2024.10.31	01:00:00	2787.572	2790.069	2783.554	2784.639	7069	0	159
2024.10.31	02:00:00	2784.655	2789.007	2784.376	2787.108	6200	0	159
2024.10.31	03:00:00	2787.076	2788.459	2784.321	2784.547	4449	0	159
2024.10.31	04:00:00	2784.598	2785.400	2782.088	2784.456	4404	0	159
2024.10.31	05:00:00	2784.427	2786.563	2782.618	2785.082	6689	0	159
2024.10.31	06:00:00	2785.086	2786.006	2779.688	2779.863	7456	0	159
2024.10.31	07:00:00	2779.819	2784.051	2778.054	2782.060	6943	0	159
2024.10.31	08:00:00	2782.028	2783.153	2776.893	2779.013	6698	0	159
2024.10.31	09:00:00	2779.097	2780.181	2776.972	2778.245	5865	0	159
2024.10.31	10:00:00	2778.213	2781.148	2773.305	2780.817	7140	0	159
2024.10.31	11:00:00	2780.865	2782.602	2776.691	2779.413	6649	0	159
2024.10.31	12:00:00	2779.414	2781.941	2771.911	2773.711	11764	0	159
2024.10.31	13:00:00	2773.611	2773.962	2754.467	2755.386	24449	0	159
2024.10.31	14:00:00	2755.348	2756.906	2734.619	2734.775	27606	0	159
2024.10.31	15:00:00	2734.749	2740.935	2731.515	2740.576	18089	0	159
2024.10.31	16:00:00	2740.617	2743.688	2738.004	2740.737	10535	0	159
2024.10.31	17:00:00	2740.762	2743.815	2738.206	2739.573	7323	0	159
2024.10.31	18:00:00	2739.568	2748.010	2739.567	2746.949	8535	0	159
2024.10.31	19:00:00	2746.918	2749.747	2745.709	2746.442	6471	0	159
2024.10.31	20:00:00	2746.407	2748.168	2743.269	2743.892	4030	0	159
2024.10.31	22:00:00	2743.947	2747.658	2743.904	2746.157	2502	0	159
2024.10.31	23:00:00	2746.174	2747.908	2745.411	2746.691	3095	0	160
2024.11.01	00:00:00	2746.672	2747.341	2744.815	2745.045	4242	0	159
2024.11.01	01:00:00	2745.045	2749.996	2744.819	2749.637	9252	0	159
2024.11.01	02:00:00	2749.605	2750.956	2745.756	2748.677	7901	0	159
2024.11.01	03:00:00	2748.708	2751.878	2747.426	2751.770	5864	0	159
2024.11.01	04:00:00	2751.728	2752.962	2750.690	2752.219	3422	0	159
2024.11.01	05:00:00	2752.209	2755.190	2751.608	2754.988	5633	0	159
2024.11.01	06:00:00	2754.959	2757.649	2751.250	2752.054	7846	0	159
2024.11.01	07:00:00	2752.050	2753.113	2747.065	2749.627	5923	0	159
2024.11.01	08:00:00	2749.589	2755.057	2748.518	2753.354	7429	0	159
2024.11.01	09:00:00	2753.388	2755.480	2748.049	2751.311	6812	0	159
2024.11.01	10:00:00	2751.346	2751.877	2744.818	2749.590	6461	0	159
2024.11.01	11:00:00	2749.630	2754.090	2749.567	2752.873	6500	0	159
2024.11.01	12:00:00	2752.892	2759.891	2749.489	2753.799	17388	0	159
2024.11.01	13:00:00	2753.834	2762.216	2752.110	2756.016	19610	0	159
2024.11.01	14:00:00	2755.991	2758.888	2739.674	2747.153	25039	0	159
2024.11.01	15:00:00	2747.179	2750.261	2742.554	2744.720	12776	0	159
2024.11.01	16:00:00	2744.706	2746.199	2740.376	2743.128	9480	0	159
2024.11.01	17:00:00	2743.161	2743.947	2735.015	2736.305	8558	0	159
2024.11.01	18:00:00	2736.296	2738.048	2733.427	2736.204	6951	0	159
2024.11.01	19:00:00	2736.180	2737.022	2733.120	2734.121	6099	0	159
2024.11.01	20:00:00	2734.077	2736.773	2733.266	2736.690	3639	0	159
2024.11.03	23:00:00	2732.846	2740.334	2732.577	2738.352	5452	0	159
2024.11.04	00:00:00	2738.379	2741.016	2736.974	2740.398	5007	0	159
2024.11.04	01:00:00	2740.361	2741.398	2735.343	2739.912	9848	0	159
2024.11.04	02:00:00	2739.902	2740.995	2736.971	2739.966	6530	0	159
2024.11.04	03:00:00	2739.969	2742.401	2739.318	2740.989	5553	0	159
2024.11.04	04:00:00	2740.952	2742.260	2739.652	2740.976	3747	0	159
2024.11.04	05:00:00	2740.969	2743.732	2737.648	2741.516	6235	0	159
2024.11.04	06:00:00	2741.515	2741.594	2735.728	2741.383	6843	0	159
2024.11.04	07:00:00	2741.422	2744.781	2735.070	2735.837	6739	0	159
2024.11.04	08:00:00	2735.806	2738.429	2731.807	2733.351	7989	0	159
2024.11.04	09:00:00	2733.339	2744.093	2732.515	2743.239	8199	0	159
2024.11.04	10:00:00	2743.280	2745.304	2737.181	2738.627	6805	0	159
2024.11.04	11:00:00	2738.613	2741.011	2736.397	2740.611	6149	0	159
2024.11.04	12:00:00	2740.534	2744.021	2739.443	2743.377	6427	0	159
2024.11.04	13:00:00	2743.349	2746.763	2738.726	2746.691	11692	0	159
2024.11.04	14:00:00	2746.721	2748.189	2737.892	2743.330	12770	0	159
2024.11.04	15:00:00	2743.330	2745.534	2737.670	2738.505	13998	0	159
2024.11.04	16:00:00	2738.529	2738.994	2732.314	2734.109	9894	0	159
2024.11.04	17:00:00	2734.145	2738.462	2731.711	2738.362	7443	0	159
2024.11.04	18:00:00	2738.396	2739.295	2735.608	2738.210	6503	0	159
2024.11.04	19:00:00	2738.254	2739.706	2737.215	2738.304	4910	0	159
2024.11.04	20:00:00	2738.245	2738.571	2736.346	2737.363	4694	0	159
2024.11.04	21:00:00	2737.374	2737.597	2736.054	2736.492	1973	0	159
2024.11.04	23:00:00	2737.663	2737.908	2736.008	2736.008	2301	0	160
2024.11.05	00:00:00	2736.046	2736.677	2734.045	2735.086	3612	0	159
2024.11.05	01:00:00	2735.092	2736.138	2732.917	2734.215	6940	0	159
2024.11.05	02:00:00	2734.195	2735.280	2724.694	2728.384	9981	0	159
2024.11.05	03:00:00	2728.351	2736.004	2727.665	2735.296	6740	0	159
2024.11.05	04:00:00	2735.240	2736.359	2733.035	2734.419	4767	0	159
2024.11.05	05:00:00	2734.365	2737.291	2731.845	2732.584	5694	0	159
2024.11.05	06:00:00	2732.590	2738.790	2731.697	2737.772	7037	0	159
2024.11.05	07:00:00	2737.736	2741.352	2735.136	2736.532	5595	0	159
2024.11.05	08:00:00	2736.492	2743.233	2732.090	2742.447	7731	0	159
2024.11.05	09:00:00	2742.487	2745.031	2738.856	2739.873	6499	0	159
2024.11.05	10:00:00	2739.839	2740.195	2735.595	2737.921	6354	0	159
2024.11.05	11:00:00	2737.952	2743.019	2737.952	2741.600	6420	0	159
2024.11.05	12:00:00	2741.697	2743.132	2737.509	2737.962	5697	0	159
2024.11.05	13:00:00	2737.996	2746.759	2736.274	2744.670	10120	0	159
2024.11.05	14:00:00	2744.614	2749.960	2741.437	2746.736	11939	0	159
2024.11.05	15:00:00	2746.728	2746.728	2732.921	2741.957	15689	0	159
2024.11.05	16:00:00	2742.001	2744.579	2736.327	2738.983	8854	0	159
2024.11.05	17:00:00	2739.014	2743.645	2738.171	2741.987	6321	0	159
2024.11.05	18:00:00	2741.974	2743.956	2739.358	2741.265	6290	0	159
2024.11.05	19:00:00	2741.232	2742.288	2739.479	2740.513	4898	0	159
2024.11.05	20:00:00	2740.549	2743.467	2739.619	2743.014	4584	0	159
2024.11.05	21:00:00	2743.026	2744.954	2742.539	2743.836	2338	0	160
2024.11.05	23:00:00	2742.570	2746.441	2742.423	2745.692	3352	0	159
2024.11.06	00:00:00	2745.686	2745.686	2735.316	2737.865	9912	0	159
2024.11.06	01:00:00	2737.963	2749.681	2732.609	2747.072	17381	0	159
2024.11.06	02:00:00	2747.045	2748.413	2736.778	2737.485	17827	0	159
2024.11.06	03:00:00	2737.518	2743.536	2730.639	2734.081	17488	0	159
2024.11.06	04:00:00	2734.119	2743.083	2733.156	2741.762	10334	0	159
2024.11.06	05:00:00	2741.852	2743.708	2736.371	2739.030	12326	0	159
2024.11.06	06:00:00	2739.006	2739.320	2701.319	2707.088	34033	0	159
2024.11.06	07:00:00	2707.065	2733.170	2704.114	2725.921	21747	0	159
2024.11.06	08:00:00	2725.870	2733.796	2722.721	2724.506	16059	0	159
2024.11.06	09:00:00	2724.473	2728.509	2716.426	2724.559	12526	0	159
2024.11.06	10:00:00	2724.535	2727.147	2718.673	2720.219	9181	0	159
2024.11.06	11:00:00	2720.262	2722.780	2696.018	2699.272	16727	0	159
2024.11.06	12:00:00	2699.231	2708.066	2693.246	2695.129	19559	0	159
2024.11.06	13:00:00	2695.141	2695.141	2659.070	2664.117	43080	0	159
2024.11.06	14:00:00	2664.091	2670.442	2652.335	2659.749	33668	0	159
2024.11.06	15:00:00	2659.834	2675.932	2657.383	2675.715	25679	0	159
2024.11.06	16:00:00	2675.752	2678.273	2662.863	2666.246	15359	0	159
2024.11.06	17:00:00	2666.249	2669.218	2661.574	2663.229	9972	0	159
2024.11.06	18:00:00	2663.258	2669.601	2662.805	2665.607	10102	0	159
2024.11.06	19:00:00	2665.647	2668.505	2664.916	2667.091	7446	0	159
2024.11.06	20:00:00	2667.055	2667.748	2659.290	2660.676	6463	0	159
2024.11.06	21:00:00	2660.634	2662.338	2658.958	2658.980	2843	0	159
2024.11.06	23:00:00	2660.168	2664.337	2659.911	2664.048	3685	0	159
2024.11.07	00:00:00	2664.035	2664.261	2660.905	2661.512	4888	0	159
2024.11.07	01:00:00	2661.483	2663.948	2643.208	2649.452	18559	0	159
2024.11.07	02:00:00	2649.437	2657.639	2649.437	2657.417	10611	0	159
2024.11.07	03:00:00	2657.460	2661.237	2655.559	2659.156	7865	0	159
2024.11.07	04:00:00	2659.199	2659.678	2654.119	2654.555	5566	0	159
2024.11.07	05:00:00	2654.608	2660.700	2654.608	2659.200	6744	0	159
2024.11.07	06:00:00	2659.175	2659.526	2652.794	2657.015	8929	0	159
2024.11.07	07:00:00	2656.976	2667.596	2656.164	2663.309	9803	0	159
2024.11.07	08:00:00	2663.349	2666.662	2657.423	2657.638	9024	0	159
2024.11.07	09:00:00	2657.606	2666.018	2657.435	2661.676	7549	0	159
2024.11.07	10:00:00	2661.636	2668.431	2659.794	2666.600	7491	0	159
2024.11.07	11:00:00	2666.552	2668.096	2663.835	2666.144	6331	0	159
2024.11.07	12:00:00	2666.266	2674.130	2664.276	2673.591	9354	0	159
2024.11.07	13:00:00	2673.641	2685.119	2672.339	2684.486	19242	0	159
2024.11.07	14:00:00	2684.527	2694.953	2682.348	2691.832	17629	0	159
2024.11.07	15:00:00	2691.800	2700.185	2690.028	2698.698	15710	0	159
2024.11.07	16:00:00	2698.687	2699.517	2690.604	2695.717	13615	0	159
2024.11.07	17:00:00	2695.756	2700.279	2694.253	2699.326	7895	0	159
2024.11.07	18:00:00	2699.277	2699.421	2693.937	2695.512	6831	0	159
2024.11.07	19:00:00	2695.647	2698.053	2687.424	2694.266	24043	0	159
2024.11.07	20:00:00	2694.308	2710.360	2692.817	2704.430	14572	0	159
2024.11.07	21:00:00	2704.451	2708.569	2703.624	2707.146	4026	0	159
2024.11.07	23:00:00	2704.674	2708.008	2704.108	2706.866	3521	0	159
2024.11.08	00:00:00	2706.870	2710.418	2705.577	2706.289	4755	0	159
2024.11.08	01:00:00	2706.338	2707.590	2699.041	2699.913	11486	0	159
2024.11.08	02:00:00	2699.868	2701.057	2695.096	2697.554	8825	0	159
2024.11.08	03:00:00	2697.516	2700.573	2694.034	2695.113	6509	0	159
2024.11.08	04:00:00	2695.083	2696.109	2693.237	2693.582	4978	0	159
2024.11.08	05:00:00	2693.587	2696.362	2693.580	2695.200	5882	0	159
2024.11.08	06:00:00	2695.183	2695.747	2685.963	2686.440	9604	0	159
2024.11.08	07:00:00	2686.408	2687.811	2680.286	2687.362	8371	0	159
2024.11.08	08:00:00	2687.404	2691.839	2681.906	2688.695	14359	0	159
2024.11.08	09:00:00	2688.653	2690.997	2687.070	2689.228	8220	0	159
2024.11.08	10:00:00	2689.302	2689.302	2681.983	2688.539	7629	0	159
2024.11.08	11:00:00	2688.577	2694.917	2686.704	2691.912	7146	0	159
2024.11.08	12:00:00	2691.937	2693.148	2686.153	2691.940	7895	0	159
2024.11.08	13:00:00	2691.909	2701.083	2687.842	2697.554	16250	0	159
2024.11.08	14:00:00	2697.598	2704.061	2687.750	2691.502	18733	0	159
2024.11.08	15:00:00	2691.495	2692.893	2683.379	2687.552	17575	0	159
2024.11.08	16:00:00	2687.499	2689.283	2682.813	2683.332	10857	0	159
2024.11.08	17:00:00	2683.385	2688.643	2683.385	2687.831	8535	0	159
2024.11.08	18:00:00	2687.833	2688.823	2683.847	2684.905	7138	0	159
2024.11.08	19:00:00	2684.946	2687.486	2683.238	2687.057	5551	0	159
2024.11.08	20:00:00	2687.023	2688.549	2684.948	2685.140	5554	0	159
2024.11.08	21:00:00	2685.098	2685.787	2682.983	2684.758	5219	0	159
2024.11.10	23:00:00	2683.161	2685.651	2681.526	2685.605	3698	0	159
2024.11.11	00:00:00	2685.638	2686.141	2682.553	2683.987	4226	0	159
2024.11.11	01:00:00	2683.961	2684.864	2671.830	2673.036	13523	0	159
2024.11.11	02:00:00	2673.065	2675.199	2666.444	2671.901	9499	0	159
2024.11.11	03:00:00	2671.937	2671.946	2667.985	2670.269	5622	0	159
2024.11.11	04:00:00	2670.272	2672.367	2668.826	2672.144	5180	0	159
2024.11.11	05:00:00	2672.160	2674.282	2666.928	2669.227	7256	0	159
2024.11.11	06:00:00	2669.237	2674.063	2668.373	2673.197	6526	0	159
2024.11.11	07:00:00	2673.229	2674.082	2668.818	2669.561	7336	0	159
2024.11.11	08:00:00	2669.516	2671.713	2667.549	2669.558	8052	0	159
2024.11.11	09:00:00	2669.523	2670.819	2663.837	2666.826	8595	0	159
2024.11.11	10:00:00	2666.789	2675.377	2660.881	2661.984	8931	0	159
2024.11.11	11:00:00	2661.944	2667.005	2658.992	2662.647	9249	0	159
2024.11.11	12:00:00	2662.672	2663.232	2656.676	2657.321	8726	0	159
2024.11.11	13:00:00	2657.282	2657.565	2634.253	2635.587	23137	0	159
2024.11.11	14:00:00	2635.545	2635.729	2617.704	2622.458	27363	0	159
2024.11.11	15:00:00	2622.483	2626.290	2613.422	2614.599	16200	0	159
2024.11.11	16:00:00	2614.558	2618.135	2612.595	2615.243	11089	0	159
2024.11.11	17:00:00	2615.219	2616.927	2611.407	2612.601	7931	0	159
2024.11.11	18:00:00	2612.564	2619.377	2610.530	2618.900	6569	0	159
2024.11.11	19:00:00	2618.938	2620.672	2617.790	2619.271	5250	0	159
2024.11.11	20:00:00	2619.316	2626.187	2619.233	2622.043	5248	0	159
2024.11.11	21:00:00	2622.008	2623.126	2619.276	2619.613	2854	0	159
2024.11.11	23:00:00	2620.155	2624.124	2619.767	2624.038	2798	0	160
2024.11.12	00:00:00	2624.027	2625.280	2622.195	2624.035	4437	0	159
2024.11.12	01:00:00	2624.084	2627.186	2619.119	2624.075	10412	0	159
2024.11.12	02:00:00	2624.045	2625.459	2620.405	2622.067	8111	0	159
2024.11.12	03:00:00	2622.048	2623.789	2618.717	2618.924	5494	0	160
2024.11.12	04:00:00	2618.875	2619.099	2615.558	2617.694	5652	0	159
2024.11.12	05:00:00	2617.740	2618.165	2605.341	2606.860	11549	0	159
2024.11.12	06:00:00	2606.823	2610.127	2603.421	2607.929	11887	0	159
2024.11.12	07:00:00	2607.886	2609.001	2595.164	2598.273	14110	0	159
2024.11.12	08:00:00	2598.309	2606.511	2598.119	2600.641	12042	0	159
2024.11.12	09:00:00	2600.567	2600.788	2590.758	2593.297	11905	0	159
2024.11.12	10:00:00	2593.303	2598.612	2589.657	2596.642	10183	0	159
2024.11.12	11:00:00	2596.605	2599.214	2592.672	2597.845	11517	0	159
2024.11.12	12:00:00	2597.820	2607.099	2597.820	2605.204	15161	0	159
2024.11.12	13:00:00	2605.235	2616.385	2604.397	2611.527	18495	0	159
2024.11.12	14:00:00	2611.566	2617.068	2608.855	2610.429	17776	0	159
2024.11.12	15:00:00	2610.364	2611.788	2597.387	2598.437	16804	0	159
2024.11.12	16:00:00	2598.479	2604.219	2597.812	2600.824	12978	0	159
2024.11.12	17:00:00	2600.799	2601.149	2592.430	2597.431	10091	0	159
2024.11.12	18:00:00	2597.475	2602.125	2596.416	2599.183	8025	0	159
2024.11.12	19:00:00	2599.217	2601.394	2597.927	2598.191	5062	0	159
2024.11.12	20:00:00	2598.166	2601.390	2595.112	2599.785	6049	0	159
2024.11.12	21:00:00	2599.821	2600.758	2597.198	2598.344	3434	0	160
2024.11.12	23:00:00	2598.073	2599.800	2597.649	2598.952	2322	0	160
2024.11.13	00:00:00	2599.010	2599.943	2598.002	2599.348	3500	0	159
2024.11.13	01:00:00	2599.389	2611.231	2599.389	2608.066	11039	0	159
2024.11.13	02:00:00	2608.106	2612.592	2605.154	2612.085	7661	0	159
2024.11.13	03:00:00	2612.055	2613.333	2606.419	2611.547	6606	0	159
2024.11.13	04:00:00	2611.579	2612.405	2606.038	2606.219	5345	0	159
2024.11.13	05:00:00	2606.279	2607.948	2603.490	2605.799	6601	0	159
2024.11.13	06:00:00	2605.768	2607.461	2604.194	2605.434	6990	0	159
2024.11.13	07:00:00	2605.394	2607.446	2604.251	2606.115	6212	0	159
2024.11.13	08:00:00	2606.166	2610.707	2601.031	2607.661	9687	0	159
2024.11.13	09:00:00	2607.622	2611.665	2607.300	2608.666	7404	0	159
2024.11.13	10:00:00	2608.623	2610.431	2606.955	2609.058	6049	0	159
2024.11.13	11:00:00	2609.052	2611.659	2605.780	2610.783	6040	0	159
2024.11.13	12:00:00	2610.848	2612.742	2608.838	2609.692	7055	0	159
2024.11.13	13:00:00	2609.726	2618.841	2607.146	2612.319	22282	0	159
2024.11.13	14:00:00	2612.223	2616.390	2601.027	2602.031	22560	0	159
2024.11.13	15:00:00	2602.007	2606.863	2593.564	2605.385	22738	0	159
2024.11.13	16:00:00	2605.341	2605.975	2584.707	2585.736	17115	0	159
2024.11.13	17:00:00	2585.830	2586.803	2577.507	2583.409	14188	0	159
2024.11.13	18:00:00	2583.364	2585.504	2579.513	2582.697	10272	0	159
2024.11.13	19:00:00	2582.659	2584.916	2580.552	2581.004	6799	0	159
2024.11.13	20:00:00	2580.971	2581.187	2572.926	2573.830	7972	0	159
2024.11.13	21:00:00	2573.783	2577.085	2572.589	2573.064	3692	0	159
2024.11.13	23:00:00	2571.948	2581.410	2569.214	2570.989	9213	0	159
2024.11.14	00:00:00	2571.012	2574.791	2569.612	2572.457	5047	0	159
2024.11.14	01:00:00	2572.458	2572.975	2561.500	2562.570	13874	0	159
2024.11.14	02:00:00	2562.533	2564.583	2558.875	2560.596	9053	0	159
2024.11.14	03:00:00	2560.565	2565.090	2559.877	2560.708	6237	0	159
2024.11.14	04:00:00	2560.718	2565.256	2559.240	2565.130	5205	0	159
2024.11.14	05:00:00	2565.134	2565.134	2555.280	2558.575	8350	0	159
2024.11.14	06:00:00	2558.543	2560.509	2551.893	2554.996	9289	0	159
2024.11.14	07:00:00	2555.037	2558.947	2550.361	2557.014	10244	0	159
2024.11.14	08:00:00	2556.972	2559.782	2554.463	2556.150	9302	0	159
2024.11.14	09:00:00	2556.108	2558.352	2536.747	2543.526	15183	0	159
2024.11.14	10:00:00	2543.568	2548.022	2539.029	2547.016	10497	0	159
2024.11.14	11:00:00	2547.055	2555.044	2545.124	2553.579	11088	0	159
2024.11.14	12:00:00	2553.621	2556.901	2550.070	2552.212	10613	0	159
2024.11.14	13:00:00	2552.174	2560.315	2551.191	2557.053	20803	0	159
2024.11.14	14:00:00	2557.029	2565.948	2554.191	2559.733	21234	0	159
2024.11.14	15:00:00	2559.690	2572.945	2558.513	2570.179	18574	0	159
2024.11.14	16:00:00	2570.203	2577.433	2569.192	2573.913	11085	0	159
2024.11.14	17:00:00	2573.959	2575.888	2567.392	2572.957	9855	0	159
2024.11.14	18:00:00	2572.986	2573.442	2567.086	2569.921	7979	0	159
2024.11.14	19:00:00	2569.897	2576.959	2569.849	2575.970	6352	0	159
2024.11.14	20:00:00	2575.981	2576.524	2563.866	2567.246	16010	0	159
2024.11.14	21:00:00	2567.281	2569.557	2564.133	2565.310	4707	0	159
2024.11.14	23:00:00	2564.927	2567.276	2564.898	2566.899	2816	0	159
2024.11.15	00:00:00	2566.888	2567.681	2565.842	2566.879	4303	0	159
2024.11.15	01:00:00	2566.877	2571.677	2563.027	2565.024	8747	0	159
2024.11.15	02:00:00	2565.002	2571.066	2564.846	2570.127	7191	0	159
2024.11.15	03:00:00	2570.096	2571.149	2567.608	2567.756	5168	0	159
2024.11.15	04:00:00	2567.719	2569.538	2566.998	2567.028	3511	0	159
2024.11.15	05:00:00	2567.075	2567.230	2559.760	2559.989	6310	0	159
2024.11.15	06:00:00	2559.953	2563.556	2554.392	2561.478	9279	0	159
2024.11.15	07:00:00	2561.434	2564.914	2559.283	2563.730	7141	0	159
2024.11.15	08:00:00	2563.692	2569.007	2560.822	2566.776	9088	0	159
2024.11.15	09:00:00	2566.730	2568.980	2563.899	2563.996	7693	0	159
2024.11.15	10:00:00	2563.965	2570.433	2562.953	2567.852	8732	0	159
2024.11.15	11:00:00	2567.828	2573.393	2566.597	2570.774	7985	0	159
2024.11.15	12:00:00	2570.801	2571.093	2565.440	2569.086	7995	0	159
2024.11.15	13:00:00	2569.130	2575.745	2561.218	2565.310	23975	0	159
2024.11.15	14:00:00	2565.275	2575.649	2564.187	2572.763	22637	0	159
2024.11.15	15:00:00	2572.828	2576.070	2564.968	2570.733	18073	0	159
2024.11.15	16:00:00	2570.742	2573.291	2561.994	2562.177	12520	0	159
2024.11.15	17:00:00	2562.160	2564.757	2560.110	2562.944	9506	0	159
2024.11.15	18:00:00	2562.990	2567.788	2559.413	2567.508	7814	0	159
2024.11.15	19:00:00	2567.453	2568.050	2562.697	2563.849	5618	0	159
2024.11.15	20:00:00	2563.849	2563.862	2559.758	2562.282	6553	0	159
2024.11.15	21:00:00	2562.242	2563.702	2561.110	2562.969	3296	0	159
2024.11.17	23:00:00	2568.027	2575.523	2568.027	2571.445	5724	0	159
2024.11.18	00:00:00	2571.418	2577.184	2569.866	2576.575	5852	0	159
2024.11.18	01:00:00	2576.488	2597.414	2576.488	2586.998	19715	0	159
2024.11.18	02:00:00	2586.917	2595.135	2586.823	2591.105	10122	0	159
2024.11.18	03:00:00	2591.026	2592.530	2587.753	2589.863	6169	0	159
2024.11.18	04:00:00	2589.895	2593.197	2589.256	2592.244	4380	0	159
2024.11.18	05:00:00	2592.256	2592.383	2585.078	2585.580	6823	0	159
2024.11.18	06:00:00	2585.611	2587.678	2580.420	2585.969	9749	0	159
2024.11.18	07:00:00	2586.030	2587.109	2581.671	2582.838	7088	0	159
2024.11.18	08:00:00	2582.796	2590.050	2582.021	2585.661	9190	0	159
2024.11.18	09:00:00	2585.620	2597.258	2583.802	2595.651	9655	0	159
2024.11.18	10:00:00	2595.648	2596.706	2589.522	2593.993	8426	0	159
2024.11.18	11:00:00	2594.006	2595.405	2590.428	2594.412	7324	0	159
2024.11.18	12:00:00	2594.339	2597.175	2590.358	2595.112	8552	0	159
2024.11.18	13:00:00	2595.111	2605.064	2592.870	2603.939	13176	0	159
2024.11.18	14:00:00	2603.964	2610.251	2602.699	2608.155	15364	0	159
2024.11.18	15:00:00	2608.192	2613.390	2605.861	2612.936	11695	0	159
2024.11.18	16:00:00	2612.972	2615.087	2609.329	2611.587	9008	0	159
2024.11.18	17:00:00	2611.623	2611.923	2607.341	2610.484	6696	0	159
2024.11.18	18:00:00	2610.487	2612.024	2607.666	2611.106	5866	0	159
2024.11.18	19:00:00	2611.144	2612.622	2608.343	2609.848	5470	0	159
2024.11.18	20:00:00	2609.804	2611.512	2608.192	2610.222	5048	0	159
2024.11.18	21:00:00	2610.260	2612.361	2609.823	2611.721	3318	0	159
2024.11.18	23:00:00	2611.031	2613.107	2610.345	2612.704	2274	0	160
2024.11.19	00:00:00	2612.731	2613.746	2611.047	2613.332	3712	0	159
2024.11.19	01:00:00	2613.344	2617.814	2611.538	2615.622	9956	0	159
2024.11.19	02:00:00	2615.618	2624.124	2615.618	2622.427	8269	0	159
2024.11.19	03:00:00	2622.392	2625.591	2621.321	2624.435	6466	0	159
2024.11.19	04:00:00	2624.456	2625.134	2621.470	2622.948	4587	0	159
2024.11.19	05:00:00	2622.903	2623.401	2620.801	2622.516	6297	0	159
2024.11.19	06:00:00	2622.475	2626.636	2621.376	2625.086	7160	0	159
2024.11.19	07:00:00	2625.184	2625.324	2617.689	2619.057	7817	0	159
2024.11.19	08:00:00	2619.021	2627.045	2618.674	2626.364	10275	0	159
2024.11.19	09:00:00	2626.280	2634.483	2625.281	2630.240	14219	0	159
2024.11.19	10:00:00	2630.216	2636.506	2629.909	2635.048	8429	0	159
2024.11.19	11:00:00	2635.061	2636.008	2629.026	2629.639	7700	0	159
2024.11.19	12:00:00	2629.667	2639.374	2628.686	2639.205	9311	0	159
2024.11.19	13:00:00	2639.236	2639.438	2629.250	2635.244	17130	0	159
2024.11.19	14:00:00	2635.216	2636.926	2622.740	2623.518	21366	0	159
2024.11.19	15:00:00	2623.481	2628.683	2620.912	2624.443	15264	0	159
2024.11.19	16:00:00	2624.478	2628.446	2622.295	2626.400	10998	0	159
2024.11.19	17:00:00	2626.364	2633.132	2625.622	2628.114	7942	0	159
2024.11.19	18:00:00	2628.148	2630.387	2626.247	2630.105	6634	0	159
2024.11.19	19:00:00	2630.140	2631.545	2628.859	2630.678	5365	0	159
2024.11.19	20:00:00	2630.717	2634.574	2630.414	2633.683	4537	0	159
2024.11.19	21:00:00	2633.651	2633.908	2630.548	2632.059	3554	0	159
2024.11.19	23:00:00	2632.155	2635.536	2632.009	2635.161	2843	0	160
2024.11.20	00:00:00	2635.161	2639.079	2634.676	2637.790	4497	0	159
2024.11.20	01:00:00	2637.833	2641.487	2635.771	2639.618	8940	0	159
2024.11.20	02:00:00	2639.635	2641.847	2638.374	2640.225	6356	0	159
2024.11.20	03:00:00	2640.208	2641.212	2637.541	2637.977	4967	0	159
2024.11.20	04:00:00	2638.012	2638.772	2636.109	2636.586	3785	0	159
2024.11.20	05:00:00	2636.526	2638.488	2634.869	2636.853	5866	0	159
2024.11.20	06:00:00	2636.822	2637.086	2628.550	2629.529	9433	0	159
2024.11.20	07:00:00	2629.508	2630.209	2621.232	2621.591	8423	0	159
2024.11.20	08:00:00	2621.555	2624.455	2618.864	2624.128	8452	0	159
2024.11.20	09:00:00	2624.195	2625.703	2621.058	2621.966	7358	0	159
2024.11.20	10:00:00	2621.944	2626.200	2620.871	2625.089	6819	0	159
2024.11.20	11:00:00	2625.042	2628.172	2621.398	2628.085	7313	0	159
2024.11.20	12:00:00	2628.123	2632.423	2627.065	2631.793	7848	0	159
2024.11.20	13:00:00	2631.751	2640.474	2631.165	2636.024	11550	0	159
2024.11.20	14:00:00	2636.063	2646.466	2634.126	2643.143	14653	0	159
2024.11.20	15:00:00	2643.127	2648.932	2640.775	2648.810	11002	0	159
2024.11.20	16:00:00	2648.808	2650.824	2646.045	2650.603	9827	0	159
2024.11.20	17:00:00	2650.623	2655.433	2649.194	2651.825	8201	0	159
2024.11.20	18:00:00	2651.781	2652.149	2645.357	2648.593	8609	0	159
2024.11.20	19:00:00	2648.568	2653.137	2648.447	2650.872	6001	0	159
2024.11.20	20:00:00	2650.841	2651.191	2647.270	2648.907	6129	0	159
2024.11.20	21:00:00	2648.886	2650.486	2648.051	2649.955	4006	0	159
2024.11.20	23:00:00	2651.224	2652.940	2648.987	2652.111	2981	0	159
2024.11.21	00:00:00	2652.153	2658.813	2651.776	2658.455	4687	0	159
2024.11.21	01:00:00	2658.494	2660.466	2651.807	2653.328	8493	0	159
2024.11.21	02:00:00	2653.298	2658.178	2652.505	2653.698	6299	0	159
2024.11.21	03:00:00	2653.702	2657.248	2650.358	2656.901	5378	0	159
2024.11.21	04:00:00	2656.873	2658.997	2656.797	2656.929	3810	0	159
2024.11.21	05:00:00	2656.972	2658.142	2654.625	2656.848	5592	0	159
2024.11.21	06:00:00	2656.921	2662.236	2656.537	2661.412	6737	0	159
2024.11.21	07:00:00	2661.374	2664.723	2659.992	2663.099	6894	0	159
2024.11.21	08:00:00	2663.060	2670.302	2661.967	2668.826	8120	0	159
2024.11.21	09:00:00	2668.853	2671.699	2663.420	2668.812	8876	0	159
2024.11.21	10:00:00	2668.811	2670.362	2665.064	2669.877	6638	0	159
2024.11.21	11:00:00	2669.918	2673.522	2668.310	2671.448	6737	0	160
2024.11.21	12:00:00	2671.491	2671.816	2662.897	2663.336	7829	0	159
2024.11.21	13:00:00	2663.278	2667.722	2660.418	2665.385	16178	0	159
2024.11.21	14:00:00	2665.420	2671.597	2661.345	2664.956	16223	0	159
2024.11.21	15:00:00	2665.042	2670.549	2664.358	2667.636	14302	0	159
2024.11.21	16:00:00	2667.674	2669.744	2661.306	2664.688	12882	0	159
2024.11.21	17:00:00	2664.716	2672.803	2661.765	2671.715	8806	0	159
2024.11.21	18:00:00	2671.758	2673.126	2669.017	2672.341	7136	0	159
2024.11.21	19:00:00	2672.380	2673.516	2667.814	2669.684	6336	0	159
2024.11.21	20:00:00	2669.718	2671.839	2668.551	2671.444	5302	0	159
2024.11.21	21:00:00	2671.488	2671.906	2668.056	2669.610	3742	0	159
2024.11.21	23:00:00	2669.861	2669.996	2668.146	2669.159	2983	0	159
2024.11.22	00:00:00	2669.127	2673.575	2668.844	2673.130	4608	0	159
2024.11.22	01:00:00	2673.114	2679.441	2673.040	2677.835	9561	0	159
2024.11.22	02:00:00	2677.776	2686.425	2677.300	2685.985	7589	0	159
2024.11.22	03:00:00	2685.982	2690.519	2681.413	2686.153	8413	0	159
2024.11.22	04:00:00	2686.186	2692.380	2682.975	2688.701	6389	0	159
2024.11.22	05:00:00	2688.743	2689.114	2683.011	2686.668	8214	0	159
2024.11.22	06:00:00	2686.636	2693.252	2685.859	2692.866	8225	0	159
2024.11.22	07:00:00	2692.897	2698.978	2690.449	2696.457	8373	0	159
2024.11.22	08:00:00	2696.488	2700.465	2694.705	2697.262	11559	0	159
2024.11.22	09:00:00	2697.302	2707.458	2693.554	2703.322	13320	0	159
2024.11.22	10:00:00	2703.358	2708.590	2702.622	2707.639	9596	0	159
2024.11.22	11:00:00	2707.678	2710.127	2696.989	2698.867	10792	0	159
2024.11.22	12:00:00	2698.826	2705.018	2696.996	2702.997	9500	0	159
2024.11.22	13:00:00	2702.957	2704.139	2689.268	2692.957	18655	0	159
2024.11.22	14:00:00	2692.915	2696.334	2684.441	2694.772	20045	0	159
2024.11.22	15:00:00	2694.641	2705.073	2694.492	2703.681	16305	0	159
2024.11.22	16:00:00	2703.741	2706.646	2700.745	2705.121	10741	0	159
2024.11.22	17:00:00	2705.220	2707.320	2703.561	2706.753	7720	0	159
2024.11.22	18:00:00	2706.787	2711.418	2706.680	2710.778	7510	0	159
2024.11.22	19:00:00	2710.823	2711.452	2706.942	2708.221	5851	0	159
2024.11.22	20:00:00	2708.180	2708.860	2705.102	2705.841	6337	0	159
2024.11.22	21:00:00	2705.806	2715.662	2705.707	2715.573	5288	0	159
2024.11.24	23:00:00	2711.186	2721.437	2710.748	2719.756	8493	0	159
2024.11.25	00:00:00	2719.719	2720.143	2709.706	2710.636	8237	0	159
2024.11.25	01:00:00	2710.672	2711.156	2694.855	2701.201	22993	0	159
2024.11.25	02:00:00	2701.225	2704.511	2692.258	2695.264	11561	0	159
2024.11.25	03:00:00	2695.249	2697.434	2658.997	2672.236	25377	0	159
2024.11.25	04:00:00	2672.191	2676.370	2663.825	2672.543	11097	0	159
2024.11.25	05:00:00	2672.587	2674.026	2658.140	2664.661	16361	0	159
2024.11.25	06:00:00	2664.711	2670.099	2661.630	2666.858	15422	0	159
2024.11.25	07:00:00	2666.902	2672.587	2663.785	2667.774	11633	0	159
2024.11.25	08:00:00	2667.809	2673.572	2667.098	2671.963	11636	0	159
2024.11.25	09:00:00	2671.988	2675.212	2669.844	2673.866	8736	0	159
2024.11.25	10:00:00	2673.826	2678.094	2668.834	2677.665	7705	0	159
2024.11.25	11:00:00	2677.629	2688.768	2677.596	2686.776	8754	0	159
2024.11.25	12:00:00	2686.806	2687.096	2679.951	2680.955	9645	0	159
2024.11.25	13:00:00	2680.964	2687.863	2676.608	2678.239	18462	0	159
2024.11.25	14:00:00	2678.281	2678.756	2633.510	2641.241	44325	0	159
2024.11.25	15:00:00	2641.263	2641.712	2626.231	2628.404	24694	0	159
2024.11.25	16:00:00	2628.435	2639.392	2628.313	2631.987	15411	0	159
2024.11.25	17:00:00	2631.948	2634.215	2624.455	2627.804	11037	0	159
2024.11.25	18:00:00	2627.726	2628.527	2615.519	2618.827	12694	0	159
2024.11.25	19:00:00	2618.785	2626.211	2618.341	2625.804	7554	0	159
2024.11.25	20:00:00	2625.830	2628.740	2622.628	2626.139	7039	0	159
2024.11.25	21:00:00	2626.098	2628.362	2625.100	2625.642	3421	0	159
2024.11.25	23:00:00	2625.829	2628.564	2605.128	2610.455	11298	0	159
2024.11.26	00:00:00	2610.484	2624.556	2608.477	2619.816	13761	0	159
2024.11.26	01:00:00	2619.791	2632.216	2618.021	2628.103	17238	0	159
2024.11.26	02:00:00	2628.113	2630.533	2624.893	2625.376	10063	0	159
2024.11.26	03:00:00	2625.335	2631.077	2622.888	2630.366	7505	0	159
2024.11.26	04:00:00	2630.342	2631.447	2625.027	2626.416	5075	0	159
2024.11.26	05:00:00	2626.410	2626.539	2617.871	2624.308	8967	0	159
2024.11.26	06:00:00	2624.351	2626.009	2621.109	2622.131	9088	0	159
2024.11.26	07:00:00	2622.088	2622.889	2610.832	2614.036	9265	0	159
2024.11.26	08:00:00	2614.070	2618.289	2612.417	2613.471	10656	0	159
2024.11.26	09:00:00	2613.420	2627.147	2612.876	2625.969	10169	0	159
2024.11.26	10:00:00	2625.993	2633.153	2625.102	2631.381	9101	0	159
2024.11.26	11:00:00	2631.394	2633.226	2627.580	2633.202	8003	0	159
2024.11.26	12:00:00	2633.243	2634.819	2629.274	2630.963	9205	0	159
2024.11.26	13:00:00	2630.939	2641.989	2623.942	2629.925	19292	0	159
2024.11.26	14:00:00	2629.877	2633.836	2616.720	2622.621	22167	0	159
2024.11.26	15:00:00	2622.649	2632.810	2620.287	2629.512	15791	0	159
2024.11.26	16:00:00	2629.527	2631.485	2626.374	2628.711	10041	0	159
2024.11.26	17:00:00	2628.678	2628.678	2624.939	2624.939	7983	0	159
2024.11.26	18:00:00	2624.909	2624.909	2619.498	2623.412	9132	0	159
2024.11.26	19:00:00	2623.375	2629.018	2622.681	2628.025	7168	0	159
2024.11.26	20:00:00	2628.065	2632.873	2627.427	2631.742	5665	0	159
2024.11.26	21:00:00	2631.767	2633.587	2630.745	2632.720	3341	0	159
2024.11.26	23:00:00	2631.285	2634.138	2630.779	2632.254	3191	0	159
2024.11.27	00:00:00	2632.249	2633.120	2627.184	2627.677	3835	0	159
2024.11.27	01:00:00	2627.703	2632.741	2627.017	2631.387	8713	0	160
2024.11.27	02:00:00	2631.352	2640.527	2631.136	2637.510	8293	0	159
2024.11.27	03:00:00	2637.543	2639.453	2635.847	2637.722	5954	0	159
2024.11.27	04:00:00	2637.728	2640.656	2636.555	2638.996	3925	0	159
2024.11.27	05:00:00	2638.979	2645.772	2638.121	2641.989	6706	0	159
2024.11.27	06:00:00	2642.075	2647.938	2638.927	2647.665	9008	0	159
2024.11.27	07:00:00	2647.745	2648.503	2645.887	2646.630	6748	0	159
2024.11.27	08:00:00	2646.540	2653.676	2645.108	2653.440	9635	0	159
2024.11.27	09:00:00	2653.487	2653.920	2647.762	2648.430	6808	0	159
2024.11.27	10:00:00	2648.389	2649.966	2647.696	2648.541	5897	0	159
2024.11.27	11:00:00	2648.575	2652.347	2643.187	2651.103	7380	0	159
2024.11.27	12:00:00	2651.115	2655.004	2649.493	2651.150	7259	0	159
2024.11.27	13:00:00	2651.195	2658.181	2645.756	2656.204	14826	0	159
2024.11.27	14:00:00	2656.212	2656.896	2648.979	2651.342	13707	0	159
2024.11.27	15:00:00	2651.378	2651.535	2635.501	2642.655	21083	0	159
2024.11.27	16:00:00	2642.651	2644.290	2638.042	2638.972	12408	0	159
2024.11.27	17:00:00	2638.946	2642.842	2635.229	2637.304	8926	0	159
2024.11.27	18:00:00	2637.281	2640.748	2636.499	2638.859	6149	0	159
2024.11.27	19:00:00	2638.898	2639.455	2633.730	2634.710	5138	0	159
2024.11.27	20:00:00	2634.755	2639.030	2634.231	2637.035	5301	0	159
2024.11.27	21:00:00	2637.029	2637.507	2634.725	2635.706	2797	0	159
2024.11.27	23:00:00	2637.116	2637.941	2636.236	2637.168	2152	0	159
2024.11.28	00:00:00	2637.127	2638.432	2635.046	2635.678	3805	0	159
2024.11.28	01:00:00	2635.684	2636.315	2620.844	2628.729	19336	0	159
2024.11.28	02:00:00	2628.765	2630.178	2625.591	2628.166	7434	0	159
2024.11.28	03:00:00	2628.129	2632.186	2625.637	2630.275	5478	0	159
2024.11.28	04:00:00	2630.286	2634.010	2629.328	2631.224	3911	0	159
2024.11.28	05:00:00	2631.231	2634.106	2630.091	2633.355	5905	0	159
2024.11.28	06:00:00	2633.384	2639.614	2631.834	2636.730	6711	0	159
2024.11.28	07:00:00	2636.735	2639.309	2634.544	2637.344	5940	0	159
2024.11.28	08:00:00	2637.275	2646.279	2635.668	2644.118	7043	0	159
2024.11.28	09:00:00	2644.142	2647.977	2642.732	2646.089	6454	0	159
2024.11.28	10:00:00	2646.093	2649.641	2644.766	2647.486	5131	0	159
2024.11.28	11:00:00	2647.549	2649.504	2644.861	2646.884	5047	0	159
2024.11.28	12:00:00	2646.881	2647.215	2643.837	2646.087	5396	0	159
2024.11.28	13:00:00	2646.051	2647.897	2642.742	2647.009	9348	0	159
2024.11.28	14:00:00	2647.042	2647.931	2640.829	2641.324	6491	0	159
2024.11.28	15:00:00	2641.264	2643.085	2636.215	2638.104	7340	0	159
2024.11.28	16:00:00	2638.070	2642.458	2637.519	2642.003	5247	0	159
2024.11.28	17:00:00	2642.040	2642.305	2639.570	2640.912	3349	0	159
2024.11.28	18:00:00	2640.923	2641.070	2639.524	2640.603	524	0	160
2024.11.28	23:00:00	2638.680	2639.268	2637.144	2638.765	2374	0	160
2024.11.29	00:00:00	2638.730	2639.203	2635.626	2636.048	4405	0	159
2024.11.29	01:00:00	2636.065	2647.177	2633.989	2644.918	10898	0	159
2024.11.29	02:00:00	2644.871	2662.802	2644.762	2657.450	12252	0	159
2024.11.29	03:00:00	2657.484	2660.627	2654.707	2660.047	7139	0	159
2024.11.29	04:00:00	2660.020	2664.355	2658.323	2659.863	5448	0	159
2024.11.29	05:00:00	2659.798	2664.013	2659.324	2662.378	6793	0	159
2024.11.29	06:00:00	2662.336	2666.383	2661.646	2665.152	7609	0	159
2024.11.29	07:00:00	2665.198	2665.482	2658.992	2660.522	6200	0	159
2024.11.29	08:00:00	2660.557	2662.539	2654.471	2657.324	7105	0	159
2024.11.29	09:00:00	2657.289	2664.701	2655.847	2664.202	7618	0	159
2024.11.29	10:00:00	2664.158	2665.917	2661.310	2662.755	6684	0	159
2024.11.29	11:00:00	2662.755	2664.296	2659.431	2659.610	6362	0	159
2024.11.29	12:00:00	2659.653	2664.936	2658.949	2659.906	7109	0	159
2024.11.29	13:00:00	2659.950	2663.287	2656.120	2657.947	12353	0	159
2024.11.29	14:00:00	2657.990	2662.716	2651.825	2653.509	13554	0	159
2024.11.29	15:00:00	2653.547	2658.946	2650.537	2658.946	12809	0	159
2024.11.29	16:00:00	2659.002	2662.281	2657.920	2662.142	9713	0	159
2024.11.29	17:00:00	2662.154	2662.262	2657.496	2660.559	7198	0	159
2024.11.29	18:00:00	2660.604	2660.708	2655.230	2655.230	3241	0	159
2024.12.01	23:00:00	2649.036	2650.324	2643.057	2645.659	5625	0	159
2024.12.02	00:00:00	2645.701	2647.691	2629.954	2637.430	10399	0	159
2024.12.02	01:00:00	2637.392	2639.188	2622.897	2635.890	19972	0	159
2024.12.02	02:00:00	2635.876	2638.082	2625.498	2626.800	12491	0	159
2024.12.02	03:00:00	2626.745	2631.057	2624.033	2629.272	9841	0	159
2024.12.02	04:00:00	2629.235	2630.541	2626.152	2628.542	5769	0	159
2024.12.02	05:00:00	2628.546	2628.795	2621.818	2623.207	9338	0	159
2024.12.02	06:00:00	2623.170	2627.697	2621.841	2625.981	9466	0	159
2024.12.02	07:00:00	2625.958	2633.664	2625.279	2629.898	8057	0	159
2024.12.02	08:00:00	2629.859	2632.803	2626.514	2629.534	10253	0	159
2024.12.02	09:00:00	2629.511	2636.845	2628.536	2633.666	9268	0	159
2024.12.02	10:00:00	2633.624	2637.682	2633.318	2635.792	7275	0	159
2024.12.02	11:00:00	2635.771	2646.370	2635.659	2641.885	11426	0	159
2024.12.02	12:00:00	2641.837	2645.153	2639.094	2641.034	8666	0	159
2024.12.02	13:00:00	2640.991	2648.866	2637.048	2646.921	15719	0	159
2024.12.02	14:00:00	2646.895	2651.794	2642.469	2645.693	16062	0	159
2024.12.02	15:00:00	2645.786	2649.374	2640.201	2642.318	15862	0	159
2024.12.02	16:00:00	2642.359	2644.372	2638.560	2641.359	11504	0	159
2024.12.02	17:00:00	2641.316	2642.005	2637.321	2638.821	8303	0	159
2024.12.02	18:00:00	2638.834	2638.924	2633.546	2636.947	7529	0	159
2024.12.02	19:00:00	2636.997	2640.205	2636.578	2637.611	5498	0	159
2024.12.02	20:00:00	2637.577	2644.203	2635.288	2637.134	8001	0	159
2024.12.02	21:00:00	2637.104	2639.095	2636.489	2638.713	2941	0	159
2024.12.02	23:00:00	2638.603	2642.936	2638.400	2642.206	2864	0	159
2024.12.03	00:00:00	2642.199	2644.324	2640.497	2641.091	4690	0	159
2024.12.03	01:00:00	2641.107	2645.325	2634.033	2636.508	11135	0	159
2024.12.03	02:00:00	2636.523	2639.095	2634.409	2637.070	8541	0	159
2024.12.03	03:00:00	2637.017	2640.689	2636.230	2640.427	5563	0	159
2024.12.03	04:00:00	2640.441	2643.004	2638.286	2639.895	4824	0	159
2024.12.03	05:00:00	2639.858	2641.984	2637.080	2641.149	5678	0	159
2024.12.03	06:00:00	2641.185	2650.052	2641.185	2646.907	9925	0	159
2024.12.03	07:00:00	2646.933	2647.652	2644.414	2644.622	6724	0	159
2024.12.03	08:00:00	2644.597	2645.398	2639.169	2645.006	9912	0	159
2024.12.03	09:00:00	2645.040	2648.095	2643.854	2643.942	9963	0	159
2024.12.03	10:00:00	2643.957	2645.602	2642.465	2642.813	6149	0	159
2024.12.03	11:00:00	2642.795	2645.584	2642.673	2643.663	5286	0	159
2024.12.03	12:00:00	2643.671	2644.239	2638.159	2639.773	6464	0	159
2024.12.03	13:00:00	2639.823	2653.725	2637.682	2652.836	12267	0	159
2024.12.03	14:00:00	2652.874	2655.665	2645.727	2646.615	15939	0	159
2024.12.03	15:00:00	2646.637	2647.216	2635.174	2640.435	18258	0	159
2024.12.03	16:00:00	2640.444	2648.638	2638.837	2648.306	10899	0	159
2024.12.03	17:00:00	2648.330	2648.801	2643.409	2646.979	8304	0	159
2024.12.03	18:00:00	2646.946	2649.164	2643.053	2645.819	6800	0	159
2024.12.03	19:00:00	2645.858	2646.260	2640.149	2640.998	5773	0	159
2024.12.03	20:00:00	2640.936	2644.226	2640.626	2642.079	4805	0	159
2024.12.03	21:00:00	2642.114	2644.017	2641.899	2643.558	2891	0	159
2024.12.03	23:00:00	2642.906	2643.210	2641.130	2642.721	2530	0	160
2024.12.04	00:00:00	2642.725	2643.559	2639.534	2640.509	3685	0	159
2024.12.04	01:00:00	2640.548	2643.294	2637.602	2642.242	9095	0	159
2024.12.04	02:00:00	2642.212	2648.093	2641.980	2645.781	7805	0	159
2024.12.04	03:00:00	2645.824	2647.871	2643.133	2644.501	5991	0	159
2024.12.04	04:00:00	2644.480	2648.681	2643.720	2648.367	4452	0	159
2024.12.04	05:00:00	2648.334	2651.133	2647.556	2649.703	6280	0	159
2024.12.04	06:00:00	2649.717	2651.403	2647.379	2649.208	6695	0	159
2024.12.04	07:00:00	2649.229	2649.331	2640.312	2641.412	6880	0	159
2024.12.04	08:00:00	2641.331	2642.212	2636.590	2641.268	8269	0	159
2024.12.04	09:00:00	2641.311	2642.735	2638.645	2640.885	7252	0	159
2024.12.04	10:00:00	2640.930	2644.529	2640.232	2644.360	7082	0	159
2024.12.04	11:00:00	2644.375	2647.735	2643.422	2646.168	6949	0	159
2024.12.04	12:00:00	2646.203	2646.551	2636.181	2637.078	8629	0	159
2024.12.04	13:00:00	2637.050	2649.226	2632.330	2648.469	18732	0	159
2024.12.04	14:00:00	2648.429	2653.525	2645.062	2649.409	15954	0	159
2024.12.04	15:00:00	2649.434	2657.165	2648.735	2655.062	19063	0	159
2024.12.04	16:00:00	2655.095	2655.581	2646.943	2649.684	11258	0	159
2024.12.04	17:00:00	2649.709	2652.991	2648.456	2651.325	8111	0	159
2024.12.04	18:00:00	2651.333	2652.974	2648.799	2649.101	6835	0	159
2024.12.04	19:00:00	2649.125	2655.460	2646.793	2651.708	8188	0	159
2024.12.04	20:00:00	2651.673	2651.962	2648.066	2650.044	5578	0	159
2024.12.04	21:00:00	2650.077	2651.200	2648.903	2649.897	2967	0	160
2024.12.04	23:00:00	2649.852	2651.638	2648.707	2650.397	2618	0	160
2024.12.05	00:00:00	2650.404	2650.474	2647.685	2648.382	3886	0	160
2024.12.05	01:00:00	2648.416	2650.717	2646.167	2647.074	7473	0	160
2024.12.05	02:00:00	2647.113	2649.704	2645.259	2646.529	6263	0	159
2024.12.05	03:00:00	2646.522	2649.308	2644.600	2648.882	5001	0	159
2024.12.05	04:00:00	2648.866	2649.654	2645.751	2646.316	3727	0	159
2024.12.05	05:00:00	2646.284	2655.518	2645.500	2653.204	7194	0	159
2024.12.05	06:00:00	2653.159	2654.166	2646.566	2646.962	7774	0	159
2024.12.05	07:00:00	2646.926	2650.904	2645.325	2648.575	6685	0	159
2024.12.05	08:00:00	2648.622	2650.172	2642.005	2643.158	7138	0	159
2024.12.05	09:00:00	2643.163	2646.163	2641.821	2644.825	6546	0	159
2024.12.05	10:00:00	2644.836	2650.357	2644.658	2648.751	5811	0	159
2024.12.05	11:00:00	2648.727	2652.714	2648.129	2651.307	5761	0	159
2024.12.05	12:00:00	2651.351	2653.397	2647.471	2653.220	6983	0	159
2024.12.05	13:00:00	2653.251	2654.517	2644.298	2648.888	14086	0	159
2024.12.05	14:00:00	2648.895	2650.262	2639.571	2640.395	14262	0	159
2024.12.05	15:00:00	2640.356	2641.930	2631.797	2640.270	16806	0	159
2024.12.05	16:00:00	2640.232	2643.395	2632.835	2635.196	10821	0	159
2024.12.05	17:00:00	2635.228	2635.917	2623.687	2627.944	12183	0	159
2024.12.05	18:00:00	2627.952	2629.616	2623.444	2629.481	8560	0	159
2024.12.05	19:00:00	2629.523	2631.729	2628.628	2629.800	6226	0	159
2024.12.05	20:00:00	2629.774	2631.738	2627.977	2631.335	5545	0	159
2024.12.05	21:00:00	2631.357	2632.511	2630.975	2631.813	2528	0	160
2024.12.05	23:00:00	2632.066	2633.832	2631.418	2633.713	2509	0	160
2024.12.06	00:00:00	2633.721	2633.753	2628.195	2628.556	3604	0	159
2024.12.06	01:00:00	2628.592	2630.507	2612.931	2617.604	17066	0	159
2024.12.06	02:00:00	2617.596	2625.543	2616.890	2625.271	7890	0	159
2024.12.06	03:00:00	2625.310	2642.550	2624.861	2640.877	11071	0	159
2024.12.06	04:00:00	2640.875	2644.577	2640.127	2642.281	6092	0	159
2024.12.06	05:00:00	2642.306	2642.680	2635.306	2637.953	7487	0	159
2024.12.06	06:00:00	2637.915	2642.304	2636.355	2639.370	7562	0	159
2024.12.06	07:00:00	2639.328	2640.193	2635.915	2639.682	5853	0	159
2024.12.06	08:00:00	2639.655	2645.250	2637.687	2644.153	7286	0	159
2024.12.06	09:00:00	2644.198	2645.733	2639.763	2640.677	7146	0	159
2024.12.06	10:00:00	2640.698	2640.906	2633.502	2634.195	6133	0	159
2024.12.06	11:00:00	2634.203	2639.334	2632.344	2638.489	5868	0	159
2024.12.06	12:00:00	2638.412	2641.478	2635.686	2638.494	7863	0	159
2024.12.06	13:00:00	2638.451	2643.536	2631.219	2635.757	25058	0	159
2024.12.06	14:00:00	2635.730	2638.936	2624.045	2635.601	28263	0	159
2024.12.06	15:00:00	2635.627	2640.588	2632.549	2637.530	17843	0	159
2024.12.06	16:00:00	2637.563	2641.654	2635.542	2640.400	10849	0	159
2024.12.06	17:00:00	2640.434	2640.643	2634.180	2634.930	8423	0	159
2024.12.06	18:00:00	2634.976	2638.990	2634.074	2636.918	5338	0	159
2024.12.06	19:00:00	2637.024	2637.194	2632.902	2634.544	3170	0	468
2024.12.06	20:00:00	2634.661	2636.145	2631.228	2631.907	3116	0	468
2024.12.06	21:00:00	2631.980	2633.584	2630.872	2632.914	1956	0	469
2024.12.08	23:00:00	2642.963	2648.524	2636.316	2640.128	8067	0	159
2024.12.09	00:00:00	2640.128	2640.128	2627.525	2630.988	8914	0	159
2024.12.09	01:00:00	2630.944	2650.632	2630.868	2646.718	16531	0	159
2024.12.09	02:00:00	2646.723	2648.691	2640.928	2646.077	9161	0	159
2024.12.09	03:00:00	2646.035	2646.670	2638.256	2638.889	7953	0	159
2024.12.09	04:00:00	2638.842	2639.363	2634.553	2635.920	7061	0	159
2024.12.09	05:00:00	2635.961	2640.355	2635.863	2638.378	6889	0	159
2024.12.09	06:00:00	2638.342	2644.566	2638.110	2643.819	7649	0	159
2024.12.09	07:00:00	2643.820	2651.245	2643.026	2650.490	8291	0	159
2024.12.09	08:00:00	2650.523	2651.073	2646.072	2649.296	8077	0	159
2024.12.09	09:00:00	2649.282	2657.456	2648.760	2655.589	7815	0	159
2024.12.09	10:00:00	2655.668	2658.392	2653.477	2657.451	7066	0	159
2024.12.09	11:00:00	2657.443	2660.406	2653.379	2656.227	7154	0	159
2024.12.09	12:00:00	2656.184	2658.307	2653.280	2656.180	7347	0	159
2024.12.09	13:00:00	2656.219	2666.329	2654.693	2665.491	14775	0	159
2024.12.09	14:00:00	2665.517	2675.240	2662.623	2674.044	15731	0	159
2024.12.09	15:00:00	2673.994	2676.454	2666.629	2668.257	15584	0	159
2024.12.09	16:00:00	2668.221	2670.569	2665.590	2667.608	11514	0	159
2024.12.09	17:00:00	2667.597	2669.373	2663.593	2664.500	7059	0	159
2024.12.09	18:00:00	2664.557	2664.632	2661.637	2662.982	6520	0	159
2024.12.09	19:00:00	2662.954	2663.308	2658.854	2660.166	5152	0	159
2024.12.09	20:00:00	2660.203	2660.238	2656.649	2657.873	5039	0	159
2024.12.09	21:00:00	2657.921	2660.966	2657.832	2660.258	3371	0	159
2024.12.09	23:00:00	2660.787	2661.677	2659.619	2660.454	3053	0	159
2024.12.10	00:00:00	2660.476	2665.473	2657.958	2664.961	4702	0	159
2024.12.10	01:00:00	2664.991	2668.693	2660.568	2667.435	10522	0	159
2024.12.10	02:00:00	2667.500	2671.494	2666.171	2669.013	9123	0	159
2024.12.10	03:00:00	2668.977	2671.782	2665.414	2669.918	7622	0	159
2024.12.10	04:00:00	2669.942	2673.909	2669.569	2670.309	5643	0	159
2024.12.10	05:00:00	2670.335	2671.683	2668.247	2668.940	6698	0	159
2024.12.10	06:00:00	2668.897	2670.921	2665.671	2669.991	6775	0	159
2024.12.10	07:00:00	2669.977	2670.848	2663.647	2664.666	6120	0	159
2024.12.10	08:00:00	2664.606	2665.648	2661.154	2663.223	8401	0	159
2024.12.10	09:00:00	2663.180	2666.970	2661.633	2664.912	8005	0	159
2024.12.10	10:00:00	2664.938	2676.839	2664.456	2675.451	8716	0	159
2024.12.10	11:00:00	2675.460	2675.497	2669.767	2674.496	8549	0	159
2024.12.10	12:00:00	2674.539	2679.372	2672.662	2677.714	10694	0	159
2024.12.10	13:00:00	2677.755	2681.961	2672.308	2680.380	12359	0	159
2024.12.10	14:00:00	2680.432	2691.777	2679.462	2688.964	15484	0	159
2024.12.10	15:00:00	2688.917	2690.472	2684.478	2687.446	12551	0	159
2024.12.10	16:00:00	2687.446	2692.547	2684.557	2692.265	10228	0	159
2024.12.10	17:00:00	2692.304	2695.522	2690.432	2694.319	6426	0	159
2024.12.10	18:00:00	2694.260	2695.195	2691.850	2692.462	6154	0	159
2024.12.10	19:00:00	2692.435	2694.553	2691.060	2692.011	5064	0	159
2024.12.10	20:00:00	2691.976	2693.127	2690.877	2691.714	4352	0	159
2024.12.10	21:00:00	2691.758	2694.460	2691.590	2693.655	3012	0	160
2024.12.10	23:00:00	2693.658	2698.332	2693.584	2695.991	3838	0	159
2024.12.11	00:00:00	2695.930	2701.890	2693.416	2701.046	7597	0	159
2024.12.11	01:00:00	2701.082	2703.781	2696.609	2699.961	13900	0	159
2024.12.11	02:00:00	2700.017	2704.348	2698.290	2699.052	13236	0	159
2024.12.11	03:00:00	2699.017	2702.223	2692.287	2695.697	14681	0	159
2024.12.11	04:00:00	2695.616	2696.234	2682.946	2684.834	21550	0	159
2024.12.11	05:00:00	2684.779	2693.656	2675.502	2688.609	24909	0	159
2024.12.11	06:00:00	2688.535	2698.242	2686.501	2696.442	21614	0	159
2024.12.11	07:00:00	2696.477	2696.514	2688.075	2690.644	15500	0	159
2024.12.11	08:00:00	2690.435	2696.052	2689.899	2691.143	7480	0	145
2024.12.11	09:00:00	2691.096	2696.120	2686.245	2695.709	3525	0	154
2024.12.11	10:00:00	2695.859	2699.761	2692.348	2694.520	3481	0	167
2024.12.11	11:00:00	2694.685	2697.618	2692.787	2696.439	3248	0	167
2024.12.11	12:00:00	2696.560	2697.524	2693.739	2695.687	3249	0	167
2024.12.11	13:00:00	2695.731	2702.389	2690.641	2700.991	3720	0	167
2024.12.11	14:00:00	2701.259	2706.886	2696.588	2706.576	3732	0	167
2024.12.11	15:00:00	2706.367	2715.956	2705.276	2713.101	3877	0	167
2024.12.11	16:00:00	2713.213	2718.511	2711.186	2715.161	3528	0	167
2024.12.11	17:00:00	2715.126	2719.896	2714.212	2718.069	3260	0	167
2024.12.11	18:00:00	2717.954	2721.064	2713.900	2714.410	3261	0	167
2024.12.11	19:00:00	2714.127	2719.670	2713.361	2717.964	3241	0	167
2024.12.11	20:00:00	2718.148	2720.065	2716.154	2717.175	3005	0	167
2024.12.11	21:00:00	2717.227	2718.829	2716.053	2718.096	1768	0	168
2024.12.11	23:00:00	2718.647	2720.433	2716.923	2719.922	1933	0	159
2024.12.12	00:00:00	2719.986	2724.341	2718.853	2724.190	2512	0	159
2024.12.12	01:00:00	2724.099	2726.206	2700.251	2711.089	3650	0	159
2024.12.12	02:00:00	2711.029	2711.451	2703.791	2705.991	3041	0	159
2024.12.12	03:00:00	2706.011	2711.440	2705.190	2710.489	2813	0	159
2024.12.12	04:00:00	2710.508	2715.909	2709.689	2712.706	2678	0	159
2024.12.12	05:00:00	2712.684	2716.301	2711.577	2713.665	2769	0	159
2024.12.12	06:00:00	2713.621	2718.516	2710.076	2718.438	2911	0	159
2024.12.12	07:00:00	2718.452	2720.369	2715.343	2716.047	3001	0	159
2024.12.12	08:00:00	2716.209	2719.428	2714.884	2718.042	3335	0	159
2024.12.12	09:00:00	2718.144	2718.685	2713.998	2714.908	3335	0	159
2024.12.12	10:00:00	2714.772	2715.737	2709.786	2711.537	3314	0	159
2024.12.12	11:00:00	2711.317	2713.388	2707.310	2710.934	3539	0	159
2024.12.12	12:00:00	2710.997	2712.392	2706.008	2706.716	3307	0	159
2024.12.12	13:00:00	2706.910	2711.514	2697.372	2697.372	4192	0	159
2024.12.12	14:00:00	2697.468	2699.576	2680.920	2686.645	4816	0	159
2024.12.12	15:00:00	2686.486	2688.253	2675.078	2679.785	4590	0	159
2024.12.12	16:00:00	2679.597	2683.761	2677.303	2683.520	3567	0	159
2024.12.12	17:00:00	2683.532	2686.596	2681.405	2686.285	3390	0	159
2024.12.12	18:00:00	2686.296	2687.038	2682.790	2684.289	3208	0	159
2024.12.12	19:00:00	2684.268	2686.760	2682.563	2683.133	2961	0	159
2024.12.12	20:00:00	2683.187	2683.576	2679.459	2679.848	2982	0	159
2024.12.12	21:00:00	2679.844	2682.942	2679.732	2680.699	2192	0	159
2024.12.12	23:00:00	2680.850	2681.599	2679.843	2680.623	1664	0	159
2024.12.13	00:00:00	2680.617	2685.580	2678.871	2685.488	2513	0	159
2024.12.13	01:00:00	2685.234	2692.778	2685.234	2689.950	3512	0	159
2024.12.13	02:00:00	2689.939	2691.258	2684.411	2686.649	3447	0	159
2024.12.13	03:00:00	2686.574	2691.313	2686.072	2688.114	2991	0	159
2024.12.13	04:00:00	2687.967	2688.627	2685.462	2687.374	2657	0	159
2024.12.13	05:00:00	2687.367	2689.414	2685.147	2688.349	2954	0	159
2024.12.13	06:00:00	2688.513	2690.527	2683.337	2689.585	3145	0	159
2024.12.13	07:00:00	2689.638	2690.158	2681.111	2683.202	3178	0	159
2024.12.13	08:00:00	2682.994	2684.782	2674.453	2675.025	3364	0	159
2024.12.13	09:00:00	2674.846	2677.000	2667.517	2668.896	3595	0	159
2024.12.13	10:00:00	2669.075	2670.075	2665.147	2666.731	3182	0	159
2024.12.13	11:00:00	2666.787	2669.497	2664.377	2664.993	3133	0	159
2024.12.13	12:00:00	2664.800	2672.695	2662.851	2672.416	3379	0	159
2024.12.13	13:00:00	2672.434	2672.877	2659.614	2662.196	3962	0	159
2024.12.13	14:00:00	2661.956	2664.060	2657.370	2660.133	3916	0	159
2024.12.13	15:00:00	2660.122	2662.606	2654.582	2659.888	3767	0	159
2024.12.13	16:00:00	2659.811	2664.566	2658.729	2662.046	3370	0	159
2024.12.13	17:00:00	2662.285	2662.285	2655.620	2656.368	3058	0	159
2024.12.13	18:00:00	2656.351	2657.105	2652.145	2654.182	3118	0	159
2024.12.13	19:00:00	2654.350	2655.307	2652.290	2653.040	2791	0	159
2024.12.13	20:00:00	2652.972	2653.522	2646.431	2647.825	2979	0	159
2024.12.13	21:00:00	2647.638	2649.889	2646.046	2648.392	2324	0	159
2024.12.15	23:00:00	2649.414	2653.127	2648.804	2651.479	1932	0	159
2024.12.16	00:00:00	2651.484	2651.759	2643.497	2647.072	2516	0	159
2024.12.16	01:00:00	2647.098	2655.608	2646.803	2653.423	3350	0	159
2024.12.16	02:00:00	2653.427	2654.716	2650.458	2651.861	2938	0	159
2024.12.16	03:00:00	2651.832	2655.588	2651.697	2653.871	2730	0	159
2024.12.16	04:00:00	2653.874	2654.524	2651.960	2652.802	2302	0	159
2024.12.16	05:00:00	2652.760	2653.455	2649.545	2652.792	2839	0	159
2024.12.16	06:00:00	2652.794	2654.827	2652.091	2653.714	2673	0	159
2024.12.16	07:00:00	2653.720	2655.868	2651.693	2653.690	2799	0	159
2024.12.16	08:00:00	2653.536	2662.043	2652.310	2658.022	5404	0	80
2024.12.16	09:00:00	2657.965	2660.123	2655.753	2658.187	6380	0	159
2024.12.16	10:00:00	2658.193	2661.137	2657.917	2658.902	6117	0	159
2024.12.16	11:00:00	2658.864	2664.168	2657.738	2663.542	6381	0	159
2024.12.16	12:00:00	2663.579	2664.447	2657.412	2659.941	6854	0	159
2024.12.16	13:00:00	2659.968	2664.259	2658.840	2661.970	11387	0	159
2024.12.16	14:00:00	2662.005	2663.035	2654.098	2654.841	11395	0	159
2024.12.16	15:00:00	2654.879	2656.937	2650.833	2654.472	10698	0	159
2024.12.16	16:00:00	2654.438	2655.801	2648.477	2652.195	7596	0	159
2024.12.16	17:00:00	2652.156	2655.420	2651.687	2652.153	5668	0	159
2024.12.16	18:00:00	2652.112	2655.669	2651.337	2655.337	5186	0	159
2024.12.16	19:00:00	2655.367	2655.780	2652.036	2653.299	4327	0	159
2024.12.16	20:00:00	2653.258	2653.609	2651.931	2652.742	4198	0	159
2024.12.16	21:00:00	2652.781	2653.104	2651.460	2652.850	2383	0	159
2024.12.16	23:00:00	2652.485	2653.006	2651.608	2651.744	2328	0	159
2024.12.17	00:00:00	2651.762	2655.496	2651.122	2655.240	3677	0	159
2024.12.17	01:00:00	2655.207	2658.611	2654.313	2658.015	7087	0	159
2024.12.17	02:00:00	2657.979	2658.593	2653.940	2654.973	5757	0	159
2024.12.17	03:00:00	2654.976	2656.214	2651.289	2653.616	5118	0	159
2024.12.17	04:00:00	2653.578	2655.328	2650.858	2651.688	3561	0	160
2024.12.17	05:00:00	2651.686	2654.823	2649.000	2653.791	6288	0	159
2024.12.17	06:00:00	2653.824	2654.646	2646.417	2648.861	7296	0	159
2024.12.17	07:00:00	2648.836	2657.093	2648.107	2653.753	6029	0	159
2024.12.17	08:00:00	2653.727	2653.736	2641.477	2644.234	9343	0	159
2024.12.17	09:00:00	2644.246	2646.121	2637.979	2639.781	11357	0	159
2024.12.17	10:00:00	2639.745	2643.268	2638.115	2638.115	7589	0	159
2024.12.17	11:00:00	2638.154	2642.516	2636.207	2642.187	6670	0	159
2024.12.17	12:00:00	2642.208	2645.538	2640.682	2642.741	6912	0	159
2024.12.17	13:00:00	2642.712	2646.944	2634.732	2637.125	15093	0	159
2024.12.17	14:00:00	2637.139	2642.076	2632.966	2636.726	15559	0	159
2024.12.17	15:00:00	2636.759	2642.953	2635.931	2640.160	10739	0	159
2024.12.17	16:00:00	2640.241	2641.520	2636.659	2638.884	8451	0	159
2024.12.17	17:00:00	2638.848	2647.033	2637.843	2646.001	6403	0	159
2024.12.17	18:00:00	2646.041	2649.079	2644.991	2647.329	5431	0	159
2024.12.17	19:00:00	2647.327	2648.256	2645.181	2645.385	4042	0	159
2024.12.17	20:00:00	2645.428	2646.923	2643.083	2643.605	4407	0	159
2024.12.17	21:00:00	2643.645	2646.364	2643.552	2645.968	2492	0	160
2024.12.17	23:00:00	2645.944	2647.681	2644.807	2647.378	2167	0	160
2024.12.18	00:00:00	2647.365	2650.365	2646.558	2650.002	3798	0	159
2024.12.18	01:00:00	2650.080	2651.700	2648.017	2651.008	6923	0	159
2024.12.18	02:00:00	2651.014	2651.031	2646.961	2647.424	5331	0	159
2024.12.18	03:00:00	2647.390	2648.910	2645.204	2645.669	4894	0	159
2024.12.18	04:00:00	2645.632	2645.964	2642.666	2645.104	4195	0	159
2024.12.18	05:00:00	2645.105	2649.551	2643.886	2647.463	4984	0	159
2024.12.18	06:00:00	2647.425	2647.945	2644.522	2646.673	5635	0	159
2024.12.18	07:00:00	2646.669	2647.375	2643.330	2644.610	5104	0	159
2024.12.18	08:00:00	2644.585	2649.734	2642.074	2647.977	6773	0	159
2024.12.18	09:00:00	2647.940	2649.277	2645.533	2646.857	5886	0	159
2024.12.18	10:00:00	2646.851	2649.417	2646.126	2648.463	4459	0	159
2024.12.18	11:00:00	2648.440	2649.434	2645.808	2646.096	4334	0	159
2024.12.18	12:00:00	2646.106	2647.723	2643.412	2644.061	4612	0	159
2024.12.18	13:00:00	2644.009	2647.568	2641.015	2643.977	9096	0	159
2024.12.18	14:00:00	2643.940	2644.991	2636.893	2638.009	11202	0	159
2024.12.18	15:00:00	2637.968	2638.309	2633.694	2638.145	8700	0	159
2024.12.18	16:00:00	2638.109	2639.502	2633.028	2634.699	6919	0	159
2024.12.18	17:00:00	2634.737	2639.991	2634.536	2636.038	5773	0	160
2024.12.18	18:00:00	2636.083	2638.932	2635.295	2637.140	5119	0	159
2024.12.18	19:00:00	2636.994	2637.000	2604.035	2604.543	30369	0	159
2024.12.18	20:00:00	2604.581	2609.313	2587.166	2592.419	25198	0	159
2024.12.18	21:00:00	2592.468	2595.362	2583.720	2585.955	9226	0	159
2024.12.18	23:00:00	2583.929	2592.310	2583.382	2588.225	6292	0	159
2024.12.19	00:00:00	2588.256	2597.183	2587.957	2595.360	6942	0	159
2024.12.19	01:00:00	2595.317	2618.118	2593.338	2611.966	17087	0	159
2024.12.19	02:00:00	2611.965	2613.955	2606.285	2612.162	10700	0	159
2024.12.19	03:00:00	2612.203	2613.451	2607.619	2610.455	6979	0	159
2024.12.19	04:00:00	2610.479	2611.570	2606.918	2609.163	5240	0	159
2024.12.19	05:00:00	2609.130	2610.631	2606.553	2607.205	5440	0	159
2024.12.19	06:00:00	2607.165	2614.259	2603.318	2612.899	7586	0	159
2024.12.19	07:00:00	2612.948	2622.636	2611.780	2616.515	10513	0	159
2024.12.19	08:00:00	2616.555	2619.269	2613.213	2618.458	8456	0	159
2024.12.19	09:00:00	2618.450	2622.914	2618.379	2620.369	8432	0	159
2024.12.19	10:00:00	2620.379	2626.430	2617.347	2619.438	8026	0	159
2024.12.19	11:00:00	2619.430	2621.978	2616.114	2616.810	6700	0	159
2024.12.19	12:00:00	2616.771	2616.771	2604.350	2606.234	9847	0	159
2024.12.19	13:00:00	2606.200	2606.271	2595.254	2596.290	17489	0	159
2024.12.19	14:00:00	2596.224	2600.807	2591.837	2592.617	18110	0	159
2024.12.19	15:00:00	2592.463	2595.944	2586.951	2588.446	14785	0	159
2024.12.19	16:00:00	2588.401	2596.652	2587.134	2591.653	11315	0	159
2024.12.19	17:00:00	2591.698	2594.222	2590.658	2592.565	7951	0	159
2024.12.19	18:00:00	2592.610	2599.903	2591.872	2599.690	8429	0	159
2024.12.19	19:00:00	2599.636	2600.993	2596.645	2596.788	6602	0	159
2024.12.19	20:00:00	2596.832	2600.343	2596.437	2596.894	6557	0	159
2024.12.19	21:00:00	2596.857	2597.055	2593.134	2593.993	3099	0	159
2024.12.19	23:00:00	2594.706	2595.912	2592.307	2593.519	2641	0	159
2024.12.20	00:00:00	2593.496	2595.331	2590.526	2590.869	3925	0	160
2024.12.20	01:00:00	2590.895	2603.885	2589.593	2603.775	10895	0	159
2024.12.20	02:00:00	2603.807	2604.033	2595.462	2597.071	9109	0	159
2024.12.20	03:00:00	2597.062	2599.073	2595.702	2598.471	5126	0	159
2024.12.20	04:00:00	2598.467	2601.012	2597.390	2597.963	4159	0	159
2024.12.20	05:00:00	2597.962	2601.292	2596.422	2600.275	4927	0	159
2024.12.20	06:00:00	2600.240	2605.388	2598.883	2604.757	6388	0	159
2024.12.20	07:00:00	2604.720	2607.516	2602.343	2606.253	6212	0	159
2024.12.20	08:00:00	2606.285	2607.695	2604.337	2605.531	7800	0	159
2024.12.20	09:00:00	2605.493	2606.717	2603.115	2605.094	6860	0	159
2024.12.20	10:00:00	2605.111	2606.943	2604.027	2604.219	5594	0	159
2024.12.20	11:00:00	2604.202	2604.821	2600.041	2603.694	5863	0	159
2024.12.20	12:00:00	2603.668	2606.195	2602.109	2603.487	6179	0	159
2024.12.20	13:00:00	2603.485	2614.155	2600.340	2609.566	12935	0	159
2024.12.20	14:00:00	2609.527	2618.344	2608.419	2617.226	16634	0	159
2024.12.20	15:00:00	2617.187	2631.214	2616.416	2630.314	16856	0	159
2024.12.20	16:00:00	2630.351	2631.875	2622.293	2625.219	12874	0	159
2024.12.20	17:00:00	2625.246	2627.529	2622.142	2625.547	8918	0	159
2024.12.20	18:00:00	2625.523	2627.373	2623.400	2626.105	9669	0	159
2024.12.20	19:00:00	2626.072	2629.318	2624.929	2627.881	6956	0	159
2024.12.20	20:00:00	2627.845	2628.120	2622.193	2622.786	8736	0	159
2024.12.20	21:00:00	2622.750	2624.034	2619.202	2622.643	2194	0	64
2024.12.22	23:00:00	2623.329	2624.924	2621.740	2624.293	1851	0	159
2024.12.23	00:00:00	2624.398	2625.199	2617.498	2621.649	2514	0	159
2024.12.23	01:00:00	2621.602	2624.163	2618.414	2620.806	3111	0	159
2024.12.23	02:00:00	2620.793	2627.446	2620.523	2625.922	2885	0	159
2024.12.23	03:00:00	2626.190	2626.922	2622.305	2624.095	2666	0	159
2024.12.23	04:00:00	2624.106	2626.389	2623.863	2625.510	2263	0	159
2024.12.23	05:00:00	2625.771	2629.236	2624.971	2626.670	2621	0	159
2024.12.23	06:00:00	2626.636	2633.005	2624.537	2631.564	2845	0	159
2024.12.23	07:00:00	2631.588	2633.241	2629.439	2630.230	2738	0	64
2024.12.23	08:00:00	2630.184	2632.093	2626.038	2629.857	6819	0	159
2024.12.23	09:00:00	2629.833	2630.730	2625.991	2626.436	5693	0	159
2024.12.23	10:00:00	2626.399	2626.908	2618.993	2619.491	6795	0	159
2024.12.23	11:00:00	2619.453	2620.101	2612.959	2616.260	6981	0	159
2024.12.23	12:00:00	2616.292	2618.688	2614.065	2615.065	6626	0	159
2024.12.23	13:00:00	2615.036	2619.865	2613.945	2617.306	8698	0	159
2024.12.23	14:00:00	2617.335	2619.898	2613.630	2615.719	9252	0	159
2024.12.23	15:00:00	2615.717	2616.665	2609.253	2609.762	12166	0	159
2024.12.23	16:00:00	2609.798	2616.097	2608.078	2615.942	11084	0	159
2024.12.23	17:00:00	2615.978	2616.609	2610.646	2611.223	7813	0	159
2024.12.23	18:00:00	2611.194	2612.792	2609.915	2610.417	6276	0	159
2024.12.23	19:00:00	2610.457	2612.550	2609.580	2611.084	4764	0	159
2024.12.23	20:00:00	2611.129	2612.596	2609.147	2610.830	4401	0	159
2024.12.23	21:00:00	2610.868	2613.782	2610.227	2613.420	2031	0	159
2024.12.23	23:00:00	2613.786	2617.043	2613.087	2615.492	2977	0	160
2024.12.24	00:00:00	2615.546	2617.386	2613.507	2616.716	3107	0	159
2024.12.24	01:00:00	2616.758	2618.000	2614.501	2617.605	6265	0	159
2024.12.24	02:00:00	2617.558	2619.928	2616.713	2616.915	4877	0	159
2024.12.24	03:00:00	2616.879	2618.697	2615.681	2618.697	4182	0	159
2024.12.24	04:00:00	2618.729	2620.482	2618.248	2620.192	3587	0	159
2024.12.24	05:00:00	2620.235	2621.405	2618.343	2619.274	4473	0	159
2024.12.24	06:00:00	2619.233	2619.778	2616.422	2618.982	5036	0	159
2024.12.24	07:00:00	2618.975	2621.447	2617.949	2618.459	4618	0	159
2024.12.24	08:00:00	2618.503	2619.808	2616.818	2617.395	4589	0	159
2024.12.24	09:00:00	2617.360	2618.337	2613.362	2613.551	4721	0	159
2024.12.24	10:00:00	2613.551	2617.907	2613.088	2615.573	4728	0	159
2024.12.24	11:00:00	2615.536	2616.263	2612.376	2615.152	4351	0	159
2024.12.24	12:00:00	2615.199	2616.407	2612.526	2613.786	5308	0	159
2024.12.24	13:00:00	2613.747	2614.720	2611.310	2614.227	7276	0	159
2024.12.24	14:00:00	2614.269	2617.266	2610.105	2610.933	8072	0	159
2024.12.24	15:00:00	2610.921	2613.474	2610.019	2611.664	7831	0	159
2024.12.24	16:00:00	2611.700	2617.811	2611.492	2615.955	6421	0	159
2024.12.24	17:00:00	2615.905	2619.335	2615.183	2617.072	9363	0	159
2024.12.24	18:00:00	2617.134	2617.884	2614.854	2616.713	2180	0	159
2024.12.25	23:00:00	2615.621	2620.115	2615.371	2618.656	2414	0	160
2024.12.26	00:00:00	2618.647	2622.797	2618.614	2621.538	3302	0	159
2024.12.26	01:00:00	2621.575	2627.787	2620.804	2626.656	6511	0	159
2024.12.26	02:00:00	2626.633	2627.859	2625.776	2627.538	4135	0	159
2024.12.26	03:00:00	2627.568	2629.113	2625.718	2626.893	4425	0	160
2024.12.26	04:00:00	2626.902	2629.252	2626.298	2627.378	3116	0	159
2024.12.26	05:00:00	2627.383	2628.337	2625.977	2626.423	4118	0	159
2024.12.26	06:00:00	2626.324	2627.365	2624.623	2626.155	3912	0	159
2024.12.26	07:00:00	2626.183	2629.713	2623.599	2625.413	4620	0	159
2024.12.26	08:00:00	2625.398	2629.042	2625.132	2627.474	4731	0	159
2024.12.26	09:00:00	2627.467	2628.294	2625.832	2627.368	3496	0	160
2024.12.26	10:00:00	2627.411	2629.395	2626.742	2628.716	3733	0	159
2024.12.26	11:00:00	2628.718	2630.019	2627.782	2627.882	4258	0	160
2024.12.26	12:00:00	2627.855	2628.458	2624.640	2626.686	4920	0	159
2024.12.26	13:00:00	2626.646	2631.163	2621.696	2623.111	9569	0	159
2024.12.26	14:00:00	2623.123	2630.139	2622.474	2629.979	8166	0	159
2024.12.26	15:00:00	2629.964	2639.177	2629.066	2636.479	8505	0	159
2024.12.26	16:00:00	2636.527	2636.838	2631.503	2632.118	7051	0	159
2024.12.26	17:00:00	2632.157	2632.263	2627.885	2629.355	6164	0	159
2024.12.26	18:00:00	2629.314	2635.975	2629.183	2634.761	6623	0	159
2024.12.26	19:00:00	2634.735	2635.810	2632.718	2634.951	4598	0	159
2024.12.26	20:00:00	2634.875	2636.162	2633.748	2634.403	5841	0	159
2024.12.26	21:00:00	2634.433	2634.624	2633.117	2633.486	2587	0	159
2024.12.26	23:00:00	2628.460	2634.490	2624.659	2632.684	3803	0	159
2024.12.27	00:00:00	2632.689	2634.050	2631.303	2631.387	3057	0	159
2024.12.27	01:00:00	2631.351	2633.866	2630.624	2632.140	6019	0	159
2024.12.27	02:00:00	2632.056	2633.674	2628.886	2632.932	5381	0	159
2024.12.27	03:00:00	2632.932	2635.512	2631.647	2633.706	5479	0	159
2024.12.27	04:00:00	2633.744	2633.965	2631.987	2633.497	3414	0	159
2024.12.27	05:00:00	2633.514	2634.179	2631.338	2631.342	3933	0	159
2024.12.27	06:00:00	2631.311	2637.029	2631.250	2634.690	5507	0	159
2024.12.27	07:00:00	2634.748	2638.314	2633.127	2633.638	5984	0	159
2024.12.27	08:00:00	2633.599	2633.599	2626.072	2626.195	6507	0	159
2024.12.27	09:00:00	2626.198	2627.707	2623.635	2624.044	4852	0	159
2024.12.27	10:00:00	2624.011	2628.063	2623.452	2626.676	5031	0	159
2024.12.27	11:00:00	2626.711	2628.856	2625.101	2628.642	4768	0	159
2024.12.27	12:00:00	2628.638	2631.550	2625.657	2626.203	5684	0	159
2024.12.27	13:00:00	2626.259	2627.304	2618.056	2618.778	11338	0	159
2024.12.27	14:00:00	2618.828	2619.414	2611.608	2615.761	13017	0	159
2024.12.27	15:00:00	2615.718	2619.518	2612.897	2618.134	10754	0	159
2024.12.27	16:00:00	2618.174	2619.801	2615.257	2617.891	7449	0	159
2024.12.27	17:00:00	2617.937	2618.303	2614.117	2615.839	7505	0	159
2024.12.27	18:00:00	2615.877	2620.148	2615.287	2618.689	5635	0	159
2024.12.27	19:00:00	2618.712	2621.397	2617.417	2620.685	4602	0	159
2024.12.27	20:00:00	2620.719	2620.851	2612.724	2615.499	6209	0	159
2024.12.27	21:00:00	2615.458	2621.980	2615.320	2621.623	3577	0	159
2024.12.29	23:00:00	2621.977	2626.167	2621.632	2624.035	4006	0	159
2024.12.30	00:00:00	2624.080	2625.489	2621.486	2622.555	3329	0	159
2024.12.30	01:00:00	2622.592	2626.857	2622.103	2624.346	7616	0	159
2024.12.30	02:00:00	2624.359	2625.466	2622.360	2623.965	5103	0	159
2024.12.30	03:00:00	2623.930	2628.157	2623.161	2626.579	4510	0	159
2024.12.30	04:00:00	2626.567	2626.567	2621.488	2622.243	3640	0	159
2024.12.30	05:00:00	2622.205	2624.192	2620.457	2623.748	4795	0	159
2024.12.30	06:00:00	2623.708	2624.674	2618.319	2619.131	5510	0	159
2024.12.30	07:00:00	2619.098	2620.010	2615.813	2616.784	5181	0	159
2024.12.30	08:00:00	2616.750	2617.456	2609.234	2611.870	6652	0	159
2024.12.30	09:00:00	2611.935	2617.520	2611.404	2612.820	5941	0	159
2024.12.30	10:00:00	2612.823	2615.243	2610.515	2610.564	5282	0	159
2024.12.30	11:00:00	2610.529	2618.710	2609.092	2616.332	5656	0	159
2024.12.30	12:00:00	2616.332	2622.509	2615.657	2621.556	4861	0	159
2024.12.30	13:00:00	2621.529	2622.635	2606.456	2606.716	10983	0	159
2024.12.30	14:00:00	2606.679	2613.773	2605.349	2611.517	11426	0	159
2024.12.30	15:00:00	2611.550	2611.696	2599.558	2601.599	13822	0	159
2024.12.30	16:00:00	2601.613	2602.793	2596.042	2599.729	9285	0	159
2024.12.30	17:00:00	2599.783	2605.558	2599.783	2605.141	7360	0	159
2024.12.30	18:00:00	2605.181	2606.747	2603.400	2606.125	5990	0	159
2024.12.30	19:00:00	2606.120	2608.390	2603.638	2607.153	5069	0	159
2024.12.30	20:00:00	2607.169	2609.518	2606.426	2607.789	5091	0	159
2024.12.30	21:00:00	2607.816	2608.027	2605.828	2606.303	2132	0	160
2024.12.30	23:00:00	2606.636	2607.317	2603.865	2606.677	2237	0	159
2024.12.31	00:00:00	2606.717	2608.678	2605.003	2607.727	2383	0	159
2024.12.31	01:00:00	2607.702	2611.613	2606.604	2608.974	5755	0	159
2024.12.31	02:00:00	2608.954	2609.617	2606.852	2607.107	4124	0	159
2024.12.31	03:00:00	2607.057	2607.572	2603.507	2604.613	4289	0	159
2024.12.31	04:00:00	2604.612	2607.104	2604.297	2606.561	3228	0	159
2024.12.31	05:00:00	2606.538	2608.155	2602.591	2604.366	3874	0	160
2024.12.31	06:00:00	2604.341	2608.651	2603.555	2607.866	5745	0	159
2024.12.31	07:00:00	2607.884	2614.132	2607.325	2613.694	4875	0	159
2024.12.31	08:00:00	2613.735	2617.796	2612.829	2616.582	5730	0	159
2024.12.31	09:00:00	2616.564	2616.883	2613.075	2615.218	4807	0	159
2024.12.31	10:00:00	2615.258	2615.815	2610.854	2611.786	5336	0	159
2024.12.31	11:00:00	2611.798	2614.230	2609.714	2611.051	4824	0	159
2024.12.31	12:00:00	2611.016	2612.818	2609.299	2611.170	5396	0	159
2024.12.31	13:00:00	2611.213	2616.230	2605.314	2613.223	8891	0	159
2024.12.31	14:00:00	2613.290	2617.843	2611.278	2613.659	9638	0	159
2024.12.31	15:00:00	2613.598	2626.638	2612.436	2625.656	11239	0	159
2024.12.31	16:00:00	2625.632	2627.161	2622.229	2625.395	8823	0	159
2024.12.31	17:00:00	2625.430	2627.562	2623.199	2624.313	6457	0	159
2024.12.31	18:00:00	2624.272	2627.233	2622.695	2624.781	6328	0	159
2024.12.31	19:00:00	2624.815	2627.255	2622.852	2623.872	4485	0	159
2024.12.31	20:00:00	2623.840	2625.024	2622.190	2623.216	4225	0	159
2024.12.31	21:00:00	2623.181	2624.919	2622.909	2624.381	1906	0	159
2025.01.01	23:00:00	2625.179	2625.839	2621.641	2623.766	3113	0	159
2025.01.02	00:00:00	2623.798	2627.900	2622.720	2625.373	3992	0	159
2025.01.02	01:00:00	2625.414	2634.386	2623.776	2632.921	11210	0	159
2025.01.02	02:00:00	2632.947	2636.540	2632.318	2634.701	6418	0	159
2025.01.02	03:00:00	2634.666	2635.341	2632.267	2633.644	4292	0	159
2025.01.02	04:00:00	2633.633	2634.213	2631.050	2633.925	3611	0	159
2025.01.02	05:00:00	2633.924	2636.491	2633.094	2634.036	4437	0	160
2025.01.02	06:00:00	2633.937	2635.437	2631.205	2634.126	4885	0	159
2025.01.02	07:00:00	2634.126	2635.994	2632.992	2635.915	4634	0	159
2025.01.02	08:00:00	2635.953	2637.804	2631.123	2636.432	6516	0	159
2025.01.02	09:00:00	2636.417	2639.978	2635.879	2636.139	6354	0	159
2025.01.02	10:00:00	2636.128	2646.379	2632.744	2642.691	8985	0	159
2025.01.02	11:00:00	2642.701	2644.692	2640.255	2641.974	5701	0	159
2025.01.02	12:00:00	2642.006	2646.444	2640.305	2643.446	6321	0	159
2025.01.02	13:00:00	2643.400	2647.341	2636.005	2643.006	13518	0	159
2025.01.02	14:00:00	2642.964	2651.068	2640.361	2647.517	14502	0	159
2025.01.02	15:00:00	2647.488	2655.843	2645.178	2654.130	12432	0	159
2025.01.02	16:00:00	2654.062	2660.419	2650.035	2659.284	10722	0	159
2025.01.02	17:00:00	2659.326	2660.457	2652.517	2656.471	8060	0	159
2025.01.02	18:00:00	2656.477	2658.755	2653.773	2655.483	7656	0	159
2025.01.02	19:00:00	2655.524	2657.161	2653.800	2654.740	5901	0	159
2025.01.02	20:00:00	2654.775	2660.458	2654.151	2659.664	5863	0	159
2025.01.02	21:00:00	2659.621	2660.235	2656.550	2657.442	2773	0	159
2025.01.02	23:00:00	2657.396	2659.540	2657.322	2658.327	2588	0	159
2025.01.03	00:00:00	2658.328	2661.175	2658.328	2660.717	3379	0	159
2025.01.03	01:00:00	2660.745	2662.583	2656.650	2659.414	5862	0	159
2025.01.03	02:00:00	2659.425	2664.049	2656.109	2662.413	7774	0	159
2025.01.03	03:00:00	2662.443	2665.214	2661.238	2662.288	5403	0	159
2025.01.03	04:00:00	2662.255	2664.409	2661.680	2662.839	3083	0	159
2025.01.03	05:00:00	2662.868	2662.916	2655.909	2658.550	4768	0	159
2025.01.03	06:00:00	2658.538	2660.247	2656.696	2659.610	5032	0	159
2025.01.03	07:00:00	2659.518	2659.550	2651.924	2654.192	6413	0	159
2025.01.03	08:00:00	2654.164	2655.773	2649.890	2652.952	7012	0	159
2025.01.03	09:00:00	2652.975	2656.006	2652.820	2653.608	5440	0	159
2025.01.03	10:00:00	2653.608	2657.979	2653.007	2657.617	4891	0	159
2025.01.03	11:00:00	2657.580	2659.258	2656.332	2658.361	3506	0	159
2025.01.03	12:00:00	2657.003	2657.461	2655.218	2655.291	956	0	160
2025.01.03	13:00:00	2655.257	2656.394	2643.387	2649.804	11137	0	159
2025.01.03	14:00:00	2649.834	2652.672	2645.100	2647.827	12086	0	159
2025.01.03	15:00:00	2647.730	2648.303	2640.927	2643.842	13727	0	159
2025.01.03	16:00:00	2643.812	2647.264	2638.954	2639.968	8478	0	159
2025.01.03	17:00:00	2639.934	2642.617	2639.043	2641.763	6551	0	159
2025.01.03	18:00:00	2641.726	2642.361	2639.763	2641.827	5939	0	159
2025.01.03	19:00:00	2641.831	2642.959	2639.135	2639.421	4294	0	159
2025.01.03	20:00:00	2639.392	2640.094	2636.881	2638.163	4560	0	159
2025.01.03	21:00:00	2638.196	2640.740	2636.644	2640.370	3386	0	159
2025.01.05	23:00:00	2639.644	2642.386	2639.644	2641.063	3241	0	160
2025.01.06	00:00:00	2641.098	2643.296	2638.599	2643.191	4325	0	159
2025.01.06	01:00:00	2643.223	2647.426	2640.748	2641.322	8221	0	159
2025.01.06	02:00:00	2641.333	2645.295	2639.726	2644.520	5978	0	159
2025.01.06	03:00:00	2644.493	2645.355	2639.137	2640.190	5122	0	159
2025.01.06	04:00:00	2640.203	2640.824	2634.197	2635.534	5508	0	159
2025.01.06	05:00:00	2635.531	2636.240	2631.450	2633.892	6869	0	159
2025.01.06	06:00:00	2633.879	2635.346	2630.173	2631.535	6023	0	159
2025.01.06	07:00:00	2631.460	2633.634	2625.058	2626.921	6680	0	159
2025.01.06	08:00:00	2626.891	2632.547	2625.759	2631.506	6393	0	159
2025.01.06	09:00:00	2631.427	2635.730	2631.150	2632.699	6140	0	159
2025.01.06	10:00:00	2632.713	2635.052	2630.920	2633.825	4940	0	159
2025.01.06	11:00:00	2633.852	2649.489	2632.548	2645.602	14621	0	159
2025.01.06	12:00:00	2645.562	2647.861	2641.973	2645.404	8944	0	159
2025.01.06	13:00:00	2645.366	2648.848	2621.685	2624.253	22140	0	159
2025.01.06	14:00:00	2624.191	2635.030	2614.436	2631.588	28028	0	159
2025.01.06	15:00:00	2631.577	2639.621	2629.445	2634.392	17079	0	159
2025.01.06	16:00:00	2634.419	2641.381	2632.507	2640.729	9617	0	159
2025.01.06	17:00:00	2640.727	2641.027	2634.150	2636.639	6518	0	159
2025.01.06	18:00:00	2636.688	2638.606	2633.719	2634.619	6941	0	159
2025.01.06	19:00:00	2634.583	2635.517	2632.870	2634.373	5683	0	159
2025.01.06	20:00:00	2634.410	2635.481	2633.132	2634.664	4771	0	159
2025.01.06	21:00:00	2634.618	2637.067	2634.618	2635.748	2277	0	159
2025.01.06	23:00:00	2635.920	2636.270	2633.495	2634.681	2152	0	159
2025.01.07	00:00:00	2634.634	2635.185	2632.918	2635.075	3071	0	159
2025.01.07	01:00:00	2635.034	2641.146	2634.756	2639.017	7679	0	159
2025.01.07	02:00:00	2639.022	2640.058	2636.943	2638.608	5010	0	159
2025.01.07	03:00:00	2638.634	2640.202	2637.569	2639.563	3613	0	159
2025.01.07	04:00:00	2639.560	2639.738	2637.287	2638.266	3356	0	159
2025.01.07	05:00:00	2638.280	2645.685	2637.020	2644.439	5774	0	159
2025.01.07	06:00:00	2644.401	2646.757	2639.878	2640.246	5832	0	159
2025.01.07	07:00:00	2640.242	2642.224	2638.003	2640.487	5201	0	159
2025.01.07	08:00:00	2640.444	2644.838	2640.031	2642.652	5806	0	159
2025.01.07	09:00:00	2642.597	2644.180	2640.116	2641.334	5116	0	159
2025.01.07	10:00:00	2641.375	2644.764	2641.319	2643.838	4749	0	159
2025.01.07	11:00:00	2643.873	2648.689	2642.014	2648.389	5246	0	159
2025.01.07	12:00:00	2648.348	2652.752	2647.358	2651.644	7224	0	159
2025.01.07	13:00:00	2651.603	2664.264	2649.883	2662.514	15899	0	159
2025.01.07	14:00:00	2662.548	2663.004	2655.802	2658.486	12826	0	159
2025.01.07	15:00:00	2658.531	2658.531	2641.885	2647.700	22171	0	159
2025.01.07	16:00:00	2647.625	2655.589	2646.383	2651.782	13651	0	159
2025.01.07	17:00:00	2651.825	2656.015	2650.199	2652.404	9235	0	159
2025.01.07	18:00:00	2652.379	2652.555	2647.193	2649.030	9778	0	159
2025.01.07	19:00:00	2649.090	2650.370	2646.928	2649.245	8725	0	159
2025.01.07	20:00:00	2649.297	2651.445	2647.195	2650.439	6414	0	159
2025.01.07	21:00:00	2650.469	2650.541	2647.731	2648.743	2268	0	159
2025.01.07	23:00:00	2649.303	2650.193	2648.355	2649.807	2455	0	159
2025.01.08	00:00:00	2649.817	2651.512	2648.721	2650.544	3385	0	159
2025.01.08	01:00:00	2650.586	2650.899	2647.083	2648.781	6634	0	160
2025.01.08	02:00:00	2648.779	2650.395	2645.925	2648.928	4834	0	159
2025.01.08	03:00:00	2648.932	2648.932	2645.569	2646.751	4161	0	159
2025.01.08	04:00:00	2646.728	2648.652	2645.202	2646.991	3241	0	159
2025.01.08	05:00:00	2646.998	2650.731	2646.633	2650.010	4557	0	159
2025.01.08	06:00:00	2650.065	2653.064	2648.876	2652.088	5179	0	159
2025.01.08	07:00:00	2652.078	2654.429	2651.618	2652.619	4561	0	159
2025.01.08	08:00:00	2652.651	2653.796	2649.578	2651.948	5915	0	159
2025.01.08	09:00:00	2651.910	2655.001	2651.792	2653.462	5187	0	159
2025.01.08	10:00:00	2653.534	2655.158	2652.648	2653.169	4951	0	159
2025.01.08	11:00:00	2653.129	2653.133	2647.595	2650.925	7329	0	159
2025.01.08	12:00:00	2650.838	2652.524	2645.847	2652.010	6907	0	159
2025.01.08	13:00:00	2651.961	2660.275	2651.538	2660.212	14055	0	159
2025.01.08	14:00:00	2660.184	2667.657	2660.002	2661.440	16252	0	159
2025.01.08	15:00:00	2661.350	2667.835	2659.398	2665.818	13093	0	159
2025.01.08	16:00:00	2665.840	2670.053	2662.641	2669.586	8922	0	159
2025.01.08	17:00:00	2669.625	2669.887	2649.388	2655.575	13184	0	159
2025.01.08	18:00:00	2655.624	2659.143	2651.765	2651.781	8765	0	159
2025.01.08	19:00:00	2653.539	2660.590	2653.376	2658.327	7847	0	159
2025.01.08	20:00:00	2658.364	2664.059	2658.276	2663.491	6963	0	159
2025.01.08	21:00:00	2663.451	2664.067	2660.884	2661.519	4627	0	159
2025.01.08	23:00:00	2662.413	2663.211	2661.994	2662.507	2042	0	159
2025.01.09	00:00:00	2662.526	2662.850	2659.526	2659.960	3315	0	159
2025.01.09	01:00:00	2659.996	2661.357	2657.325	2658.641	5619	0	159
2025.01.09	02:00:00	2658.599	2660.140	2656.266	2658.774	4806	0	159
2025.01.09	03:00:00	2658.801	2662.148	2658.488	2659.369	3930	0	159
2025.01.09	04:00:00	2659.335	2659.792	2655.471	2658.923	3666	0	159
2025.01.09	05:00:00	2658.926	2660.960	2657.555	2658.264	4888	0	159
2025.01.09	06:00:00	2658.263	2666.973	2658.263	2666.702	5041	0	159
2025.01.09	07:00:00	2666.735	2666.735	2662.328	2662.450	5152	0	159
2025.01.09	08:00:00	2662.418	2666.962	2660.425	2664.409	7547	0	159
2025.01.09	09:00:00	2664.458	2666.552	2662.302	2664.976	6237	0	159
2025.01.09	10:00:00	2664.995	2668.581	2664.477	2667.419	5160	0	159
2025.01.09	11:00:00	2667.471	2673.299	2665.265	2670.266	8530	0	159
2025.01.09	12:00:00	2670.249	2675.205	2669.432	2674.021	6729	0	159
2025.01.09	13:00:00	2674.001	2678.351	2671.985	2672.715	10452	0	159
2025.01.09	14:00:00	2672.691	2675.797	2667.196	2672.486	9585	0	159
2025.01.09	15:00:00	2672.485	2675.427	2668.091	2668.326	9256	0	159
2025.01.09	16:00:00	2668.320	2670.989	2666.249	2667.499	7427	0	159
2025.01.09	17:00:00	2667.465	2668.608	2662.690	2665.938	7655	0	159
2025.01.09	18:00:00	2665.897	2672.510	2665.038	2671.326	7385	0	159
2025.01.09	19:00:00	2671.367	2671.788	2668.552	2670.190	5436	0	159
2025.01.09	20:00:00	2670.154	2670.908	2669.247	2669.530	3545	0	160
2025.01.09	21:00:00	2669.534	2671.332	2668.957	2669.984	1985	0	159
2025.01.09	23:00:00	2670.696	2671.318	2668.492	2669.951	2781	0	159
2025.01.10	00:00:00	2669.978	2671.215	2668.965	2670.498	3536	0	160
2025.01.10	01:00:00	2670.528	2671.832	2669.225	2670.952	5691	0	159
2025.01.10	02:00:00	2670.925	2674.752	2670.520	2673.486	5404	0	159
2025.01.10	03:00:00	2673.517	2674.771	2672.468	2673.658	3938	0	159
2025.01.10	04:00:00	2673.631	2674.067	2671.825	2671.850	3205	0	160
2025.01.10	05:00:00	2671.855	2675.891	2671.556	2674.918	4450	0	159
2025.01.10	06:00:00	2674.908	2678.552	2674.233	2678.163	5364	0	159
2025.01.10	07:00:00	2678.179	2678.743	2673.469	2676.146	6630	0	159
2025.01.10	08:00:00	2676.181	2680.469	2675.736	2680.057	8875	0	159
2025.01.10	09:00:00	2680.021	2682.389	2677.544	2678.485	7843	0	159
2025.01.10	10:00:00	2678.532	2682.687	2678.205	2680.936	8458	0	159
2025.01.10	11:00:00	2680.950	2683.088	2680.242	2681.402	5962	0	159
2025.01.10	12:00:00	2681.363	2681.401	2674.811	2678.292	8016	0	159
2025.01.10	13:00:00	2678.321	2683.771	2663.994	2682.687	29222	0	159
2025.01.10	14:00:00	2682.626	2693.406	2680.790	2687.851	42236	0	159
2025.01.10	15:00:00	2687.856	2698.026	2682.390	2692.684	40573	0	159
2025.01.10	16:00:00	2692.588	2697.148	2686.727	2696.158	27612	0	159
2025.01.10	17:00:00	2696.207	2697.915	2692.413	2696.107	16873	0	159
2025.01.10	18:00:00	2696.016	2697.215	2685.110	2687.303	14106	0	159
2025.01.10	19:00:00	2687.338	2687.801	2684.586	2685.855	9254	0	159
2025.01.10	20:00:00	2685.890	2690.886	2684.500	2690.776	8496	0	159
2025.01.10	21:00:00	2690.728	2693.773	2689.005	2689.592	8409	0	159
2025.01.12	23:00:00	2689.769	2691.385	2687.574	2691.105	5119	0	159
2025.01.13	00:00:00	2691.128	2693.368	2688.103	2689.726	4494	0	159
2025.01.13	01:00:00	2689.730	2690.016	2679.294	2685.548	17711	0	159
2025.01.13	02:00:00	2685.590	2690.556	2684.853	2688.656	8219	0	159
2025.01.13	03:00:00	2688.563	2688.697	2685.362	2687.941	7070	0	159
2025.01.13	04:00:00	2687.977	2690.855	2684.307	2685.836	7994	0	159
2025.01.13	05:00:00	2685.907	2686.979	2683.273	2686.936	9763	0	159
2025.01.13	06:00:00	2687.000	2691.323	2686.894	2689.960	7900	0	159
2025.01.13	07:00:00	2689.935	2690.507	2684.440	2685.102	10718	0	159
2025.01.13	08:00:00	2685.074	2689.770	2684.013	2687.147	12775	0	159
2025.01.13	09:00:00	2687.074	2688.325	2682.876	2684.871	13475	0	159
2025.01.13	10:00:00	2684.823	2685.141	2677.260	2679.420	12428	0	159
2025.01.13	11:00:00	2679.366	2680.566	2675.449	2675.952	10041	0	159
2025.01.13	12:00:00	2675.911	2677.164	2664.398	2671.197	21050	0	159
2025.01.13	13:00:00	2671.286	2672.281	2663.693	2669.050	27329	0	159
2025.01.13	14:00:00	2669.134	2674.237	2664.044	2671.727	22371	0	159
2025.01.13	15:00:00	2671.688	2672.872	2661.033	2661.867	18390	0	159
2025.01.13	16:00:00	2661.792	2667.989	2660.636	2661.322	12837	0	159
2025.01.13	17:00:00	2661.332	2664.140	2659.183	2660.822	10469	0	159
2025.01.13	18:00:00	2660.815	2662.449	2657.525	2659.289	9282	0	159
2025.01.13	19:00:00	2659.298	2660.661	2656.768	2658.897	6916	0	159
2025.01.13	20:00:00	2658.959	2662.823	2658.734	2662.194	5384	0	159
2025.01.13	21:00:00	2662.241	2664.140	2660.834	2663.641	3257	0	159
2025.01.13	23:00:00	2663.151	2669.455	2663.064	2668.058	4112	0	159
2025.01.14	00:00:00	2667.975	2671.106	2666.365	2670.601	5004	0	159
2025.01.14	01:00:00	2670.534	2672.195	2667.848	2670.749	10168	0	159
2025.01.14	02:00:00	2670.787	2672.226	2668.471	2670.570	7817	0	159
2025.01.14	03:00:00	2670.522	2672.268	2668.861	2669.780	6970	0	159
2025.01.14	04:00:00	2669.818	2674.073	2668.422	2673.528	4990	0	159
2025.01.14	05:00:00	2673.573	2675.370	2667.392	2668.533	7607	0	159
2025.01.14	06:00:00	2668.507	2669.677	2667.402	2669.079	7424	0	159
2025.01.14	07:00:00	2669.078	2670.886	2667.184	2669.154	7778	0	159
2025.01.14	08:00:00	2669.196	2674.436	2667.239	2670.978	9828	0	159
2025.01.14	09:00:00	2670.919	2671.675	2664.832	2667.322	8237	0	159
2025.01.14	10:00:00	2667.368	2668.916	2664.681	2666.683	7501	0	159
2025.01.14	11:00:00	2666.702	2669.869	2664.453	2669.331	6926	0	159
2025.01.14	12:00:00	2669.287	2671.583	2666.446	2668.289	8284	0	159
2025.01.14	13:00:00	2668.237	2674.418	2660.621	2662.985	22176	0	159
2025.01.14	14:00:00	2662.946	2666.053	2659.802	2665.242	18939	0	159
2025.01.14	15:00:00	2665.285	2672.840	2665.070	2671.779	14470	0	159
2025.01.14	16:00:00	2671.826	2673.960	2669.826	2671.715	11184	0	159
2025.01.14	17:00:00	2671.680	2672.099	2668.044	2669.006	8530	0	159
2025.01.14	18:00:00	2668.967	2672.546	2666.703	2672.316	8110	0	159
2025.01.14	19:00:00	2672.349	2676.308	2671.843	2674.245	6646	0	159
2025.01.14	20:00:00	2674.209	2676.524	2671.833	2676.505	7008	0	159
2025.01.14	21:00:00	2676.458	2678.294	2675.858	2677.148	3459	0	159
2025.01.14	23:00:00	2677.397	2677.751	2673.995	2675.590	2896	0	159
2025.01.15	00:00:00	2675.580	2676.094	2672.550	2672.766	2717	0	160
2025.01.15	01:00:00	2672.772	2674.294	2669.891	2669.944	5269	0	159
2025.01.15	02:00:00	2669.967	2675.034	2669.388	2673.409	5908	0	159
2025.01.15	03:00:00	2673.460	2676.321	2672.306	2676.091	4954	0	160
2025.01.15	04:00:00	2676.052	2676.716	2674.183	2675.564	4198	0	159
2025.01.15	05:00:00	2675.610	2679.383	2674.516	2679.383	5621	0	159
2025.01.15	06:00:00	2679.341	2683.298	2679.045	2681.001	6563	0	159
2025.01.15	07:00:00	2681.042	2684.033	2680.050	2681.313	6329	0	159
2025.01.15	08:00:00	2681.357	2685.327	2681.168	2683.909	8180	0	159
2025.01.15	09:00:00	2683.940	2688.570	2682.913	2685.934	7829	0	159
2025.01.15	10:00:00	2685.961	2689.090	2684.792	2688.343	8125	0	159
2025.01.15	11:00:00	2688.466	2688.938	2685.118	2686.779	8940	0	159
2025.01.15	12:00:00	2686.748	2687.504	2684.092	2684.631	9051	0	159
2025.01.15	13:00:00	2684.632	2694.258	2682.127	2693.807	26920	0	159
2025.01.15	14:00:00	2693.759	2696.056	2678.148	2681.978	30996	0	159
2025.01.15	15:00:00	2681.935	2683.017	2676.640	2678.475	22289	0	159
2025.01.15	16:00:00	2678.512	2689.970	2676.925	2689.305	15150	0	159
2025.01.15	17:00:00	2689.263	2692.994	2688.491	2692.601	10524	0	159
2025.01.15	18:00:00	2692.640	2695.005	2691.077	2693.993	9991	0	159
2025.01.15	19:00:00	2694.056	2695.127	2692.568	2694.181	6828	0	159
2025.01.15	20:00:00	2694.142	2696.605	2693.249	2696.296	6018	0	159
2025.01.15	21:00:00	2696.341	2697.541	2694.056	2696.999	3545	0	159
2025.01.15	23:00:00	2695.145	2697.970	2694.193	2694.956	3567	0	159
2025.01.16	00:00:00	2694.984	2698.196	2692.861	2695.339	8212	0	159
2025.01.16	01:00:00	2695.382	2702.177	2694.530	2696.172	12794	0	159
2025.01.16	02:00:00	2696.209	2698.127	2695.237	2697.451	8464	0	159
2025.01.16	03:00:00	2697.455	2698.553	2695.653	2697.196	5723	0	159
2025.01.16	04:00:00	2697.144	2698.089	2696.743	2697.464	4226	0	159
2025.01.16	05:00:00	2697.426	2697.505	2693.736	2694.600	7323	0	159
2025.01.16	06:00:00	2694.642	2695.513	2689.907	2693.815	7167	0	159
2025.01.16	07:00:00	2693.862	2699.924	2693.440	2698.271	8052	0	159
2025.01.16	08:00:00	2698.313	2703.270	2697.115	2698.935	9971	0	159
2025.01.16	09:00:00	2698.945	2706.167	2697.407	2705.333	10731	0	159
2025.01.16	10:00:00	2705.296	2708.592	2704.684	2707.797	7574	0	159
2025.01.16	11:00:00	2707.826	2711.175	2706.169	2706.412	7846	0	159
2025.01.16	12:00:00	2706.416	2707.300	2700.041	2703.713	13872	0	159
2025.01.16	13:00:00	2703.652	2718.274	2701.388	2715.461	22864	0	159
2025.01.16	14:00:00	2715.414	2719.379	2712.941	2718.674	22494	0	159
2025.01.16	15:00:00	2718.624	2719.718	2712.630	2716.874	27534	0	159
2025.01.16	16:00:00	2716.930	2722.419	2716.629	2720.339	19416	0	159
2025.01.16	17:00:00	2720.300	2724.740	2719.462	2721.761	11965	0	159
2025.01.16	18:00:00	2721.793	2723.270	2714.751	2715.240	9227	0	159
2025.01.16	19:00:00	2715.262	2717.147	2714.649	2715.346	7084	0	160
2025.01.16	20:00:00	2715.368	2717.046	2714.389	2715.813	5605	0	159
2025.01.16	21:00:00	2715.768	2715.851	2712.534	2714.555	4054	0	159
2025.01.16	23:00:00	2714.345	2715.231	2712.401	2714.585	3302	0	160
2025.01.17	00:00:00	2714.619	2716.068	2713.727	2714.700	4342	0	159
2025.01.17	01:00:00	2714.741	2714.855	2709.834	2714.649	9606	0	159
2025.01.17	02:00:00	2714.692	2717.052	2713.900	2715.820	6736	0	159
2025.01.17	03:00:00	2715.830	2717.325	2714.555	2715.439	5229	0	159
2025.01.17	04:00:00	2715.476	2716.515	2714.247	2714.669	5362	0	159
2025.01.17	05:00:00	2714.698	2715.540	2711.212	2711.609	7793	0	159
2025.01.17	06:00:00	2711.616	2713.312	2710.566	2712.583	7538	0	159
2025.01.17	07:00:00	2712.622	2714.624	2708.585	2710.519	7236	0	159
2025.01.17	08:00:00	2710.577	2712.991	2709.450	2711.731	6843	0	159
2025.01.17	09:00:00	2711.689	2712.019	2703.909	2704.760	9508	0	159
2025.01.17	10:00:00	2704.839	2706.262	2702.767	2703.999	7768	0	159
2025.01.17	11:00:00	2704.005	2708.838	2703.629	2708.041	7083	0	159
2025.01.17	12:00:00	2708.002	2711.800	2706.980	2711.044	11037	0	159
2025.01.17	13:00:00	2711.088	2712.126	2704.590	2705.097	19274	0	159
2025.01.17	14:00:00	2705.041	2712.548	2702.723	2711.685	11829	0	159
2025.01.17	15:00:00	2711.652	2715.136	2710.135	2714.243	8749	0	159
2025.01.17	16:00:00	2714.256	2717.261	2713.585	2716.071	6668	0	159
2025.01.17	17:00:00	2716.064	2716.359	2710.679	2712.578	5410	0	159
2025.01.17	18:00:00	2712.604	2713.191	2705.492	2705.605	5576	0	159
2025.01.17	19:00:00	2705.619	2707.146	2702.880	2703.175	4497	0	159
2025.01.17	20:00:00	2703.189	2704.088	2699.897	2700.924	4925	0	159
2025.01.17	21:00:00	2700.901	2703.285	2699.242	2702.879	2365	0	159
2025.01.19	23:00:00	2702.629	2703.084	2691.547	2696.424	4791	0	160
2025.01.20	00:00:00	2696.424	2696.474	2692.699	2694.457	3274	0	159
2025.01.20	01:00:00	2694.441	2695.836	2689.395	2693.711	9162	0	159
2025.01.20	02:00:00	2693.714	2697.909	2693.672	2697.446	5282	0	159
2025.01.20	03:00:00	2697.456	2703.987	2697.451	2703.554	3716	0	159
2025.01.20	04:00:00	2703.559	2706.475	2702.279	2705.912	3643	0	159
2025.01.20	05:00:00	2705.907	2707.427	2703.692	2707.295	4985	0	159
2025.01.20	06:00:00	2707.341	2713.771	2706.662	2711.609	5125	0	159
2025.01.20	07:00:00	2711.607	2711.849	2702.728	2703.592	4366	0	159
2025.01.20	08:00:00	2703.571	2708.012	2703.058	2706.809	4300	0	159
2025.01.20	09:00:00	2706.779	2708.770	2702.993	2706.088	4716	0	159
2025.01.20	10:00:00	2706.096	2709.897	2705.226	2708.482	5141	0	159
2025.01.20	11:00:00	2708.503	2712.492	2704.835	2708.331	5562	0	159
2025.01.20	12:00:00	2708.289	2710.009	2706.057	2708.151	5183	0	159
2025.01.20	13:00:00	2708.145	2710.581	2701.915	2704.948	26746	0	159
2025.01.20	14:00:00	2704.981	2711.844	2704.980	2710.045	14589	0	159
2025.01.20	15:00:00	2710.064	2710.401	2705.292	2707.065	8691	0	159
2025.01.20	16:00:00	2707.063	2708.882	2703.167	2707.584	10735	0	159
2025.01.20	17:00:00	2707.559	2711.161	2703.930	2707.434	9623	0	159
2025.01.20	18:00:00	2707.441	2711.046	2705.431	2710.710	4597	0	159
2025.01.20	19:00:00	2710.709	2711.052	2708.299	2709.059	843	0	320
2025.01.20	23:00:00	2708.347	2711.032	2706.593	2710.445	2926	0	159
2025.01.21	00:00:00	2710.433	2711.524	2702.797	2705.381	6446	0	159
2025.01.21	01:00:00	2705.357	2719.291	2703.174	2718.105	12706	0	159
2025.01.21	02:00:00	2718.084	2725.754	2717.916	2724.843	7756	0	159
2025.01.21	03:00:00	2724.819	2726.941	2721.244	2724.196	6933	0	159
2025.01.21	04:00:00	2724.221	2727.856	2723.095	2727.305	4880	0	159
2025.01.21	05:00:00	2727.319	2729.143	2725.403	2726.148	6147	0	159
2025.01.21	06:00:00	2726.174	2729.429	2723.784	2724.380	6043	0	159
2025.01.21	07:00:00	2724.346	2732.773	2722.695	2729.729	7223	0	159
2025.01.21	08:00:00	2729.701	2730.050	2721.422	2723.267	9911	0	159
2025.01.21	09:00:00	2723.237	2724.150	2717.809	2721.222	11539	0	159
2025.01.21	10:00:00	2721.232	2723.968	2718.902	2719.824	7100	0	159
2025.01.21	11:00:00	2719.820	2724.505	2716.508	2723.998	5949	0	159
2025.01.21	12:00:00	2723.989	2727.172	2722.003	2726.777	6836	0	159
2025.01.21	13:00:00	2726.763	2730.030	2724.640	2726.239	11329	0	159
2025.01.21	14:00:00	2726.247	2738.583	2725.327	2738.123	10707	0	159
2025.01.21	15:00:00	2738.112	2740.384	2734.521	2738.776	11988	0	159
2025.01.21	16:00:00	2738.792	2744.986	2737.839	2743.056	8706	0	159
2025.01.21	17:00:00	2743.069	2745.839	2740.140	2740.220	5908	0	159
2025.01.21	18:00:00	2740.211	2745.963	2739.931	2744.512	4835	0	159
2025.01.21	19:00:00	2744.516	2745.348	2741.429	2742.837	4029	0	159
2025.01.21	20:00:00	2742.819	2743.247	2740.082	2742.392	4500	0	159
2025.01.21	21:00:00	2742.443	2745.863	2741.999	2744.674	2541	0	160
2025.01.21	23:00:00	2744.647	2745.136	2741.983	2744.259	5464	0	159
2025.01.22	00:00:00	2744.309	2749.109	2742.713	2748.240	5205	0	159
2025.01.22	01:00:00	2748.178	2749.979	2746.816	2748.029	12452	0	159
2025.01.22	02:00:00	2748.059	2749.728	2746.252	2748.904	8488	0	159
2025.01.22	03:00:00	2748.910	2751.088	2747.881	2750.266	6812	0	159
2025.01.22	04:00:00	2750.238	2752.951	2749.308	2752.084	4906	0	159
2025.01.22	05:00:00	2752.131	2758.831	2750.277	2758.062	8639	0	159
2025.01.22	06:00:00	2758.040	2758.217	2745.569	2746.814	14361	0	159
2025.01.22	07:00:00	2746.832	2754.006	2746.455	2748.781	8621	0	159
2025.01.22	08:00:00	2748.818	2753.863	2746.770	2753.134	10534	0	159
2025.01.22	09:00:00	2753.101	2762.335	2752.846	2758.438	11932	0	159
2025.01.22	10:00:00	2758.439	2763.430	2758.265	2760.043	9336	0	159
2025.01.22	11:00:00	2760.119	2760.611	2756.370	2756.534	6600	0	159
2025.01.22	12:00:00	2756.572	2758.722	2751.778	2758.236	8688	0	159
2025.01.22	13:00:00	2758.278	2761.606	2750.854	2757.612	23592	0	159
2025.01.22	14:00:00	2757.605	2758.242	2750.329	2753.872	21427	0	159
2025.01.22	15:00:00	2753.824	2760.295	2750.454	2759.351	15460	0	159
2025.01.22	16:00:00	2759.389	2760.279	2755.856	2758.272	10872	0	159
2025.01.22	17:00:00	2758.291	2758.529	2755.810	2756.526	7754	0	159
2025.01.22	18:00:00	2756.522	2759.350	2754.891	2757.816	8125	0	159
2025.01.22	19:00:00	2757.798	2757.798	2754.973	2755.309	5587	0	159
2025.01.22	20:00:00	2755.269	2757.144	2754.782	2756.626	5544	0	159
2025.01.22	21:00:00	2756.591	2757.097	2754.816	2756.165	2367	0	160
2025.01.22	23:00:00	2755.935	2756.660	2753.880	2755.583	4084	0	159
2025.01.23	00:00:00	2755.562	2755.947	2753.164	2755.397	4629	0	159
2025.01.23	01:00:00	2755.353	2756.300	2750.625	2752.731	11739	0	159
2025.01.23	02:00:00	2752.738	2754.989	2751.979	2752.552	6961	0	159
2025.01.23	03:00:00	2752.580	2753.046	2749.474	2749.959	7012	0	159
2025.01.23	04:00:00	2750.030	2753.605	2749.790	2751.663	4421	0	159
2025.01.23	05:00:00	2751.714	2753.472	2751.349	2752.012	10910	0	159
2025.01.23	06:00:00	2751.970	2755.575	2751.137	2753.298	8376	0	159
2025.01.23	07:00:00	2753.304	2754.704	2751.659	2752.683	7472	0	159
2025.01.23	08:00:00	2752.735	2754.789	2752.010	2752.801	8046	0	159
2025.01.23	09:00:00	2752.824	2753.792	2740.871	2745.833	13996	0	159
2025.01.23	10:00:00	2745.793	2752.546	2745.224	2751.369	9042	0	159
2025.01.23	11:00:00	2751.391	2754.433	2750.771	2751.898	7779	0	159
2025.01.23	12:00:00	2751.873	2753.386	2741.947	2744.843	14364	0	159
2025.01.23	13:00:00	2744.771	2745.857	2735.770	2741.543	25894	0	159
2025.01.23	14:00:00	2741.610	2747.548	2740.258	2746.093	22581	0	159
2025.01.23	15:00:00	2745.923	2749.460	2742.060	2746.424	13290	0	159
2025.01.23	16:00:00	2746.383	2757.398	2744.175	2753.980	16155	0	159
2025.01.23	17:00:00	2753.880	2758.962	2752.376	2757.664	11303	0	159
2025.01.23	18:00:00	2757.747	2758.199	2755.022	2755.792	8149	0	159
2025.01.23	19:00:00	2755.791	2758.022	2753.730	2754.173	7716	0	159
2025.01.23	20:00:00	2754.130	2754.627	2751.306	2753.767	10019	0	159
2025.01.23	21:00:00	2753.805	2754.765	2751.984	2754.370	2866	0	160
2025.01.23	23:00:00	2754.757	2755.636	2753.584	2754.543	2588	0	159
2025.01.24	00:00:00	2754.546	2761.086	2754.329	2759.693	4770	0	159
2025.01.24	01:00:00	2759.654	2762.592	2758.569	2762.261	9690	0	159
2025.01.24	02:00:00	2762.272	2775.375	2762.272	2774.202	16519	0	159
2025.01.24	03:00:00	2774.137	2777.417	2770.989	2772.308	12116	0	159
2025.01.24	04:00:00	2772.280	2775.024	2770.527	2772.079	8545	0	159
2025.01.24	05:00:00	2772.033	2776.679	2771.996	2775.282	9874	0	159
2025.01.24	06:00:00	2775.243	2778.363	2773.267	2773.818	12311	0	159
2025.01.24	07:00:00	2773.785	2775.423	2772.039	2772.675	8432	0	159
2025.01.24	08:00:00	2772.716	2775.334	2769.966	2774.128	10483	0	159
2025.01.24	09:00:00	2774.088	2777.874	2770.973	2772.749	8645	0	159
2025.01.24	10:00:00	2772.762	2776.191	2771.646	2775.682	8153	0	159
2025.01.24	11:00:00	2775.669	2780.193	2774.131	2776.617	8384	0	159
2025.01.24	12:00:00	2776.678	2779.153	2776.094	2778.546	8450	0	159
2025.01.24	13:00:00	2778.521	2784.615	2777.850	2782.382	14567	0	159
2025.01.24	14:00:00	2782.418	2784.389	2773.713	2778.176	19449	0	159
2025.01.24	15:00:00	2778.230	2786.011	2775.466	2775.973	15795	0	159
2025.01.24	16:00:00	2775.918	2777.564	2769.894	2771.995	14628	0	159
2025.01.24	17:00:00	2772.026	2776.124	2770.652	2773.312	8955	0	159
2025.01.24	18:00:00	2773.337	2774.073	2771.348	2773.357	6187	0	160
2025.01.24	19:00:00	2773.391	2775.277	2771.316	2774.628	6799	0	159
2025.01.24	20:00:00	2774.632	2774.798	2770.628	2771.113	6734	0	159
2025.01.24	21:00:00	2771.139	2772.177	2770.458	2771.079	2805	0	159
2025.01.26	23:00:00	2765.650	2769.721	2765.185	2767.553	8226	0	159
2025.01.27	00:00:00	2767.554	2770.954	2766.239	2769.722	6860	0	159
2025.01.27	01:00:00	2769.755	2772.540	2762.851	2762.936	13706	0	159
2025.01.27	02:00:00	2762.970	2763.656	2753.871	2756.175	13462	0	159
2025.01.27	03:00:00	2756.221	2762.665	2755.137	2761.117	11577	0	159
2025.01.27	04:00:00	2761.066	2761.075	2755.738	2758.058	8551	0	159
2025.01.27	05:00:00	2758.117	2758.166	2752.855	2753.250	10791	0	159
2025.01.27	06:00:00	2753.214	2755.086	2750.839	2754.581	10561	0	159
2025.01.27	07:00:00	2754.624	2755.073	2747.189	2749.460	9806	0	159
2025.01.27	08:00:00	2749.436	2759.790	2749.291	2757.259	14122	0	159
2025.01.27	09:00:00	2757.177	2765.008	2755.726	2763.342	13476	0	159
2025.01.27	10:00:00	2763.304	2771.056	2762.832	2768.082	15580	0	159
2025.01.27	11:00:00	2768.031	2772.108	2765.074	2771.247	14022	0	159
2025.01.27	12:00:00	2771.300	2771.634	2760.447	2761.372	11934	0	159
2025.01.27	13:00:00	2761.340	2762.435	2752.333	2757.361	17249	0	159
2025.01.27	14:00:00	2757.329	2757.976	2744.983	2751.355	20721	0	159
2025.01.27	15:00:00	2751.345	2751.363	2739.499	2742.084	20958	0	159
2025.01.27	16:00:00	2742.052	2743.136	2733.239	2734.472	17033	0	159
2025.01.27	17:00:00	2734.535	2736.963	2730.478	2733.627	14326	0	159
2025.01.27	18:00:00	2733.667	2737.951	2732.943	2737.046	10519	0	159
2025.01.27	19:00:00	2737.027	2740.559	2736.837	2739.328	8117	0	159
2025.01.27	20:00:00	2739.353	2742.564	2738.147	2741.558	6963	0	159
2025.01.27	21:00:00	2741.512	2744.010	2740.348	2740.612	2573	0	159
2025.01.27	23:00:00	2741.171	2745.325	2739.570	2741.710	6976	0	159
2025.01.28	00:00:00	2741.743	2744.554	2739.854	2740.615	5010	0	159
2025.01.28	01:00:00	2740.621	2745.268	2739.410	2741.491	6581	0	159
2025.01.28	02:00:00	2741.440	2741.628	2738.337	2739.336	10999	0	159
2025.01.28	03:00:00	2739.379	2741.820	2737.815	2738.813	7384	0	159
2025.01.28	04:00:00	2738.765	2742.636	2738.558	2742.296	7073	0	159
2025.01.28	05:00:00	2742.333	2744.894	2741.187	2741.717	7173	0	159
2025.01.28	06:00:00	2741.684	2742.986	2739.106	2739.661	6384	0	159
2025.01.28	07:00:00	2739.687	2743.072	2738.330	2738.910	9526	0	159
2025.01.28	08:00:00	2738.936	2741.763	2734.772	2741.164	11745	0	159
2025.01.28	09:00:00	2741.147	2745.151	2740.425	2743.403	10692	0	159
2025.01.28	10:00:00	2743.461	2745.172	2740.922	2743.130	8801	0	159
2025.01.28	11:00:00	2743.083	2744.579	2741.591	2742.793	7889	0	159
2025.01.28	12:00:00	2742.709	2745.645	2741.196	2745.530	8833	0	159
2025.01.28	13:00:00	2745.563	2749.507	2745.114	2748.820	12652	0	159
2025.01.28	14:00:00	2748.881	2756.379	2748.876	2753.533	17296	0	159
2025.01.28	15:00:00	2753.555	2757.204	2751.064	2755.330	15192	0	159
2025.01.28	16:00:00	2755.325	2759.673	2755.222	2758.669	13200	0	159
2025.01.28	17:00:00	2758.644	2760.013	2757.463	2759.662	10558	0	159
2025.01.28	18:00:00	2759.693	2763.547	2759.186	2762.194	9258	0	159
2025.01.28	19:00:00	2762.153	2764.998	2761.178	2764.828	6659	0	159
2025.01.28	20:00:00	2764.788	2765.052	2762.387	2764.169	7594	0	159
2025.01.28	21:00:00	2764.202	2764.329	2762.888	2763.601	2460	0	159
2025.01.28	23:00:00	2763.243	2764.316	2762.633	2762.695	2338	0	159
2025.01.29	00:00:00	2762.698	2764.879	2762.234	2763.925	2902	0	159
2025.01.29	01:00:00	2763.943	2766.271	2763.566	2763.801	6137	0	159
2025.01.29	02:00:00	2763.795	2765.654	2763.370	2764.208	6575	0	159
2025.01.29	03:00:00	2764.208	2764.518	2762.278	2762.774	7304	0	159
2025.01.29	04:00:00	2762.766	2764.356	2761.457	2762.430	7534	0	159
2025.01.29	05:00:00	2762.447	2763.058	2760.102	2760.739	5576	0	159
2025.01.29	06:00:00	2760.774	2762.131	2759.234	2759.240	7934	0	159
2025.01.29	07:00:00	2759.207	2760.605	2757.414	2759.074	7835	0	159
2025.01.29	08:00:00	2759.118	2766.083	2759.118	2763.952	7484	0	159
2025.01.29	09:00:00	2763.922	2764.469	2760.372	2762.843	8625	0	159
2025.01.29	10:00:00	2762.727	2763.486	2757.008	2758.255	12374	0	159
2025.01.29	11:00:00	2758.216	2759.826	2757.389	2758.994	6333	0	159
2025.01.29	12:00:00	2758.956	2759.138	2755.545	2756.557	9532	0	159
2025.01.29	13:00:00	2756.590	2759.507	2752.222	2758.680	17169	0	159
2025.01.29	14:00:00	2758.643	2761.119	2756.548	2759.326	18923	0	159
2025.01.29	15:00:00	2759.281	2759.724	2748.200	2754.110	16534	0	159
2025.01.29	16:00:00	2754.150	2756.290	2748.248	2751.511	15998	0	159
2025.01.29	17:00:00	2751.539	2754.400	2750.883	2752.888	7745	0	159
2025.01.29	18:00:00	2752.854	2753.881	2748.752	2751.511	8964	0	159
2025.01.29	19:00:00	2751.882	2757.913	2744.745	2755.218	22689	0	159
2025.01.29	20:00:00	2755.180	2759.037	2752.745	2754.903	14249	0	159
2025.01.29	21:00:00	2754.858	2759.650	2754.037	2759.022	5208	0	159
2025.01.29	23:00:00	2759.435	2760.685	2758.161	2760.306	3398	0	160
2025.01.30	00:00:00	2760.243	2762.530	2758.901	2762.159	3663	0	159
2025.01.30	01:00:00	2762.115	2762.115	2759.018	2760.107	6256	0	159
2025.01.30	02:00:00	2760.074	2761.650	2759.195	2760.307	6587	0	159
2025.01.30	03:00:00	2760.305	2762.577	2759.314	2761.735	5600	0	159
2025.01.30	04:00:00	2761.699	2763.398	2759.771	2760.494	4985	0	159
2025.01.30	05:00:00	2760.474	2761.148	2758.704	2760.566	4828	0	159
2025.01.30	06:00:00	2760.519	2766.506	2760.209	2765.558	6144	0	159
2025.01.30	07:00:00	2765.542	2769.528	2764.960	2769.135	7898	0	159
2025.01.30	08:00:00	2769.133	2776.627	2768.322	2776.195	7476	0	159
2025.01.30	09:00:00	2776.261	2776.453	2771.466	2774.269	8714	0	159
2025.01.30	10:00:00	2774.262	2779.291	2773.899	2778.266	6532	0	159
2025.01.30	11:00:00	2778.314	2779.432	2777.095	2777.699	5532	0	159
2025.01.30	12:00:00	2777.686	2781.212	2776.061	2780.216	5946	0	159
2025.01.30	13:00:00	2780.184	2786.074	2778.764	2785.773	15591	0	159
2025.01.30	14:00:00	2785.801	2789.133	2780.021	2787.767	26032	0	159
2025.01.30	15:00:00	2787.668	2796.778	2786.742	2795.411	22975	0	159
2025.01.30	16:00:00	2795.388	2798.469	2790.252	2790.595	24069	0	159
2025.01.30	17:00:00	2790.646	2795.926	2788.797	2795.536	17579	0	159
2025.01.30	18:00:00	2795.575	2797.076	2792.190	2795.236	10988	0	159
2025.01.30	19:00:00	2795.197	2795.489	2790.678	2793.363	7200	0	159
2025.01.30	20:00:00	2793.343	2798.245	2792.247	2795.581	12120	0	159
2025.01.30	21:00:00	2795.544	2798.476	2790.749	2793.385	12591	0	159
2025.01.30	23:00:00	2794.822	2796.970	2792.607	2796.146	5534	0	159
2025.01.31	00:00:00	2796.183	2799.636	2794.435	2795.771	6973	0	159
2025.01.31	01:00:00	2795.808	2796.646	2794.429	2796.344	7116	0	159
2025.01.31	02:00:00	2796.370	2798.241	2794.748	2796.301	7138	0	159
2025.01.31	03:00:00	2796.266	2798.227	2795.802	2796.453	7889	0	159
2025.01.31	04:00:00	2796.412	2796.488	2794.504	2795.854	5964	0	159
2025.01.31	05:00:00	2795.805	2796.467	2793.870	2795.573	8562	0	159
2025.01.31	06:00:00	2795.563	2795.968	2792.122	2792.792	7234	0	159
2025.01.31	07:00:00	2792.837	2801.072	2792.341	2798.232	10600	0	159
2025.01.31	08:00:00	2798.205	2799.455	2791.678	2793.287	11740	0	159
2025.01.31	09:00:00	2793.317	2796.413	2792.686	2793.791	8549	0	159
2025.01.31	10:00:00	2793.753	2795.151	2791.000	2794.202	8395	0	159
2025.01.31	11:00:00	2794.162	2800.867	2792.336	2800.195	12134	0	159
2025.01.31	12:00:00	2800.165	2807.848	2799.950	2805.492	12399	0	159
2025.01.31	13:00:00	2805.489	2808.540	2803.225	2806.391	18409	0	159
2025.01.31	14:00:00	2806.469	2812.532	2804.469	2812.315	18917	0	159
2025.01.31	15:00:00	2812.373	2817.244	2808.258	2809.224	20561	0	159
2025.01.31	16:00:00	2809.129	2810.259	2804.884	2807.350	11406	0	159
2025.01.31	17:00:00	2807.368	2816.261	2802.916	2808.744	31254	0	159
2025.01.31	18:00:00	2808.709	2808.966	2795.295	2798.890	33081	0	159
2025.01.31	19:00:00	2798.854	2802.918	2795.440	2796.260	16797	0	159
2025.01.31	20:00:00	2796.303	2802.174	2794.089	2800.810	19466	0	159
2025.01.31	21:00:00	2800.785	2802.565	2798.617	2799.348	10278	0	159
2025.02.02	23:00:00	2801.018	2804.653	2784.271	2793.709	36984	0	159
2025.02.03	00:00:00	2793.726	2796.511	2790.287	2792.218	18491	0	159
2025.02.03	01:00:00	2792.172	2792.271	2778.051	2782.298	20392	0	159
2025.02.03	02:00:00	2782.198	2782.730	2773.782	2778.104	32736	0	159
2025.02.03	03:00:00	2778.090	2778.414	2772.137	2774.454	17807	0	159
2025.02.03	04:00:00	2774.457	2783.083	2774.192	2780.785	16566	0	159
2025.02.03	05:00:00	2780.742	2785.084	2780.027	2783.084	12496	0	159
2025.02.03	06:00:00	2783.038	2788.181	2782.878	2786.874	13731	0	159
2025.02.03	07:00:00	2786.925	2789.913	2785.233	2789.280	15756	0	159
2025.02.03	08:00:00	2789.320	2800.643	2786.965	2796.716	17867	0	159
2025.02.03	09:00:00	2796.680	2800.889	2794.745	2796.409	14662	0	159
2025.02.03	10:00:00	2796.328	2800.114	2792.995	2798.045	10942	0	159
2025.02.03	11:00:00	2798.042	2804.246	2797.866	2801.142	11184	0	159
2025.02.03	12:00:00	2801.169	2810.849	2800.426	2810.496	13340	0	159
2025.02.03	13:00:00	2810.458	2811.871	2807.548	2810.969	17265	0	159
2025.02.03	14:00:00	2811.038	2830.570	2810.106	2830.123	27101	0	159
2025.02.03	15:00:00	2830.155	2830.155	2813.632	2817.456	46763	0	159
2025.02.03	16:00:00	2817.423	2825.301	2812.768	2814.199	24445	0	159
2025.02.03	17:00:00	2814.250	2822.174	2814.004	2817.194	16564	0	159
2025.02.03	18:00:00	2817.119	2821.781	2815.976	2820.967	12416	0	159
2025.02.03	19:00:00	2821.003	2822.885	2817.926	2818.268	9346	0	159
2025.02.03	20:00:00	2818.242	2819.508	2815.570	2816.547	8486	0	159
2025.02.03	21:00:00	2816.497	2817.498	2812.240	2814.440	7836	0	159
2025.02.03	23:00:00	2813.270	2815.258	2811.888	2814.023	7685	0	159
2025.02.04	00:00:00	2813.985	2817.665	2812.616	2817.395	4967	0	159
2025.02.04	01:00:00	2817.399	2824.328	2815.958	2823.293	11729	0	159
2025.02.04	02:00:00	2823.258	2824.680	2816.747	2821.117	13137	0	159
2025.02.04	03:00:00	2821.117	2824.340	2817.381	2821.403	9944	0	159
2025.02.04	04:00:00	2821.321	2821.480	2818.037	2819.184	15381	0	159
2025.02.04	05:00:00	2819.230	2819.430	2813.374	2815.858	15419	0	159
2025.02.04	06:00:00	2815.814	2816.138	2810.868	2813.495	12596	0	159
2025.02.04	07:00:00	2813.488	2814.417	2807.199	2812.723	14758	0	159
2025.02.04	08:00:00	2812.760	2819.250	2810.157	2815.183	17578	0	159
2025.02.04	09:00:00	2815.146	2821.895	2814.046	2820.320	14916	0	159
2025.02.04	10:00:00	2820.294	2820.294	2812.697	2814.864	12818	0	159
2025.02.04	11:00:00	2814.821	2816.854	2813.277	2815.444	10419	0	159
2025.02.04	12:00:00	2815.470	2822.984	2814.439	2821.797	14912	0	159
2025.02.04	13:00:00	2821.833	2837.082	2821.356	2831.732	23195	0	159
2025.02.04	14:00:00	2831.694	2841.284	2828.899	2839.464	28748	0	159
2025.02.04	15:00:00	2839.320	2845.504	2833.622	2835.914	27300	0	159
2025.02.04	16:00:00	2835.855	2842.454	2832.459	2840.402	18255	0	159
2025.02.04	17:00:00	2840.435	2844.741	2839.354	2844.060	12705	0	159
2025.02.04	18:00:00	2844.017	2844.969	2842.470	2842.656	10839	0	159
2025.02.04	19:00:00	2842.693	2844.118	2841.868	2843.057	7801	0	160
2025.02.04	20:00:00	2843.092	2844.917	2840.829	2844.215	7748	0	159
2025.02.04	21:00:00	2844.174	2844.516	2840.900	2842.062	3820	0	159
2025.02.04	23:00:00	2841.409	2842.713	2840.386	2841.206	4342	0	159
2025.02.05	00:00:00	2841.236	2848.257	2840.626	2845.348	7532	0	159
2025.02.05	01:00:00	2845.307	2849.010	2839.698	2844.387	24923	0	159
2025.02.05	02:00:00	2844.444	2853.808	2843.894	2850.919	11787	0	159
2025.02.05	03:00:00	2850.994	2854.321	2849.843	2852.340	7783	0	159
2025.02.05	04:00:00	2852.337	2858.117	2851.839	2855.324	7156	0	159
2025.02.05	05:00:00	2855.355	2860.619	2853.581	2859.333	8687	0	159
2025.02.05	06:00:00	2859.343	2861.815	2856.996	2859.232	8175	0	159
2025.02.05	07:00:00	2859.198	2864.214	2854.795	2864.174	10175	0	159
2025.02.05	08:00:00	2864.133	2869.828	2863.530	2867.471	11127	0	159
2025.02.05	09:00:00	2867.534	2872.252	2865.336	2870.312	8664	0	159
2025.02.05	10:00:00	2870.358	2877.069	2866.108	2867.839	10016	0	159
2025.02.05	11:00:00	2867.860	2870.517	2864.744	2868.658	11277	0	159
2025.02.05	12:00:00	2868.613	2870.866	2866.952	2870.255	9584	0	159
2025.02.05	13:00:00	2870.263	2870.750	2858.598	2861.646	24246	0	159
2025.02.05	14:00:00	2861.694	2872.582	2860.616	2870.908	22383	0	159
2025.02.05	15:00:00	2870.990	2882.425	2870.990	2880.223	22797	0	159
2025.02.05	16:00:00	2880.263	2881.188	2863.042	2874.884	24733	0	159
2025.02.05	17:00:00	2874.928	2876.697	2871.354	2872.950	11994	0	159
2025.02.05	18:00:00	2872.985	2873.535	2863.774	2865.642	12555	0	159
2025.02.05	19:00:00	2865.700	2869.040	2862.669	2863.512	13920	0	159
2025.02.05	20:00:00	2863.486	2866.165	2859.882	2862.601	13706	0	159
2025.02.05	21:00:00	2862.559	2867.383	2861.188	2867.345	3397	0	159
2025.02.05	23:00:00	2867.010	2870.970	2866.047	2869.279	4902	0	159
2025.02.06	00:00:00	2869.272	2870.003	2867.299	2869.814	5059	0	160
2025.02.06	01:00:00	2869.846	2871.910	2863.694	2871.559	15595	0	159
2025.02.06	02:00:00	2871.523	2873.317	2868.298	2870.679	11501	0	159
2025.02.06	03:00:00	2870.623	2870.692	2864.284	2869.405	9712	0	159
2025.02.06	04:00:00	2869.364	2872.311	2868.255	2868.500	7811	0	159
2025.02.06	05:00:00	2868.471	2869.978	2865.406	2868.333	9779	0	159
2025.02.06	06:00:00	2868.322	2871.383	2858.106	2859.198	12930	0	159
2025.02.06	07:00:00	2859.186	2861.855	2854.984	2855.822	12513	0	159
2025.02.06	08:00:00	2855.798	2858.478	2848.904	2856.124	16014	0	159
2025.02.06	09:00:00	2856.091	2860.017	2855.721	2859.391	13867	0	159
2025.02.06	10:00:00	2859.430	2861.794	2855.586	2859.176	11435	0	159
2025.02.06	11:00:00	2859.118	2867.342	2858.156	2865.972	13348	0	159
2025.02.06	12:00:00	2865.966	2870.312	2863.451	2864.415	15406	0	159
2025.02.06	13:00:00	2864.491	2864.961	2855.453	2856.734	22652	0	159
2025.02.06	14:00:00	2856.658	2859.764	2841.149	2841.827	27235	0	159
2025.02.06	15:00:00	2841.912	2853.270	2834.059	2850.595	27877	0	159
2025.02.06	16:00:00	2850.555	2854.743	2848.784	2848.784	14222	0	159
2025.02.06	17:00:00	2848.753	2852.660	2848.033	2852.208	9772	0	159
2025.02.06	18:00:00	2852.250	2853.667	2849.816	2852.550	11016	0	159
2025.02.06	19:00:00	2852.613	2854.153	2850.288	2853.746	8718	0	159
2025.02.06	20:00:00	2853.791	2857.251	2853.575	2856.345	8534	0	159
2025.02.06	21:00:00	2856.352	2857.217	2854.908	2856.140	2725	0	160
2025.02.06	23:00:00	2856.085	2858.777	2855.830	2858.000	3380	0	159
2025.02.07	00:00:00	2857.994	2860.484	2857.994	2858.447	4403	0	159
2025.02.07	01:00:00	2858.413	2868.276	2857.747	2866.286	11479	0	159
2025.02.07	02:00:00	2866.283	2869.350	2865.388	2868.724	8136	0	159
2025.02.07	03:00:00	2868.778	2870.645	2865.992	2867.181	7239	0	159
2025.02.07	04:00:00	2867.130	2869.615	2866.217	2866.485	6237	0	159
2025.02.07	05:00:00	2866.523	2867.021	2861.977	2862.114	7321	0	159
2025.02.07	06:00:00	2862.081	2866.269	2858.991	2860.708	10389	0	159
2025.02.07	07:00:00	2860.653	2865.694	2860.244	2864.214	8365	0	159
2025.02.07	08:00:00	2864.268	2866.683	2863.225	2866.225	8162	0	159
2025.02.07	09:00:00	2866.263	2870.685	2865.513	2868.975	12350	0	159
2025.02.07	10:00:00	2868.995	2869.238	2863.332	2867.504	10637	0	159
2025.02.07	11:00:00	2867.500	2868.257	2865.038	2867.628	7629	0	159
2025.02.07	12:00:00	2867.669	2868.066	2863.541	2863.611	10903	0	159
2025.02.07	13:00:00	2863.613	2870.854	2852.405	2862.492	30848	0	159
2025.02.07	14:00:00	2862.529	2878.330	2856.095	2876.673	28787	0	159
2025.02.07	15:00:00	2876.691	2886.747	2873.539	2880.299	23106	0	159
2025.02.07	16:00:00	2880.335	2881.545	2860.307	2860.715	26457	0	159
2025.02.07	17:00:00	2860.719	2862.704	2853.326	2860.127	22001	0	159
2025.02.07	18:00:00	2860.057	2865.224	2859.665	2861.249	9055	0	159
2025.02.07	19:00:00	2861.290	2863.307	2859.101	2860.146	6836	0	159
2025.02.07	20:00:00	2860.112	2863.782	2859.371	2860.586	9462	0	159
2025.02.07	21:00:00	2860.669	2863.368	2860.356	2861.002	4513	0	159
2025.02.09	23:00:00	2861.269	2870.590	2860.088	2867.495	7930	0	159
2025.02.10	00:00:00	2867.539	2869.228	2865.830	2867.932	6639	0	160
2025.02.10	01:00:00	2868.016	2876.602	2865.949	2871.866	14213	0	159
2025.02.10	02:00:00	2871.857	2874.952	2871.310	2873.806	10112	0	159
2025.02.10	03:00:00	2873.874	2875.767	2871.285	2875.572	7152	0	159
2025.02.10	04:00:00	2875.572	2879.597	2874.290	2879.121	7060	0	159
2025.02.10	05:00:00	2879.183	2880.102	2876.047	2879.220	8263	0	159
2025.02.10	06:00:00	2879.232	2892.338	2878.923	2888.606	10991	0	159
2025.02.10	07:00:00	2888.567	2896.595	2886.674	2895.471	11586	0	159
2025.02.10	08:00:00	2895.475	2898.897	2892.213	2896.676	14751	0	159
2025.02.10	09:00:00	2896.674	2903.258	2896.249	2902.972	10961	0	159
2025.02.10	10:00:00	2902.987	2906.297	2898.166	2902.389	13028	0	159
2025.02.10	11:00:00	2902.416	2905.780	2898.281	2904.502	9231	0	159
2025.02.10	12:00:00	2904.528	2906.969	2902.660	2903.097	13150	0	159
2025.02.10	13:00:00	2902.986	2911.090	2899.606	2901.003	26163	0	159
2025.02.10	14:00:00	2900.903	2909.218	2896.260	2908.648	21127	0	159
2025.02.10	15:00:00	2908.685	2912.062	2904.511	2908.930	15946	0	159
2025.02.10	16:00:00	2908.977	2910.318	2899.020	2900.973	11636	0	159
2025.02.10	17:00:00	2900.989	2904.517	2896.632	2903.261	10721	0	159
2025.02.10	18:00:00	2903.286	2906.985	2900.838	2905.144	9390	0	159
2025.02.10	19:00:00	2905.110	2906.778	2902.479	2904.342	6818	0	160
2025.02.10	20:00:00	2904.361	2907.715	2902.880	2907.295	7711	0	159
2025.02.10	21:00:00	2907.261	2908.478	2905.333	2908.150	3413	0	159
2025.02.10	23:00:00	2908.215	2921.603	2908.068	2917.847	9715	0	159
2025.02.11	00:00:00	2917.894	2925.082	2916.398	2922.589	6967	0	159
2025.02.11	01:00:00	2922.548	2936.250	2919.653	2933.940	16910	0	159
2025.02.11	02:00:00	2933.936	2942.649	2905.417	2919.044	36984	0	159
2025.02.11	03:00:00	2919.007	2925.730	2911.592	2919.716	21568	0	159
2025.02.11	04:00:00	2919.751	2920.765	2914.918	2916.379	11301	0	159
2025.02.11	05:00:00	2916.322	2923.714	2915.317	2922.935	11809	0	159
2025.02.11	06:00:00	2922.911	2929.430	2915.408	2917.851	15293	0	159
2025.02.11	07:00:00	2917.895	2918.359	2907.124	2913.351	16314	0	159
2025.02.11	08:00:00	2913.329	2915.303	2906.937	2907.451	17472	0	159
2025.02.11	09:00:00	2907.442	2912.286	2902.945	2903.291	16498	0	159
2025.02.11	10:00:00	2903.226	2907.178	2901.864	2902.699	15363	0	159
2025.02.11	11:00:00	2902.640	2906.761	2902.186	2903.981	12481	0	159
2025.02.11	12:00:00	2904.016	2904.393	2886.614	2889.450	20882	0	159
2025.02.11	13:00:00	2889.401	2898.219	2881.696	2896.363	35340	0	159
2025.02.11	14:00:00	2896.402	2904.345	2894.850	2896.791	25038	0	159
2025.02.11	15:00:00	2896.764	2906.574	2890.848	2904.794	22756	0	159
2025.02.11	16:00:00	2904.834	2908.679	2902.262	2902.385	13579	0	159
2025.02.11	17:00:00	2902.352	2907.337	2899.562	2905.535	9788	0	159
2025.02.11	18:00:00	2905.581	2907.217	2903.279	2905.844	8714	0	159
2025.02.11	19:00:00	2905.819	2906.470	2899.577	2900.082	9873	0	159
2025.02.11	20:00:00	2900.085	2900.521	2894.038	2897.621	10003	0	159
2025.02.11	21:00:00	2897.579	2899.780	2897.380	2897.840	2915	0	159
2025.02.11	23:00:00	2897.136	2900.906	2897.001	2898.536	3814	0	159
2025.02.12	00:00:00	2898.562	2898.895	2889.263	2892.178	5867	0	159
2025.02.12	01:00:00	2892.230	2897.731	2883.760	2893.319	16911	0	159
2025.02.12	02:00:00	2893.330	2897.795	2891.820	2892.444	12047	0	159
2025.02.12	03:00:00	2892.402	2893.139	2886.683	2889.001	11838	0	159
2025.02.12	04:00:00	2888.998	2890.551	2883.994	2885.290	8819	0	159
2025.02.12	05:00:00	2885.329	2888.018	2883.668	2886.258	8270	0	159
2025.02.12	06:00:00	2886.207	2894.921	2885.548	2892.573	11879	0	159
2025.02.12	07:00:00	2892.587	2895.862	2890.762	2892.773	9298	0	159
2025.02.12	08:00:00	2892.813	2894.083	2888.040	2891.661	10210	0	159
2025.02.12	09:00:00	2891.630	2893.473	2886.392	2886.791	9420	0	159
2025.02.12	10:00:00	2886.784	2889.914	2879.317	2882.681	9472	0	159
2025.02.12	11:00:00	2882.632	2886.015	2879.436	2879.802	8598	0	159
2025.02.12	12:00:00	2879.811	2885.902	2878.925	2884.959	9851	0	159
2025.02.12	13:00:00	2885.020	2885.632	2864.102	2884.725	34800	0	159
2025.02.12	14:00:00	2884.758	2898.014	2881.885	2894.458	29137	0	159
2025.02.12	15:00:00	2894.520	2895.954	2886.824	2894.553	16661	0	159
2025.02.12	16:00:00	2894.513	2904.431	2892.029	2902.511	14254	0	159
2025.02.12	17:00:00	2902.477	2909.267	2901.839	2902.913	12130	0	159
2025.02.12	18:00:00	2902.919	2903.851	2900.462	2901.106	8239	0	159
2025.02.12	19:00:00	2901.151	2901.802	2893.482	2897.905	7948	0	159
2025.02.12	20:00:00	2897.936	2901.467	2895.540	2900.892	5802	0	159
2025.02.12	21:00:00	2900.860	2904.392	2900.117	2904.132	4389	0	159
2025.02.12	23:00:00	2905.415	2906.403	2900.485	2905.781	4039	0	159
2025.02.13	00:00:00	2905.756	2909.108	2904.579	2906.395	5532	0	159
2025.02.13	01:00:00	2906.363	2907.462	2901.452	2906.027	10416	0	159
2025.02.13	02:00:00	2905.996	2909.040	2905.204	2908.760	7907	0	159
2025.02.13	03:00:00	2908.808	2918.097	2907.285	2916.475	10097	0	159
2025.02.13	04:00:00	2916.509	2919.175	2916.149	2918.438	5634	0	159
2025.02.13	05:00:00	2918.473	2922.801	2916.580	2917.948	6780	0	159
2025.02.13	06:00:00	2917.979	2918.902	2912.459	2915.951	11313	0	159
2025.02.13	07:00:00	2915.928	2920.674	2913.070	2914.569	11428	0	159
2025.02.13	08:00:00	2914.607	2918.144	2909.416	2911.645	13733	0	159
2025.02.13	09:00:00	2911.682	2918.325	2909.744	2915.401	9550	0	159
2025.02.13	10:00:00	2915.277	2919.475	2913.953	2918.013	7444	0	159
2025.02.13	11:00:00	2917.989	2918.354	2915.393	2917.873	8807	0	159
2025.02.13	12:00:00	2917.909	2921.398	2915.668	2917.753	9833	0	159
2025.02.13	13:00:00	2917.718	2917.992	2905.762	2908.623	22932	0	159
2025.02.13	14:00:00	2908.584	2917.332	2906.454	2915.152	20645	0	159
2025.02.13	15:00:00	2915.142	2920.973	2914.425	2920.235	14169	0	159
2025.02.13	16:00:00	2920.220	2920.824	2912.887	2913.764	9729	0	159
2025.02.13	17:00:00	2913.688	2919.231	2913.429	2918.996	8498	0	159
2025.02.13	18:00:00	2918.957	2925.362	2914.224	2924.097	11112	0	159
2025.02.13	19:00:00	2924.046	2927.402	2923.787	2926.812	7263	0	159
2025.02.13	20:00:00	2926.825	2929.058	2924.855	2928.418	7508	0	159
2025.02.13	21:00:00	2928.456	2929.552	2928.191	2928.708	2902	0	160
2025.02.13	23:00:00	2928.320	2932.484	2927.234	2931.217	5009	0	160
2025.02.14	00:00:00	2931.192	2931.601	2927.450	2927.847	4727	0	159
2025.02.14	01:00:00	2927.886	2933.879	2927.886	2929.879	11272	0	159
2025.02.14	02:00:00	2929.914	2930.494	2925.961	2927.320	9773	0	159
2025.02.14	03:00:00	2927.276	2930.367	2923.164	2924.330	7779	0	159
2025.02.14	04:00:00	2924.336	2929.251	2923.770	2928.602	6673	0	159
2025.02.14	05:00:00	2928.653	2932.418	2926.654	2931.021	9537	0	159
2025.02.14	06:00:00	2930.982	2936.840	2929.844	2934.315	10256	0	159
2025.02.14	07:00:00	2934.272	2935.145	2930.475	2931.853	9953	0	159
2025.02.14	08:00:00	2931.810	2938.549	2930.812	2935.107	10928	0	159
2025.02.14	09:00:00	2935.140	2938.793	2934.068	2935.118	9665	0	159
2025.02.14	10:00:00	2935.154	2940.000	2934.192	2935.866	9976	0	159
2025.02.14	11:00:00	2935.874	2937.598	2929.246	2931.181	8362	0	159
2025.02.14	12:00:00	2931.136	2933.052	2927.696	2930.818	10668	0	159
2025.02.14	13:00:00	2930.863	2933.388	2917.524	2920.620	27382	0	159
2025.02.14	14:00:00	2920.566	2928.561	2914.082	2921.059	31386	0	159
2025.02.14	15:00:00	2921.020	2921.775	2892.870	2901.939	36131	0	159
2025.02.14	16:00:00	2901.827	2903.915	2888.466	2895.844	25004	0	159
2025.02.14	17:00:00	2895.880	2897.448	2885.328	2886.953	16182	0	159
2025.02.14	18:00:00	2887.001	2887.925	2882.127	2883.695	12097	0	159
2025.02.14	19:00:00	2883.737	2885.930	2878.691	2880.499	8408	0	159
2025.02.14	20:00:00	2880.468	2886.209	2876.991	2885.310	10495	0	159
2025.02.14	21:00:00	2885.404	2885.817	2882.353	2882.772	3943	0	159
2025.02.16	23:00:00	2893.643	2894.027	2878.430	2879.221	16153	0	159
2025.02.17	00:00:00	2879.254	2888.168	2879.254	2883.584	7491	0	159
2025.02.17	01:00:00	2883.585	2896.619	2882.336	2895.474	13788	0	159
2025.02.17	02:00:00	2895.495	2899.850	2893.955	2899.261	9686	0	159
2025.02.17	03:00:00	2899.297	2904.607	2897.835	2903.603	7154	0	159
2025.02.17	04:00:00	2903.553	2904.958	2898.494	2899.403	6209	0	159
2025.02.17	05:00:00	2899.420	2905.407	2895.887	2896.300	7118	0	159
2025.02.17	06:00:00	2896.282	2897.826	2888.211	2896.549	10743	0	159
2025.02.17	07:00:00	2896.567	2903.642	2896.391	2902.479	10857	0	159
2025.02.17	08:00:00	2902.499	2902.723	2895.044	2900.232	10525	0	159
2025.02.17	09:00:00	2900.268	2906.428	2900.255	2902.598	11161	0	159
2025.02.17	10:00:00	2902.597	2902.985	2895.489	2902.812	9309	0	159
2025.02.17	11:00:00	2902.845	2903.964	2897.861	2900.992	8929	0	159
2025.02.17	12:00:00	2900.979	2901.726	2895.413	2897.676	8112	0	159
2025.02.17	13:00:00	2897.574	2899.210	2895.528	2896.782	13188	0	159
2025.02.17	14:00:00	2896.785	2903.897	2896.435	2902.952	12751	0	159
2025.02.17	15:00:00	2902.993	2904.199	2897.925	2899.190	10322	0	159
2025.02.17	16:00:00	2899.270	2901.275	2896.488	2899.162	8040	0	159
2025.02.17	17:00:00	2899.197	2899.755	2897.824	2898.405	5404	0	159
2025.02.17	18:00:00	2898.403	2899.140	2897.077	2898.248	3964	0	160
2025.02.17	19:00:00	2898.239	2898.438	2897.381	2897.392	856	0	160
2025.02.17	23:00:00	2899.102	2899.482	2897.106	2899.373	2075	0	159
2025.02.18	00:00:00	2899.325	2900.395	2898.285	2899.314	2849	0	159
2025.02.18	01:00:00	2899.329	2899.956	2892.013	2895.670	6758	0	159
2025.02.18	02:00:00	2895.706	2905.152	2895.315	2903.051	8337	0	159
2025.02.18	03:00:00	2903.024	2910.890	2902.727	2909.001	8547	0	159
2025.02.18	04:00:00	2908.996	2911.022	2907.173	2910.767	4262	0	159
2025.02.18	05:00:00	2910.877	2915.629	2909.785	2910.832	9142	0	159
2025.02.18	06:00:00	2910.775	2914.402	2910.041	2913.683	6582	0	159
2025.02.18	07:00:00	2913.722	2915.344	2908.514	2911.501	6164	0	159
2025.02.18	08:00:00	2911.540	2913.249	2908.211	2912.453	7512	0	159
2025.02.18	09:00:00	2912.414	2913.397	2910.003	2912.591	6303	0	159
2025.02.18	10:00:00	2912.594	2913.434	2906.997	2911.182	6199	0	159
2025.02.18	11:00:00	2911.227	2914.922	2909.689	2914.174	6200	0	159
2025.02.18	12:00:00	2914.224	2918.882	2912.054	2918.125	8275	0	159
2025.02.18	13:00:00	2918.166	2921.390	2913.257	2918.875	12607	0	159
2025.02.18	14:00:00	2918.874	2928.710	2917.748	2927.900	13050	0	159
2025.02.18	15:00:00	2927.950	2929.609	2923.552	2927.020	13644	0	159
2025.02.18	16:00:00	2926.986	2933.763	2924.186	2932.803	11489	0	159
2025.02.18	17:00:00	2932.769	2933.657	2929.640	2931.193	7883	0	159
2025.02.18	18:00:00	2931.232	2933.732	2928.294	2933.251	7416	0	159
2025.02.18	19:00:00	2933.245	2936.994	2931.933	2935.821	6336	0	159
2025.02.18	20:00:00	2935.832	2936.788	2932.393	2933.386	5552	0	159
2025.02.18	21:00:00	2933.417	2936.480	2933.202	2935.356	3123	0	159
2025.02.18	23:00:00	2935.270	2935.663	2933.124	2934.061	2375	0	160
2025.02.19	00:00:00	2934.059	2934.358	2928.581	2929.261	3577	0	159
2025.02.19	01:00:00	2929.237	2939.650	2927.879	2938.392	7583	0	159
2025.02.19	02:00:00	2938.487	2939.653	2924.058	2929.227	10271	0	159
2025.02.19	03:00:00	2929.254	2930.470	2924.907	2928.825	7396	0	159
2025.02.19	04:00:00	2928.828	2929.567	2926.487	2929.263	4808	0	159
2025.02.19	05:00:00	2929.260	2934.433	2928.003	2932.801	6146	0	159
2025.02.19	06:00:00	2932.775	2935.872	2930.748	2931.728	6106	0	160
2025.02.19	07:00:00	2931.683	2935.870	2930.440	2934.250	7926	0	159
2025.02.19	08:00:00	2934.210	2940.040	2933.718	2938.602	9550	0	159
2025.02.19	09:00:00	2938.554	2946.666	2938.121	2945.517	9031	0	159
2025.02.19	10:00:00	2945.534	2947.049	2942.614	2944.795	6574	0	159
2025.02.19	11:00:00	2944.728	2946.053	2934.023	2935.087	7599	0	159
2025.02.19	12:00:00	2935.059	2936.743	2931.202	2933.540	9730	0	159
2025.02.19	13:00:00	2933.507	2941.657	2932.464	2936.258	13991	0	159
2025.02.19	14:00:00	2936.225	2940.571	2930.193	2938.095	19575	0	159
2025.02.19	15:00:00	2938.070	2939.168	2925.426	2925.793	13974	0	159
2025.02.19	16:00:00	2925.767	2930.880	2922.986	2928.060	14845	0	159
2025.02.19	17:00:00	2928.085	2929.831	2921.459	2923.841	9433	0	159
2025.02.19	18:00:00	2923.801	2926.607	2918.524	2925.012	11081	0	159
2025.02.19	19:00:00	2924.932	2932.365	2923.467	2931.754	8174	0	159
2025.02.19	20:00:00	2931.715	2936.612	2931.305	2935.874	7548	0	159
2025.02.19	21:00:00	2935.836	2937.461	2932.373	2932.970	3137	0	159
2025.02.19	23:00:00	2933.724	2936.242	2933.526	2935.384	2709	0	159
2025.02.20	00:00:00	2935.386	2941.269	2935.386	2940.821	4956	0	159
2025.02.20	01:00:00	2940.879	2942.449	2934.619	2937.114	10632	0	159
2025.02.20	02:00:00	2937.074	2941.574	2933.858	2941.005	8389	0	159
2025.02.20	03:00:00	2940.999	2944.057	2940.592	2941.913	5430	0	159
2025.02.20	04:00:00	2941.933	2942.644	2939.267	2939.893	4499	0	159
2025.02.20	05:00:00	2939.876	2946.877	2939.354	2946.772	5304	0	159
2025.02.20	06:00:00	2946.760	2949.001	2943.924	2947.701	6762	0	159
2025.02.20	07:00:00	2947.737	2954.216	2946.435	2948.871	6776	0	159
2025.02.20	08:00:00	2948.966	2954.812	2948.962	2954.523	6326	0	159
2025.02.20	09:00:00	2954.522	2954.975	2949.948	2951.502	6582	0	159
2025.02.20	10:00:00	2951.477	2954.857	2949.058	2952.293	8638	0	159
2025.02.20	11:00:00	2952.326	2952.903	2947.148	2948.768	6379	0	159
2025.02.20	12:00:00	2948.743	2950.820	2938.746	2945.369	12108	0	159
2025.02.20	13:00:00	2945.408	2947.665	2933.786	2934.032	18209	0	159
2025.02.20	14:00:00	2933.991	2939.959	2924.080	2935.064	22545	0	159
2025.02.20	15:00:00	2935.117	2939.579	2931.593	2938.545	14924	0	159
2025.02.20	16:00:00	2938.503	2945.602	2935.981	2943.082	10798	0	159
2025.02.20	17:00:00	2943.008	2946.996	2939.971	2940.565	9312	0	159
2025.02.20	18:00:00	2940.519	2942.482	2937.407	2941.764	9102	0	159
2025.02.20	19:00:00	2941.797	2941.905	2933.524	2937.894	7208	0	159
2025.02.20	20:00:00	2938.034	2938.755	2935.512	2937.804	6860	0	159
2025.02.20	21:00:00	2937.777	2940.308	2937.470	2938.627	3936	0	160
2025.02.20	23:00:00	2939.784	2943.433	2938.496	2941.530	3215	0	159
2025.02.21	00:00:00	2941.570	2942.711	2937.287	2940.001	4321	0	159
2025.02.21	01:00:00	2940.008	2949.786	2926.797	2928.821	15158	0	159
2025.02.21	02:00:00	2928.787	2941.089	2926.286	2939.123	12741	0	159
2025.02.21	03:00:00	2939.148	2939.837	2927.175	2931.262	12285	0	159
2025.02.21	04:00:00	2931.262	2932.310	2926.608	2928.495	5977	0	159
2025.02.21	05:00:00	2928.459	2934.039	2924.187	2930.206	10365	0	159
2025.02.21	06:00:00	2930.212	2931.484	2925.618	2929.735	8974	0	159
2025.02.21	07:00:00	2929.723	2933.051	2929.122	2930.070	5961	0	159
2025.02.21	08:00:00	2930.032	2931.277	2916.682	2923.226	11979	0	159
2025.02.21	09:00:00	2923.197	2929.680	2923.036	2929.336	7379	0	159
2025.02.21	10:00:00	2929.328	2931.049	2928.848	2930.527	5061	0	160
2025.02.21	11:00:00	2930.549	2936.114	2928.009	2928.376	6558	0	159
2025.02.21	12:00:00	2928.411	2935.270	2927.523	2930.146	7588	0	159
2025.02.21	13:00:00	2930.104	2934.575	2926.914	2930.946	11895	0	159
2025.02.21	14:00:00	2930.920	2939.091	2928.214	2933.876	16645	0	159
2025.02.21	15:00:00	2933.737	2935.720	2921.547	2928.696	17564	0	159
2025.02.21	16:00:00	2928.670	2938.521	2927.322	2936.726	9965	0	159
2025.02.21	17:00:00	2936.718	2941.650	2936.160	2939.730	7442	0	159
2025.02.21	18:00:00	2939.691	2942.804	2937.776	2941.843	8607	0	159
2025.02.21	19:00:00	2941.860	2942.597	2932.923	2933.398	7440	0	159
2025.02.21	20:00:00	2933.374	2937.170	2932.408	2934.732	7723	0	159
2025.02.21	21:00:00	2934.707	2938.227	2932.099	2936.453	4043	0	159
2025.02.23	23:00:00	2939.411	2940.546	2936.498	2936.867	6037	0	159
2025.02.24	00:00:00	2936.863	2938.049	2929.600	2930.180	6461	0	159
2025.02.24	01:00:00	2930.220	2931.449	2921.332	2928.047	18572	0	159
2025.02.24	02:00:00	2928.004	2940.987	2925.073	2940.877	11276	0	159
2025.02.24	03:00:00	2940.829	2944.839	2939.768	2941.076	14877	0	159
2025.02.24	04:00:00	2941.133	2943.037	2937.781	2940.657	8214	0	159
2025.02.24	05:00:00	2940.744	2942.090	2935.591	2936.358	8149	0	159
2025.02.24	06:00:00	2936.320	2942.008	2935.220	2938.673	7093	0	159
2025.02.24	07:00:00	2938.648	2945.010	2938.244	2943.809	6239	0	159
2025.02.24	08:00:00	2943.850	2948.737	2938.188	2946.398	8512	0	159
2025.02.24	09:00:00	2946.348	2948.259	2942.846	2944.275	7133	0	159
2025.02.24	10:00:00	2944.311	2944.714	2934.893	2938.292	6210	0	159
2025.02.24	11:00:00	2938.390	2948.190	2937.676	2947.754	7405	0	159
2025.02.24	12:00:00	2947.709	2951.141	2945.447	2946.474	7065	0	159
2025.02.24	13:00:00	2946.424	2954.589	2946.262	2954.396	11171	0	159
2025.02.24	14:00:00	2954.395	2956.181	2934.621	2938.764	19594	0	159
2025.02.24	15:00:00	2938.692	2940.489	2930.649	2936.524	18109	0	159
2025.02.24	16:00:00	2936.500	2943.666	2936.450	2943.383	10906	0	159
2025.02.24	17:00:00	2943.451	2944.820	2940.990	2943.343	8026	0	159
2025.02.24	18:00:00	2943.368	2947.989	2942.795	2947.358	6073	0	159
2025.02.24	19:00:00	2947.394	2949.910	2946.861	2949.154	5331	0	159
2025.02.24	20:00:00	2949.214	2951.573	2947.038	2950.601	5476	0	159
2025.02.24	21:00:00	2950.641	2953.187	2950.291	2952.679	3045	0	160
2025.02.24	23:00:00	2953.028	2953.943	2948.284	2949.996	5187	0	159
2025.02.25	00:00:00	2949.957	2952.552	2948.269	2949.689	3978	0	160
2025.02.25	01:00:00	2949.723	2952.496	2945.214	2949.563	9615	0	159
2025.02.25	02:00:00	2949.526	2952.347	2947.050	2948.606	7363	0	159
2025.02.25	03:00:00	2948.561	2949.519	2937.535	2939.513	8912	0	159
2025.02.25	04:00:00	2939.492	2939.880	2935.026	2936.877	6412	0	159
2025.02.25	05:00:00	2936.841	2940.964	2936.566	2937.976	6388	0	159
2025.02.25	06:00:00	2937.913	2938.475	2933.489	2935.866	6218	0	159
2025.02.25	07:00:00	2935.926	2940.377	2930.471	2931.736	9616	0	159
2025.02.25	08:00:00	2931.762	2942.456	2929.553	2941.554	9499	0	159
2025.02.25	09:00:00	2941.620	2942.436	2937.456	2938.902	6500	0	159
2025.02.25	10:00:00	2939.004	2941.519	2937.411	2937.565	6541	0	159
2025.02.25	11:00:00	2937.604	2940.581	2937.123	2938.626	5962	0	159
2025.02.25	12:00:00	2938.664	2941.301	2924.044	2928.574	15214	0	159
2025.02.25	13:00:00	2928.616	2937.952	2926.166	2937.418	18046	0	159
2025.02.25	14:00:00	2937.383	2944.949	2932.089	2932.953	15764	0	159
2025.02.25	15:00:00	2932.851	2934.915	2900.498	2905.866	36001	0	159
2025.02.25	16:00:00	2905.892	2906.905	2888.229	2896.428	26521	0	159
2025.02.25	17:00:00	2896.329	2908.813	2893.588	2907.604	12869	0	159
2025.02.25	18:00:00	2907.630	2912.225	2905.353	2909.543	10191	0	159
2025.02.25	19:00:00	2909.500	2913.899	2905.717	2912.051	6690	0	159
2025.02.25	20:00:00	2912.074	2913.367	2910.817	2912.727	6531	0	159
2025.02.25	21:00:00	2912.767	2917.345	2912.615	2915.044	5056	0	159
2025.02.25	23:00:00	2914.903	2919.051	2913.569	2918.604	4996	0	159
2025.02.26	00:00:00	2918.626	2926.094	2918.626	2923.557	7064	0	159
2025.02.26	01:00:00	2923.453	2930.141	2915.244	2917.753	10950	0	159
2025.02.26	02:00:00	2917.761	2923.133	2914.783	2921.110	8369	0	159
2025.02.26	03:00:00	2921.150	2921.724	2916.434	2917.295	4721	0	159
2025.02.26	04:00:00	2917.264	2918.927	2912.665	2915.076	5378	0	159
2025.02.26	05:00:00	2915.060	2921.014	2914.795	2915.413	5839	0	159
2025.02.26	06:00:00	2915.406	2916.211	2906.620	2906.654	6771	0	159
2025.02.26	07:00:00	2906.618	2917.438	2905.857	2915.529	9119	0	159
2025.02.26	08:00:00	2915.504	2918.426	2909.518	2917.955	9273	0	159
2025.02.26	09:00:00	2917.987	2918.966	2912.195	2913.226	6810	0	159
2025.02.26	10:00:00	2913.191	2916.910	2910.971	2912.741	6348	0	159
2025.02.26	11:00:00	2912.690	2915.418	2912.018	2913.815	4902	0	159
2025.02.26	12:00:00	2913.844	2915.471	2910.076	2913.915	6225	0	159
2025.02.26	13:00:00	2913.913	2915.036	2905.491	2905.994	11594	0	159
2025.02.26	14:00:00	2905.970	2906.244	2890.669	2901.525	27445	0	159
2025.02.26	15:00:00	2901.574	2914.345	2898.469	2913.199	15912	0	159
2025.02.26	16:00:00	2913.239	2916.689	2909.914	2913.110	11325	0	159
2025.02.26	17:00:00	2913.086	2916.314	2910.335	2913.782	10129	0	159
2025.02.26	18:00:00	2913.683	2916.197	2912.360	2914.857	6950	0	159
2025.02.26	19:00:00	2914.879	2916.326	2913.329	2913.934	5004	0	159
2025.02.26	20:00:00	2913.921	2916.758	2911.996	2916.306	5551	0	159
2025.02.26	21:00:00	2916.268	2918.790	2915.897	2916.266	3811	0	159
2025.02.26	23:00:00	2916.968	2920.788	2915.668	2919.118	3149	0	160
2025.02.27	00:00:00	2919.176	2919.176	2915.906	2917.097	3351	0	159
2025.02.27	01:00:00	2917.147	2918.338	2911.021	2912.653	9761	0	159
2025.02.27	02:00:00	2912.574	2914.815	2904.352	2906.747	9196	0	159
2025.02.27	03:00:00	2906.807	2909.120	2905.238	2905.729	7045	0	160
2025.02.27	04:00:00	2905.768	2906.555	2896.238	2897.391	7324	0	159
2025.02.27	05:00:00	2897.436	2898.526	2888.571	2890.966	13866	0	159
2025.02.27	06:00:00	2890.975	2898.424	2890.530	2894.152	10841	0	159
2025.02.27	07:00:00	2894.115	2896.735	2887.924	2891.988	11064	0	159
2025.02.27	08:00:00	2891.944	2892.167	2880.690	2881.447	14289	0	159
2025.02.27	09:00:00	2881.397	2893.521	2876.987	2887.387	12747	0	159
2025.02.27	10:00:00	2887.416	2894.942	2886.514	2892.220	7362	0	159
2025.02.27	11:00:00	2892.221	2894.842	2883.414	2883.942	9139	0	159
2025.02.27	12:00:00	2884.054	2888.722	2883.120	2885.100	9474	0	159
2025.02.27	13:00:00	2885.060	2892.143	2881.045	2888.909	23598	0	159
2025.02.27	14:00:00	2888.880	2892.452	2867.740	2872.250	29535	0	159
2025.02.27	15:00:00	2872.198	2882.492	2870.374	2872.392	24400	0	159
2025.02.27	16:00:00	2872.363	2878.200	2871.766	2877.591	12682	0	159
2025.02.27	17:00:00	2877.559	2883.762	2876.101	2883.175	9904	0	159
2025.02.27	18:00:00	2883.175	2887.429	2882.847	2887.376	8696	0	159
2025.02.27	19:00:00	2887.427	2887.704	2877.244	2879.210	10067	0	159
2025.02.27	20:00:00	2879.248	2879.342	2872.757	2873.926	12766	0	159
2025.02.27	21:00:00	2873.888	2877.979	2871.339	2877.091	4448	0	159
2025.02.27	23:00:00	2877.652	2878.424	2874.723	2876.063	4458	0	160
2025.02.28	00:00:00	2876.069	2880.288	2874.920	2877.013	4432	0	159
2025.02.28	01:00:00	2877.035	2885.034	2873.834	2874.837	11738	0	159
2025.02.28	02:00:00	2874.771	2877.914	2870.339	2873.366	11897	0	159
2025.02.28	03:00:00	2873.328	2876.264	2863.667	2865.751	10084	0	159
2025.02.28	04:00:00	2865.731	2866.082	2856.942	2863.517	12489	0	159
2025.02.28	05:00:00	2863.420	2867.005	2861.773	2864.167	9598	0	159
2025.02.28	06:00:00	2864.191	2866.678	2861.906	2863.544	9081	0	159
2025.02.28	07:00:00	2863.566	2865.224	2857.337	2858.678	9212	0	159
2025.02.28	08:00:00	2858.639	2860.341	2851.064	2855.966	10411	0	159
2025.02.28	09:00:00	2855.901	2864.241	2855.724	2862.373	8770	0	159
2025.02.28	10:00:00	2862.337	2864.852	2860.674	2862.744	6587	0	159
2025.02.28	11:00:00	2862.810	2863.660	2859.058	2862.174	6146	0	159
2025.02.28	12:00:00	2862.216	2864.990	2854.294	2856.234	9209	0	159
2025.02.28	13:00:00	2856.273	2862.265	2848.299	2848.594	17982	0	159
2025.02.28	14:00:00	2848.655	2851.704	2833.427	2833.864	23260	0	159
2025.02.28	15:00:00	2833.836	2850.674	2832.578	2850.167	24392	0	159
2025.02.28	16:00:00	2850.197	2853.899	2846.270	2848.583	15717	0	159
2025.02.28	17:00:00	2848.547	2851.577	2844.502	2845.077	10292	0	159
2025.02.28	18:00:00	2845.041	2847.758	2838.063	2845.292	12631	0	159
2025.02.28	19:00:00	2845.328	2850.925	2844.114	2849.606	7623	0	159
2025.02.28	20:00:00	2849.580	2855.155	2847.790	2854.779	8330	0	159
2025.02.28	21:00:00	2854.736	2859.697	2853.403	2858.242	4787	0	160
2025.03.02	23:00:00	2873.556	2876.994	2863.995	2870.799	14068	0	159
2025.03.03	00:00:00	2870.866	2871.354	2865.152	2865.724	8677	0	159
2025.03.03	01:00:00	2865.810	2872.055	2864.086	2870.802	12220	0	159
2025.03.03	02:00:00	2870.800	2872.004	2867.801	2868.266	6522	0	159
2025.03.03	03:00:00	2868.222	2868.222	2859.294	2864.775	8803	0	159
2025.03.03	04:00:00	2864.850	2868.481	2863.071	2867.340	4859	0	159
2025.03.03	05:00:00	2867.297	2867.433	2861.224	2863.818	5995	0	159
2025.03.03	06:00:00	2863.796	2866.091	2861.802	2865.634	7188	0	159
2025.03.03	07:00:00	2865.659	2866.357	2860.093	2863.208	6762	0	159
2025.03.03	08:00:00	2863.274	2868.802	2858.830	2868.564	9187	0	159
2025.03.03	09:00:00	2868.586	2871.583	2864.324	2867.465	9078	0	159
2025.03.03	10:00:00	2867.492	2873.631	2867.187	2871.919	6449	0	159
2025.03.03	11:00:00	2871.961	2875.413	2871.263	2874.411	6120	0	159
2025.03.03	12:00:00	2874.361	2877.716	2873.919	2875.653	7406	0	159
2025.03.03	13:00:00	2875.614	2876.309	2868.878	2872.669	13326	0	159
2025.03.03	14:00:00	2872.619	2883.058	2871.227	2877.104	15243	0	159
2025.03.03	15:00:00	2877.130	2890.536	2873.905	2887.771	19028	0	159
2025.03.03	16:00:00	2887.862	2893.108	2886.037	2891.439	9617	0	159
2025.03.03	17:00:00	2891.478	2892.915	2887.344	2890.826	8117	0	159
2025.03.03	18:00:00	2890.858	2892.461	2886.628	2889.919	9855	0	159
2025.03.03	19:00:00	2889.976	2891.321	2879.697	2881.612	9893	0	159
2025.03.03	20:00:00	2881.655	2891.455	2878.303	2890.434	12319	0	159
2025.03.03	21:00:00	2890.474	2895.267	2890.211	2893.762	4751	0	159
2025.03.03	23:00:00	2892.205	2893.409	2890.505	2890.886	4233	0	159
2025.03.04	00:00:00	2890.863	2893.734	2890.149	2891.880	4848	0	159
2025.03.04	01:00:00	2891.841	2893.055	2881.950	2888.363	10991	0	159
2025.03.04	02:00:00	2888.319	2889.413	2884.722	2885.522	7641	0	159
2025.03.04	03:00:00	2885.465	2892.997	2884.938	2888.629	6986	0	159
2025.03.04	04:00:00	2888.570	2892.736	2886.733	2891.338	5432	0	159
2025.03.04	05:00:00	2891.259	2894.435	2888.482	2889.713	7456	0	159
2025.03.04	06:00:00	2889.695	2889.990	2884.391	2887.360	6782	0	159
2025.03.04	07:00:00	2887.402	2901.552	2887.010	2899.923	9429	0	159
2025.03.04	08:00:00	2899.908	2918.716	2896.707	2913.959	14418	0	159
2025.03.04	09:00:00	2914.000	2921.317	2912.495	2918.149	9017	0	159
2025.03.04	10:00:00	2918.114	2918.185	2912.138	2914.628	8121	0	159
2025.03.04	11:00:00	2914.612	2921.773	2913.069	2919.942	7252	0	159
2025.03.04	12:00:00	2920.020	2925.576	2918.625	2924.768	8567	0	159
2025.03.04	13:00:00	2924.797	2927.891	2919.818	2922.545	16524	0	159
2025.03.04	14:00:00	2922.586	2923.056	2903.310	2903.542	22231	0	159
2025.03.04	15:00:00	2903.567	2912.365	2900.310	2906.102	23468	0	159
2025.03.04	16:00:00	2906.087	2915.982	2903.724	2915.076	13772	0	159
2025.03.04	17:00:00	2915.185	2916.371	2911.110	2911.647	9186	0	159
2025.03.04	18:00:00	2911.567	2915.179	2908.239	2911.197	7425	0	159
2025.03.04	19:00:00	2911.213	2916.501	2911.106	2916.090	6847	0	159
2025.03.04	20:00:00	2916.052	2920.529	2914.326	2917.196	8032	0	159
2025.03.04	21:00:00	2917.223	2918.456	2913.269	2917.512	5257	0	160
2025.03.04	23:00:00	2918.216	2918.297	2914.267	2914.363	3337	0	159
2025.03.05	00:00:00	2914.355	2917.168	2912.193	2914.133	4782	0	159
2025.03.05	01:00:00	2914.125	2915.085	2903.445	2907.235	15259	0	159
2025.03.05	02:00:00	2907.235	2914.535	2902.094	2904.266	12593	0	159
2025.03.05	03:00:00	2904.241	2913.509	2903.334	2908.743	10252	0	159
2025.03.05	04:00:00	2908.704	2912.676	2908.576	2910.477	5793	0	159
2025.03.05	05:00:00	2910.481	2918.711	2909.975	2918.646	7125	0	159
2025.03.05	06:00:00	2918.603	2921.646	2913.552	2917.034	8480	0	159
2025.03.05	07:00:00	2917.023	2919.868	2913.021	2917.989	9494	0	159
2025.03.05	08:00:00	2917.947	2921.934	2916.653	2919.910	10684	0	159
2025.03.05	09:00:00	2919.941	2922.528	2913.245	2918.920	10532	0	159
2025.03.05	10:00:00	2918.878	2919.183	2909.010	2913.286	8759	0	159
2025.03.05	11:00:00	2913.280	2917.231	2911.970	2913.225	8046	0	159
2025.03.05	12:00:00	2913.278	2919.239	2912.245	2916.096	9394	0	159
2025.03.05	13:00:00	2916.152	2916.512	2894.255	2899.878	22781	0	159
2025.03.05	14:00:00	2899.919	2917.143	2897.601	2912.251	26211	0	159
2025.03.05	15:00:00	2912.226	2923.808	2908.106	2917.167	29035	0	159
2025.03.05	16:00:00	2917.109	2930.042	2915.175	2923.838	17504	0	159
2025.03.05	17:00:00	2923.877	2925.359	2913.659	2915.897	13529	0	159
2025.03.05	18:00:00	2915.949	2920.671	2911.189	2917.448	12603	0	159
2025.03.05	19:00:00	2917.480	2921.356	2916.233	2920.551	7900	0	159
2025.03.05	20:00:00	2920.512	2923.119	2919.511	2922.070	8176	0	159
2025.03.05	21:00:00	2922.153	2922.361	2917.732	2918.953	3078	0	159
2025.03.05	23:00:00	2918.008	2918.982	2916.711	2918.236	2938	0	159
2025.03.06	00:00:00	2918.237	2920.314	2916.568	2916.795	4032	0	159
2025.03.06	01:00:00	2916.785	2925.654	2915.874	2924.606	9409	0	159
2025.03.06	02:00:00	2924.617	2926.567	2922.919	2925.546	6693	0	159
2025.03.06	03:00:00	2925.552	2925.589	2920.111	2921.261	6032	0	159
2025.03.06	04:00:00	2921.227	2921.562	2916.285	2917.396	4770	0	160
2025.03.06	05:00:00	2917.359	2920.698	2914.499	2919.832	6430	0	159
2025.03.06	06:00:00	2919.837	2923.073	2919.837	2920.587	6787	0	159
2025.03.06	07:00:00	2920.609	2922.500	2909.757	2910.137	12614	0	159
2025.03.06	08:00:00	2910.108	2911.530	2901.060	2904.808	14273	0	159
2025.03.06	09:00:00	2904.698	2905.296	2891.159	2894.336	12699	0	159
2025.03.06	10:00:00	2894.264	2905.171	2891.918	2899.268	12307	0	159
2025.03.06	11:00:00	2899.221	2907.583	2898.550	2905.714	10364	0	159
2025.03.06	12:00:00	2905.760	2907.191	2899.238	2903.130	12721	0	159
2025.03.06	13:00:00	2903.121	2909.389	2900.865	2904.440	18225	0	159
2025.03.06	14:00:00	2904.412	2916.596	2903.345	2915.086	18365	0	159
2025.03.06	15:00:00	2915.147	2922.764	2908.955	2914.497	21801	0	159
2025.03.06	16:00:00	2914.530	2918.502	2912.579	2917.186	12865	0	159
2025.03.06	17:00:00	2917.257	2921.419	2914.362	2915.587	9114	0	159
2025.03.06	18:00:00	2915.612	2920.649	2913.745	2916.228	8799	0	159
2025.03.06	19:00:00	2916.262	2917.723	2912.337	2914.040	8040	0	159
2025.03.06	20:00:00	2914.013	2916.613	2908.373	2908.703	8546	0	160
2025.03.06	21:00:00	2908.745	2911.945	2908.395	2911.032	3712	0	160
2025.03.06	23:00:00	2912.057	2913.622	2909.930	2910.314	4678	0	159
2025.03.07	00:00:00	2910.249	2910.326	2896.667	2904.730	11850	0	159
2025.03.07	01:00:00	2904.768	2910.174	2901.433	2906.844	15136	0	159
2025.03.07	02:00:00	2906.804	2909.256	2901.155	2908.110	11914	0	159
2025.03.07	03:00:00	2908.080	2908.984	2903.919	2905.355	8911	0	159
2025.03.07	04:00:00	2905.269	2908.368	2904.730	2906.647	7274	0	159
2025.03.07	05:00:00	2906.652	2912.591	2906.436	2909.609	8503	0	159
2025.03.07	06:00:00	2909.562	2914.759	2907.781	2913.415	8121	0	159
2025.03.07	07:00:00	2913.404	2917.279	2911.706	2917.098	7959	0	159
2025.03.07	08:00:00	2917.138	2922.975	2915.201	2922.385	8964	0	159
2025.03.07	09:00:00	2922.367	2923.007	2920.197	2921.669	7440	0	159
2025.03.07	10:00:00	2921.621	2921.888	2917.007	2917.898	8954	0	159
2025.03.07	11:00:00	2917.950	2922.123	2916.601	2918.700	8908	0	159
2025.03.07	12:00:00	2918.796	2922.841	2917.923	2918.782	9893	0	159
2025.03.07	13:00:00	2918.747	2926.478	2910.224	2913.829	26493	0	159
2025.03.07	14:00:00	2913.777	2928.826	2903.570	2926.774	27807	0	159
2025.03.07	15:00:00	2926.732	2930.466	2908.558	2915.819	26076	0	159
2025.03.07	16:00:00	2915.783	2919.423	2911.629	2914.009	16334	0	159
2025.03.07	17:00:00	2913.969	2916.142	2905.076	2908.174	16187	0	159
2025.03.07	18:00:00	2908.130	2908.782	2901.860	2906.545	14120	0	159
2025.03.07	19:00:00	2906.587	2909.515	2904.544	2905.229	11271	0	159
2025.03.07	20:00:00	2905.199	2911.131	2904.716	2909.637	7717	0	159
2025.03.07	21:00:00	2909.691	2912.663	2908.498	2911.256	3194	0	159
2025.03.09	22:00:00	2912.347	2915.145	2909.658	2911.935	5419	0	159
2025.03.09	23:00:00	2911.975	2917.051	2911.394	2916.187	4905	0	160
2025.03.10	00:00:00	2916.190	2917.949	2912.984	2913.852	7175	0	159
2025.03.10	01:00:00	2913.889	2918.312	2911.327	2912.156	11476	0	159
2025.03.10	02:00:00	2912.120	2914.551	2909.471	2911.484	8082	0	159
2025.03.10	03:00:00	2911.444	2913.625	2908.127	2910.943	9041	0	159
2025.03.10	04:00:00	2910.982	2912.654	2910.216	2910.913	4691	0	159
2025.03.10	05:00:00	2911.025	2911.952	2906.942	2909.848	6366	0	159
2025.03.10	06:00:00	2909.796	2914.557	2909.307	2914.328	7197	0	159
2025.03.10	07:00:00	2914.355	2915.426	2904.304	2908.444	9270	0	159
2025.03.10	08:00:00	2908.432	2910.643	2897.509	2897.822	12620	0	159
2025.03.10	09:00:00	2897.797	2915.472	2896.723	2911.280	14254	0	159
2025.03.10	10:00:00	2911.236	2911.417	2898.309	2902.976	11988	0	159
2025.03.10	11:00:00	2903.001	2904.747	2895.606	2904.027	12656	0	159
2025.03.10	12:00:00	2904.029	2907.711	2900.360	2906.590	16696	0	159
2025.03.10	13:00:00	2906.632	2908.625	2897.612	2903.693	20954	0	159
2025.03.10	14:00:00	2903.664	2909.199	2900.850	2907.983	23662	0	159
2025.03.10	15:00:00	2908.026	2910.642	2900.607	2904.485	16590	0	159
2025.03.10	16:00:00	2904.506	2906.841	2895.864	2895.932	11813	0	159
2025.03.10	17:00:00	2895.908	2896.147	2882.766	2886.096	17267	0	159
2025.03.10	18:00:00	2886.100	2889.499	2880.166	2885.581	12859	0	159
2025.03.10	19:00:00	2885.557	2890.953	2880.222	2885.494	13306	0	159
2025.03.10	20:00:00	2885.422	2889.204	2884.288	2889.086	3941	0	159
2025.03.10	22:00:00	2888.412	2890.177	2884.021	2884.720	3924	0	159
2025.03.10	23:00:00	2884.731	2885.865	2882.332	2884.685	4196	0	160
2025.03.11	00:00:00	2884.724	2888.637	2884.135	2887.229	7862	0	159
2025.03.11	01:00:00	2887.296	2890.979	2880.131	2890.612	13153	0	159
2025.03.11	02:00:00	2890.569	2900.486	2889.921	2899.005	10319	0	159
2025.03.11	03:00:00	2899.043	2899.389	2895.201	2896.910	6243	0	159
2025.03.11	04:00:00	2896.910	2898.678	2895.468	2897.687	5032	0	159
2025.03.11	05:00:00	2897.699	2899.067	2892.752	2895.801	7054	0	159
2025.03.11	06:00:00	2895.812	2902.827	2893.462	2902.302	9029	0	159
2025.03.11	07:00:00	2902.272	2903.586	2897.534	2901.009	9111	0	159
2025.03.11	08:00:00	2901.052	2910.324	2900.416	2909.903	7717	0	159
2025.03.11	09:00:00	2909.913	2912.418	2908.735	2911.705	7499	0	159
2025.03.11	10:00:00	2911.730	2914.470	2910.898	2912.003	6111	0	159
2025.03.11	11:00:00	2911.957	2915.464	2910.631	2913.668	6931	0	159
2025.03.11	12:00:00	2913.651	2916.051	2910.465	2913.057	9535	0	159
2025.03.11	13:00:00	2913.082	2922.262	2906.789	2918.120	19490	0	159
2025.03.11	14:00:00	2918.211	2920.912	2911.760	2914.104	16327	0	159
2025.03.11	15:00:00	2914.142	2919.902	2913.941	2916.875	11396	0	159
2025.03.11	16:00:00	2916.833	2918.078	2915.137	2917.098	7180	0	159
2025.03.11	17:00:00	2917.061	2920.518	2914.071	2917.776	8100	0	159
2025.03.11	18:00:00	2917.773	2919.591	2915.209	2918.308	6317	0	159
2025.03.11	19:00:00	2918.241	2921.385	2917.503	2918.403	6863	0	159
2025.03.11	20:00:00	2918.365	2919.023	2915.111	2916.024	3500	0	160
2025.03.11	22:00:00	2915.587	2918.068	2914.414	2917.545	3643	0	159
2025.03.11	23:00:00	2917.630	2919.589	2915.429	2915.551	2833	0	159
2025.03.12	00:00:00	2915.589	2915.626	2912.113	2914.260	4112	0	159
2025.03.12	01:00:00	2914.217	2917.269	2910.866	2914.927	7702	0	159
2025.03.12	02:00:00	2914.866	2918.243	2913.981	2916.300	6343	0	159
2025.03.12	03:00:00	2916.255	2919.995	2914.862	2914.941	5540	0	159
2025.03.12	04:00:00	2914.977	2916.072	2912.597	2914.952	4833	0	159
2025.03.12	05:00:00	2914.914	2916.507	2912.072	2916.045	6880	0	159
2025.03.12	06:00:00	2916.096	2921.125	2911.336	2911.951	7914	0	159
2025.03.12	07:00:00	2911.971	2915.606	2908.904	2914.462	8643	0	159
2025.03.12	08:00:00	2914.477	2922.222	2913.914	2922.075	8972	0	159
2025.03.12	09:00:00	2922.105	2925.372	2913.730	2914.772	9715	0	159
2025.03.12	10:00:00	2914.738	2916.968	2912.742	2914.377	7311	0	159
2025.03.12	11:00:00	2914.338	2916.664	2912.638	2915.304	6524	0	159
2025.03.12	12:00:00	2915.308	2923.073	2912.056	2917.554	15998	0	159
2025.03.12	13:00:00	2917.579	2918.807	2905.970	2915.583	21553	0	159
2025.03.12	14:00:00	2915.545	2922.514	2914.272	2921.858	14144	0	159
2025.03.12	15:00:00	2921.899	2929.444	2921.292	2928.377	14599	0	159
2025.03.12	16:00:00	2928.457	2939.232	2927.890	2936.155	16632	0	159
2025.03.12	17:00:00	2936.131	2940.592	2935.842	2936.097	9833	0	159
2025.03.12	18:00:00	2936.093	2937.462	2933.744	2935.210	6662	0	159
2025.03.12	19:00:00	2935.143	2935.667	2930.931	2931.322	6992	0	159
2025.03.12	20:00:00	2931.289	2934.202	2930.784	2933.244	3406	0	159
2025.03.12	22:00:00	2933.730	2938.909	2933.385	2938.064	4213	0	160
2025.03.12	23:00:00	2938.130	2939.353	2934.711	2938.039	3607	0	159
2025.03.13	00:00:00	2938.025	2939.364	2937.538	2938.648	3546	0	159
2025.03.13	01:00:00	2938.706	2941.454	2936.511	2937.906	7820	0	159
2025.03.13	02:00:00	2937.914	2946.043	2937.490	2944.330	6811	0	159
2025.03.13	03:00:00	2944.223	2947.124	2943.064	2945.636	6106	0	159
2025.03.13	04:00:00	2945.601	2946.152	2943.457	2944.637	4573	0	159
2025.03.13	05:00:00	2944.707	2945.165	2938.180	2940.065	6732	0	159
2025.03.13	06:00:00	2940.084	2940.348	2935.389	2936.919	7600	0	159
2025.03.13	07:00:00	2936.880	2938.040	2932.920	2935.252	6604	0	159
2025.03.13	08:00:00	2935.287	2944.915	2934.768	2941.572	8017	0	159
2025.03.13	09:00:00	2941.542	2948.885	2941.073	2947.729	6106	0	159
2025.03.13	10:00:00	2947.725	2948.548	2942.084	2944.074	6086	0	159
2025.03.13	11:00:00	2944.084	2948.604	2944.084	2946.333	7009	0	159
2025.03.13	12:00:00	2946.371	2949.124	2940.916	2942.420	13817	0	159
2025.03.13	13:00:00	2942.377	2952.420	2938.935	2950.358	16411	0	159
2025.03.13	14:00:00	2950.317	2971.165	2949.802	2969.861	18635	0	159
2025.03.13	15:00:00	2969.886	2978.486	2966.442	2977.772	24616	0	159
2025.03.13	16:00:00	2977.797	2985.322	2976.579	2980.086	16149	0	159
2025.03.13	17:00:00	2980.120	2982.246	2976.363	2979.482	11873	0	159
2025.03.13	18:00:00	2979.480	2984.381	2979.060	2983.261	8074	0	159
2025.03.13	19:00:00	2983.300	2985.474	2980.588	2982.946	8712	0	159
2025.03.13	20:00:00	2982.973	2989.124	2981.256	2989.084	4390	0	159
2025.03.13	22:00:00	2988.581	2989.916	2983.171	2987.279	4750	0	159
2025.03.13	23:00:00	2987.207	2989.300	2985.374	2986.435	3870	0	160
2025.03.14	00:00:00	2986.473	2988.710	2984.759	2986.759	5987	0	159
2025.03.14	01:00:00	2986.795	2990.174	2981.721	2987.870	14034	0	159
2025.03.14	02:00:00	2987.830	2988.558	2983.886	2984.177	8046	0	159
2025.03.14	03:00:00	2984.191	2992.960	2983.871	2992.631	6394	0	159
2025.03.14	04:00:00	2992.654	2993.922	2984.357	2985.475	6499	0	159
2025.03.14	05:00:00	2985.510	2986.594	2981.863	2986.395	7919	0	159
2025.03.14	06:00:00	2986.358	2987.644	2981.128	2985.681	7555	0	159
2025.03.14	07:00:00	2985.655	2987.036	2980.753	2986.892	7325	0	159
2025.03.14	08:00:00	2986.921	2993.222	2985.154	2992.872	7156	0	159
2025.03.14	09:00:00	2992.843	2999.446	2992.600	2998.768	6385	0	159
2025.03.14	10:00:00	2998.760	3004.879	2986.578	2993.213	12806	0	159
2025.03.14	11:00:00	2993.205	2999.174	2993.205	2993.503	10106	0	159
2025.03.14	12:00:00	2993.477	2999.673	2993.306	2993.807	10853	0	159
2025.03.14	13:00:00	2993.845	2996.101	2983.180	2986.038	19915	0	159
2025.03.14	14:00:00	2985.874	2993.381	2981.919	2985.348	21614	0	159
2025.03.14	15:00:00	2985.383	2986.505	2978.421	2984.607	16688	0	159
2025.03.14	16:00:00	2984.569	2989.965	2982.909	2989.689	9142	0	159
2025.03.14	17:00:00	2989.702	2990.430	2986.325	2986.610	7085	0	159
2025.03.14	18:00:00	2986.656	2987.019	2983.213	2983.409	5916	0	159
2025.03.14	19:00:00	2983.380	2986.027	2982.140	2984.020	5297	0	159
2025.03.14	20:00:00	2983.985	2988.756	2981.633	2986.370	3476	0	159
2025.03.16	22:00:00	2987.601	2990.719	2986.054	2988.994	4043	0	159
2025.03.16	23:00:00	2989.069	2994.105	2988.236	2990.061	3834	0	159
2025.03.17	00:00:00	2990.027	2991.114	2986.373	2990.825	5198	0	159
2025.03.17	01:00:00	2990.809	2993.091	2988.661	2990.830	9099	0	159
2025.03.17	02:00:00	2990.840	2991.956	2986.946	2988.189	5576	0	159
2025.03.17	03:00:00	2988.153	2988.677	2985.220	2986.917	4621	0	159
2025.03.17	04:00:00	2986.943	2987.894	2982.388	2982.628	4200	0	159
2025.03.17	05:00:00	2982.636	2986.170	2982.158	2986.026	4347	0	159
2025.03.17	06:00:00	2986.084	2990.730	2985.374	2989.841	5679	0	159
2025.03.17	07:00:00	2989.792	2990.006	2984.087	2985.487	5274	0	159
2025.03.17	08:00:00	2985.548	2988.465	2983.053	2988.396	5111	0	159
2025.03.17	09:00:00	2988.404	2996.930	2987.618	2995.623	5603	0	159
2025.03.17	10:00:00	2995.643	2999.607	2994.776	2998.931	5265	0	159
2025.03.17	11:00:00	2998.962	3001.217	2996.520	2997.475	6063	0	159
2025.03.17	12:00:00	2997.515	2997.909	2984.718	2987.184	15187	0	159
2025.03.17	13:00:00	2987.217	2991.397	2985.961	2988.393	16010	0	159
2025.03.17	14:00:00	2988.369	3000.512	2987.064	2998.657	12550	0	159
2025.03.17	15:00:00	2998.690	2999.309	2992.923	2997.095	9155	0	159
2025.03.17	16:00:00	2997.165	2997.710	2993.027	2994.521	7239	0	159
2025.03.17	17:00:00	2994.562	2999.389	2994.562	2997.860	5705	0	159
2025.03.17	18:00:00	2997.855	3000.311	2996.690	2999.297	5514	0	159
2025.03.17	19:00:00	2999.369	3000.838	2997.660	3000.173	5110	0	159
2025.03.17	20:00:00	3000.147	3001.955	3000.085	3001.427	2931	0	160
2025.03.17	22:00:00	3001.367	3001.858	2999.931	3000.175	1784	0	159
2025.03.17	23:00:00	3000.170	3002.807	2999.583	2999.831	2463	0	159
2025.03.18	00:00:00	2999.803	3003.507	2999.570	3001.498	4769	0	159
2025.03.18	01:00:00	3001.496	3008.499	2999.490	3005.751	9601	0	159
2025.03.18	02:00:00	3005.713	3012.233	3002.773	3010.902	7145	0	159
2025.03.18	03:00:00	3010.853	3015.054	3009.640	3011.333	6589	0	159
2025.03.18	04:00:00	3011.340	3017.110	3011.256	3014.502	4590	0	159
2025.03.18	05:00:00	3014.475	3014.895	3006.066	3012.038	7148	0	159
2025.03.18	06:00:00	3012.056	3017.764	3010.626	3015.746	7932	0	159
2025.03.18	07:00:00	3015.761	3018.955	3014.443	3016.439	7173	0	159
2025.03.18	08:00:00	3016.483	3027.308	3016.354	3026.561	7403	0	159
2025.03.18	09:00:00	3026.588	3028.540	3018.141	3020.292	7624	0	159
2025.03.18	10:00:00	3020.216	3025.702	3019.590	3023.927	7239	0	159
2025.03.18	11:00:00	3023.995	3029.461	3022.356	3026.839	6459	0	159
2025.03.18	12:00:00	3026.842	3035.843	3026.779	3034.291	10572	0	159
2025.03.18	13:00:00	3034.330	3038.334	3026.186	3033.245	19546	0	159
2025.03.18	14:00:00	3033.179	3033.179	3024.720	3027.925	18755	0	159
2025.03.18	15:00:00	3027.973	3032.592	3025.192	3031.758	11473	0	159
2025.03.18	16:00:00	3031.719	3036.948	3030.453	3036.003	8052	0	159
2025.03.18	17:00:00	3036.048	3036.312	3029.777	3032.590	8216	0	159
2025.03.18	18:00:00	3032.606	3036.355	3032.448	3035.783	5076	0	160
2025.03.18	19:00:00	3035.741	3037.935	3035.142	3035.615	5261	0	159
2025.03.18	20:00:00	3035.643	3035.974	3033.318	3034.074	2759	0	159
2025.03.18	22:00:00	3034.025	3034.721	3032.602	3034.533	2222	0	159
2025.03.18	23:00:00	3034.520	3035.099	3031.512	3031.774	2885	0	159
2025.03.19	00:00:00	3031.801	3033.993	3030.515	3031.479	3638	0	159
2025.03.19	01:00:00	3031.476	3032.708	3027.320	3029.370	5158	0	160
2025.03.19	02:00:00	3029.362	3033.863	3028.980	3033.337	6000	0	159
2025.03.19	03:00:00	3033.372	3039.029	3032.316	3036.325	5437	0	159
2025.03.19	04:00:00	3036.291	3037.669	3034.250	3036.386	4623	0	159
2025.03.19	05:00:00	3036.387	3045.362	3036.387	3044.499	6956	0	159
2025.03.19	06:00:00	3044.503	3044.734	3034.532	3042.079	10739	0	159
2025.03.19	07:00:00	3042.176	3042.899	3035.592	3035.896	9023	0	159
2025.03.19	08:00:00	3035.949	3037.074	3024.748	3025.156	9258	0	159
2025.03.19	09:00:00	3025.129	3031.366	3022.744	3030.399	7434	0	159
2025.03.19	10:00:00	3030.406	3037.957	3028.320	3034.624	6304	0	159
2025.03.19	11:00:00	3034.612	3039.902	3033.730	3038.946	5259	0	160
2025.03.19	12:00:00	3038.955	3041.155	3036.218	3037.127	7602	0	159
2025.03.19	13:00:00	3037.226	3038.287	3027.690	3033.380	15053	0	159
2025.03.19	14:00:00	3033.344	3033.344	3025.845	3027.585	11867	0	159
2025.03.19	15:00:00	3027.556	3033.099	3026.801	3031.458	7973	0	159
2025.03.19	16:00:00	3031.482	3038.347	3031.294	3032.973	7075	0	159
2025.03.19	17:00:00	3033.056	3034.224	3029.388	3030.371	7616	0	159
2025.03.19	18:00:00	3030.378	3048.643	3029.977	3046.729	16322	0	159
2025.03.19	19:00:00	3046.769	3051.924	3041.018	3047.858	13277	0	159
2025.03.19	20:00:00	3047.818	3048.253	3044.205	3047.282	3909	0	160
2025.03.19	22:00:00	3048.924	3050.635	3047.059	3050.141	4021	0	160
2025.03.19	23:00:00	3050.141	3051.335	3048.794	3050.026	2434	0	159
2025.03.20	00:00:00	3050.023	3055.489	3050.023	3053.185	7109	0	159
2025.03.20	01:00:00	3053.222	3056.225	3049.382	3049.654	12394	0	159
2025.03.20	02:00:00	3049.626	3052.166	3045.054	3045.694	8716	0	159
2025.03.20	03:00:00	3045.637	3050.417	3045.410	3049.964	6843	0	159
2025.03.20	04:00:00	3050.068	3057.484	3048.151	3052.478	7380	0	159
2025.03.20	05:00:00	3052.523	3053.604	3044.873	3046.794	9037	0	159
2025.03.20	06:00:00	3046.837	3051.475	3045.675	3049.134	7622	0	159
2025.03.20	07:00:00	3048.999	3048.999	3041.780	3042.232	8496	0	159
2025.03.20	08:00:00	3042.268	3043.968	3038.671	3041.815	8077	0	159
2025.03.20	09:00:00	3041.781	3046.241	3040.574	3041.489	7901	0	159
2025.03.20	10:00:00	3041.484	3041.484	3025.626	3034.176	14385	0	159
2025.03.20	11:00:00	3034.157	3035.095	3029.270	3034.433	10120	0	159
2025.03.20	12:00:00	3034.467	3042.288	3033.358	3040.885	11956	0	159
2025.03.20	13:00:00	3040.927	3041.069	3029.883	3032.871	16459	0	159
2025.03.20	14:00:00	3032.828	3040.844	3030.643	3040.224	12799	0	159
2025.03.20	15:00:00	3040.175	3041.903	3037.559	3040.765	8994	0	159
2025.03.20	16:00:00	3040.802	3043.203	3033.884	3038.308	8836	0	159
2025.03.20	17:00:00	3038.346	3041.865	3034.815	3041.654	6544	0	159
2025.03.20	18:00:00	3041.635	3045.378	3040.926	3043.221	6445	0	159
2025.03.20	19:00:00	3043.196	3046.094	3043.172	3044.569	6298	0	159
2025.03.20	20:00:00	3044.604	3045.802	3044.218	3044.628	2849	0	160
2025.03.20	22:00:00	3044.988	3046.058	3043.501	3045.723	1817	0	159
2025.03.20	23:00:00	3045.686	3046.598	3044.424	3046.409	2361	0	159
2025.03.21	00:00:00	3046.335	3047.435	3042.269	3042.763	4152	0	159
2025.03.21	01:00:00	3042.827	3044.603	3035.899	3035.921	7762	0	159
2025.03.21	02:00:00	3035.896	3037.043	3033.774	3034.744	7471	0	159
2025.03.21	03:00:00	3034.702	3034.709	3029.984	3030.585	6240	0	159
2025.03.21	04:00:00	3030.539	3031.998	3027.857	3029.863	5133	0	159
2025.03.21	05:00:00	3029.842	3030.426	3021.553	3028.048	8192	0	159
2025.03.21	06:00:00	3028.086	3033.939	3027.451	3029.843	8079	0	159
2025.03.21	07:00:00	3029.766	3033.460	3028.104	3031.927	6513	0	159
2025.03.21	08:00:00	3032.022	3034.767	3027.049	3032.934	7724	0	159
2025.03.21	09:00:00	3032.957	3033.162	3027.789	3029.650	6848	0	160
2025.03.21	10:00:00	3029.677	3033.486	3029.635	3030.852	6090	0	159
2025.03.21	11:00:00	3030.816	3037.694	3028.912	3034.332	7333	0	159
2025.03.21	12:00:00	3034.311	3038.128	3033.473	3034.019	10003	0	159
2025.03.21	13:00:00	3033.973	3036.834	3004.170	3006.662	28109	0	159
2025.03.21	14:00:00	3006.583	3016.718	2999.385	3015.712	27411	0	159
2025.03.21	15:00:00	3015.712	3017.894	3009.994	3011.072	12687	0	159
2025.03.21	16:00:00	3011.037	3017.040	3010.660	3015.138	10076	0	159
2025.03.21	17:00:00	3015.184	3018.224	3012.845	3013.716	7008	0	159
2025.03.21	18:00:00	3013.714	3021.588	3013.474	3017.431	6320	0	159
2025.03.21	19:00:00	3017.407	3022.049	3015.937	3020.013	6783	0	159
2025.03.21	20:00:00	3020.037	3024.274	3019.974	3023.493	3771	0	160
2025.03.23	22:00:00	3023.441	3026.119	3022.143	3025.514	3610	0	159
2025.03.23	23:00:00	3025.514	3026.292	3023.268	3024.721	3206	0	159
2025.03.24	00:00:00	3024.709	3025.461	3017.087	3018.543	6447	0	159
2025.03.24	01:00:00	3018.513	3025.582	3018.281	3020.961	9933	0	159
2025.03.24	02:00:00	3020.987	3024.477	3013.646	3016.283	9103	0	159
2025.03.24	03:00:00	3016.328	3019.810	3015.670	3016.999	6412	0	159
2025.03.24	04:00:00	3017.049	3020.072	3016.524	3019.493	4536	0	159
2025.03.24	05:00:00	3019.454	3023.202	3018.997	3022.080	5983	0	159
2025.03.24	06:00:00	3022.047	3025.716	3017.319	3025.042	5953	0	159
2025.03.24	07:00:00	3025.003	3028.903	3020.971	3022.361	8107	0	159
2025.03.24	08:00:00	3022.329	3028.951	3021.835	3028.748	8146	0	159
2025.03.24	09:00:00	3028.827	3030.992	3022.683	3023.614	7399	0	159
2025.03.24	10:00:00	3023.662	3033.208	3023.436	3028.089	8105	0	159
2025.03.24	11:00:00	3028.067	3029.245	3024.327	3024.642	5885	0	160
2025.03.24	12:00:00	3024.602	3028.651	3022.388	3024.227	8602	0	159
2025.03.24	13:00:00	3024.187	3028.277	3019.165	3022.513	13101	0	159
2025.03.24	14:00:00	3022.485	3024.069	3007.957	3012.134	16554	0	159
2025.03.24	15:00:00	3012.092	3015.332	3005.745	3014.036	13061	0	159
2025.03.24	16:00:00	3014.054	3015.604	3008.018	3009.755	8608	0	159
2025.03.24	17:00:00	3009.717	3009.948	3005.764	3007.030	8068	0	159
2025.03.24	18:00:00	3007.071	3008.083	3002.465	3006.767	8693	0	159
2025.03.24	19:00:00	3006.807	3008.147	3004.997	3006.133	5211	0	160
2025.03.24	20:00:00	3006.096	3014.630	3005.559	3011.868	3378	0	159
2025.03.24	22:00:00	3011.722	3012.499	3008.992	3011.514	2736	0	160
2025.03.24	23:00:00	3011.468	3012.403	3009.372	3009.910	2662	0	159
2025.03.25	00:00:00	3009.945	3014.945	3008.983	3014.138	3678	0	159
2025.03.25	01:00:00	3014.177	3014.589	3010.562	3011.897	6632	0	159
2025.03.25	02:00:00	3011.830	3012.296	3007.555	3009.131	5691	0	159
2025.03.25	03:00:00	3009.182	3016.215	3008.570	3015.248	5523	0	159
2025.03.25	04:00:00	3015.284	3016.498	3014.680	3015.270	4009	0	159
2025.03.25	05:00:00	3015.204	3021.060	3014.295	3018.334	5614	0	159
2025.03.25	06:00:00	3018.292	3018.686	3014.807	3017.776	5139	0	159
2025.03.25	07:00:00	3017.808	3018.148	3010.521	3011.130	5365	0	159
2025.03.25	08:00:00	3011.151	3021.933	3010.681	3021.320	7711	0	159
2025.03.25	09:00:00	3021.273	3023.561	3018.992	3023.263	5546	0	159
2025.03.25	10:00:00	3023.229	3024.866	3020.611	3023.541	6085	0	159
2025.03.25	11:00:00	3023.543	3026.436	3020.399	3020.775	6222	0	159
2025.03.25	12:00:00	3020.738	3023.200	3014.132	3021.816	10242	0	159
2025.03.25	13:00:00	3021.750	3030.643	3020.821	3028.813	13310	0	159
2025.03.25	14:00:00	3028.803	3036.014	3024.954	3024.954	15738	0	159
2025.03.25	15:00:00	3024.926	3028.049	3017.921	3021.561	12191	0	159
2025.03.25	16:00:00	3021.592	3025.531	3021.406	3023.171	7016	0	159
2025.03.25	17:00:00	3023.192	3023.341	3019.830	3022.636	6851	0	159
2025.03.25	18:00:00	3022.590	3022.861	3017.759	3018.555	5072	0	159
2025.03.25	19:00:00	3018.523	3020.724	3017.721	3019.590	4194	0	159
2025.03.25	20:00:00	3019.616	3020.726	3018.824	3020.289	1982	0	159
2025.03.25	22:00:00	3019.663	3022.454	3019.663	3021.273	2367	0	159
2025.03.25	23:00:00	3021.273	3021.811	3020.504	3021.041	2045	0	160
2025.03.26	00:00:00	3021.037	3022.232	3017.786	3018.125	3732	0	159
2025.03.26	01:00:00	3018.142	3025.515	3016.394	3024.766	8580	0	159
2025.03.26	02:00:00	3024.790	3027.114	3022.834	3024.249	7253	0	159
2025.03.26	03:00:00	3024.206	3024.206	3016.458	3017.616	6799	0	159
2025.03.26	04:00:00	3017.542	3017.679	3014.249	3015.264	4319	0	160
2025.03.26	05:00:00	3015.232	3024.082	3013.218	3022.843	6693	0	159
2025.03.26	06:00:00	3022.819	3026.352	3022.087	3026.158	7709	0	159
2025.03.26	07:00:00	3026.125	3030.819	3024.997	3030.471	6224	0	159
2025.03.26	08:00:00	3030.509	3032.042	3023.610	3023.998	6267	0	159
2025.03.26	09:00:00	3024.033	3024.182	3017.543	3018.677	7253	0	159
2025.03.26	10:00:00	3018.653	3024.933	3016.886	3023.292	6178	0	159
2025.03.26	11:00:00	3023.227	3030.360	3023.227	3027.620	6465	0	159
2025.03.26	12:00:00	3027.540	3029.975	3025.289	3027.139	7998	0	159
2025.03.26	13:00:00	3027.163	3027.485	3015.873	3016.718	12391	0	159
2025.03.26	14:00:00	3016.689	3021.669	3014.903	3017.460	10892	0	159
2025.03.26	15:00:00	3017.443	3018.898	3012.325	3015.878	10583	0	159
2025.03.26	16:00:00	3015.911	3020.021	3015.157	3015.645	7148	0	159
2025.03.26	17:00:00	3015.686	3019.020	3015.209	3018.678	6043	0	159
2025.03.26	18:00:00	3018.693	3020.861	3018.126	3018.209	5208	0	159
2025.03.26	19:00:00	3018.254	3019.015	3015.766	3017.342	4931	0	159
2025.03.26	20:00:00	3017.367	3021.855	3017.188	3018.966	3643	0	160
2025.03.26	22:00:00	3020.487	3021.168	3018.012	3019.473	4260	0	160
2025.03.26	23:00:00	3019.461	3021.762	3017.558	3021.623	3743	0	160
2025.03.27	00:00:00	3021.563	3025.762	3021.522	3025.375	4699	0	159
2025.03.27	01:00:00	3025.352	3028.320	3022.926	3023.564	7837	0	159
2025.03.27	02:00:00	3023.583	3032.810	3023.249	3031.651	7927	0	159
2025.03.27	03:00:00	3031.655	3034.286	3029.686	3033.568	5758	0	159
2025.03.27	04:00:00	3033.568	3038.610	3031.753	3034.064	6154	0	159
2025.03.27	05:00:00	3034.100	3035.907	3029.315	3029.700	6691	0	159
2025.03.27	06:00:00	3029.708	3033.270	3026.700	3029.957	9370	0	159
2025.03.27	07:00:00	3029.911	3036.762	3029.214	3035.850	9797	0	159
2025.03.27	08:00:00	3035.863	3038.054	3033.757	3036.155	9148	0	159
2025.03.27	09:00:00	3036.126	3041.033	3034.601	3039.923	6175	0	159
2025.03.27	10:00:00	3039.957	3055.898	3039.797	3051.387	12777	0	159
2025.03.27	11:00:00	3051.424	3055.644	3048.822	3054.566	9208	0	159
2025.03.27	12:00:00	3054.548	3055.976	3047.117	3050.066	10966	0	159
2025.03.27	13:00:00	3050.036	3052.173	3033.428	3040.547	20837	0	159
2025.03.27	14:00:00	3040.613	3059.860	3040.613	3057.634	20967	0	159
2025.03.27	15:00:00	3057.668	3059.236	3051.360	3052.181	19400	0	159
2025.03.27	16:00:00	3052.123	3054.222	3047.779	3048.388	12786	0	159
2025.03.27	17:00:00	3048.372	3053.259	3047.841	3052.835	9116	0	159
2025.03.27	18:00:00	3052.889	3057.583	3052.712	3055.882	5883	0	159
2025.03.27	19:00:00	3055.919	3057.830	3054.938	3057.468	5365	0	159
2025.03.27	20:00:00	3057.438	3057.603	3055.134	3056.669	2501	0	160
2025.03.27	22:00:00	3055.858	3057.641	3054.488	3055.028	3172	0	159
2025.03.27	23:00:00	3055.030	3056.156	3054.119	3055.710	2710	0	159
2025.03.28	00:00:00	3055.726	3063.476	3054.997	3061.977	7144	0	159
2025.03.28	01:00:00	3061.937	3074.057	3061.841	3073.905	10795	0	159
2025.03.28	02:00:00	3073.874	3077.502	3070.040	3071.929	9636	0	159
2025.03.28	03:00:00	3071.846	3076.702	3069.645	3075.266	7442	0	159
2025.03.28	04:00:00	3075.250	3075.422	3072.596	3073.891	5090	0	159
2025.03.28	05:00:00	3073.837	3081.987	3072.446	3077.833	7238	0	159
2025.03.28	06:00:00	3077.809	3084.938	3076.623	3084.746	9499	0	159
2025.03.28	07:00:00	3084.700	3086.017	3077.783	3079.348	7758	0	159
2025.03.28	08:00:00	3079.302	3081.231	3066.153	3072.940	8976	0	159
2025.03.28	09:00:00	3073.000	3076.235	3069.589	3072.840	6876	0	159
2025.03.28	10:00:00	3072.882	3074.648	3067.365	3074.271	7930	0	159
2025.03.28	11:00:00	3074.233	3079.925	3074.071	3076.363	7525	0	159
2025.03.28	12:00:00	3076.344	3081.869	3072.495	3077.456	11688	0	159
2025.03.28	13:00:00	3077.377	3084.136	3070.752	3083.497	22292	0	159
2025.03.28	14:00:00	3083.469	3086.807	3068.026	3069.985	30094	0	159
2025.03.28	15:00:00	3069.911	3085.724	3067.255	3083.707	16725	0	159
2025.03.28	16:00:00	3083.677	3086.717	3080.450	3083.879	9955	0	159
2025.03.28	17:00:00	3083.839	3085.984	3076.112	3077.431	9268	0	159
2025.03.28	18:00:00	3077.473	3080.516	3073.488	3079.683	7342	0	160
2025.03.28	19:00:00	3079.658	3081.817	3079.437	3080.734	6243	0	159
2025.03.28	20:00:00	3080.708	3085.955	3080.708	3085.002	4575	0	159
2025.03.30	22:00:00	3092.531	3097.843	3088.585	3090.003	7749	0	159
2025.03.30	23:00:00	3090.000	3090.912	3087.793	3089.213	5503	0	159
2025.03.31	00:00:00	3089.159	3089.729	3077.459	3079.115	9581	0	159
2025.03.31	01:00:00	3079.079	3095.406	3076.803	3094.757	16927	0	159
2025.03.31	02:00:00	3094.747	3107.289	3093.848	3106.648	19151	0	159
2025.03.31	03:00:00	3106.694	3111.695	3105.147	3107.138	13461	0	159
2025.03.31	04:00:00	3107.072	3115.938	3105.925	3113.290	7502	0	159
2025.03.31	05:00:00	3113.251	3120.089	3107.573	3116.585	10485	0	159
2025.03.31	06:00:00	3116.486	3128.165	3113.435	3119.246	15807	0	159
2025.03.31	07:00:00	3119.204	3125.435	3118.605	3124.523	13807	0	159
2025.03.31	08:00:00	3124.477	3127.156	3120.926	3122.168	9235	0	159
2025.03.31	09:00:00	3122.208	3123.320	3111.820	3114.882	9656	0	159
2025.03.31	10:00:00	3114.876	3123.688	3111.829	3118.443	10576	0	159
2025.03.31	11:00:00	3118.464	3119.675	3113.370	3119.480	9206	0	159
2025.03.31	12:00:00	3119.471	3126.736	3118.095	3124.488	13991	0	159
2025.03.31	13:00:00	3124.445	3124.743	3099.753	3113.513	33019	0	159
2025.03.31	14:00:00	3113.478	3123.625	3110.870	3123.117	26019	0	159
2025.03.31	15:00:00	3123.168	3127.237	3112.889	3113.807	16022	0	159
2025.03.31	16:00:00	3113.847	3120.708	3111.637	3117.558	10315	0	159
2025.03.31	17:00:00	3117.526	3120.315	3115.850	3117.905	8520	0	159
2025.03.31	18:00:00	3117.908	3123.404	3117.312	3121.473	6759	0	159
2025.03.31	19:00:00	3121.472	3124.652	3120.862	3124.360	6899	0	159
2025.03.31	20:00:00	3124.320	3124.789	3122.879	3124.071	3188	0	159
2025.03.31	22:00:00	3125.076	3125.986	3121.730	3122.791	2673	0	159
2025.03.31	23:00:00	3122.773	3126.447	3120.050	3120.581	4067	0	159
2025.04.01	00:00:00	3120.569	3127.979	3120.227	3127.260	6726	0	160
2025.04.01	01:00:00	3127.229	3138.232	3126.561	3135.442	18389	0	159
2025.04.01	02:00:00	3135.386	3145.697	3132.955	3145.131	15131	0	159
2025.04.01	03:00:00	3145.089	3147.335	3142.564	3146.028	9659	0	159
2025.04.01	04:00:00	3146.000	3147.929	3142.796	3144.721	6357	0	159
2025.04.01	05:00:00	3144.665	3149.059	3130.495	3132.070	13752	0	159
2025.04.01	06:00:00	3132.078	3138.110	3126.501	3133.728	22307	0	159
2025.04.01	07:00:00	3133.702	3137.720	3124.123	3127.638	13251	0	159
2025.04.01	08:00:00	3127.594	3135.678	3126.392	3130.909	10017	0	159
2025.04.01	09:00:00	3130.953	3134.106	3130.077	3132.344	6776	0	159
2025.04.01	10:00:00	3132.381	3138.997	3130.778	3132.412	9866	0	159
2025.04.01	11:00:00	3132.374	3135.854	3128.652	3130.319	9267	0	159
2025.04.01	12:00:00	3130.354	3134.596	3127.689	3133.235	11465	0	159
2025.04.01	13:00:00	3133.287	3137.075	3128.182	3133.932	18652	0	159
2025.04.01	14:00:00	3133.821	3135.383	3123.639	3128.694	23561	0	159
2025.04.01	15:00:00	3128.737	3133.030	3113.401	3113.725	19763	0	159
2025.04.01	16:00:00	3113.690	3116.834	3100.761	3106.653	23730	0	159
2025.04.01	17:00:00	3106.690	3114.534	3105.671	3113.641	9637	0	159
2025.04.01	18:00:00	3113.613	3118.692	3113.289	3114.183	6632	0	159
2025.04.01	19:00:00	3114.201	3119.037	3113.711	3118.723	5302	0	159
2025.04.01	20:00:00	3118.681	3120.866	3113.095	3114.291	3564	0	159
2025.04.01	22:00:00	3114.278	3114.935	3107.742	3111.381	4810	0	159
2025.04.01	23:00:00	3111.418	3116.213	3111.176	3115.168	4253	0	159
2025.04.02	00:00:00	3115.160	3123.709	3112.989	3122.897	8176	0	159
2025.04.02	01:00:00	3122.883	3135.382	3121.353	3133.162	17183	0	159
2025.04.02	02:00:00	3133.117	3135.703	3128.533	3128.610	10723	0	159
2025.04.02	03:00:00	3128.581	3132.148	3124.601	3125.489	7288	0	159
2025.04.02	04:00:00	3125.458	3126.779	3115.548	3116.192	6750	0	159
2025.04.02	05:00:00	3116.156	3119.193	3108.623	3117.978	13768	0	159
2025.04.02	06:00:00	3117.982	3119.701	3113.976	3116.541	9164	0	159
2025.04.02	07:00:00	3116.575	3126.039	3112.175	3125.309	8325	0	159
2025.04.02	08:00:00	3125.275	3133.878	3123.401	3131.311	10781	0	159
2025.04.02	09:00:00	3131.200	3131.568	3126.966	3130.997	7736	0	159
2025.04.02	10:00:00	3131.018	3131.351	3110.052	3114.405	11778	0	159
2025.04.02	11:00:00	3114.438	3123.889	3114.315	3121.230	10049	0	159
2025.04.02	12:00:00	3121.314	3127.435	3117.046	3122.471	10929	0	159
2025.04.02	13:00:00	3122.377	3132.192	3116.608	3122.316	22573	0	159
2025.04.02	14:00:00	3122.276	3129.388	3119.383	3124.859	13544	0	159
2025.04.02	15:00:00	3124.797	3128.189	3120.790	3125.863	10639	0	159
2025.04.02	16:00:00	3125.909	3134.396	3125.909	3131.470	11405	0	159
2025.04.02	17:00:00	3131.377	3131.414	3120.846	3123.541	9908	0	159
2025.04.02	18:00:00	3123.582	3126.181	3118.666	3121.907	7847	0	159
2025.04.02	19:00:00	3121.874	3127.320	3121.523	3124.385	5875	0	159
2025.04.02	20:00:00	3124.305	3141.772	3104.795	3134.072	49565	0	159
2025.04.02	22:00:00	3130.015	3148.105	3122.557	3145.789	33675	0	159
2025.04.02	23:00:00	3145.814	3167.792	3145.814	3162.703	22339	0	159
2025.04.03	00:00:00	3162.550	3164.804	3140.717	3151.320	32078	0	159
2025.04.03	01:00:00	3151.345	3163.038	3147.902	3153.397	35918	0	159
2025.04.03	02:00:00	3153.422	3155.355	3142.241	3145.192	17014	0	159
2025.04.03	03:00:00	3145.168	3152.229	3144.635	3148.066	16078	0	159
2025.04.03	04:00:00	3148.020	3149.659	3139.083	3140.371	10080	0	159
2025.04.03	05:00:00	3140.425	3141.021	3124.052	3131.888	22081	0	159
2025.04.03	06:00:00	3131.924	3134.169	3116.432	3127.644	25946	0	159
2025.04.03	07:00:00	3127.715	3130.173	3119.781	3128.957	18004	0	159
2025.04.03	08:00:00	3129.011	3132.039	3126.015	3129.007	12116	0	159
2025.04.03	09:00:00	3129.125	3129.599	3121.488	3121.522	15568	0	159
2025.04.03	10:00:00	3121.560	3122.972	3089.165	3095.530	31344	0	159
2025.04.03	11:00:00	3095.509	3100.037	3085.054	3093.188	28970	0	159
2025.04.03	12:00:00	3093.193	3094.763	3061.916	3076.261	35649	0	159
2025.04.03	13:00:00	3076.233	3093.478	3054.052	3086.168	52474	0	159
2025.04.03	14:00:00	3086.698	3135.605	3086.123	3128.939	47170	0	159
2025.04.03	15:00:00	3128.968	3129.563	3103.896	3110.553	32933	0	159
2025.04.03	16:00:00	3110.603	3114.282	3101.799	3107.551	17144	0	159
2025.04.03	17:00:00	3107.529	3109.928	3099.949	3109.500	13271	0	159
2025.04.03	18:00:00	3109.542	3111.677	3102.115	3111.586	8121	0	159
2025.04.03	19:00:00	3111.608	3113.296	3101.532	3107.575	9174	0	159
2025.04.03	20:00:00	3107.567	3119.971	3107.200	3113.145	6866	0	159
2025.04.03	22:00:00	3114.351	3116.719	3112.327	3115.387	4302	0	160
2025.04.03	23:00:00	3115.423	3116.274	3109.757	3112.884	6406	0	159
2025.04.04	00:00:00	3112.908	3115.052	3106.014	3110.582	10114	0	160
2025.04.04	01:00:00	3110.542	3115.792	3109.102	3109.875	10462	0	159
2025.04.04	02:00:00	3109.869	3112.974	3091.172	3096.727	16626	0	159
2025.04.04	03:00:00	3096.698	3099.098	3087.018	3098.409	16596	0	159
2025.04.04	04:00:00	3098.454	3105.014	3095.992	3100.157	10692	0	159
2025.04.04	05:00:00	3100.119	3108.908	3098.820	3108.908	10697	0	159
2025.04.04	06:00:00	3108.882	3109.927	3100.471	3101.083	10853	0	159
2025.04.04	07:00:00	3101.050	3103.435	3091.993	3092.850	17832	0	159
2025.04.04	08:00:00	3092.774	3094.121	3078.420	3084.201	17270	0	159
2025.04.04	09:00:00	3084.175	3095.913	3083.870	3090.725	13987	0	159
2025.04.04	10:00:00	3090.749	3116.204	3090.501	3110.314	29679	0	159
2025.04.04	11:00:00	3110.273	3136.756	3095.552	3110.242	48635	0	159
2025.04.04	12:00:00	3110.248	3111.823	3069.359	3071.138	50199	0	159
2025.04.04	13:00:00	3071.176	3087.424	3059.591	3061.802	48017	0	159
2025.04.04	14:00:00	3061.858	3061.858	3026.903	3038.414	54682	0	159
2025.04.04	15:00:00	3038.455	3050.522	3016.939	3021.951	51901	0	159
2025.04.04	16:00:00	3021.908	3036.782	3017.578	3030.875	29076	0	159
2025.04.04	17:00:00	3030.909	3032.932	3015.556	3025.754	25477	0	159
2025.04.04	18:00:00	3025.714	3027.883	3017.896	3025.483	15135	0	159
2025.04.04	19:00:00	3025.508	3040.953	3021.970	3036.427	20021	0	159
2025.04.04	20:00:00	3036.464	3040.904	3033.834	3038.506	9043	0	159
2025.04.06	22:00:00	3028.686	3032.445	2999.829	3009.937	18286	0	159
2025.04.06	23:00:00	3009.903	3017.168	2977.024	2999.944	28218	0	159
2025.04.07	00:00:00	2999.954	3009.650	2970.689	2978.978	34178	0	159
2025.04.07	01:00:00	2978.939	3055.777	2972.065	3038.425	76005	0	159
2025.04.07	02:00:00	3038.383	3055.804	3024.274	3025.844	37133	0	159
2025.04.07	03:00:00	3025.816	3034.082	3017.067	3018.882	22956	0	159
2025.04.07	04:00:00	3018.946	3035.680	3018.946	3035.470	14213	0	159
2025.04.07	05:00:00	3035.425	3044.629	3024.899	3032.007	20477	0	159
2025.04.07	06:00:00	3031.959	3033.584	3016.646	3029.858	29369	0	159
2025.04.07	07:00:00	3029.887	3030.798	3013.200	3018.569	37936	0	159
2025.04.07	08:00:00	3018.527	3035.525	3017.652	3031.228	24192	0	159
2025.04.07	09:00:00	3031.204	3033.443	3019.527	3025.163	20019	0	159
2025.04.07	10:00:00	3025.192	3036.473	3024.130	3031.415	21976	0	159
2025.04.07	11:00:00	3031.372	3046.148	3030.217	3031.270	24808	0	159
2025.04.07	12:00:00	3031.296	3032.943	3014.710	3031.166	37212	0	159
2025.04.07	13:00:00	3031.079	3034.194	3002.122	3015.480	49752	0	159
2025.04.07	14:00:00	3015.431	3038.037	2996.453	2999.271	75839	0	159
2025.04.07	15:00:00	2999.309	3004.852	2979.826	2987.491	42382	0	159
2025.04.07	16:00:00	2987.526	2987.842	2969.859	2970.538	26202	0	159
2025.04.07	17:00:00	2970.570	2975.196	2956.302	2970.050	35161	0	159
2025.04.07	18:00:00	2970.085	2976.717	2964.000	2965.824	17020	0	159
2025.04.07	19:00:00	2965.778	2982.129	2965.330	2976.636	16482	0	159
2025.04.07	20:00:00	2976.704	2986.197	2969.926	2982.355	8286	0	159
2025.04.07	22:00:00	2982.102	2988.651	2980.896	2986.678	6989	0	159
2025.04.07	23:00:00	2986.678	2987.403	2978.548	2981.328	7485	0	159
2025.04.08	00:00:00	2981.363	2992.659	2980.318	2985.399	15624	0	159
2025.04.08	01:00:00	2985.357	3003.183	2983.566	2999.716	27848	0	159
2025.04.08	02:00:00	2999.843	3004.834	2998.272	3000.820	13806	0	159
2025.04.08	03:00:00	3000.822	3001.059	2993.103	2994.741	12457	0	159
2025.04.08	04:00:00	2994.716	3002.901	2990.880	3002.229	10638	0	159
2025.04.08	05:00:00	3002.197	3008.360	2999.422	3005.599	13270	0	159
2025.04.08	06:00:00	3005.649	3015.779	3002.456	3013.250	18537	0	159
2025.04.08	07:00:00	3013.276	3013.914	3001.943	3003.607	20478	0	159
2025.04.08	08:00:00	3003.579	3009.322	3001.174	3007.426	10937	0	159
2025.04.08	09:00:00	3007.384	3007.785	2994.795	3006.824	13183	0	159
2025.04.08	10:00:00	3006.862	3010.257	3004.110	3008.971	8503	0	159
2025.04.08	11:00:00	3008.899	3019.502	3008.610	3017.379	10035	0	159
2025.04.08	12:00:00	3017.467	3019.434	3002.358	3002.509	17402	0	159
2025.04.08	13:00:00	3002.573	3022.746	3002.544	3010.414	27467	0	159
2025.04.08	14:00:00	3010.319	3018.197	3005.859	3006.181	20270	0	159
2025.04.08	15:00:00	3006.215	3012.395	3001.241	3001.545	14148	0	159
2025.04.08	16:00:00	3001.596	3001.596	2984.324	2986.021	16628	0	159
2025.04.08	17:00:00	2986.062	2987.407	2974.596	2985.158	18412	0	159
2025.04.08	18:00:00	2985.048	2990.792	2979.323	2983.636	6862	0	159
2025.04.08	19:00:00	2983.598	2987.565	2976.691	2984.959	9999	0	159
2025.04.08	20:00:00	2984.996	2986.554	2977.139	2982.305	5518	0	159
2025.04.08	22:00:00	2984.367	2985.462	2980.082	2981.925	5227	0	159
2025.04.08	23:00:00	2981.963	2990.846	2969.971	2978.367	11144	0	159
2025.04.09	00:00:00	2978.398	2987.058	2974.777	2980.345	18360	0	159
2025.04.09	01:00:00	2980.393	3009.843	2972.475	3008.771	32633	0	159
2025.04.09	02:00:00	3008.715	3011.253	2999.898	3002.983	15847	0	159
2025.04.09	03:00:00	3002.925	3009.809	3002.597	3004.464	11910	0	159
2025.04.09	04:00:00	3004.464	3014.175	2999.481	3012.337	14426	0	159
2025.04.09	05:00:00	3012.370	3020.537	3005.502	3015.450	18161	0	159
2025.04.09	06:00:00	3015.489	3040.918	3014.561	3039.033	22966	0	159
2025.04.09	07:00:00	3039.090	3052.419	3034.366	3041.091	21215	0	159
2025.04.09	08:00:00	3041.050	3051.205	3038.104	3044.052	14654	0	159
2025.04.09	09:00:00	3043.951	3049.680	3038.556	3045.013	11290	0	159
2025.04.09	10:00:00	3045.008	3046.967	3038.195	3042.884	12057	0	159
2025.04.09	11:00:00	3042.910	3068.139	3036.077	3066.596	27672	0	159
2025.04.09	12:00:00	3066.631	3073.032	3042.626	3047.418	29455	0	159
2025.04.09	13:00:00	3047.446	3077.986	3047.281	3075.372	33376	0	159
2025.04.09	14:00:00	3075.336	3084.640	3068.387	3070.576	21550	0	159
2025.04.09	15:00:00	3070.474	3087.778	3065.320	3086.288	15912	0	159
2025.04.09	16:00:00	3086.330	3094.764	3082.772	3092.332	12194	0	159
2025.04.09	17:00:00	3092.444	3099.069	3051.123	3059.983	46333	0	159
2025.04.09	18:00:00	3059.942	3073.556	3048.521	3067.141	29224	0	159
2025.04.09	19:00:00	3067.216	3099.690	3064.241	3093.574	22409	0	159
2025.04.09	20:00:00	3093.548	3095.544	3078.156	3083.131	9284	0	159
2025.04.09	22:00:00	3080.368	3089.976	3071.424	3080.057	8997	0	159
2025.04.09	23:00:00	3080.052	3089.028	3079.567	3086.784	8607	0	159
2025.04.10	00:00:00	3086.745	3101.439	3081.346	3097.182	16660	0	159
2025.04.10	01:00:00	3097.171	3100.632	3078.448	3094.078	23967	0	159
2025.04.10	02:00:00	3094.069	3120.381	3093.949	3119.296	22536	0	159
2025.04.10	03:00:00	3119.256	3131.834	3115.295	3125.405	14883	0	159
2025.04.10	04:00:00	3125.366	3129.401	3121.164	3125.325	8837	0	159
2025.04.10	05:00:00	3125.346	3132.570	3112.725	3122.424	12122	0	159
2025.04.10	06:00:00	3122.387	3126.345	3118.946	3122.103	12277	0	159
2025.04.10	07:00:00	3122.135	3123.501	3106.611	3108.703	15943	0	159
2025.04.10	08:00:00	3108.704	3115.783	3104.686	3105.075	14010	0	159
2025.04.10	09:00:00	3105.075	3118.057	3103.182	3116.574	11153	0	159
2025.04.10	10:00:00	3116.599	3122.605	3114.344	3119.767	10726	0	159
2025.04.10	11:00:00	3119.793	3125.656	3113.194	3124.648	12317	0	159
2025.04.10	12:00:00	3124.677	3133.993	3116.312	3123.114	22889	0	159
2025.04.10	13:00:00	3123.139	3136.632	3116.011	3116.997	26625	0	159
2025.04.10	14:00:00	3116.956	3154.886	3116.809	3154.647	27911	0	159
2025.04.10	15:00:00	3154.621	3174.993	3154.437	3157.996	23063	0	159
2025.04.10	16:00:00	3157.950	3167.242	3153.956	3158.613	22107	0	159
2025.04.10	17:00:00	3158.572	3165.573	3151.542	3162.772	14750	0	159
2025.04.10	18:00:00	3162.776	3175.692	3158.021	3173.326	11691	0	159
2025.04.10	19:00:00	3173.397	3176.428	3167.998	3170.773	10912	0	159
2025.04.10	20:00:00	3170.749	3176.428	3168.493	3175.690	5494	0	159
2025.04.10	22:00:00	3177.764	3190.332	3176.372	3188.888	9214	0	159
2025.04.10	23:00:00	3188.926	3191.324	3183.054	3188.972	8957	0	159
2025.04.11	00:00:00	3188.993	3217.907	3184.855	3205.600	26617	0	159
2025.04.11	01:00:00	3205.550	3219.465	3201.021	3207.168	31372	0	159
2025.04.11	02:00:00	3207.209	3219.899	3205.993	3217.395	16441	0	159
2025.04.11	03:00:00	3217.354	3220.133	3214.129	3217.686	10959	0	159
2025.04.11	04:00:00	3217.693	3218.141	3208.455	3208.601	9110	0	159
2025.04.11	05:00:00	3208.581	3219.286	3187.126	3195.822	24433	0	159
2025.04.11	06:00:00	3195.798	3209.574	3190.240	3197.219	22730	0	159
2025.04.11	07:00:00	3197.243	3213.122	3193.912	3212.406	17213	0	159
2025.04.11	08:00:00	3212.430	3227.451	3208.511	3215.949	21886	0	159
2025.04.11	09:00:00	3215.984	3230.155	3211.935	3227.780	15492	0	159
2025.04.11	10:00:00	3227.741	3237.840	3210.091	3212.572	18485	0	159
2025.04.11	11:00:00	3212.629	3224.701	3211.490	3213.872	17653	0	159
2025.04.11	12:00:00	3213.910	3234.017	3211.033	3233.669	21737	0	159
2025.04.11	13:00:00	3233.650	3244.125	3219.638	3224.124	31627	0	159
2025.04.11	14:00:00	3224.102	3237.819	3222.909	3230.264	27830	0	159
2025.04.11	15:00:00	3230.226	3242.093	3229.430	3240.577	15639	0	159
2025.04.11	16:00:00	3240.602	3245.436	3219.579	3223.263	16045	0	159
2025.04.11	17:00:00	3223.318	3235.575	3223.318	3233.951	15026	0	159
2025.04.11	18:00:00	3234.000	3238.305	3231.197	3235.738	8515	0	159
2025.04.11	19:00:00	3235.711	3235.711	3227.462	3231.084	9195	0	159
2025.04.11	20:00:00	3231.057	3238.968	3230.864	3237.519	5174	0	159
2025.04.13	22:00:00	3220.460	3224.725	3213.589	3221.291	10111	0	159
2025.04.13	23:00:00	3221.333	3224.548	3216.864	3223.805	9640	0	159
2025.04.14	00:00:00	3223.699	3227.234	3219.190	3221.016	9706	0	159
2025.04.14	01:00:00	3221.040	3243.574	3215.380	3239.702	22059	0	159
2025.04.14	02:00:00	3239.673	3245.757	3229.538	3231.958	14187	0	159
2025.04.14	03:00:00	3232.001	3234.741	3226.909	3232.444	8775	0	159
2025.04.14	04:00:00	3232.445	3235.800	3226.137	3227.431	7199	0	159
2025.04.14	05:00:00	3227.390	3236.043	3221.386	3234.408	10696	0	159
2025.04.14	06:00:00	3234.383	3238.198	3228.861	3231.059	11632	0	159
2025.04.14	07:00:00	3231.086	3233.725	3224.730	3228.013	10033	0	159
2025.04.14	08:00:00	3227.973	3230.070	3216.566	3227.023	14152	0	159
2025.04.14	09:00:00	3227.020	3231.713	3220.898	3223.843	10906	0	159
2025.04.14	10:00:00	3223.888	3224.735	3206.323	3215.266	15788	0	159
2025.04.14	11:00:00	3215.235	3225.796	3213.940	3223.359	11005	0	159
2025.04.14	12:00:00	3223.332	3227.712	3200.514	3206.788	20347	0	159
2025.04.14	13:00:00	3206.744	3210.684	3193.552	3204.628	30967	0	159
2025.04.14	14:00:00	3204.560	3215.725	3200.390	3211.223	9420	0	159
2025.04.14	15:00:00	3211.168	3211.192	3196.318	3198.051	15304	0	159
2025.04.14	16:00:00	3198.089	3208.308	3197.669	3207.542	9913	0	159
2025.04.14	17:00:00	3207.565	3216.602	3207.018	3214.045	9073	0	159
2025.04.14	18:00:00	3214.138	3214.877	3201.379	3208.110	7332	0	159
2025.04.14	19:00:00	3208.078	3213.083	3207.726	3212.699	6361	0	159
2025.04.14	20:00:00	3212.745	3213.821	3207.342	3210.376	3884	0	159
2025.04.14	22:00:00	3211.990	3215.246	3210.780	3212.216	3670	0	160
2025.04.14	23:00:00	3212.224	3214.198	3210.469	3212.599	3910	0	159
2025.04.15	00:00:00	3212.634	3215.168	3210.772	3211.862	6217	0	159
2025.04.15	01:00:00	3211.827	3225.980	3209.977	3223.662	13317	0	159
2025.04.15	02:00:00	3223.705	3225.039	3218.719	3224.349	7930	0	159
2025.04.15	03:00:00	3224.310	3228.966	3223.268	3228.304	7529	0	159
2025.04.15	04:00:00	3228.345	3232.649	3226.800	3231.835	5616	0	159
2025.04.15	05:00:00	3231.810	3232.135	3220.817	3224.644	8652	0	159
2025.04.15	06:00:00	3224.685	3228.756	3223.203	3225.109	7346	0	159
2025.04.15	07:00:00	3225.150	3226.511	3217.371	3225.671	9670	0	159
2025.04.15	08:00:00	3225.623	3232.153	3224.327	3227.693	10955	0	159
2025.04.15	09:00:00	3227.657	3230.075	3221.120	3222.458	6609	0	159
2025.04.15	10:00:00	3222.569	3226.898	3219.618	3220.219	6450	0	159
2025.04.15	11:00:00	3220.252	3224.077	3216.776	3220.164	7487	0	159
2025.04.15	12:00:00	3220.192	3226.175	3214.266	3221.485	11200	0	159
2025.04.15	13:00:00	3221.503	3226.364	3211.575	3213.122	13721	0	159
2025.04.15	14:00:00	3213.147	3226.861	3213.147	3222.683	15218	0	159
2025.04.15	15:00:00	3222.682	3224.059	3217.059	3221.371	7656	0	159
2025.04.15	16:00:00	3221.394	3223.366	3219.487	3221.473	5399	0	159
2025.04.15	17:00:00	3221.396	3230.722	3220.338	3228.017	5954	0	159
2025.04.15	18:00:00	3228.054	3229.680	3225.700	3229.074	5150	0	160
2025.04.15	19:00:00	3229.075	3231.872	3226.190	3229.793	5043	0	159
2025.04.15	20:00:00	3229.831	3233.674	3226.428	3229.808	4070	0	159
2025.04.15	22:00:00	3230.815	3242.184	3229.896	3241.366	5212	0	159
2025.04.15	23:00:00	3241.405	3251.826	3238.334	3251.780	8585	0	159
2025.04.16	00:00:00	3251.804	3268.064	3251.590	3264.500	15938	0	159
2025.04.16	01:00:00	3264.473	3275.079	3256.014	3270.215	18978	0	159
2025.04.16	02:00:00	3270.216	3275.424	3266.967	3267.764	10314	0	159
2025.04.16	03:00:00	3267.644	3281.750	3266.135	3281.401	9358	0	159
2025.04.16	04:00:00	3281.401	3287.624	3269.272	3283.733	10043	0	159
2025.04.16	05:00:00	3283.690	3291.785	3283.603	3289.746	9876	0	160
2025.04.16	06:00:00	3289.756	3295.042	3285.939	3291.759	11295	0	159
2025.04.16	07:00:00	3291.768	3300.663	3291.296	3300.410	13600	0	159
2025.04.16	08:00:00	3300.458	3317.821	3288.646	3307.048	23027	0	159
2025.04.16	09:00:00	3307.092	3310.906	3300.028	3303.581	11090	0	159
2025.04.16	10:00:00	3303.607	3306.801	3299.598	3304.074	8044	0	159
2025.04.16	11:00:00	3304.175	3313.723	3293.164	3306.842	16084	0	159
2025.04.16	12:00:00	3306.798	3313.432	3302.417	3307.343	14976	0	159
2025.04.16	13:00:00	3307.359	3316.499	3296.866	3311.571	20599	0	159
2025.04.16	14:00:00	3311.656	3319.620	3306.147	3308.425	20944	0	159
2025.04.16	15:00:00	3308.534	3328.140	3305.264	3325.328	16266	0	159
2025.04.16	16:00:00	3325.288	3332.947	3321.433	3327.249	12378	0	159
2025.04.16	17:00:00	3327.277	3332.840	3324.445	3328.122	10995	0	159
2025.04.16	18:00:00	3328.217	3340.726	3326.388	3338.310	10148	0	159
2025.04.16	19:00:00	3338.399	3342.497	3335.892	3336.667	8863	0	159
2025.04.16	20:00:00	3336.720	3342.703	3334.437	3342.198	5841	0	159
2025.04.16	22:00:00	3343.801	3357.758	3343.035	3351.033	8904	0	159
2025.04.16	23:00:00	3351.072	3353.445	3346.918	3350.133	7726	0	159
2025.04.17	00:00:00	3350.168	3351.299	3342.027	3345.454	12404	0	159
2025.04.17	01:00:00	3345.350	3356.281	3320.801	3323.912	34850	0	159
2025.04.17	02:00:00	3323.888	3340.653	3321.086	3340.420	17564	0	159
2025.04.17	03:00:00	3340.392	3344.570	3337.403	3344.570	10337	0	159
2025.04.17	04:00:00	3344.550	3344.550	3337.838	3341.485	8262	0	159
2025.04.17	05:00:00	3341.531	3345.470	3328.403	3329.429	10555	0	159
2025.04.17	06:00:00	3329.456	3332.994	3325.204	3328.931	14989	0	159
2025.04.17	07:00:00	3328.899	3330.073	3314.279	3323.323	17894	0	159
2025.04.17	08:00:00	3323.360	3324.848	3312.683	3324.206	11089	0	159
2025.04.17	09:00:00	3324.234	3326.897	3320.594	3321.613	8458	0	159
2025.04.17	10:00:00	3321.593	3334.172	3321.047	3327.687	9802	0	159
2025.04.17	11:00:00	3327.711	3332.470	3322.372	3327.371	9757	0	159
2025.04.17	12:00:00	3327.322	3342.361	3322.144	3328.196	17129	0	159
2025.04.17	13:00:00	3328.220	3332.014	3311.946	3315.081	24910	0	159
2025.04.17	14:00:00	3315.055	3315.055	3283.822	3291.249	38241	0	159
2025.04.17	15:00:00	3291.293	3304.818	3290.592	3296.431	19308	0	159
2025.04.17	16:00:00	3296.335	3318.717	3294.904	3316.087	14310	0	159
2025.04.17	17:00:00	3316.136	3322.489	3314.291	3319.023	10017	0	159
2025.04.17	18:00:00	3318.998	3320.910	3314.317	3316.432	6303	0	159
2025.04.17	19:00:00	3316.404	3321.881	3310.958	3320.740	7117	0	159
2025.04.17	20:00:00	3320.691	3328.838	3317.975	3327.671	5337	0	159
2025.04.20	22:00:00	3331.849	3353.168	3331.288	3345.968	13362	0	159
2025.04.20	23:00:00	3345.971	3351.790	3343.395	3348.078	10293	0	159
2025.04.21	00:00:00	3348.191	3370.641	3347.487	3368.678	16541	0	159
2025.04.21	01:00:00	3368.718	3378.540	3367.298	3377.481	20526	0	159
2025.04.21	02:00:00	3377.496	3384.981	3374.217	3384.798	12952	0	159
2025.04.21	03:00:00	3384.757	3385.294	3378.257	3382.472	9965	0	159
2025.04.21	04:00:00	3382.465	3382.465	3369.558	3376.349	9180	0	159
2025.04.21	05:00:00	3376.359	3385.867	3375.877	3385.373	11659	0	159
2025.04.21	06:00:00	3385.398	3393.195	3382.468	3392.261	12891	0	159
2025.04.21	07:00:00	3392.237	3396.018	3381.820	3385.058	11822	0	159
2025.04.21	08:00:00	3385.031	3394.255	3383.647	3392.777	9209	0	159
2025.04.21	09:00:00	3392.775	3397.037	3390.907	3394.893	9045	0	159
2025.04.21	10:00:00	3394.901	3397.841	3391.986	3394.941	8150	0	159
2025.04.21	11:00:00	3394.905	3405.924	3386.401	3404.443	12442	0	159
2025.04.21	12:00:00	3404.499	3415.743	3398.008	3414.886	15476	0	159
2025.04.21	13:00:00	3414.860	3426.785	3405.142	3420.522	27606	0	159
2025.04.21	14:00:00	3420.423	3430.279	3408.889	3416.721	23715	0	159
2025.04.21	15:00:00	3416.754	3426.144	3407.934	3422.941	17806	0	159
2025.04.21	16:00:00	3422.897	3424.042	3410.246	3414.596	11938	0	159
2025.04.21	17:00:00	3414.648	3422.894	3406.013	3422.507	11454	0	159
2025.04.21	18:00:00	3422.554	3426.671	3417.650	3426.480	8308	0	159
2025.04.21	19:00:00	3426.425	3430.547	3417.436	3423.431	8682	0	159
2025.04.21	20:00:00	3423.458	3427.260	3419.628	3424.875	5156	0	159
2025.04.21	22:00:00	3423.892	3435.874	3423.892	3431.058	8394	0	159
2025.04.21	23:00:00	3431.096	3444.257	3429.332	3434.548	13381	0	159
2025.04.22	00:00:00	3434.524	3435.457	3412.180	3425.491	25741	0	159
2025.04.22	01:00:00	3425.503	3455.063	3421.550	3452.935	25920	0	159
2025.04.22	02:00:00	3452.981	3476.065	3442.450	3473.119	22463	0	159
2025.04.22	03:00:00	3473.092	3494.771	3472.064	3487.776	20703	0	159
2025.04.22	04:00:00	3487.894	3488.525	3479.558	3484.412	13308	0	159
2025.04.22	05:00:00	3484.520	3495.580	3473.467	3494.319	18597	0	159
2025.04.22	06:00:00	3494.344	3500.033	3475.243	3479.725	33141	0	159
2025.04.22	07:00:00	3479.756	3480.684	3460.861	3468.670	27130	0	159
2025.04.22	08:00:00	3468.671	3472.681	3443.156	3443.965	19422	0	159
2025.04.22	09:00:00	3443.993	3458.790	3443.989	3454.619	17977	0	159
2025.04.22	10:00:00	3454.619	3468.278	3451.340	3452.297	17014	0	159
2025.04.22	11:00:00	3452.291	3461.272	3448.080	3456.721	14012	0	159
2025.04.22	12:00:00	3456.706	3464.803	3424.256	3431.593	30888	0	159
2025.04.22	13:00:00	3431.630	3449.676	3408.594	3418.726	47296	0	159
2025.04.22	14:00:00	3418.735	3438.966	3418.034	3429.945	26091	0	159
2025.04.22	15:00:00	3430.043	3433.198	3410.299	3417.720	22715	0	159
2025.04.22	16:00:00	3417.678	3421.033	3371.994	3393.038	49245	0	159
2025.04.22	17:00:00	3392.991	3410.317	3386.070	3401.863	29085	0	159
2025.04.22	18:00:00	3401.837	3402.588	3373.195	3381.398	15324	0	159
2025.04.22	19:00:00	3381.488	3385.798	3366.718	3374.789	16424	0	159
2025.04.22	20:00:00	3374.818	3382.706	3373.296	3381.379	8108	0	159
2025.04.22	22:00:00	3337.522	3347.056	3315.831	3327.933	26567	0	159
2025.04.22	23:00:00	3327.957	3349.967	3326.849	3336.561	19821	0	159
2025.04.23	00:00:00	3336.607	3371.275	3334.606	3367.865	21021	0	159
2025.04.23	01:00:00	3367.949	3386.661	3359.010	3379.260	40808	0	159
2025.04.23	02:00:00	3379.252	3379.981	3348.658	3354.221	25277	0	159
2025.04.23	03:00:00	3354.141	3355.615	3329.203	3338.878	29574	0	159
2025.04.23	04:00:00	3338.943	3347.184	3335.676	3346.759	10162	0	159
2025.04.23	05:00:00	3346.651	3349.334	3315.936	3319.116	25607	0	159
2025.04.23	06:00:00	3319.140	3325.952	3291.763	3301.119	38621	0	159
2025.04.23	07:00:00	3301.148	3320.551	3301.148	3319.130	18836	0	159
2025.04.23	08:00:00	3319.185	3321.545	3305.439	3321.508	12977	0	159
2025.04.23	09:00:00	3321.589	3340.536	3317.240	3317.745	16394	0	159
2025.04.23	10:00:00	3317.718	3336.394	3316.661	3330.039	13668	0	159
2025.04.23	11:00:00	3330.084	3339.051	3321.675	3324.594	15662	0	159
2025.04.23	12:00:00	3324.677	3333.359	3310.629	3310.851	22587	0	159
2025.04.23	13:00:00	3310.812	3313.727	3271.118	3277.522	47378	0	159
2025.04.23	14:00:00	3277.458	3296.293	3260.042	3287.450	44977	0	159
2025.04.23	15:00:00	3287.490	3294.394	3269.103	3280.373	35539	0	159
2025.04.23	16:00:00	3280.428	3305.600	3279.135	3295.157	18838	0	159
2025.04.23	17:00:00	3295.043	3301.472	3277.789	3281.391	17454	0	159
2025.04.23	18:00:00	3281.350	3287.004	3277.891	3282.783	9350	0	159
2025.04.23	19:00:00	3282.791	3297.206	3282.629	3293.849	9924	0	159
2025.04.23	20:00:00	3293.943	3295.810	3283.939	3288.376	7160	0	159
2025.04.23	22:00:00	3295.004	3315.908	3294.975	3309.087	10335	0	159
2025.04.23	23:00:00	3309.143	3316.882	3308.248	3316.384	6206	0	159
2025.04.24	00:00:00	3316.351	3339.142	3313.286	3331.803	18412	0	159
2025.04.24	01:00:00	3331.703	3367.543	3330.792	3357.466	38690	0	159
2025.04.24	02:00:00	3357.440	3363.430	3335.746	3342.155	23135	0	159
2025.04.24	03:00:00	3342.130	3342.715	3320.548	3327.074	17649	0	159
2025.04.24	04:00:00	3326.906	3331.788	3325.779	3326.107	8314	0	159
2025.04.24	05:00:00	3326.133	3335.561	3320.466	3323.753	12739	0	159
2025.04.24	06:00:00	3323.711	3328.147	3314.775	3324.581	22351	0	159
2025.04.24	07:00:00	3324.554	3339.837	3323.096	3333.586	17933	0	159
2025.04.24	08:00:00	3333.733	3341.615	3327.282	3336.126	11437	0	159
2025.04.24	09:00:00	3336.165	3342.900	3325.428	3335.659	11451	0	159
2025.04.24	10:00:00	3335.709	3336.728	3325.627	3329.889	9604	0	159
2025.04.24	11:00:00	3329.850	3343.988	3329.544	3336.959	12237	0	159
2025.04.24	12:00:00	3336.948	3344.719	3335.423	3335.936	14371	0	159
2025.04.24	13:00:00	3335.907	3336.214	3312.552	3315.348	27793	0	159
2025.04.24	14:00:00	3315.376	3330.405	3306.737	3327.519	25661	0	159
2025.04.24	15:00:00	3327.486	3330.496	3319.528	3329.391	16467	0	159
2025.04.24	16:00:00	3329.365	3335.388	3322.437	3331.600	12275	0	159
2025.04.24	17:00:00	3331.593	3338.699	3329.954	3336.724	9765	0	159
2025.04.24	18:00:00	3336.711	3340.339	3333.675	3334.737	6698	0	159
2025.04.24	19:00:00	3334.762	3347.037	3333.420	3342.226	6708	0	159
2025.04.24	20:00:00	3342.266	3349.961	3338.128	3349.370	5749	0	159
2025.04.24	22:00:00	3353.183	3370.789	3352.716	3367.039	8303	0	159
2025.04.24	23:00:00	3367.071	3368.189	3346.946	3348.976	12743	0	159
2025.04.25	00:00:00	3348.951	3361.361	3347.281	3357.678	15265	0	159
2025.04.25	01:00:00	3357.653	3363.120	3342.906	3345.670	18199	0	159
2025.04.25	02:00:00	3345.769	3353.412	3344.552	3348.666	11812	0	159
2025.04.25	03:00:00	3348.713	3354.206	3322.632	3323.655	13169	0	159
2025.04.25	04:00:00	3323.681	3327.775	3316.342	3324.780	17349	0	159
2025.04.25	05:00:00	3324.802	3327.190	3287.012	3294.521	25437	0	159
2025.04.25	06:00:00	3294.309	3306.304	3287.493	3304.448	24215	0	159
2025.04.25	07:00:00	3304.406	3314.553	3303.105	3307.377	14167	0	159
2025.04.25	08:00:00	3307.408	3307.905	3291.903	3303.669	13814	0	159
2025.04.25	09:00:00	3303.704	3308.754	3292.030	3292.091	12248	0	159
2025.04.25	10:00:00	3292.066	3306.419	3291.956	3298.027	11417	0	159
2025.04.25	11:00:00	3298.019	3300.980	3287.911	3293.455	11581	0	159
2025.04.25	12:00:00	3293.426	3303.054	3291.059	3292.683	14836	0	159
2025.04.25	13:00:00	3292.644	3292.900	3265.072	3281.289	38113	0	159
2025.04.25	14:00:00	3281.138	3287.235	3274.602	3277.937	21703	0	159
2025.04.25	15:00:00	3278.037	3285.519	3270.161	3282.883	13216	0	159
2025.04.25	16:00:00	3282.890	3287.517	3280.338	3285.328	8444	0	159
2025.04.25	17:00:00	3285.368	3295.167	3281.848	3293.341	11420	0	159
2025.04.25	18:00:00	3293.291	3297.008	3288.403	3288.412	7191	0	159
2025.04.25	19:00:00	3288.455	3312.464	3287.864	3304.818	9929	0	159
2025.04.25	20:00:00	3304.856	3319.240	3304.569	3318.726	7500	0	159
2025.04.27	22:00:00	3325.640	3330.229	3309.114	3310.701	11156	0	159
2025.04.27	23:00:00	3310.708	3318.166	3298.606	3302.739	14533	0	159
2025.04.28	00:00:00	3302.791	3315.965	3301.594	3314.158	15776	0	159
2025.04.28	01:00:00	3314.140	3315.282	3279.148	3280.900	29547	0	159
2025.04.28	02:00:00	3280.937	3286.405	3268.074	3280.778	21240	0	159
2025.04.28	03:00:00	3280.825	3295.163	3280.372	3290.902	11070	0	159
2025.04.28	04:00:00	3290.894	3299.052	3288.637	3298.901	8079	0	159
2025.04.28	05:00:00	3298.913	3301.054	3287.817	3295.080	10523	0	159
2025.04.28	06:00:00	3295.089	3296.490	3281.838	3283.399	13487	0	159
2025.04.28	07:00:00	3283.427	3292.577	3277.645	3287.466	14424	0	159
2025.04.28	08:00:00	3287.440	3288.551	3279.197	3282.622	8365	0	159
2025.04.28	09:00:00	3282.657	3287.360	3274.487	3274.507	9419	0	159
2025.04.28	10:00:00	3274.540	3291.904	3273.225	3289.553	10445	0	159
2025.04.28	11:00:00	3289.566	3297.183	3284.888	3294.202	10526	0	159
2025.04.28	12:00:00	3294.225	3302.284	3292.707	3295.977	12679	0	159
2025.04.28	13:00:00	3296.043	3301.310	3286.823	3293.222	20920	0	159
2025.04.28	14:00:00	3293.134	3333.189	3293.110	3328.593	26438	0	159
2025.04.28	15:00:00	3328.568	3336.044	3319.071	3325.005	18398	0	159
2025.04.28	16:00:00	3325.035	3339.258	3324.496	3336.556	13283	0	159
2025.04.28	17:00:00	3336.581	3340.193	3333.226	3335.299	9701	0	159
2025.04.28	18:00:00	3335.273	3349.842	3333.902	3349.015	9872	0	159
2025.04.28	19:00:00	3349.050	3353.004	3345.582	3352.076	8187	0	159
2025.04.28	20:00:00	3352.107	3352.380	3342.333	3344.194	4875	0	159
2025.04.28	22:00:00	3345.965	3348.677	3332.362	3338.110	9776	0	159
2025.04.28	23:00:00	3338.076	3342.929	3333.821	3337.610	9501	0	159
2025.04.29	00:00:00	3337.643	3339.062	3327.720	3329.946	11514	0	159
2025.04.29	01:00:00	3329.993	3340.039	3322.768	3326.465	18739	0	159
2025.04.29	02:00:00	3326.441	3333.824	3319.325	3320.583	13646	0	159
2025.04.29	03:00:00	3320.601	3321.616	3308.016	3316.030	15421	0	159
2025.04.29	04:00:00	3316.057	3318.199	3306.692	3309.374	8172	0	159
2025.04.29	05:00:00	3309.345	3316.566	3305.084	3310.341	10402	0	159
2025.04.29	06:00:00	3310.349	3323.895	3308.746	3318.780	11808	0	159
2025.04.29	07:00:00	3318.766	3323.228	3312.292	3323.042	8956	0	159
2025.04.29	08:00:00	3323.066	3324.900	3311.674	3311.887	7660	0	159
2025.04.29	09:00:00	3311.862	3315.961	3308.655	3309.103	7995	0	159
2025.04.29	10:00:00	3309.007	3315.542	3306.159	3312.914	8570	0	159
2025.04.29	11:00:00	3312.940	3316.017	3307.916	3309.416	9008	0	159
2025.04.29	12:00:00	3309.358	3314.623	3300.378	3312.869	16125	0	159
2025.04.29	13:00:00	3312.798	3321.374	3299.783	3306.985	26530	0	159
2025.04.29	14:00:00	3307.010	3317.757	3299.649	3314.464	19927	0	159
2025.04.29	15:00:00	3314.579	3315.634	3305.233	3312.455	12732	0	159
2025.04.29	16:00:00	3312.477	3330.013	3312.187	3328.718	10480	0	159
2025.04.29	17:00:00	3328.763	3329.694	3314.221	3314.399	8346	0	159
2025.04.29	18:00:00	3314.368	3320.062	3313.260	3319.977	8130	0	159
2025.04.29	19:00:00	3320.015	3324.957	3317.887	3320.535	8103	0	159
2025.04.29	20:00:00	3320.510	3323.498	3316.956	3317.338	4556	0	159
2025.04.29	22:00:00	3317.260	3323.370	3315.968	3318.859	4988	0	159
2025.04.29	23:00:00	3318.955	3319.374	3310.949	3317.122	6041	0	159
2025.04.30	00:00:00	3317.122	3327.971	3311.429	3313.083	11277	0	159
2025.04.30	01:00:00	3313.161	3322.721	3307.799	3308.233	12979	0	159
2025.04.30	02:00:00	3308.207	3313.187	3305.048	3306.720	10463	0	159
2025.04.30	03:00:00	3306.740	3311.262	3303.782	3304.753	8416	0	159
2025.04.30	04:00:00	3304.765	3308.905	3301.326	3308.044	6828	0	160
2025.04.30	05:00:00	3308.069	3314.658	3307.623	3309.500	8368	0	159
2025.04.30	06:00:00	3309.532	3311.256	3304.931	3305.877	8555	0	159
2025.04.30	07:00:00	3305.844	3314.646	3303.125	3307.203	7786	0	159
2025.04.30	08:00:00	3307.242	3307.704	3280.266	3284.573	18343	0	159
2025.04.30	09:00:00	3284.539	3286.863	3275.076	3276.008	10727	0	159
2025.04.30	10:00:00	3275.983	3280.799	3271.840	3272.633	9150	0	159
2025.04.30	11:00:00	3272.634	3281.671	3268.300	3272.319	11411	0	159
2025.04.30	12:00:00	3272.343	3304.816	3266.901	3298.655	26990	0	159
2025.04.30	13:00:00	3298.633	3319.742	3296.205	3309.125	27264	0	159
2025.04.30	14:00:00	3309.082	3313.725	3292.863	3309.931	29530	0	159
2025.04.30	15:00:00	3309.889	3314.697	3299.044	3307.955	19281	0	159
2025.04.30	16:00:00	3308.073	3314.279	3307.056	3310.788	11326	0	159
2025.04.30	17:00:00	3310.751	3313.461	3304.943	3305.324	8900	0	159
2025.04.30	18:00:00	3305.295	3307.793	3300.397	3301.701	9981	0	159
2025.04.30	19:00:00	3301.728	3305.784	3292.086	3295.883	8412	0	159
2025.04.30	20:00:00	3295.808	3297.987	3283.085	3288.521	8590	0	159
2025.04.30	22:00:00	3287.870	3288.182	3271.297	3274.043	11770	0	159
2025.04.30	23:00:00	3274.071	3285.350	3269.738	3272.887	11626	0	159
2025.05.01	00:00:00	3272.922	3276.323	3241.146	3246.641	27290	0	159
2025.05.01	01:00:00	3246.603	3251.359	3234.502	3238.862	18179	0	159
2025.05.01	02:00:00	3238.887	3251.637	3235.161	3241.586	14220	0	159
2025.05.01	03:00:00	3241.500	3242.628	3228.894	3229.493	15790	0	159
2025.05.01	04:00:00	3229.496	3231.994	3221.264	3226.772	13192	0	159
2025.05.01	05:00:00	3226.757	3238.822	3223.359	3236.714	13228	0	159
2025.05.01	06:00:00	3236.688	3243.171	3233.861	3235.673	14195	0	159
2025.05.01	07:00:00	3235.671	3236.872	3226.086	3230.192	11278	0	159
2025.05.01	08:00:00	3230.149	3236.752	3229.928	3235.145	7594	0	159
2025.05.01	09:00:00	3235.169	3236.276	3215.873	3218.563	10091	0	159
2025.05.01	10:00:00	3218.529	3225.410	3213.618	3222.982	9889	0	159
2025.05.01	11:00:00	3223.007	3227.153	3203.334	3205.502	13795	0	159
2025.05.01	12:00:00	3205.465	3232.721	3201.862	3226.841	24871	0	159
2025.05.01	13:00:00	3226.815	3233.320	3218.755	3224.685	24668	0	159
2025.05.01	14:00:00	3224.814	3231.564	3214.307	3219.034	27926	0	159
2025.05.01	15:00:00	3219.160	3221.839	3205.044	3216.475	15150	0	159
2025.05.01	16:00:00	3216.437	3220.567	3208.912	3219.536	11057	0	159
2025.05.01	17:00:00	3219.548	3220.778	3209.850	3214.656	9271	0	159
2025.05.01	18:00:00	3214.628	3226.802	3212.825	3223.861	8457	0	159
2025.05.01	19:00:00	3223.908	3229.776	3223.908	3228.250	7305	0	159
2025.05.01	20:00:00	3228.236	3239.834	3228.039	3238.216	7702	0	159
2025.05.01	22:00:00	3240.879	3243.531	3232.532	3237.985	7861	0	159
2025.05.01	23:00:00	3238.011	3241.599	3234.725	3237.253	6412	0	159
2025.05.02	00:00:00	3237.291	3244.301	3227.533	3231.311	13811	0	159
2025.05.02	01:00:00	3231.277	3237.501	3231.277	3236.369	11185	0	159
2025.05.02	02:00:00	3236.405	3249.398	3235.905	3248.008	10686	0	159
2025.05.02	03:00:00	3248.049	3258.758	3245.816	3254.916	9392	0	159
2025.05.02	04:00:00	3255.020	3257.525	3250.433	3251.749	8105	0	159
2025.05.02	05:00:00	3251.777	3256.965	3249.536	3251.869	7261	0	159
2025.05.02	06:00:00	3251.973	3262.390	3246.314	3252.922	11515	0	159
2025.05.02	07:00:00	3252.944	3263.343	3251.588	3258.895	9735	0	159
2025.05.02	08:00:00	3258.992	3261.643	3255.249	3258.045	8461	0	159
2025.05.02	09:00:00	3258.090	3267.214	3255.161	3265.212	9946	0	159
2025.05.02	10:00:00	3265.246	3265.742	3257.317	3259.392	8479	0	159
2025.05.02	11:00:00	3259.504	3269.242	3258.046	3262.698	9677	0	159
2025.05.02	12:00:00	3262.684	3264.933	3249.847	3250.417	23703	0	159
2025.05.02	13:00:00	3250.369	3259.650	3239.490	3250.486	31124	0	159
2025.05.02	14:00:00	3250.525	3264.589	3242.133	3262.748	23931	0	159
2025.05.02	15:00:00	3262.776	3264.195	3230.190	3231.601	21530	0	159
2025.05.02	16:00:00	3231.604	3236.314	3222.721	3224.904	22308	0	159
2025.05.02	17:00:00	3224.954	3239.823	3223.543	3231.440	15166	0	159
2025.05.02	18:00:00	3231.479	3232.459	3224.268	3226.455	9384	0	159
2025.05.02	19:00:00	3226.480	3234.576	3226.480	3233.555	9505	0	159
2025.05.02	20:00:00	3233.581	3241.232	3232.627	3240.947	5915	0	159
2025.05.04	22:00:00	3238.490	3244.213	3237.490	3239.530	7653	0	159
2025.05.04	23:00:00	3239.601	3252.300	3238.864	3247.922	9663	0	159
2025.05.05	00:00:00	3247.981	3248.745	3241.180	3246.704	9114	0	159
2025.05.05	01:00:00	3246.753	3271.092	3246.547	3264.760	15109	0	159
2025.05.05	02:00:00	3264.712	3272.429	3259.654	3270.186	12303	0	159
2025.05.05	03:00:00	3270.213	3271.286	3253.107	3254.585	11827	0	159
2025.05.05	04:00:00	3254.550	3259.447	3253.616	3256.461	7885	0	159
2025.05.05	05:00:00	3256.517	3262.079	3254.089	3259.733	8630	0	159
2025.05.05	06:00:00	3259.628	3265.705	3256.775	3262.183	10949	0	159
2025.05.05	07:00:00	3262.227	3267.748	3258.676	3264.760	10156	0	159
2025.05.05	08:00:00	3264.820	3282.886	3263.060	3282.653	11287	0	159
2025.05.05	09:00:00	3282.681	3308.963	3282.157	3308.625	17419	0	159
2025.05.05	10:00:00	3308.706	3318.643	3308.549	3313.274	14089	0	159
2025.05.05	11:00:00	3313.233	3318.985	3311.350	3312.919	10260	0	159
2025.05.05	12:00:00	3312.801	3322.547	3312.776	3319.591	13532	0	159
2025.05.05	13:00:00	3319.555	3321.089	3311.870	3315.294	15025	0	159
2025.05.05	14:00:00	3315.482	3328.838	3309.793	3312.629	21870	0	159
2025.05.05	15:00:00	3312.633	3317.882	3309.006	3312.065	14722	0	159
2025.05.05	16:00:00	3312.028	3313.556	3305.577	3309.774	11495	0	159
2025.05.05	17:00:00	3309.797	3318.239	3309.140	3317.129	8891	0	159
2025.05.05	18:00:00	3317.104	3323.598	3313.874	3323.141	7978	0	159
2025.05.05	19:00:00	3323.223	3337.678	3322.778	3328.793	11606	0	159
2025.05.05	20:00:00	3328.760	3334.764	3328.647	3333.919	5926	0	159
2025.05.05	22:00:00	3336.247	3338.052	3327.401	3330.642	6675	0	159
2025.05.05	23:00:00	3330.662	3335.084	3328.886	3334.031	6806	0	159
2025.05.06	00:00:00	3334.038	3334.400	3323.139	3329.569	12824	0	159
2025.05.06	01:00:00	3329.618	3381.795	3329.618	3379.645	39287	0	159
2025.05.06	02:00:00	3379.601	3387.099	3356.451	3358.395	25963	0	159
2025.05.06	03:00:00	3358.487	3372.425	3352.407	3360.401	19683	0	159
2025.05.06	04:00:00	3360.395	3366.213	3356.066	3363.248	11610	0	159
2025.05.06	05:00:00	3363.279	3364.017	3350.152	3362.038	15461	0	159
2025.05.06	06:00:00	3361.990	3367.984	3358.763	3364.654	13011	0	159
2025.05.06	07:00:00	3364.730	3379.653	3364.730	3371.200	14161	0	159
2025.05.06	08:00:00	3371.313	3383.152	3368.547	3377.243	13119	0	159
2025.05.06	09:00:00	3377.161	3383.227	3371.432	3383.135	10901	0	159
2025.05.06	10:00:00	3383.186	3383.816	3376.660	3383.576	9581	0	159
2025.05.06	11:00:00	3383.527	3385.084	3373.731	3379.123	11229	0	159
2025.05.06	12:00:00	3379.145	3392.407	3373.128	3391.025	15694	0	159
2025.05.06	13:00:00	3391.005	3397.595	3387.824	3391.781	23926	0	159
2025.05.06	14:00:00	3391.747	3398.022	3378.227	3386.302	21292	0	159
2025.05.06	15:00:00	3386.180	3399.895	3385.300	3395.051	11760	0	159
2025.05.06	16:00:00	3395.083	3411.672	3394.673	3408.809	12925	0	159
2025.05.06	17:00:00	3408.850	3417.839	3407.439	3414.054	12271	0	159
2025.05.06	18:00:00	3414.081	3417.504	3410.231	3415.566	8172	0	159
2025.05.06	19:00:00	3415.591	3424.077	3412.565	3423.168	8398	0	159
2025.05.06	20:00:00	3423.139	3435.016	3419.165	3430.343	9658	0	159
2025.05.06	22:00:00	3420.702	3424.802	3380.514	3381.489	32787	0	159
2025.05.06	23:00:00	3381.518	3404.778	3376.840	3400.680	22404	0	159
2025.05.07	00:00:00	3400.723	3401.666	3360.747	3379.565	33583	0	159
2025.05.07	01:00:00	3379.612	3385.204	3360.068	3374.737	30566	0	159
2025.05.07	02:00:00	3374.739	3393.909	3371.935	3390.613	20240	0	159
2025.05.07	03:00:00	3390.568	3392.595	3370.039	3375.541	14768	0	159
2025.05.07	04:00:00	3375.519	3387.530	3374.962	3382.118	10718	0	159
2025.05.07	05:00:00	3382.140	3389.548	3378.597	3387.906	12102	0	159
2025.05.07	06:00:00	3387.909	3395.827	3387.389	3392.418	12105	0	159
2025.05.07	07:00:00	3392.423	3397.425	3383.715	3387.991	11360	0	159
2025.05.07	08:00:00	3387.971	3388.622	3378.198	3382.803	10888	0	159
2025.05.07	09:00:00	3382.803	3385.200	3369.591	3369.976	10988	0	159
2025.05.07	10:00:00	3369.941	3393.387	3369.186	3391.389	13687	0	159
2025.05.07	11:00:00	3391.437	3391.560	3383.695	3387.083	10030	0	159
2025.05.07	12:00:00	3387.055	3393.798	3384.039	3390.907	13225	0	159
2025.05.07	13:00:00	3390.870	3398.082	3381.226	3394.470	21613	0	159
2025.05.07	14:00:00	3394.445	3394.681	3375.662	3385.814	20726	0	159
2025.05.07	15:00:00	3385.888	3389.576	3381.943	3385.270	13616	0	159
2025.05.07	16:00:00	3385.224	3389.751	3378.861	3386.933	9686	0	159
2025.05.07	17:00:00	3386.889	3389.888	3383.774	3385.194	9366	0	159
2025.05.07	18:00:00	3385.150	3398.001	3376.028	3384.565	30490	0	159
2025.05.07	19:00:00	3384.649	3387.008	3363.692	3371.832	26215	0	159
2025.05.07	20:00:00	3371.954	3374.566	3363.791	3364.210	8888	0	159
2025.05.07	22:00:00	3366.954	3373.861	3366.750	3369.978	6792	0	159
2025.05.07	23:00:00	3369.974	3377.185	3369.619	3376.488	5687	0	159
2025.05.08	00:00:00	3376.515	3386.927	3373.777	3380.569	11909	0	159
2025.05.08	01:00:00	3380.595	3409.704	3379.018	3408.631	23367	0	159
2025.05.08	02:00:00	3408.662	3414.851	3402.080	3402.080	17132	0	159
2025.05.08	03:00:00	3402.065	3408.473	3395.739	3396.864	13253	0	159
2025.05.08	04:00:00	3396.839	3399.385	3382.033	3382.125	12176	0	159
2025.05.08	05:00:00	3382.174	3384.272	3354.949	3355.404	22206	0	159
2025.05.08	06:00:00	3355.442	3361.968	3320.263	3329.842	37708	0	159
2025.05.08	07:00:00	3329.799	3349.278	3327.167	3342.956	20269	0	159
2025.05.08	08:00:00	3342.892	3344.249	3337.059	3339.371	12411	0	159
2025.05.08	09:00:00	3339.335	3344.359	3331.176	3331.992	12126	0	159
2025.05.08	10:00:00	3331.994	3346.695	3330.390	3342.540	12271	0	159
2025.05.08	11:00:00	3342.498	3345.492	3339.196	3344.378	9611	0	159
2025.05.08	12:00:00	3344.311	3358.611	3343.165	3356.149	14843	0	159
2025.05.08	13:00:00	3356.119	3369.602	3354.646	3356.076	20994	0	159
2025.05.08	14:00:00	3356.133	3362.988	3350.762	3356.533	22336	0	159
2025.05.08	15:00:00	3356.562	3360.052	3326.804	3330.509	28755	0	159
2025.05.08	16:00:00	3330.470	3330.470	3304.341	3310.290	26603	0	159
2025.05.08	17:00:00	3310.325	3311.204	3297.806	3308.272	20296	0	159
2025.05.08	18:00:00	3308.374	3310.992	3305.608	3308.425	9125	0	159
2025.05.08	19:00:00	3308.472	3310.051	3288.697	3306.384	14150	0	159
2025.05.08	20:00:00	3306.434	3310.842	3303.828	3306.319	7253	0	159
2025.05.08	22:00:00	3308.508	3323.957	3306.525	3323.882	10824	0	159
2025.05.08	23:00:00	3323.808	3324.007	3311.990	3316.412	7655	0	159
2025.05.09	00:00:00	3316.448	3323.138	3308.806	3322.205	11485	0	159
2025.05.09	01:00:00	3322.134	3322.558	3286.670	3291.343	27120	0	159
2025.05.09	02:00:00	3291.229	3308.604	3274.664	3308.264	26415	0	159
2025.05.09	03:00:00	3308.237	3313.395	3299.622	3308.106	16084	0	159
2025.05.09	04:00:00	3308.099	3327.574	3308.099	3324.621	11362	0	159
2025.05.09	05:00:00	3324.607	3330.320	3312.926	3321.464	13784	0	159
2025.05.09	06:00:00	3321.436	3326.837	3315.226	3325.496	13035	0	159
2025.05.09	07:00:00	3325.431	3332.264	3322.403	3327.074	11621	0	159
2025.05.09	08:00:00	3327.208	3328.991	3320.217	3328.514	10444	0	159
2025.05.09	09:00:00	3328.542	3329.335	3323.491	3325.103	7795	0	159
2025.05.09	10:00:00	3325.063	3329.938	3321.979	3323.337	6732	0	159
2025.05.09	11:00:00	3323.231	3338.367	3323.231	3332.962	14074	0	159
2025.05.09	12:00:00	3333.066	3335.722	3329.116	3333.581	11617	0	159
2025.05.09	13:00:00	3333.549	3340.369	3328.669	3330.719	17400	0	159
2025.05.09	14:00:00	3330.770	3341.241	3320.298	3337.155	20641	0	159
2025.05.09	15:00:00	3337.134	3346.044	3336.134	3345.040	13687	0	159
2025.05.09	16:00:00	3345.143	3347.556	3336.361	3336.893	10445	0	159
2025.05.09	17:00:00	3336.868	3342.551	3336.016	3340.927	7698	0	159
2025.05.09	18:00:00	3340.983	3343.004	3336.269	3338.725	5917	0	159
2025.05.09	19:00:00	3338.703	3339.859	3325.441	3328.802	8070	0	159
2025.05.09	20:00:00	3328.760	3330.295	3325.142	3326.805	5122	0	159
2025.05.11	22:00:00	3282.255	3292.606	3266.710	3272.689	14872	0	159
2025.05.11	23:00:00	3272.696	3288.870	3265.847	3287.534	17482	0	159
2025.05.12	00:00:00	3287.506	3289.998	3272.151	3279.172	18244	0	159
2025.05.12	01:00:00	3279.199	3282.238	3258.751	3271.896	31466	0	159
2025.05.12	02:00:00	3271.869	3279.922	3269.533	3272.146	16302	0	159
2025.05.12	03:00:00	3272.041	3284.785	3270.461	3283.250	11875	0	159
2025.05.12	04:00:00	3283.214	3283.662	3275.558	3278.852	8504	0	159
2025.05.12	05:00:00	3278.896	3279.731	3268.460	3276.094	11552	0	159
2025.05.12	06:00:00	3276.133	3281.651	3272.976	3277.442	14654	0	159
2025.05.12	07:00:00	3277.489	3277.737	3216.131	3222.685	50870	0	159
2025.05.12	08:00:00	3222.718	3234.462	3220.582	3231.386	28912	0	159
2025.05.12	09:00:00	3231.418	3231.418	3212.993	3215.262	16399	0	159
2025.05.12	10:00:00	3215.236	3219.499	3207.693	3208.112	16717	0	159
2025.05.12	11:00:00	3208.059	3229.360	3207.758	3224.811	18151	0	159
2025.05.12	12:00:00	3224.777	3234.355	3220.326	3233.717	17904	0	159
2025.05.12	13:00:00	3233.635	3248.609	3231.777	3240.927	34528	0	159
2025.05.12	14:00:00	3240.861	3247.733	3233.447	3237.545	27656	0	159
2025.05.12	15:00:00	3237.588	3244.029	3232.741	3239.262	15155	0	159
2025.05.12	16:00:00	3239.237	3240.138	3223.261	3224.236	12930	0	159
2025.05.12	17:00:00	3224.256	3227.628	3221.123	3223.204	10618	0	159
2025.05.12	18:00:00	3223.208	3230.062	3220.295	3229.662	7578	0	159
2025.05.12	19:00:00	3229.701	3238.872	3228.845	3235.394	10634	0	159
2025.05.12	20:00:00	3235.355	3238.401	3232.562	3234.271	4734	0	159
2025.05.12	22:00:00	3239.778	3241.807	3229.864	3233.906	7167	0	159
2025.05.12	23:00:00	3233.915	3240.079	3233.445	3236.880	6189	0	159
2025.05.13	00:00:00	3236.906	3243.286	3233.876	3239.888	10771	0	159
2025.05.13	01:00:00	3239.833	3243.399	3215.868	3225.111	20939	0	159
2025.05.13	02:00:00	3225.188	3241.349	3223.155	3228.921	15951	0	159
2025.05.13	03:00:00	3228.855	3238.429	3228.193	3236.743	10175	0	159
2025.05.13	04:00:00	3236.719	3253.566	3234.881	3252.526	9095	0	159
2025.05.13	05:00:00	3252.551	3260.722	3251.154	3256.566	11516	0	159
2025.05.13	06:00:00	3256.534	3265.659	3247.343	3261.920	13017	0	159
2025.05.13	07:00:00	3261.968	3264.958	3254.282	3259.098	10792	0	159
2025.05.13	08:00:00	3259.139	3261.284	3250.405	3255.569	9751	0	159
2025.05.13	09:00:00	3255.537	3256.614	3250.521	3253.386	8266	0	159
2025.05.13	10:00:00	3253.394	3256.229	3251.114	3252.834	6781	0	159
2025.05.13	11:00:00	3252.799	3258.576	3248.716	3249.140	10021	0	159
2025.05.13	12:00:00	3249.098	3249.952	3237.302	3241.778	21054	0	159
2025.05.13	13:00:00	3241.742	3246.929	3227.234	3227.563	27259	0	159
2025.05.13	14:00:00	3227.531	3248.713	3225.476	3242.666	20011	0	159
2025.05.13	15:00:00	3242.686	3255.827	3241.996	3253.325	13937	0	159
2025.05.13	16:00:00	3253.293	3257.818	3248.666	3250.997	10003	0	159
2025.05.13	17:00:00	3251.030	3252.778	3242.044	3247.003	8644	0	159
2025.05.13	18:00:00	3247.052	3250.767	3245.692	3248.675	6038	0	159
2025.05.13	19:00:00	3248.750	3251.207	3246.375	3249.324	6158	0	159
2025.05.13	20:00:00	3249.355	3254.818	3248.043	3249.942	4200	0	159
2025.05.13	22:00:00	3252.408	3254.606	3249.432	3254.526	4231	0	159
2025.05.13	23:00:00	3254.521	3257.115	3252.133	3254.425	4536	0	159
2025.05.14	00:00:00	3254.388	3254.658	3240.533	3243.755	11575	0	159
2025.05.14	01:00:00	3243.852	3251.798	3237.202	3238.942	16653	0	159
2025.05.14	02:00:00	3238.832	3241.472	3229.098	3232.792	13813	0	159
2025.05.14	03:00:00	3232.762	3233.732	3226.212	3228.366	10514	0	159
2025.05.14	04:00:00	3228.370	3230.429	3222.541	3224.028	9592	0	159
2025.05.14	05:00:00	3223.985	3234.364	3221.570	3233.770	10008	0	159
2025.05.14	06:00:00	3233.804	3236.701	3227.682	3228.722	10283	0	159
2025.05.14	07:00:00	3228.747	3238.874	3224.235	3238.085	12300	0	159
2025.05.14	08:00:00	3237.990	3243.897	3230.385	3232.551	14309	0	159
2025.05.14	09:00:00	3232.598	3236.536	3229.094	3232.291	12081	0	159
2025.05.14	10:00:00	3232.224	3236.571	3229.611	3235.753	8714	0	159
2025.05.14	11:00:00	3235.780	3239.201	3219.436	3220.132	10584	0	159
2025.05.14	12:00:00	3220.142	3222.520	3184.110	3184.754	33078	0	159
2025.05.14	13:00:00	3184.797	3198.332	3174.904	3191.406	39374	0	159
2025.05.14	14:00:00	3191.374	3194.272	3179.328	3181.799	22793	0	159
2025.05.14	15:00:00	3181.823	3186.701	3179.059	3182.674	16200	0	159
2025.05.14	16:00:00	3182.629	3190.941	3173.685	3188.543	14683	0	159
2025.05.14	17:00:00	3188.510	3190.537	3180.869	3181.923	11734	0	159
2025.05.14	18:00:00	3181.958	3183.024	3171.671	3171.930	8651	0	159
2025.05.14	19:00:00	3171.971	3181.508	3167.933	3180.587	10282	0	159
2025.05.14	20:00:00	3180.613	3183.254	3177.075	3178.241	5055	0	159
2025.05.14	22:00:00	3179.701	3183.970	3179.506	3182.706	5134	0	159
2025.05.14	23:00:00	3182.772	3187.312	3181.188	3186.098	4858	0	159
2025.05.15	00:00:00	3186.043	3187.918	3180.196	3187.826	8793	0	159
2025.05.15	01:00:00	3187.787	3192.713	3171.238	3172.483	16554	0	159
2025.05.15	02:00:00	3172.451	3175.584	3150.081	3154.223	20151	0	159
2025.05.15	03:00:00	3154.194	3157.025	3148.315	3150.594	11818	0	159
2025.05.15	04:00:00	3150.546	3152.579	3135.539	3138.574	10515	0	159
2025.05.15	05:00:00	3138.679	3143.102	3123.365	3128.902	14407	0	159
2025.05.15	06:00:00	3128.977	3153.863	3120.649	3149.896	21605	0	159
2025.05.15	07:00:00	3149.848	3151.965	3130.565	3142.318	18487	0	159
2025.05.15	08:00:00	3142.244	3164.334	3139.065	3162.614	13961	0	159
2025.05.15	09:00:00	3162.568	3171.646	3159.344	3165.273	11816	0	159
2025.05.15	10:00:00	3165.307	3179.142	3164.118	3178.219	11266	0	159
2025.05.15	11:00:00	3178.267	3180.019	3172.414	3179.180	10697	0	159
2025.05.15	12:00:00	3179.141	3189.913	3177.501	3188.790	16939	0	159
2025.05.15	13:00:00	3188.830	3199.765	3185.170	3192.233	27010	0	159
2025.05.15	14:00:00	3192.192	3207.164	3190.439	3205.336	22779	0	159
2025.05.15	15:00:00	3205.294	3220.088	3204.578	3219.740	13673	0	159
2025.05.15	16:00:00	3219.780	3222.768	3215.873	3222.398	8785	0	159
2025.05.15	17:00:00	3222.437	3229.185	3216.398	3221.212	9835	0	159
2025.05.15	18:00:00	3221.251	3225.934	3219.750	3223.184	7146	0	159
2025.05.15	19:00:00	3223.225	3232.731	3222.255	3232.037	7762	0	159
2025.05.15	20:00:00	3231.901	3240.704	3231.094	3240.471	6288	0	159
2025.05.15	22:00:00	3239.605	3252.132	3236.929	3251.038	8702	0	159
2025.05.15	23:00:00	3251.081	3251.236	3236.489	3237.150	11795	0	159
2025.05.16	00:00:00	3237.175	3244.029	3232.013	3243.152	16015	0	159
2025.05.16	01:00:00	3243.223	3244.615	3214.907	3222.256	21855	0	159
2025.05.16	02:00:00	3222.230	3227.501	3212.804	3215.472	14780	0	159
2025.05.16	03:00:00	3215.422	3217.452	3206.518	3211.889	13655	0	159
2025.05.16	04:00:00	3211.969	3222.557	3211.729	3219.576	9483	0	159
2025.05.16	05:00:00	3219.508	3222.340	3211.964	3218.540	11238	0	159
2025.05.16	06:00:00	3218.515	3231.343	3212.835	3214.899	13584	0	159
2025.05.16	07:00:00	3214.864	3217.978	3205.365	3207.690	13878	0	159
2025.05.16	08:00:00	3207.572	3209.298	3195.518	3207.488	11750	0	159
2025.05.16	09:00:00	3207.415	3212.954	3203.742	3209.211	10036	0	159
2025.05.16	10:00:00	3209.307	3211.146	3168.921	3175.921	19221	0	159
2025.05.16	11:00:00	3175.950	3179.288	3154.289	3163.119	21613	0	159
2025.05.16	12:00:00	3163.149	3182.086	3154.881	3177.431	25561	0	159
2025.05.16	13:00:00	3177.472	3186.693	3169.409	3180.653	29459	0	159
2025.05.16	14:00:00	3180.685	3188.606	3165.997	3173.342	24544	0	159
2025.05.16	15:00:00	3173.366	3185.200	3172.703	3183.479	13819	0	159
2025.05.16	16:00:00	3183.500	3189.758	3180.432	3189.406	10899	0	159
2025.05.16	17:00:00	3189.358	3192.157	3183.468	3189.388	8649	0	159
2025.05.16	18:00:00	3189.411	3191.222	3184.804	3187.399	6851	0	159
2025.05.16	19:00:00	3187.445	3195.763	3187.413	3192.615	7649	0	159
2025.05.16	20:00:00	3192.583	3202.928	3192.132	3202.217	8684	0	159
2025.05.18	22:00:00	3214.226	3240.839	3211.645	3239.282	15020	0	159
2025.05.18	23:00:00	3239.289	3245.254	3226.552	3234.910	13699	0	159
2025.05.19	00:00:00	3234.947	3249.812	3233.486	3246.513	16637	0	159
2025.05.19	01:00:00	3246.479	3246.822	3214.577	3218.453	25191	0	159
2025.05.19	02:00:00	3218.473	3230.112	3217.069	3228.604	14279	0	159
2025.05.19	03:00:00	3228.650	3230.547	3208.040	3212.270	12424	0	159
2025.05.19	04:00:00	3212.228	3218.200	3206.584	3215.842	8489	0	159
2025.05.19	05:00:00	3215.882	3224.287	3214.877	3223.939	10280	0	159
2025.05.19	06:00:00	3223.963	3231.694	3220.222	3224.253	14671	0	159
2025.05.19	07:00:00	3224.211	3234.640	3224.074	3232.389	13567	0	159
2025.05.19	08:00:00	3232.361	3244.937	3229.973	3244.348	11690	0	159
2025.05.19	09:00:00	3244.362	3247.562	3233.576	3242.046	11652	0	159
2025.05.19	10:00:00	3242.025	3245.302	3234.159	3241.708	8826	0	159
2025.05.19	11:00:00	3241.693	3248.535	3239.083	3243.820	8070	0	159
2025.05.19	12:00:00	3243.817	3244.444	3228.836	3229.350	12891	0	159
2025.05.19	13:00:00	3229.308	3241.661	3224.556	3229.999	23022	0	159
2025.05.19	14:00:00	3229.951	3236.240	3217.216	3233.939	19144	0	159
2025.05.19	15:00:00	3233.937	3239.832	3229.603	3231.662	12464	0	159
2025.05.19	16:00:00	3231.687	3234.278	3228.069	3231.903	8807	0	159
2025.05.19	17:00:00	3231.871	3233.257	3225.598	3226.413	8415	0	159
2025.05.19	18:00:00	3226.459	3235.189	3225.166	3233.528	6284	0	159
2025.05.19	19:00:00	3233.564	3235.866	3231.623	3233.010	5534	0	159
2025.05.19	20:00:00	3233.056	3233.771	3228.048	3230.334	4274	0	159
2025.05.19	22:00:00	3229.311	3230.416	3224.589	3226.731	4250	0	159
2025.05.19	23:00:00	3226.730	3227.434	3219.097	3222.532	6391	0	159
2025.05.20	00:00:00	3222.561	3224.249	3214.095	3222.792	11133	0	159
2025.05.20	01:00:00	3222.807	3232.770	3220.539	3221.119	14844	0	159
2025.05.20	02:00:00	3221.156	3223.056	3206.386	3206.650	15014	0	159
2025.05.20	03:00:00	3206.678	3214.158	3204.521	3211.446	11070	0	159
2025.05.20	04:00:00	3211.394	3218.011	3211.187	3217.189	7919	0	159
2025.05.20	05:00:00	3217.210	3219.837	3209.885	3213.759	10528	0	159
2025.05.20	06:00:00	3213.724	3219.255	3208.615	3209.793	11428	0	159
2025.05.20	07:00:00	3209.840	3225.460	3207.946	3222.843	10546	0	159
2025.05.20	08:00:00	3222.819	3235.914	3218.275	3235.859	10259	0	159
2025.05.20	09:00:00	3235.955	3239.366	3230.508	3236.436	12015	0	159
2025.05.20	10:00:00	3236.403	3238.449	3231.891	3235.354	6193	0	159
2025.05.20	11:00:00	3235.314	3241.651	3235.132	3241.138	6812	0	159
2025.05.20	12:00:00	3241.236	3250.828	3234.380	3242.867	12586	0	159
2025.05.20	13:00:00	3242.749	3261.738	3232.837	3261.035	23765	0	159
2025.05.20	14:00:00	3261.217	3285.886	3260.678	3282.496	34856	0	159
2025.05.20	15:00:00	3282.596	3283.586	3273.342	3277.264	17000	0	159
2025.05.20	16:00:00	3277.239	3282.596	3275.204	3278.812	9047	0	159
2025.05.20	17:00:00	3278.859	3287.838	3278.280	3286.428	8527	0	159
2025.05.20	18:00:00	3286.453	3289.736	3284.189	3287.646	7657	0	159
2025.05.20	19:00:00	3287.683	3295.172	3287.256	3294.078	7225	0	159
2025.05.20	20:00:00	3294.130	3295.730	3289.243	3289.937	5367	0	159
2025.05.20	22:00:00	3291.700	3304.072	3290.809	3296.885	11859	0	159
2025.05.20	23:00:00	3296.808	3296.878	3288.505	3290.695	9226	0	159
2025.05.21	00:00:00	3290.734	3304.230	3288.959	3303.386	11604	0	159
2025.05.21	01:00:00	3303.426	3314.689	3285.420	3294.597	24995	0	159
2025.05.21	02:00:00	3294.566	3305.293	3289.306	3301.736	14655	0	159
2025.05.21	03:00:00	3301.733	3309.732	3299.164	3307.544	9187	0	159
2025.05.21	04:00:00	3307.505	3308.294	3301.133	3302.143	7472	0	159
2025.05.21	05:00:00	3302.104	3319.643	3298.404	3316.441	12288	0	159
2025.05.21	06:00:00	3316.415	3320.765	3310.737	3320.024	14055	0	159
2025.05.21	07:00:00	3319.985	3320.035	3307.760	3309.906	11655	0	159
2025.05.21	08:00:00	3309.933	3312.280	3303.946	3308.507	10426	0	159
2025.05.21	09:00:00	3308.508	3313.541	3307.120	3313.500	9048	0	159
2025.05.21	10:00:00	3313.597	3318.285	3308.568	3311.708	9629	0	159
2025.05.21	11:00:00	3311.725	3316.456	3306.539	3311.249	9916	0	159
2025.05.21	12:00:00	3311.243	3312.685	3290.693	3302.621	22225	0	159
2025.05.21	13:00:00	3302.648	3309.535	3295.404	3303.618	22021	0	159
2025.05.21	14:00:00	3303.540	3307.764	3295.270	3304.364	19052	0	159
2025.05.21	15:00:00	3304.347	3315.216	3303.530	3311.978	13548	0	159
2025.05.21	16:00:00	3312.004	3314.664	3302.758	3303.074	9954	0	159
2025.05.21	17:00:00	3303.160	3316.351	3302.811	3316.312	14168	0	159
2025.05.21	18:00:00	3316.394	3316.445	3311.908	3314.332	8074	0	159
2025.05.21	19:00:00	3314.359	3324.897	3314.359	3318.380	10307	0	159
2025.05.21	20:00:00	3318.423	3319.846	3313.164	3315.567	6451	0	159
2025.05.21	22:00:00	3319.029	3321.078	3315.583	3317.967	6900	0	159
2025.05.21	23:00:00	3317.960	3324.213	3317.260	3320.082	7026	0	159
2025.05.22	00:00:00	3320.143	3326.302	3319.389	3323.774	10045	0	159
2025.05.22	01:00:00	3323.780	3342.942	3320.376	3338.147	19001	0	159
2025.05.22	02:00:00	3338.095	3344.730	3336.582	3341.187	12809	0	159
2025.05.22	03:00:00	3341.200	3345.430	3334.868	3335.440	9555	0	159
2025.05.22	04:00:00	3335.451	3339.192	3332.704	3338.646	7105	0	159
2025.05.22	05:00:00	3338.614	3339.502	3326.198	3332.309	8847	0	159
2025.05.22	06:00:00	3332.276	3335.723	3325.538	3326.403	11814	0	159
2025.05.22	07:00:00	3326.511	3331.268	3322.608	3327.621	12480	0	159
2025.05.22	08:00:00	3327.636	3329.873	3310.168	3311.228	15721	0	159
2025.05.22	09:00:00	3311.176	3313.942	3304.139	3304.770	13704	0	159
2025.05.22	10:00:00	3304.701	3307.474	3288.476	3289.694	16235	0	159
2025.05.22	11:00:00	3289.669	3314.721	3282.977	3314.466	19227	0	159
2025.05.22	12:00:00	3314.428	3314.526	3300.907	3304.181	21597	0	159
2025.05.22	13:00:00	3304.134	3315.775	3286.880	3287.816	29420	0	159
2025.05.22	14:00:00	3287.774	3304.565	3279.252	3296.994	22355	0	159
2025.05.22	15:00:00	3296.961	3298.804	3281.474	3294.675	19814	0	159
2025.05.22	16:00:00	3294.722	3304.818	3291.108	3301.596	11470	0	159
2025.05.22	17:00:00	3301.582	3301.747	3290.167	3296.683	11407	0	159
2025.05.22	18:00:00	3296.660	3298.901	3292.311	3293.886	7711	0	159
2025.05.22	19:00:00	3293.924	3297.165	3288.982	3290.255	7702	0	159
2025.05.22	20:00:00	3290.301	3295.648	3289.593	3294.610	4971	0	159
2025.05.22	22:00:00	3295.987	3299.421	3295.117	3297.679	4667	0	160
2025.05.22	23:00:00	3297.716	3302.011	3297.285	3300.146	5242	0	159
2025.05.23	00:00:00	3300.172	3308.908	3286.942	3301.000	17195	0	159
2025.05.23	01:00:00	3301.031	3306.532	3295.907	3305.172	17463	0	159
2025.05.23	02:00:00	3305.237	3305.376	3290.949	3296.862	11538	0	159
2025.05.23	03:00:00	3296.826	3303.424	3296.511	3302.070	7767	0	159
2025.05.23	04:00:00	3302.097	3316.186	3301.915	3313.667	8427	0	159
2025.05.23	05:00:00	3313.584	3325.685	3312.510	3323.926	11450	0	159
2025.05.23	06:00:00	3323.825	3332.048	3322.995	3330.977	12548	0	159
2025.05.23	07:00:00	3331.075	3334.502	3326.757	3329.145	10172	0	159
2025.05.23	08:00:00	3329.191	3329.471	3322.548	3326.336	8898	0	159
2025.05.23	09:00:00	3326.394	3334.027	3324.867	3328.785	9424	0	159
2025.05.23	10:00:00	3328.674	3331.863	3323.352	3328.672	8261	0	159
2025.05.23	11:00:00	3328.662	3349.780	3324.505	3347.926	28633	0	159
2025.05.23	12:00:00	3347.966	3360.466	3344.809	3356.968	35067	0	159
2025.05.23	13:00:00	3356.937	3364.620	3337.165	3340.067	38204	0	159
2025.05.23	14:00:00	3340.005	3359.645	3336.612	3359.185	23930	0	159
2025.05.23	15:00:00	3359.232	3362.489	3352.074	3361.655	15291	0	159
2025.05.23	16:00:00	3361.687	3364.517	3357.155	3358.939	10381	0	159
2025.05.23	17:00:00	3358.953	3365.925	3356.348	3362.668	9326	0	159
2025.05.23	18:00:00	3362.687	3365.876	3361.110	3361.923	6501	0	159
2025.05.23	19:00:00	3361.947	3365.793	3358.279	3360.785	7513	0	159
2025.05.23	20:00:00	3360.743	3361.700	3356.103	3356.295	5516	0	159
2025.05.25	22:00:00	3352.095	3352.480	3341.349	3344.326	14450	0	159
2025.05.25	23:00:00	3344.376	3350.711	3341.410	3342.691	8482	0	159
2025.05.26	00:00:00	3342.730	3346.211	3331.390	3341.932	14227	0	159
2025.05.26	01:00:00	3341.968	3347.707	3335.554	3344.967	15660	0	159
2025.05.26	02:00:00	3344.934	3356.859	3343.246	3348.214	12255	0	159
2025.05.26	03:00:00	3348.174	3349.990	3344.278	3347.636	8662	0	159
2025.05.26	04:00:00	3347.639	3351.116	3346.253	3349.914	6557	0	159
2025.05.26	05:00:00	3349.890	3351.899	3344.289	3347.314	8958	0	159
2025.05.26	06:00:00	3347.389	3347.518	3337.043	3337.229	10057	0	159
2025.05.26	07:00:00	3337.211	3338.769	3332.124	3337.327	9546	0	159
2025.05.26	08:00:00	3337.418	3339.672	3331.027	3334.657	9753	0	159
2025.05.26	09:00:00	3334.691	3336.184	3323.485	3328.536	11572	0	159
2025.05.26	10:00:00	3328.533	3333.672	3328.533	3331.485	5234	0	159
2025.05.26	11:00:00	3331.488	3334.555	3329.175	3333.130	4710	0	159
2025.05.26	12:00:00	3333.152	3335.094	3326.350	3334.390	7856	0	159
2025.05.26	13:00:00	3334.423	3338.901	3331.309	3338.329	9066	0	159
2025.05.26	14:00:00	3338.353	3341.614	3335.526	3337.211	8860	0	159
2025.05.26	15:00:00	3337.223	3339.753	3336.877	3337.957	5322	0	159
2025.05.26	16:00:00	3337.998	3343.666	3337.521	3342.145	4309	0	159
2025.05.26	17:00:00	3342.080	3343.105	3340.463	3341.184	2872	0	160
2025.05.26	18:00:00	3341.190	3341.938	3340.949	3341.558	660	0	160
2025.05.26	22:00:00	3346.458	3348.878	3342.829	3347.535	4905	0	159
2025.05.26	23:00:00	3347.539	3348.500	3344.573	3346.139	4350	0	159
2025.05.27	00:00:00	3346.182	3350.029	3342.446	3345.097	8159	0	159
2025.05.27	01:00:00	3345.125	3347.323	3331.730	3335.905	11437	0	159
2025.05.27	02:00:00	3335.936	3344.436	3335.086	3342.942	8307	0	159
2025.05.27	03:00:00	3342.914	3347.251	3340.834	3341.217	6633	0	159
2025.05.27	04:00:00	3341.188	3341.485	3330.703	3330.966	6599	0	159
2025.05.27	05:00:00	3330.971	3332.690	3315.992	3323.425	15348	0	159
2025.05.27	06:00:00	3323.393	3328.356	3305.006	3308.760	20274	0	159
2025.05.27	07:00:00	3308.717	3312.508	3292.535	3296.244	19923	0	159
2025.05.27	08:00:00	3296.214	3310.344	3296.015	3298.620	15479	0	159
2025.05.27	09:00:00	3298.568	3309.701	3294.586	3296.300	13629	0	159
2025.05.27	10:00:00	3296.274	3299.660	3290.680	3293.264	13492	0	159
2025.05.27	11:00:00	3293.310	3298.192	3287.724	3288.352	11261	0	159
2025.05.27	12:00:00	3288.399	3297.956	3287.989	3293.764	12683	0	159
2025.05.27	13:00:00	3293.687	3304.901	3292.268	3295.349	19223	0	159
2025.05.27	14:00:00	3295.273	3303.267	3285.089	3299.883	16258	0	159
2025.05.27	15:00:00	3299.842	3303.061	3289.609	3293.605	11550	0	159
2025.05.27	16:00:00	3293.612	3298.806	3292.969	3297.752	6879	0	159
2025.05.27	17:00:00	3297.758	3304.375	3296.866	3301.329	6508	0	159
2025.05.27	18:00:00	3301.363	3303.988	3299.098	3303.106	5230	0	159
2025.05.27	19:00:00	3303.069	3308.008	3302.905	3304.380	5142	0	159
2025.05.27	20:00:00	3304.356	3305.080	3299.640	3300.192	3577	0	159
2025.05.27	22:00:00	3301.447	3305.743	3301.411	3303.105	4929	0	159
2025.05.27	23:00:00	3303.141	3310.953	3297.621	3309.402	7161	0	159
2025.05.28	00:00:00	3309.431	3315.805	3308.181	3308.488	6681	0	159
2025.05.28	01:00:00	3308.520	3310.775	3298.538	3301.810	11752	0	159
2025.05.28	02:00:00	3301.821	3313.625	3300.262	3302.393	12670	0	159
2025.05.28	03:00:00	3302.419	3304.051	3291.667	3297.760	12177	0	159
2025.05.28	04:00:00	3297.722	3299.278	3294.407	3296.463	7168	0	159
2025.05.28	05:00:00	3296.483	3310.258	3295.977	3307.232	10497	0	159
2025.05.28	06:00:00	3307.247	3308.722	3298.328	3308.274	9581	0	159
2025.05.28	07:00:00	3308.314	3322.363	3307.024	3319.271	11468	0	159
2025.05.28	08:00:00	3319.228	3323.837	3315.147	3321.609	10584	0	159
2025.05.28	09:00:00	3321.629	3325.556	3320.045	3324.108	6540	0	159
2025.05.28	10:00:00	3324.153	3324.737	3311.763	3313.357	7450	0	159
2025.05.28	11:00:00	3313.342	3315.118	3307.461	3311.122	8031	0	159
2025.05.28	12:00:00	3311.162	3314.560	3305.319	3312.335	10168	0	159
2025.05.28	13:00:00	3312.292	3316.424	3297.414	3305.229	19529	0	159
2025.05.28	14:00:00	3305.184	3309.027	3300.392	3302.617	14347	0	159
2025.05.28	15:00:00	3302.607	3302.754	3292.510	3296.094	11513	0	159
2025.05.28	16:00:00	3296.125	3299.225	3288.591	3293.410	8050	0	159
2025.05.28	17:00:00	3293.416	3299.122	3291.303	3296.765	6922	0	159
2025.05.28	18:00:00	3296.793	3302.988	3296.556	3302.067	6651	0	159
2025.05.28	19:00:00	3302.042	3303.065	3293.873	3296.983	8893	0	159
2025.05.28	20:00:00	3297.006	3297.346	3276.411	3286.656	7056	0	159
2025.05.28	22:00:00	3286.879	3294.958	3282.049	3286.518	8792	0	159
2025.05.28	23:00:00	3286.514	3287.792	3250.249	3259.895	29093	0	159
2025.05.29	00:00:00	3259.921	3268.976	3253.823	3265.001	24247	0	159
2025.05.29	01:00:00	3265.099	3265.858	3245.432	3263.539	24696	0	159
2025.05.29	02:00:00	3263.527	3275.459	3261.030	3270.052	14846	0	159
2025.05.29	03:00:00	3270.010	3280.189	3268.063	3274.545	11714	0	159
2025.05.29	04:00:00	3274.635	3275.439	3269.044	3269.125	8781	0	159
2025.05.29	05:00:00	3269.162	3272.598	3265.986	3272.548	9250	0	159
2025.05.29	06:00:00	3272.534	3276.412	3268.051	3271.677	10711	0	159
2025.05.29	07:00:00	3271.716	3287.433	3271.716	3286.559	10443	0	159
2025.05.29	08:00:00	3286.528	3289.286	3278.173	3281.748	8560	0	159
2025.05.29	09:00:00	3281.684	3283.204	3276.262	3282.103	7201	0	159
2025.05.29	10:00:00	3282.132	3300.796	3281.864	3296.705	10772	0	159
2025.05.29	11:00:00	3296.630	3305.549	3295.374	3299.719	10258	0	159
2025.05.29	12:00:00	3299.844	3317.576	3298.541	3316.539	17663	0	159
2025.05.29	13:00:00	3316.414	3322.008	3310.208	3312.724	21350	0	159
2025.05.29	14:00:00	3312.682	3319.532	3304.814	3310.343	18502	0	159
2025.05.29	15:00:00	3310.382	3322.005	3309.745	3321.578	11223	0	159
2025.05.29	16:00:00	3321.664	3331.247	3319.797	3322.273	10896	0	159
2025.05.29	17:00:00	3322.258	3324.538	3318.087	3324.133	8495	0	159
2025.05.29	18:00:00	3324.177	3325.818	3317.549	3321.312	8155	0	159
2025.05.29	19:00:00	3321.269	3321.539	3315.486	3316.615	7012	0	159
2025.05.29	20:00:00	3316.586	3318.393	3315.245	3317.534	3361	0	159
2025.05.29	22:00:00	3320.033	3321.098	3313.540	3314.293	4721	0	159
2025.05.29	23:00:00	3314.372	3317.315	3312.854	3315.503	5600	0	159
2025.05.30	00:00:00	3315.498	3318.879	3309.572	3312.593	8291	0	159
2025.05.30	01:00:00	3312.627	3322.777	3308.077	3309.913	14615	0	159
2025.05.30	02:00:00	3309.959	3312.189	3294.969	3297.253	15488	0	159
2025.05.30	03:00:00	3297.279	3302.308	3291.219	3294.531	9807	0	159
2025.05.30	04:00:00	3294.530	3296.530	3291.522	3296.174	6273	0	159
2025.05.30	05:00:00	3296.231	3305.020	3290.181	3303.812	9375	0	159
2025.05.30	06:00:00	3303.851	3304.306	3290.503	3301.851	12280	0	159
2025.05.30	07:00:00	3301.806	3301.806	3287.336	3294.930	11834	0	159
2025.05.30	08:00:00	3294.975	3299.317	3291.624	3295.797	9826	0	159
2025.05.30	09:00:00	3295.756	3299.270	3292.594	3295.634	7664	0	159
2025.05.30	10:00:00	3295.634	3300.669	3292.581	3295.220	6969	0	159
2025.05.30	11:00:00	3295.216	3297.289	3288.668	3294.055	8932	0	159
2025.05.30	12:00:00	3294.091	3306.796	3282.805	3304.032	29341	0	159
2025.05.30	13:00:00	3303.985	3308.322	3275.171	3276.784	28888	0	159
2025.05.30	14:00:00	3276.739	3287.380	3271.526	3282.705	25559	0	159
2025.05.30	15:00:00	3282.730	3292.818	3275.962	3288.676	18232	0	159
2025.05.30	16:00:00	3288.603	3295.778	3283.957	3293.391	14367	0	159
2025.05.30	17:00:00	3293.356	3294.803	3289.817	3290.964	9832	0	159
2025.05.30	18:00:00	3290.972	3295.018	3290.972	3293.823	6691	0	159
2025.05.30	19:00:00	3293.784	3295.194	3291.660	3294.826	5881	0	159
2025.05.30	20:00:00	3294.865	3295.834	3288.642	3289.665	4823	0	159
2025.06.01	22:00:00	3303.113	3315.076	3299.888	3313.124	9629	0	159
2025.06.01	23:00:00	3313.134	3316.742	3309.189	3310.255	7355	0	159
2025.06.02	00:00:00	3310.213	3314.959	3303.212	3311.418	11576	0	159
2025.06.02	01:00:00	3311.454	3313.828	3301.409	3303.576	10978	0	159
2025.06.02	02:00:00	3303.534	3311.535	3303.310	3307.330	7869	0	159
2025.06.02	03:00:00	3307.232	3308.973	3303.375	3308.685	7247	0	159
2025.06.02	04:00:00	3308.771	3318.296	3308.771	3313.854	6745	0	159
2025.06.02	05:00:00	3313.883	3325.775	3313.883	3323.704	7995	0	159
2025.06.02	06:00:00	3323.686	3345.466	3323.686	3344.458	13061	0	159
2025.06.02	07:00:00	3344.485	3359.037	3343.135	3352.549	15342	0	159
2025.06.02	08:00:00	3352.655	3356.424	3350.008	3352.101	9393	0	159
2025.06.02	09:00:00	3352.070	3352.502	3344.391	3348.385	9118	0	159
2025.06.02	10:00:00	3348.425	3351.442	3344.546	3348.629	8735	0	159
2025.06.02	11:00:00	3348.593	3360.152	3346.082	3356.324	10087	0	159
2025.06.02	12:00:00	3356.296	3363.620	3353.964	3355.465	12442	0	159
2025.06.02	13:00:00	3355.509	3376.242	3350.288	3371.107	19043	0	159
2025.06.02	14:00:00	3370.947	3379.064	3367.682	3376.002	23512	0	159
2025.06.02	15:00:00	3376.042	3378.840	3369.857	3374.294	12952	0	159
2025.06.02	16:00:00	3374.319	3379.257	3369.309	3371.719	9303	0	159
2025.06.02	17:00:00	3371.664	3376.017	3371.233	3374.338	8042	0	159
2025.06.02	18:00:00	3374.384	3380.145	3370.786	3379.252	7234	0	159
2025.06.02	19:00:00	3379.257	3382.344	3377.858	3381.539	5866	0	159
2025.06.02	20:00:00	3381.510	3382.959	3378.394	3381.794	4417	0	159
2025.06.02	22:00:00	3383.838	3391.422	3382.953	3389.939	6847	0	159
2025.06.02	23:00:00	3389.979	3392.238	3383.175	3387.384	6812	0	159
2025.06.03	00:00:00	3387.407	3388.671	3373.760	3375.755	11400	0	159
2025.06.03	01:00:00	3375.794	3376.152	3363.238	3372.632	21449	0	159
2025.06.03	02:00:00	3372.577	3378.010	3364.362	3368.796	13368	0	159
2025.06.03	03:00:00	3368.826	3369.653	3359.717	3361.087	10753	0	159
2025.06.03	04:00:00	3361.195	3365.237	3359.249	3362.677	7707	0	159
2025.06.03	05:00:00	3362.736	3367.784	3356.244	3365.028	9306	0	159
2025.06.03	06:00:00	3364.910	3367.319	3351.149	3358.847	12622	0	159
2025.06.03	07:00:00	3358.809	3361.332	3352.536	3359.648	12451	0	159
2025.06.03	08:00:00	3359.752	3364.881	3359.648	3361.147	8732	0	159
2025.06.03	09:00:00	3361.100	3362.715	3354.962	3356.812	7474	0	159
2025.06.03	10:00:00	3356.864	3358.705	3354.895	3355.430	6182	0	159
2025.06.03	11:00:00	3355.472	3360.528	3353.305	3359.347	6786	0	159
2025.06.03	12:00:00	3359.323	3363.129	3349.024	3359.349	13286	0	159
2025.06.03	13:00:00	3359.399	3363.095	3340.962	3345.698	19633	0	159
2025.06.03	14:00:00	3345.751	3350.170	3333.078	3346.526	19716	0	159
2025.06.03	15:00:00	3346.495	3351.553	3343.997	3350.255	9894	0	159
2025.06.03	16:00:00	3350.333	3353.568	3344.585	3348.473	7688	0	159
2025.06.03	17:00:00	3348.428	3354.576	3347.382	3353.171	6079	0	159
2025.06.03	18:00:00	3353.089	3353.816	3350.439	3353.546	4571	0	159
2025.06.03	19:00:00	3353.592	3355.491	3351.282	3352.657	4707	0	159
2025.06.03	20:00:00	3352.617	3355.305	3352.469	3353.345	3137	0	159
2025.06.03	22:00:00	3355.807	3358.535	3354.837	3357.165	3267	0	159
2025.06.03	23:00:00	3357.108	3361.632	3355.269	3359.945	4736	0	159
2025.06.04	00:00:00	3359.972	3360.180	3349.840	3350.162	10439	0	159
2025.06.04	01:00:00	3350.187	3372.386	3346.444	3370.932	14398	0	159
2025.06.04	02:00:00	3370.898	3372.637	3362.781	3365.564	8460	0	159
2025.06.04	03:00:00	3365.526	3367.471	3358.278	3359.246	7177	0	159
2025.06.04	04:00:00	3359.221	3361.481	3352.389	3354.781	7481	0	159
2025.06.04	05:00:00	3354.780	3356.441	3347.996	3351.021	9522	0	159
2025.06.04	06:00:00	3351.059	3358.453	3348.960	3355.643	10687	0	159
2025.06.04	07:00:00	3355.692	3365.256	3353.595	3354.721	8878	0	159
2025.06.04	08:00:00	3354.679	3364.322	3351.734	3362.769	8662	0	159
2025.06.04	09:00:00	3362.805	3364.998	3359.387	3362.983	7334	0	159
2025.06.04	10:00:00	3362.945	3363.938	3347.332	3350.870	9615	0	159
2025.06.04	11:00:00	3350.906	3352.057	3343.720	3346.577	9539	0	159
2025.06.04	12:00:00	3346.613	3360.812	3344.356	3358.887	17694	0	159
2025.06.04	13:00:00	3358.924	3362.827	3350.847	3352.841	16591	0	159
2025.06.04	14:00:00	3352.808	3384.637	3351.191	3377.424	21091	0	159
2025.06.04	15:00:00	3377.394	3378.978	3369.603	3371.764	13297	0	159
2025.06.04	16:00:00	3371.724	3376.329	3370.804	3375.025	7633	0	159
2025.06.04	17:00:00	3374.962	3380.902	3372.913	3379.206	6246	0	159
2025.06.04	18:00:00	3379.149	3382.217	3374.964	3376.256	5288	0	159
2025.06.04	19:00:00	3376.210	3376.327	3371.951	3373.614	5592	0	159
2025.06.04	20:00:00	3373.566	3375.042	3370.508	3373.808	4206	0	160
2025.06.04	22:00:00	3373.576	3376.047	3372.316	3373.534	3368	0	159
2025.06.04	23:00:00	3373.576	3379.080	3372.387	3378.042	4917	0	159
2025.06.05	00:00:00	3378.099	3381.728	3372.234	3380.276	10465	0	159
2025.06.05	01:00:00	3380.251	3384.183	3370.591	3373.708	12536	0	159
2025.06.05	02:00:00	3373.703	3375.160	3368.172	3370.797	8431	0	159
2025.06.05	03:00:00	3370.820	3377.463	3369.277	3369.674	6622	0	159
2025.06.05	04:00:00	3369.683	3372.535	3363.943	3368.487	8191	0	159
2025.06.05	05:00:00	3368.530	3369.822	3361.138	3364.281	8349	0	159
2025.06.05	06:00:00	3364.240	3370.086	3363.720	3365.975	7954	0	159
2025.06.05	07:00:00	3365.939	3374.559	3365.355	3371.304	7726	0	159
2025.06.05	08:00:00	3371.295	3376.966	3369.641	3375.205	6546	0	159
2025.06.05	09:00:00	3375.202	3391.324	3374.017	3389.565	15497	0	159
2025.06.05	10:00:00	3389.534	3400.457	3388.261	3399.949	13081	0	159
2025.06.05	11:00:00	3399.898	3403.592	3391.628	3392.293	13860	0	159
2025.06.05	12:00:00	3392.327	3400.153	3377.619	3383.084	26157	0	159
2025.06.05	13:00:00	3383.122	3388.461	3371.157	3378.173	42024	0	159
2025.06.05	14:00:00	3378.247	3383.203	3363.859	3367.645	34455	0	159
2025.06.05	15:00:00	3367.610	3372.937	3339.370	3344.779	33654	0	159
2025.06.05	16:00:00	3344.740	3356.501	3339.811	3354.165	17845	0	159
2025.06.05	17:00:00	3354.123	3354.772	3348.894	3353.908	9380	0	159
2025.06.05	18:00:00	3353.951	3356.144	3350.469	3353.607	8115	0	159
2025.06.05	19:00:00	3353.652	3361.384	3352.830	3356.885	11386	0	159
2025.06.05	20:00:00	3356.861	3357.717	3352.006	3352.752	4718	0	159
2025.06.05	22:00:00	3354.170	3363.526	3353.168	3358.982	7029	0	159
2025.06.05	23:00:00	3359.085	3362.679	3357.216	3361.810	5265	0	159
2025.06.06	00:00:00	3361.867	3364.114	3357.312	3359.357	7388	0	159
2025.06.06	01:00:00	3359.330	3368.555	3356.133	3363.776	12195	0	159
2025.06.06	02:00:00	3363.750	3366.529	3362.064	3363.888	8137	0	159
2025.06.06	03:00:00	3363.975	3371.844	3359.370	3369.747	7342	0	159
2025.06.06	04:00:00	3369.706	3374.661	3369.016	3373.595	6649	0	159
2025.06.06	05:00:00	3373.569	3375.685	3362.223	3366.046	8921	0	159
2025.06.06	06:00:00	3365.964	3366.967	3356.083	3360.632	10708	0	159
2025.06.06	07:00:00	3360.682	3362.419	3352.833	3359.374	10627	0	159
2025.06.06	08:00:00	3359.419	3367.732	3358.375	3365.305	8622	0	159
2025.06.06	09:00:00	3365.283	3365.342	3352.703	3356.712	8533	0	159
2025.06.06	10:00:00	3356.725	3360.914	3355.908	3360.472	6977	0	159
2025.06.06	11:00:00	3360.515	3364.329	3358.153	3358.292	8132	0	159
2025.06.06	12:00:00	3358.308	3364.421	3343.528	3353.391	29600	0	159
2025.06.06	13:00:00	3353.365	3361.016	3342.460	3343.278	35395	0	159
2025.06.06	14:00:00	3343.239	3345.028	3316.269	3326.113	37692	0	159
2025.06.06	15:00:00	3326.153	3336.772	3323.311	3332.231	18329	0	159
2025.06.06	16:00:00	3332.182	3332.741	3320.824	3322.790	11586	0	159
2025.06.06	17:00:00	3322.789	3326.849	3321.378	3323.627	8611	0	159
2025.06.06	18:00:00	3323.637	3323.987	3313.661	3317.477	7992	0	159
2025.06.06	19:00:00	3317.473	3318.955	3311.358	3312.345	7859	0	159
2025.06.06	20:00:00	3312.382	3312.896	3307.053	3311.702	5577	0	159
2025.06.08	22:00:00	3317.819	3321.214	3309.201	3314.935	8015	0	159
2025.06.08	23:00:00	3314.894	3318.633	3313.377	3318.038	6548	0	159
2025.06.09	00:00:00	3318.082	3318.699	3298.209	3305.496	14647	0	159
2025.06.09	01:00:00	3305.495	3309.456	3295.076	3295.964	15700	0	159
2025.06.09	02:00:00	3295.999	3307.618	3293.452	3305.534	12375	0	159
2025.06.09	03:00:00	3305.562	3311.987	3304.213	3310.769	8521	0	159
2025.06.09	04:00:00	3310.799	3313.506	3309.248	3311.754	5896	0	159
2025.06.09	05:00:00	3311.683	3316.605	3309.547	3314.669	7507	0	159
2025.06.09	06:00:00	3314.681	3324.911	3312.439	3324.327	8575	0	159
2025.06.09	07:00:00	3324.363	3328.652	3321.539	3324.238	9204	0	159
2025.06.09	08:00:00	3324.269	3325.685	3319.705	3319.705	8189	0	159
2025.06.09	09:00:00	3319.808	3323.453	3316.872	3318.689	7068	0	159
2025.06.09	10:00:00	3318.669	3319.750	3312.057	3314.645	6426	0	159
2025.06.09	11:00:00	3314.686	3321.311	3313.667	3317.430	7844	0	159
2025.06.09	12:00:00	3317.412	3322.432	3312.953	3320.001	10524	0	159
2025.06.09	13:00:00	3319.954	3321.748	3310.698	3319.297	16933	0	159
2025.06.09	14:00:00	3319.268	3326.819	3316.124	3320.808	14132	0	159
2025.06.09	15:00:00	3320.855	3332.063	3320.343	3328.665	9120	0	159
2025.06.09	16:00:00	3328.668	3337.877	3327.520	3337.588	8064	0	159
2025.06.09	17:00:00	3337.695	3338.210	3332.972	3333.694	6447	0	159
2025.06.09	18:00:00	3333.705	3337.054	3332.697	3333.190	4928	0	159
2025.06.09	19:00:00	3333.176	3335.493	3325.881	3327.231	5797	0	159
2025.06.09	20:00:00	3327.201	3329.500	3324.853	3325.683	3814	0	160
2025.06.09	22:00:00	3325.892	3326.895	3321.562	3323.606	4732	0	159
2025.06.09	23:00:00	3323.682	3327.944	3323.682	3326.766	3915	0	160
2025.06.10	00:00:00	3326.809	3326.851	3314.528	3316.578	11153	0	159
2025.06.10	01:00:00	3316.651	3319.938	3302.929	3306.264	16885	0	159
2025.06.10	02:00:00	3306.227	3310.391	3301.920	3309.300	11671	0	159
2025.06.10	03:00:00	3309.293	3310.454	3305.051	3307.602	7737	0	159
2025.06.10	04:00:00	3307.592	3308.783	3302.789	3307.318	6108	0	159
2025.06.10	05:00:00	3307.328	3319.134	3306.813	3317.623	12831	0	159
2025.06.10	06:00:00	3317.712	3331.322	3315.545	3325.374	12934	0	159
2025.06.10	07:00:00	3325.349	3332.172	3323.980	3330.180	11615	0	159
2025.06.10	08:00:00	3330.090	3334.820	3326.170	3329.337	8547	0	159
2025.06.10	09:00:00	3329.300	3331.863	3327.141	3329.726	6059	0	159
2025.06.10	10:00:00	3329.830	3336.287	3328.406	3335.389	6467	0	159
2025.06.10	11:00:00	3335.352	3342.585	3332.176	3333.780	8619	0	159
2025.06.10	12:00:00	3333.817	3340.261	3328.200	3337.221	11246	0	159
2025.06.10	13:00:00	3337.190	3349.122	3335.571	3343.628	15779	0	159
2025.06.10	14:00:00	3343.591	3343.727	3325.422	3328.561	19266	0	159
2025.06.10	15:00:00	3328.605	3329.339	3323.199	3326.692	13593	0	159
2025.06.10	16:00:00	3326.653	3327.758	3319.944	3321.357	8361	0	159
2025.06.10	17:00:00	3321.382	3325.878	3320.427	3324.763	6559	0	159
2025.06.10	18:00:00	3324.670	3325.388	3319.358	3321.628	6117	0	159
2025.06.10	19:00:00	3321.677	3334.539	3321.402	3328.716	7156	0	159
2025.06.10	20:00:00	3328.757	3328.958	3322.355	3322.514	5022	0	159
2025.06.10	22:00:00	3321.278	3327.500	3320.724	3324.422	5555	0	159
2025.06.10	23:00:00	3324.461	3328.140	3315.517	3327.862	9408	0	159
2025.06.11	00:00:00	3327.914	3335.194	3325.008	3332.450	11202	0	159
2025.06.11	01:00:00	3332.411	3337.467	3327.611	3328.603	9858	0	159
2025.06.11	02:00:00	3328.567	3339.566	3327.078	3338.200	7774	0	159
2025.06.11	03:00:00	3338.265	3341.566	3336.407	3339.416	6185	0	159
2025.06.11	04:00:00	3339.395	3342.976	3336.875	3341.901	5733	0	159
2025.06.11	05:00:00	3341.855	3343.147	3335.584	3339.704	7437	0	159
2025.06.11	06:00:00	3339.697	3340.196	3332.522	3337.212	9599	0	159
2025.06.11	07:00:00	3337.232	3348.531	3335.189	3345.696	9120	0	159
2025.06.11	08:00:00	3345.664	3346.717	3342.538	3344.572	7533	0	159
2025.06.11	09:00:00	3344.531	3344.701	3331.302	3333.759	11526	0	159
2025.06.11	10:00:00	3333.817	3336.798	3328.452	3329.920	7848	0	159
2025.06.11	11:00:00	3329.886	3335.234	3326.038	3333.097	9395	0	159
2025.06.11	12:00:00	3333.103	3360.764	3327.235	3336.689	30497	0	159
2025.06.11	13:00:00	3336.774	3344.488	3327.882	3330.022	30775	0	159
2025.06.11	14:00:00	3329.907	3341.262	3328.525	3337.564	17334	0	159
2025.06.11	15:00:00	3337.606	3342.764	3329.579	3333.195	13737	0	159
2025.06.11	16:00:00	3333.293	3334.520	3328.090	3330.267	9182	0	159
2025.06.11	17:00:00	3330.308	3331.435	3319.194	3324.278	11487	0	160
2025.06.11	18:00:00	3324.303	3347.342	3323.804	3343.900	19320	0	160
2025.06.11	19:00:00	3343.827	3349.268	3342.311	3346.849	10063	0	160
2025.06.11	20:00:00	3346.876	3355.672	3346.522	3355.508	5842	0	160
2025.06.11	22:00:00	3359.272	3369.788	3356.289	3368.909	8863	0	160
2025.06.11	23:00:00	3368.984	3373.534	3357.669	3365.376	11254	0	160
2025.06.12	00:00:00	3365.467	3371.376	3362.125	3365.865	14198	0	160
2025.06.12	01:00:00	3365.890	3376.896	3362.401	3371.117	15532	0	160
2025.06.12	02:00:00	3371.072	3377.786	3368.918	3374.674	10433	0	160
2025.06.12	03:00:00	3374.649	3376.639	3371.578	3373.455	7335	0	160
2025.06.12	04:00:00	3373.409	3373.772	3369.430	3370.345	5239	0	160
2025.06.12	05:00:00	3370.442	3375.783	3367.772	3374.598	6542	0	160
2025.06.12	06:00:00	3374.475	3375.601	3365.226	3375.026	10062	0	160
2025.06.12	07:00:00	3374.982	3375.196	3338.570	3346.168	21438	0	160
2025.06.12	08:00:00	3346.192	3361.173	3346.192	3356.766	16772	0	160
2025.06.12	09:00:00	3356.709	3367.956	3355.332	3365.354	11629	0	160
2025.06.12	10:00:00	3365.450	3385.913	3362.532	3382.540	14678	0	160
2025.06.12	11:00:00	3382.577	3388.609	3373.212	3379.285	13710	0	160
2025.06.12	12:00:00	3379.252	3390.416	3376.337	3388.008	17809	0	160
2025.06.12	13:00:00	3388.115	3399.020	3379.417	3392.026	26548	0	160
2025.06.12	14:00:00	3391.983	3393.140	3382.938	3383.892	24017	0	160
2025.06.12	15:00:00	3383.847	3390.287	3377.784	3385.804	17502	0	160
2025.06.12	16:00:00	3385.906	3391.374	3380.961	3383.790	11970	0	160
2025.06.12	17:00:00	3383.759	3385.039	3378.097	3382.565	8619	0	160
2025.06.12	18:00:00	3382.677	3386.329	3381.849	3385.904	5918	0	160
2025.06.12	19:00:00	3385.858	3389.324	3384.796	3388.139	5319	0	160
2025.06.12	20:00:00	3388.111	3388.989	3384.760	3385.813	3559	0	160
2025.06.12	22:00:00	3385.856	3385.961	3379.633	3383.339	4950	0	160
2025.06.12	23:00:00	3383.369	3396.296	3382.584	3395.952	6634	0	160
2025.06.13	00:00:00	3395.837	3419.974	3391.720	3416.859	45191	0	160
2025.06.13	01:00:00	3416.894	3433.392	3413.974	3427.624	27566	0	160
2025.06.13	02:00:00	3427.539	3444.196	3424.759	3441.434	18837	0	160
2025.06.13	03:00:00	3441.405	3444.435	3423.805	3425.557	20021	0	160
2025.06.13	04:00:00	3425.543	3430.288	3422.611	3425.305	11160	0	160
2025.06.13	05:00:00	3425.336	3428.790	3418.008	3425.995	13367	0	160
2025.06.13	06:00:00	3426.026	3428.693	3408.379	3416.239	16489	0	160
2025.06.13	07:00:00	3416.271	3419.021	3407.879	3414.933	14564	0	160
2025.06.13	08:00:00	3414.858	3426.136	3414.308	3424.446	10982	0	160
2025.06.13	09:00:00	3424.345	3427.328	3420.074	3424.255	12007	0	160
2025.06.13	10:00:00	3424.293	3427.689	3411.622	3415.818	14601	0	160
2025.06.13	11:00:00	3415.830	3423.043	3412.496	3422.217	11828	0	160
2025.06.13	12:00:00	3422.207	3438.205	3421.751	3436.641	13399	0	160
2025.06.13	13:00:00	3436.608	3446.755	3433.933	3436.934	22841	0	160
2025.06.13	14:00:00	3436.912	3439.879	3423.727	3427.856	24709	0	160
2025.06.13	15:00:00	3427.824	3430.391	3420.906	3426.225	17725	0	160
2025.06.13	16:00:00	3426.258	3431.131	3419.175	3430.047	9895	0	160
2025.06.13	17:00:00	3430.040	3433.543	3427.411	3430.415	9613	0	160
2025.06.13	18:00:00	3430.343	3439.473	3428.645	3436.555	11184	0	160
2025.06.13	19:00:00	3436.544	3438.211	3431.658	3432.307	9324	0	160
2025.06.13	20:00:00	3432.352	3434.780	3428.955	3433.449	6186	0	160
2025.06.15	22:00:00	3440.955	3451.255	3438.616	3448.312	13397	0	160
2025.06.15	23:00:00	3448.425	3450.122	3439.518	3444.141	11543	0	160
2025.06.16	00:00:00	3444.166	3451.224	3434.286	3436.183	15283	0	160
2025.06.16	01:00:00	3436.135	3443.228	3433.208	3441.510	15636	0	160
2025.06.16	02:00:00	3441.515	3446.374	3437.889	3438.432	10595	0	160
2025.06.16	03:00:00	3438.392	3439.683	3429.269	3431.428	9733	0	160
2025.06.16	04:00:00	3431.475	3433.277	3426.895	3427.567	7345	0	160
2025.06.16	05:00:00	3427.522	3430.460	3417.753	3421.614	13246	0	160
2025.06.16	06:00:00	3421.649	3421.649	3412.964	3418.301	15261	0	160
2025.06.16	07:00:00	3418.192	3419.843	3409.482	3412.619	13105	0	160
2025.06.16	08:00:00	3412.624	3418.536	3409.776	3413.919	10068	0	160
2025.06.16	09:00:00	3413.955	3419.528	3411.902	3412.028	8486	0	160
2025.06.16	10:00:00	3412.075	3421.364	3410.609	3421.028	8389	0	160
2025.06.16	11:00:00	3421.019	3422.654	3410.754	3415.000	9452	0	160
2025.06.16	12:00:00	3415.043	3417.822	3411.120	3415.685	12051	0	160
2025.06.16	13:00:00	3415.648	3418.093	3382.725	3388.229	32881	0	160
2025.06.16	14:00:00	3388.255	3399.432	3387.401	3397.001	27464	0	160
2025.06.16	15:00:00	3396.895	3405.688	3396.895	3404.606	14102	0	160
2025.06.16	16:00:00	3404.534	3404.992	3397.443	3399.473	9040	0	160
2025.06.16	17:00:00	3399.464	3400.231	3391.090	3392.593	7940	0	160
2025.06.16	18:00:00	3392.561	3394.076	3384.084	3385.322	7205	0	160
2025.06.16	19:00:00	3385.336	3388.510	3382.795	3384.094	8220	0	160
2025.06.16	20:00:00	3384.015	3386.067	3383.294	3384.922	3930	0	160
2025.06.16	22:00:00	3386.690	3398.531	3386.442	3395.465	6710	0	160
2025.06.16	23:00:00	3395.451	3402.977	3393.039	3402.769	9914	0	160
2025.06.17	00:00:00	3402.815	3403.289	3391.455	3394.191	14489	0	160
2025.06.17	01:00:00	3394.219	3402.469	3393.321	3393.689	11577	0	160
2025.06.17	02:00:00	3393.700	3400.444	3388.251	3390.069	10614	0	160
2025.06.17	03:00:00	3390.046	3392.591	3373.535	3387.583	15778	0	160
2025.06.17	04:00:00	3387.557	3396.268	3387.051	3393.979	7198	0	160
2025.06.17	05:00:00	3394.024	3395.460	3390.679	3392.641	7798	0	160
2025.06.17	06:00:00	3392.652	3392.652	3381.074	3385.484	11290	0	160
2025.06.17	07:00:00	3385.452	3391.940	3383.134	3387.783	10114	0	160
2025.06.17	08:00:00	3387.784	3388.651	3377.770	3378.848	9974	0	160
2025.06.17	09:00:00	3378.823	3385.976	3375.747	3385.652	12459	0	160
2025.06.17	10:00:00	3385.577	3398.783	3385.327	3398.089	11853	0	160
2025.06.17	11:00:00	3398.176	3400.131	3388.219	3388.635	11347	0	160
2025.06.17	12:00:00	3388.650	3391.590	3383.508	3386.689	16566	0	160
2025.06.17	13:00:00	3386.693	3397.536	3385.815	3390.675	20674	0	160
2025.06.17	14:00:00	3390.651	3392.056	3366.079	3385.032	27253	0	160
2025.06.17	15:00:00	3385.010	3388.286	3372.369	3379.284	14693	0	160
2025.06.17	16:00:00	3379.386	3385.941	3376.677	3382.881	12062	0	160
2025.06.17	17:00:00	3382.897	3391.326	3381.337	3390.258	10408	0	160
2025.06.17	18:00:00	3390.270	3392.499	3382.422	3382.821	8328	0	160
2025.06.17	19:00:00	3382.834	3386.408	3382.296	3385.710	7787	0	160
2025.06.17	20:00:00	3385.675	3390.315	3383.634	3388.822	4546	0	160
2025.06.17	22:00:00	3392.820	3396.256	3388.782	3388.854	5595	0	160
2025.06.17	23:00:00	3388.903	3390.310	3384.926	3387.380	5206	0	160
2025.06.18	00:00:00	3387.295	3388.919	3382.918	3385.853	9003	0	160
2025.06.18	01:00:00	3385.883	3388.722	3378.653	3379.022	9854	0	160
2025.06.18	02:00:00	3378.926	3379.716	3370.630	3379.393	8985	0	160
2025.06.18	03:00:00	3379.433	3391.524	3379.302	3390.960	7357	0	160
2025.06.18	04:00:00	3390.928	3400.000	3389.388	3395.176	7482	0	160
2025.06.18	05:00:00	3395.225	3395.698	3384.199	3386.407	10372	0	160
2025.06.18	06:00:00	3386.426	3386.874	3379.364	3382.381	9764	0	160
2025.06.18	07:00:00	3382.344	3386.195	3377.037	3385.991	8955	0	160
2025.06.18	08:00:00	3385.894	3388.380	3382.560	3383.611	7007	0	160
2025.06.18	09:00:00	3383.604	3385.533	3375.433	3378.079	7011	0	160
2025.06.18	10:00:00	3378.146	3382.422	3375.686	3380.193	8175	0	160
2025.06.18	11:00:00	3380.238	3387.026	3378.918	3382.048	8912	0	160
2025.06.18	12:00:00	3381.999	3389.920	3381.592	3386.534	11109	0	160
2025.06.18	13:00:00	3386.647	3396.852	3385.666	3392.333	13194	0	160
2025.06.18	14:00:00	3392.288	3392.447	3373.833	3386.892	24003	0	160
2025.06.18	15:00:00	3386.924	3392.880	3381.214	3392.734	10188	0	160
2025.06.18	16:00:00	3392.709	3394.683	3389.924	3391.031	6911	0	160
2025.06.18	17:00:00	3391.031	3391.295	3384.291	3385.333	6172	0	160
2025.06.18	18:00:00	3385.359	3395.803	3378.362	3379.067	24930	0	160
2025.06.18	19:00:00	3379.109	3379.294	3362.867	3366.818	25114	0	160
2025.06.18	20:00:00	3366.771	3369.444	3362.474	3368.518	7983	0	160
2025.06.18	22:00:00	3373.198	3379.890	3370.586	3375.178	6578	0	160
2025.06.18	23:00:00	3375.166	3377.063	3370.664	3375.023	6476	0	160
2025.06.19	00:00:00	3375.042	3383.292	3374.720	3379.416	7923	0	160
2025.06.19	01:00:00	3379.442	3387.968	3374.516	3374.881	13810	0	160
2025.06.19	02:00:00	3374.902	3379.478	3373.998	3376.783	7071	0	160
2025.06.19	03:00:00	3376.727	3377.366	3369.720	3373.609	6852	0	160
2025.06.19	04:00:00	3373.609	3375.191	3372.001	3374.508	4483	0	160
2025.06.19	05:00:00	3374.514	3375.314	3360.187	3364.477	9461	0	160
2025.06.19	06:00:00	3364.520	3364.818	3347.474	3357.401	22830	0	160
2025.06.19	07:00:00	3357.446	3369.142	3350.693	3365.957	14974	0	160
2025.06.19	08:00:00	3366.004	3371.651	3362.215	3368.650	10668	0	160
2025.06.19	09:00:00	3368.679	3373.624	3363.635	3370.267	8512	0	160
2025.06.19	10:00:00	3370.310	3379.050	3369.027	3374.947	8193	0	160
2025.06.19	11:00:00	3375.046	3375.547	3370.484	3371.967	6836	0	160
2025.06.19	12:00:00	3371.971	3372.570	3363.787	3367.958	9023	0	160
2025.06.19	13:00:00	3367.996	3372.963	3361.520	3369.573	11787	0	160
2025.06.19	14:00:00	3369.547	3371.005	3361.574	3364.632	9994	0	160
2025.06.19	15:00:00	3364.607	3371.922	3362.182	3369.260	10662	0	160
2025.06.19	16:00:00	3369.223	3371.703	3366.108	3371.146	6389	0	160
2025.06.19	17:00:00	3371.105	3374.140	3370.972	3373.455	1102	0	160
2025.06.19	22:00:00	3369.491	3370.375	3361.971	3365.623	7503	0	160
2025.06.19	23:00:00	3365.643	3370.411	3363.627	3368.739	6671	0	160
2025.06.20	00:00:00	3368.763	3370.350	3364.625	3368.174	7797	0	160
2025.06.20	01:00:00	3368.142	3368.289	3356.080	3356.516	10668	0	160
2025.06.20	02:00:00	3356.476	3360.653	3351.551	3352.479	10519	0	160
2025.06.20	03:00:00	3352.510	3356.353	3344.625	3355.507	11623	0	160
2025.06.20	04:00:00	3355.611	3357.693	3352.499	3354.316	5536	0	160
2025.06.20	05:00:00	3354.284	3355.186	3342.726	3344.740	8985	0	160
2025.06.20	06:00:00	3344.773	3348.691	3340.345	3345.292	10422	0	160
2025.06.20	07:00:00	3345.251	3355.333	3343.382	3347.685	9591	0	160
2025.06.20	08:00:00	3347.657	3352.519	3346.681	3351.026	7696	0	160
2025.06.20	09:00:00	3350.977	3359.236	3349.177	3355.228	7717	0	160
2025.06.20	10:00:00	3355.262	3357.928	3354.920	3355.374	5489	0	160
2025.06.20	11:00:00	3355.429	3356.048	3346.498	3347.051	9643	0	160
2025.06.20	12:00:00	3347.094	3350.723	3341.899	3344.444	13507	0	160
2025.06.20	13:00:00	3344.513	3373.885	3343.039	3370.312	17687	0	160
2025.06.20	14:00:00	3370.367	3374.477	3365.196	3369.235	14850	0	160
2025.06.20	15:00:00	3369.278	3371.752	3365.860	3369.856	8356	0	160
2025.06.20	16:00:00	3369.786	3373.365	3367.712	3371.518	6226	0	160
2025.06.20	17:00:00	3371.461	3371.806	3366.546	3367.356	5519	0	160
2025.06.20	18:00:00	3367.400	3367.963	3364.579	3366.720	4874	0	160
2025.06.20	19:00:00	3366.748	3370.724	3364.844	3365.625	4829	0	160
2025.06.20	20:00:00	3365.578	3369.314	3364.690	3368.618	4122	0	160
2025.06.22	22:00:00	3384.117	3388.928	3372.298	3379.119	16368	0	160
2025.06.22	23:00:00	3379.143	3380.631	3371.173	3372.755	9981	0	160
2025.06.23	00:00:00	3372.776	3373.551	3358.317	3365.690	13776	0	160
2025.06.23	01:00:00	3365.762	3368.135	3351.918	3355.307	16070	0	160
2025.06.23	02:00:00	3355.263	3364.935	3354.768	3361.564	8375	0	160
2025.06.23	03:00:00	3361.555	3366.423	3360.366	3363.372	7289	0	160
2025.06.23	04:00:00	3363.385	3365.061	3356.831	3358.472	5296	0	160
2025.06.23	05:00:00	3358.466	3360.602	3346.971	3356.776	9420	0	160
2025.06.23	06:00:00	3356.818	3359.838	3352.673	3357.578	9154	0	160
2025.06.23	07:00:00	3357.542	3358.777	3351.646	3357.627	8205	0	160
2025.06.23	08:00:00	3357.672	3362.382	3357.672	3361.845	7422	0	160
2025.06.23	09:00:00	3361.780	3368.980	3361.571	3366.542	8485	0	160
2025.06.23	10:00:00	3366.608	3368.240	3363.947	3367.724	6352	0	160
2025.06.23	11:00:00	3367.766	3382.017	3367.766	3380.596	10454	0	160
2025.06.23	12:00:00	3380.627	3381.012	3355.889	3360.449	14027	0	160
2025.06.23	13:00:00	3360.430	3387.759	3359.726	3380.590	19307	0	160
2025.06.23	14:00:00	3380.534	3386.753	3369.786	3386.366	20729	0	160
2025.06.23	15:00:00	3386.402	3389.820	3384.496	3387.240	9755	0	160
2025.06.23	16:00:00	3387.233	3393.493	3380.473	3389.774	15011	0	160
2025.06.23	17:00:00	3389.813	3391.527	3375.598	3382.526	16360	0	160
2025.06.23	18:00:00	3382.553	3387.755	3376.836	3378.635	9811	0	160
2025.06.23	19:00:00	3378.665	3382.101	3375.676	3376.362	7108	0	160
2025.06.23	20:00:00	3376.320	3377.295	3367.236	3368.358	6085	0	160
2025.06.23	22:00:00	3365.986	3365.986	3350.421	3355.464	12632	0	160
2025.06.23	23:00:00	3355.435	3357.398	3341.510	3344.235	14153	0	160
2025.06.24	00:00:00	3344.270	3355.220	3333.143	3351.064	16892	0	160
2025.06.24	01:00:00	3351.054	3354.353	3342.201	3347.775	17544	0	160
2025.06.24	02:00:00	3347.738	3352.948	3345.840	3351.894	9038	0	160
2025.06.24	03:00:00	3351.903	3357.912	3351.509	3352.404	6532	0	160
2025.06.24	04:00:00	3352.403	3353.369	3347.077	3348.605	6327	0	160
2025.06.24	05:00:00	3348.534	3348.744	3326.552	3332.044	14254	0	160
2025.06.24	06:00:00	3332.103	3333.086	3316.022	3322.736	18874	0	160
2025.06.24	07:00:00	3322.814	3331.754	3316.536	3329.645	17049	0	160
2025.06.24	08:00:00	3329.658	3332.320	3324.631	3327.323	10506	0	160
2025.06.24	09:00:00	3327.298	3328.755	3317.931	3318.575	9294	0	160
2025.06.24	10:00:00	3318.602	3327.663	3318.537	3325.485	6788	0	160
2025.06.24	11:00:00	3325.459	3328.955	3317.829	3321.214	9084	0	160
2025.06.24	12:00:00	3321.181	3321.181	3304.515	3314.718	18974	0	160
2025.06.24	13:00:00	3314.694	3317.953	3295.306	3301.966	26244	0	160
2025.06.24	14:00:00	3302.009	3310.273	3298.666	3304.591	18035	0	160
2025.06.24	15:00:00	3304.551	3317.037	3299.787	3313.261	13486	0	160
2025.06.24	16:00:00	3313.296	3320.489	3311.276	3318.400	7694	0	160
2025.06.24	17:00:00	3318.462	3321.227	3317.835	3317.926	7307	0	160
2025.06.24	18:00:00	3317.921	3319.030	3315.672	3317.119	5706	0	160
2025.06.24	19:00:00	3317.155	3325.184	3316.056	3323.479	6520	0	160
2025.06.24	20:00:00	3323.526	3324.444	3321.607	3323.086	3780	0	160
2025.06.24	22:00:00	3324.444	3324.444	3320.842	3321.641	3388	0	160
2025.06.24	23:00:00	3321.679	3324.882	3321.602	3324.142	2978	0	160
2025.06.25	00:00:00	3324.139	3330.081	3323.627	3326.955	6723	0	160
2025.06.25	01:00:00	3327.004	3334.822	3326.348	3334.572	8306	0	160
2025.06.25	02:00:00	3334.678	3335.234	3327.808	3329.444	6136	0	160
2025.06.25	03:00:00	3329.445	3332.020	3327.197	3328.295	5287	0	160
2025.06.25	04:00:00	3328.284	3329.273	3325.797	3327.509	3846	0	160
2025.06.25	05:00:00	3327.501	3333.742	3326.698	3331.625	5108	0	160
2025.06.25	06:00:00	3331.609	3333.461	3328.975	3331.652	6002	0	160
2025.06.25	07:00:00	3331.676	3337.117	3326.682	3330.631	8325	0	160
2025.06.25	08:00:00	3330.656	3332.414	3326.528	3327.223	7823	0	160
2025.06.25	09:00:00	3327.251	3327.323	3321.397	3325.249	7232	0	160
2025.06.25	10:00:00	3325.292	3329.569	3324.164	3324.483	6388	0	160
2025.06.25	11:00:00	3324.392	3329.548	3322.111	3322.646	7888	0	160
2025.06.25	12:00:00	3322.660	3329.507	3318.186	3320.609	8666	0	160
2025.06.25	13:00:00	3320.655	3321.646	3311.894	3314.467	12809	0	160
2025.06.25	14:00:00	3314.460	3326.368	3312.238	3323.404	11178	0	160
2025.06.25	15:00:00	3323.386	3327.194	3321.603	3325.643	7593	0	160
2025.06.25	16:00:00	3325.656	3335.149	3324.111	3334.782	7710	0	160
2025.06.25	17:00:00	3334.884	3335.418	3324.727	3328.042	8548	0	160
2025.06.25	18:00:00	3328.015	3331.855	3326.180	3331.583	5462	0	160
2025.06.25	19:00:00	3331.544	3336.068	3330.347	3333.706	5543	0	160
2025.06.25	20:00:00	3333.745	3335.674	3331.379	3332.385	3881	0	160
2025.06.25	22:00:00	3335.125	3335.589	3331.277	3333.211	4269	0	160
2025.06.25	23:00:00	3333.253	3340.158	3332.814	3339.028	5102	0	160
2025.06.26	00:00:00	3338.987	3339.381	3332.103	3334.028	7383	0	160
2025.06.26	01:00:00	3334.065	3336.775	3329.181	3330.222	9641	0	160
2025.06.26	02:00:00	3330.183	3341.814	3329.263	3339.476	7022	0	160
2025.06.26	03:00:00	3339.481	3343.223	3336.425	3337.970	6002	0	160
2025.06.26	04:00:00	3338.088	3338.126	3333.335	3333.983	4690	0	160
2025.06.26	05:00:00	3333.965	3338.250	3332.349	3334.218	6332	0	160
2025.06.26	06:00:00	3334.155	3340.367	3330.981	3339.782	8510	0	160
2025.06.26	07:00:00	3339.755	3347.239	3339.662	3346.051	7456	0	160
2025.06.26	08:00:00	3346.066	3350.370	3344.448	3348.256	8169	0	160
2025.06.26	09:00:00	3348.217	3348.792	3338.680	3340.549	9015	0	160
2025.06.26	10:00:00	3340.535	3343.469	3337.838	3343.253	5572	0	160
2025.06.26	11:00:00	3343.258	3344.094	3331.469	3332.921	7921	0	160
2025.06.26	12:00:00	3332.937	3344.056	3321.590	3322.060	15643	0	160
2025.06.26	13:00:00	3322.116	3328.700	3309.916	3319.925	28379	0	160
2025.06.26	14:00:00	3319.891	3323.898	3311.896	3318.411	16575	0	160
2025.06.26	15:00:00	3318.453	3324.937	3318.453	3324.808	9295	0	160
2025.06.26	16:00:00	3324.845	3333.325	3323.729	3331.328	8145	0	160
2025.06.26	17:00:00	3331.329	3336.501	3331.145	3332.718	7361	0	160
2025.06.26	18:00:00	3332.690	3334.906	3331.261	3334.127	5635	0	160
2025.06.26	19:00:00	3334.155	3334.329	3328.265	3331.301	5612	0	160
2025.06.26	20:00:00	3331.407	3332.327	3327.804	3328.215	3332	0	160
2025.06.26	22:00:00	3325.601	3325.842	3318.774	3321.513	5076	0	160
2025.06.26	23:00:00	3321.555	3323.729	3316.229	3318.758	5076	0	160
2025.06.27	00:00:00	3318.731	3319.936	3313.226	3318.808	7809	0	160
2025.06.27	01:00:00	3318.791	3322.012	3314.872	3316.427	9843	0	160
2025.06.27	02:00:00	3316.498	3320.341	3308.541	3308.891	8962	0	160
2025.06.27	03:00:00	3308.870	3310.923	3292.557	3294.318	11878	0	160
2025.06.27	04:00:00	3294.364	3297.580	3291.039	3293.969	8573	0	160
2025.06.27	05:00:00	3294.008	3300.922	3289.262	3297.103	10518	0	160
2025.06.27	06:00:00	3297.332	3299.920	3286.833	3294.888	13557	0	160
2025.06.27	07:00:00	3294.979	3295.392	3283.394	3284.458	13117	0	160
2025.06.27	08:00:00	3284.430	3291.126	3281.778	3289.427	11502	0	160
2025.06.27	09:00:00	3289.399	3289.830	3282.072	3282.797	9797	0	160
2025.06.27	10:00:00	3282.819	3290.959	3279.692	3285.613	8394	0	160
2025.06.27	11:00:00	3285.713	3287.990	3276.009	3281.389	10559	0	160
2025.06.27	12:00:00	3281.358	3282.328	3269.434	3270.100	19755	0	160
2025.06.27	13:00:00	3270.060	3274.422	3255.836	3274.143	28446	0	160
2025.06.27	14:00:00	3274.231	3278.062	3263.580	3272.407	19696	0	160
2025.06.27	15:00:00	3272.445	3277.493	3270.910	3274.655	12556	0	160
2025.06.27	16:00:00	3274.574	3278.629	3273.360	3277.558	7648	0	160
2025.06.27	17:00:00	3277.598	3282.773	3272.700	3277.353	9169	0	160
2025.06.27	18:00:00	3277.402	3278.390	3270.464	3275.773	8376	0	160
2025.06.27	19:00:00	3275.766	3276.561	3268.366	3270.574	7068	0	160
2025.06.27	20:00:00	3270.616	3275.496	3270.301	3274.598	4765	0	160
2025.06.29	22:00:00	3272.488	3274.234	3247.921	3263.811	18265	0	160
2025.06.29	23:00:00	3263.784	3270.917	3262.825	3263.805	9657	0	160
2025.06.30	00:00:00	3263.775	3269.786	3262.637	3264.626	9148	0	160
2025.06.30	01:00:00	3264.587	3275.962	3259.425	3273.862	14164	0	160
2025.06.30	02:00:00	3273.901	3283.297	3273.592	3280.186	9996	0	160
2025.06.30	03:00:00	3280.154	3282.822	3277.815	3278.981	6871	0	160
2025.06.30	04:00:00	3278.996	3286.354	3276.964	3285.686	5619	0	160
2025.06.30	05:00:00	3285.573	3291.417	3284.683	3288.997	7217	0	160
2025.06.30	06:00:00	3288.983	3295.551	3287.850	3292.123	8150	0	160
2025.06.30	07:00:00	3292.153	3296.842	3290.740	3292.873	7628	0	160
2025.06.30	08:00:00	3292.879	3296.558	3288.122	3289.186	7599	0	160
2025.06.30	09:00:00	3289.188	3289.188	3277.381	3287.791	10491	0	160
2025.06.30	10:00:00	3287.828	3288.833	3282.440	3283.455	5667	0	160
2025.06.30	11:00:00	3283.509	3283.821	3274.488	3277.932	8533	0	160
2025.06.30	12:00:00	3277.993	3288.981	3277.993	3282.089	8870	0	160
2025.06.30	13:00:00	3282.048	3287.062	3277.955	3284.791	12132	0	160
2025.06.30	14:00:00	3284.761	3289.612	3279.178	3287.647	11677	0	160
2025.06.30	15:00:00	3287.634	3290.782	3283.619	3289.553	8980	0	160
2025.06.30	16:00:00	3289.669	3297.510	3289.073	3297.227	6938	0	160
2025.06.30	17:00:00	3297.192	3298.535	3291.983	3294.048	6932	0	160
2025.06.30	18:00:00	3294.061	3299.606	3292.631	3298.414	5443	0	160
2025.06.30	19:00:00	3298.414	3309.446	3298.020	3308.534	7522	0	160
2025.06.30	20:00:00	3308.502	3309.330	3302.320	3303.195	4343	0	160
2025.06.30	22:00:00	3302.878	3314.602	3302.297	3311.450	5547	0	160
2025.06.30	23:00:00	3311.410	3312.582	3308.556	3312.441	5642	0	160
2025.07.01	00:00:00	3312.435	3314.839	3309.917	3314.722	6508	0	160
2025.07.01	01:00:00	3314.663	3320.968	3313.872	3317.842	9498	0	160
2025.07.01	02:00:00	3317.798	3319.450	3314.344	3316.124	7940	0	160
2025.07.01	03:00:00	3316.098	3322.644	3315.696	3321.161	6324	0	160
2025.07.01	04:00:00	3321.173	3323.108	3318.893	3322.980	4618	0	160
2025.07.01	05:00:00	3322.978	3332.368	3322.904	3328.707	7668	0	160
2025.07.01	06:00:00	3328.681	3334.567	3325.035	3331.347	8000	0	160
2025.07.01	07:00:00	3331.384	3339.897	3330.741	3339.497	9831	0	160
2025.07.01	08:00:00	3339.501	3342.432	3336.796	3339.525	7809	0	160
2025.07.01	09:00:00	3339.555	3348.118	3338.174	3345.755	7908	0	160
2025.07.01	10:00:00	3345.782	3349.716	3344.359	3348.643	6542	0	160
2025.07.01	11:00:00	3348.670	3353.082	3347.035	3349.010	8501	0	160
2025.07.01	12:00:00	3348.990	3358.015	3348.283	3354.683	12939	0	160
2025.07.01	13:00:00	3354.643	3355.548	3344.480	3351.512	15390	0	160
2025.07.01	14:00:00	3351.595	3354.405	3343.583	3345.678	15091	0	160
2025.07.01	15:00:00	3345.793	3346.684	3337.007	3340.228	13934	0	160
2025.07.01	16:00:00	3340.215	3343.523	3337.533	3341.723	8095	0	160
2025.07.01	17:00:00	3341.738	3342.197	3336.885	3339.695	7220	0	160
2025.07.01	18:00:00	3339.650	3339.921	3336.816	3337.933	4684	0	160
2025.07.01	19:00:00	3338.023	3340.155	3336.835	3338.005	5433	0	160
2025.07.01	20:00:00	3338.042	3340.363	3336.771	3338.959	3282	0	160
2025.07.01	22:00:00	3337.692	3343.826	3336.880	3341.515	5323	0	160
2025.07.01	23:00:00	3341.569	3341.874	3336.814	3338.152	5161	0	160
2025.07.02	00:00:00	3338.186	3344.987	3334.557	3339.009	9483	0	160
2025.07.02	01:00:00	3339.044	3342.877	3330.975	3332.194	10081	0	160
2025.07.02	02:00:00	3332.234	3338.225	3328.509	3336.764	8581	0	160
2025.07.02	03:00:00	3336.718	3342.063	3334.946	3339.959	6380	0	160
2025.07.02	04:00:00	3339.925	3342.033	3339.401	3340.084	4412	0	160
2025.07.02	05:00:00	3340.090	3343.951	3336.523	3338.756	6527	0	160
2025.07.02	06:00:00	3338.789	3339.366	3329.839	3333.507	8122	0	160
2025.07.02	07:00:00	3333.399	3336.836	3327.587	3334.614	9210	0	160
2025.07.02	08:00:00	3334.583	3338.054	3332.869	3333.558	6484	0	160
2025.07.02	09:00:00	3333.490	3342.298	3333.033	3341.636	6924	0	160
2025.07.02	10:00:00	3341.686	3345.758	3340.594	3344.261	5160	0	160
2025.07.02	11:00:00	3344.298	3347.711	3339.696	3342.199	6433	0	160
2025.07.02	12:00:00	3342.214	3351.117	3337.666	3346.621	14200	0	160
2025.07.02	13:00:00	3346.595	3346.620	3334.900	3337.440	15007	0	160
2025.07.02	14:00:00	3337.479	3343.599	3333.818	3342.961	10021	0	160
2025.07.02	15:00:00	3342.998	3343.839	3338.677	3341.021	9210	0	160
2025.07.02	16:00:00	3340.943	3349.237	3340.943	3348.668	7178	0	160
2025.07.02	17:00:00	3348.626	3350.543	3347.378	3349.646	5301	0	160
2025.07.02	18:00:00	3349.584	3355.215	3348.486	3354.906	4530	0	160
2025.07.02	19:00:00	3354.913	3359.519	3354.630	3358.258	5199	0	160
2025.07.02	20:00:00	3358.302	3360.148	3355.577	3357.315	3530	0	160
2025.07.02	22:00:00	3358.427	3365.752	3358.424	3361.906	5353	0	160
2025.07.02	23:00:00	3361.958	3362.315	3348.754	3349.395	8964	0	160
2025.07.03	00:00:00	3349.444	3349.895	3343.471	3344.788	7623	0	160
2025.07.03	01:00:00	3344.826	3348.183	3341.880	3345.975	7820	0	160
2025.07.03	02:00:00	3345.994	3351.423	3345.724	3350.965	5939	0	160
2025.07.03	03:00:00	3351.008	3351.476	3345.487	3347.509	4997	0	160
2025.07.03	04:00:00	3347.437	3351.786	3347.384	3350.834	4334	0	160
2025.07.03	05:00:00	3350.794	3360.490	3350.152	3359.279	6898	0	160
2025.07.03	06:00:00	3359.345	3363.677	3356.488	3361.859	7566	0	160
2025.07.03	07:00:00	3361.823	3363.080	3352.628	3353.077	7758	0	160
2025.07.03	08:00:00	3353.096	3358.367	3351.650	3356.225	6508	0	160
2025.07.03	09:00:00	3356.183	3356.423	3343.844	3345.687	7790	0	160
2025.07.03	10:00:00	3345.673	3355.421	3344.817	3352.969	6124	0	160
2025.07.03	11:00:00	3353.077	3353.717	3342.985	3346.030	6855	0	160
2025.07.03	12:00:00	3346.041	3352.314	3311.535	3324.559	29351	0	160
2025.07.03	13:00:00	3324.519	3338.521	3322.058	3332.152	21224	0	160
2025.07.03	14:00:00	3332.210	3334.671	3323.417	3324.643	15344	0	160
2025.07.03	15:00:00	3324.636	3331.477	3323.047	3328.045	8727	0	160
2025.07.03	16:00:00	3328.106	3334.714	3325.646	3333.866	6381	0	160
2025.07.03	17:00:00	3333.827	3334.862	3328.839	3329.141	4315	0	160
2025.07.03	18:00:00	3329.069	3330.286	3327.843	3329.132	2492	0	160
2025.07.03	19:00:00	3329.100	3329.532	3327.011	3328.749	2444	0	160
2025.07.03	20:00:00	3328.713	3328.911	3325.321	3326.687	2065	0	160
2025.07.03	22:00:00	3326.167	3329.629	3323.582	3329.070	3244	0	160
2025.07.03	23:00:00	3329.036	3332.025	3328.526	3330.871	4519	0	160
2025.07.04	00:00:00	3330.875	3331.120	3325.869	3328.996	5389	0	160
2025.07.04	01:00:00	3328.987	3334.281	3326.429	3330.056	6967	0	160
2025.07.04	02:00:00	3330.088	3332.443	3327.124	3327.371	5900	0	160
2025.07.04	03:00:00	3327.290	3338.948	3326.126	3338.350	5601	0	160
2025.07.04	04:00:00	3338.307	3342.252	3337.973	3340.817	5151	0	160
2025.07.04	05:00:00	3340.810	3342.266	3338.371	3339.475	5117	0	160
2025.07.04	06:00:00	3339.569	3345.087	3339.208	3342.640	6671	0	160
2025.07.04	07:00:00	3342.664	3343.782	3336.425	3342.947	7380	0	160
2025.07.04	08:00:00	3342.950	3344.247	3340.824	3342.804	5393	0	160
2025.07.04	09:00:00	3342.803	3343.099	3332.974	3334.403	6872	0	160
2025.07.04	10:00:00	3334.373	3338.074	3331.466	3336.799	5783	0	160
2025.07.04	11:00:00	3336.776	3337.797	3334.350	3334.795	4772	0	160
2025.07.04	12:00:00	3334.791	3337.830	3331.328	3333.931	6703	0	160
2025.07.04	13:00:00	3333.888	3338.059	3332.254	3333.856	7090	0	160
2025.07.04	14:00:00	3333.866	3334.239	3330.855	3333.212	5915	0	160
2025.07.04	15:00:00	3333.210	3333.973	3330.868	3332.384	3835	0	160
2025.07.04	16:00:00	3332.357	3335.958	3332.222	3335.070	2598	0	160
2025.07.06	22:00:00	3341.408	3341.911	3332.390	3333.456	5696	0	160
2025.07.06	23:00:00	3333.505	3334.487	3326.187	3328.853	6336	0	160
2025.07.07	00:00:00	3328.830	3329.726	3321.717	3326.505	8259	0	160
2025.07.07	01:00:00	3326.535	3327.691	3306.618	3316.554	15371	0	160
2025.07.07	02:00:00	3316.587	3317.778	3306.017	3308.943	9547	0	160
2025.07.07	03:00:00	3308.903	3315.282	3307.070	3310.848	7808	0	160
2025.07.07	04:00:00	3310.892	3312.359	3305.219	3307.706	8078	0	160
2025.07.07	05:00:00	3307.719	3315.104	3306.972	3313.467	8313	0	160
2025.07.07	06:00:00	3313.422	3315.215	3308.333	3309.878	9272	0	160
2025.07.07	07:00:00	3309.827	3313.315	3300.648	3302.217	9387	0	160
2025.07.07	08:00:00	3302.175	3312.763	3301.231	3310.169	8215	0	160
2025.07.07	09:00:00	3310.112	3311.929	3306.103	3308.996	7594	0	160
2025.07.07	10:00:00	3308.941	3310.697	3296.296	3302.079	11350	0	160
2025.07.07	11:00:00	3302.114	3307.615	3299.774	3301.982	12511	0	160
2025.07.07	12:00:00	3301.940	3312.723	3300.376	3309.551	15190	0	160
2025.07.07	13:00:00	3309.661	3317.073	3306.199	3316.297	13773	0	160
2025.07.07	14:00:00	3316.333	3321.396	3313.293	3318.094	10639	0	160
2025.07.07	15:00:00	3318.049	3322.031	3316.114	3320.839	6445	0	160
2025.07.07	16:00:00	3320.784	3328.091	3320.082	3327.367	9455	0	160
2025.07.07	17:00:00	3327.404	3335.818	3327.310	3332.018	8421	0	160
2025.07.07	18:00:00	3331.911	3335.706	3328.439	3334.291	6388	0	160
2025.07.07	19:00:00	3334.302	3340.438	3334.302	3336.981	5681	0	160
2025.07.07	20:00:00	3337.025	3338.067	3335.393	3336.468	3512	0	160
2025.07.07	22:00:00	3340.980	3345.857	3338.890	3339.804	5566	0	160
2025.07.07	23:00:00	3339.800	3340.135	3333.899	3334.653	5573	0	160
2025.07.08	00:00:00	3334.697	3337.314	3331.148	3334.261	9204	0	160
2025.07.08	01:00:00	3334.230	3336.971	3329.717	3334.860	10230	0	160
2025.07.08	02:00:00	3334.777	3338.035	3332.793	3334.531	7216	0	160
2025.07.08	03:00:00	3334.470	3335.459	3329.595	3331.469	5169	0	160
2025.07.08	04:00:00	3331.398	3332.827	3327.329	3329.612	5294	0	160
2025.07.08	05:00:00	3329.556	3336.570	3329.486	3334.011	5731	0	160
2025.07.08	06:00:00	3334.024	3336.024	3330.774	3335.743	6783	0	160
2025.07.08	07:00:00	3335.798	3339.500	3330.509	3333.893	7333	0	160
2025.07.08	08:00:00	3333.852	3333.852	3323.259	3323.725	9766	0	160
2025.07.08	09:00:00	3323.612	3326.736	3321.088	3322.038	7559	0	160
2025.07.08	10:00:00	3322.045	3327.100	3320.395	3324.621	5599	0	160
2025.07.08	11:00:00	3324.658	3327.484	3319.940	3324.971	6674	0	160
2025.07.08	12:00:00	3325.014	3329.864	3324.697	3328.206	7734	0	160
2025.07.08	13:00:00	3328.242	3328.650	3314.728	3315.270	15593	0	160
2025.07.08	14:00:00	3315.236	3315.847	3294.284	3296.625	20642	0	160
2025.07.08	15:00:00	3296.662	3300.322	3287.041	3298.241	15338	0	160
2025.07.08	16:00:00	3298.249	3301.572	3295.912	3300.468	9863	0	160
2025.07.08	17:00:00	3300.518	3310.422	3299.306	3306.348	13624	0	160
2025.07.08	18:00:00	3306.304	3308.191	3300.601	3305.401	7232	0	160
2025.07.08	19:00:00	3305.438	3306.163	3302.379	3302.992	5406	0	160
2025.07.08	20:00:00	3303.020	3303.783	3299.326	3301.488	3772	0	160
2025.07.08	22:00:00	3303.130	3304.074	3300.335	3301.589	4030	0	160
2025.07.08	23:00:00	3301.616	3303.923	3297.199	3302.277	6226	0	160
2025.07.09	00:00:00	3302.341	3308.003	3301.815	3307.084	7407	0	160
2025.07.09	01:00:00	3307.109	3307.305	3299.262	3301.838	9232	0	160
2025.07.09	02:00:00	3301.818	3303.020	3286.295	3288.570	10399	0	160
2025.07.09	03:00:00	3288.536	3294.763	3284.933	3293.252	8932	0	160
2025.07.09	04:00:00	3293.244	3296.359	3291.192	3293.965	5123	0	160
2025.07.09	05:00:00	3293.898	3297.833	3288.964	3289.441	8194	0	160
2025.07.09	06:00:00	3289.484	3292.795	3285.495	3292.194	9635	0	160
2025.07.09	07:00:00	3292.242	3295.959	3288.207	3291.852	9940	0	160
2025.07.09	08:00:00	3291.822	3292.677	3282.626	3285.040	9201	0	160
2025.07.09	09:00:00	3285.082	3290.425	3284.345	3289.173	7029	0	160
2025.07.09	10:00:00	3289.116	3295.951	3288.197	3295.552	6212	0	160
2025.07.09	11:00:00	3295.576	3295.944	3283.168	3284.936	7812	0	160
2025.07.09	12:00:00	3284.976	3297.481	3284.976	3296.365	10201	0	160
2025.07.09	13:00:00	3296.329	3305.233	3291.823	3300.270	15164	0	160
2025.07.09	14:00:00	3300.167	3312.934	3299.562	3312.275	12322	0	160
2025.07.09	15:00:00	3312.311	3312.889	3306.338	3309.606	8023	0	160
2025.07.09	16:00:00	3309.555	3313.324	3307.889	3311.891	5892	0	160
2025.07.09	17:00:00	3311.906	3314.640	3308.070	3309.498	6003	0	160
2025.07.09	18:00:00	3309.596	3313.683	3308.081	3311.420	5558	0	160
2025.07.09	19:00:00	3311.377	3316.874	3310.951	3315.677	5700	0	160
2025.07.09	20:00:00	3315.645	3315.879	3311.590	3313.846	3355	0	160
2025.07.09	22:00:00	3315.287	3321.104	3314.721	3319.464	3843	0	160
2025.07.09	23:00:00	3319.473	3319.723	3315.650	3317.660	4010	0	160
2025.07.10	00:00:00	3317.559	3321.989	3316.617	3317.746	7135	0	160
2025.07.10	01:00:00	3317.704	3326.415	3316.401	3322.181	7840	0	160
2025.07.10	02:00:00	3322.069	3323.633	3318.141	3319.156	5556	0	160
2025.07.10	03:00:00	3319.216	3320.190	3315.362	3315.799	4918	0	160
2025.07.10	04:00:00	3315.682	3322.560	3314.806	3322.139	4268	0	160
2025.07.10	05:00:00	3322.184	3325.055	3320.671	3321.308	5515	0	160
2025.07.10	06:00:00	3321.149	3328.463	3320.902	3325.252	6547	0	160
2025.07.10	07:00:00	3325.211	3329.486	3319.867	3321.047	7105	0	160
2025.07.10	08:00:00	3321.071	3330.141	3319.895	3328.630	5887	0	160
2025.07.10	09:00:00	3328.602	3330.223	3323.273	3326.474	6366	0	160
2025.07.10	10:00:00	3326.507	3328.719	3322.214	3325.300	6608	0	160
2025.07.10	11:00:00	3325.341	3330.318	3318.331	3320.411	8576	0	160
2025.07.10	12:00:00	3320.424	3326.089	3317.966	3323.783	9920	0	160
2025.07.10	13:00:00	3323.746	3329.458	3311.935	3312.836	17975	0	160
2025.07.10	14:00:00	3312.742	3321.543	3310.017	3314.931	13327	0	160
2025.07.10	15:00:00	3314.960	3321.515	3314.558	3319.754	7256	0	160
2025.07.10	16:00:00	3319.711	3320.003	3312.108	3315.138	6586	0	160
2025.07.10	17:00:00	3315.016	3318.641	3314.649	3317.278	5612	0	160
2025.07.10	18:00:00	3317.291	3321.854	3316.431	3321.513	5288	0	160
2025.07.10	19:00:00	3321.551	3325.908	3321.363	3324.819	5520	0	160
2025.07.10	20:00:00	3324.842	3325.300	3323.348	3324.489	3068	0	160
2025.07.10	22:00:00	3325.207	3326.476	3321.840	3323.271	4770	0	160
2025.07.10	23:00:00	3323.229	3326.401	3322.918	3323.808	3518	0	160
2025.07.11	00:00:00	3323.764	3336.187	3323.621	3330.627	10670	0	160
2025.07.11	01:00:00	3330.580	3331.604	3325.250	3329.569	9562	0	160
2025.07.11	02:00:00	3329.552	3335.015	3327.173	3332.620	6414	0	160
2025.07.11	03:00:00	3332.645	3336.042	3332.155	3333.765	4575	0	160
2025.07.11	04:00:00	3333.744	3335.389	3329.505	3331.999	4594	0	160
2025.07.11	05:00:00	3331.964	3341.676	3331.964	3334.020	9143	0	160
2025.07.11	06:00:00	3334.051	3343.827	3332.076	3332.567	9309	0	160
2025.07.11	07:00:00	3332.520	3342.264	3331.086	3341.833	8555	0	160
2025.07.11	08:00:00	3341.789	3343.795	3332.822	3333.087	9393	0	160
2025.07.11	09:00:00	3333.119	3340.059	3332.708	3339.449	6907	0	160
2025.07.11	10:00:00	3339.486	3348.248	3339.486	3345.011	7454	0	160
2025.07.11	11:00:00	3345.053	3350.305	3342.029	3347.507	8047	0	160
2025.07.11	12:00:00	3347.526	3357.059	3344.356	3355.081	12685	0	160
2025.07.11	13:00:00	3355.127	3359.260	3350.068	3351.845	19259	0	160
2025.07.11	14:00:00	3351.889	3363.853	3350.189	3361.167	16737	0	160
2025.07.11	15:00:00	3361.124	3368.733	3356.854	3358.915	12096	0	160
2025.07.11	16:00:00	3358.884	3359.717	3352.804	3353.809	8851	0	160
2025.07.11	17:00:00	3353.779	3354.104	3349.232	3353.345	7252	0	160
2025.07.11	18:00:00	3353.380	3358.482	3353.264	3356.117	5953	0	160
2025.07.11	19:00:00	3356.064	3359.753	3355.534	3356.407	5888	0	160
2025.07.11	20:00:00	3356.459	3358.959	3353.605	3355.105	3741	0	160
2025.07.13	22:00:00	3361.295	3371.157	3359.658	3369.222	9706	0	160
2025.07.13	23:00:00	3369.261	3374.017	3366.326	3367.772	8255	0	160
2025.07.14	00:00:00	3367.731	3373.284	3364.916	3367.628	9239	0	160
2025.07.14	01:00:00	3367.582	3370.168	3356.993	3358.747	11646	0	160
2025.07.14	02:00:00	3358.709	3359.583	3353.865	3357.393	7413	0	160
2025.07.14	03:00:00	3357.435	3359.663	3355.402	3356.964	5652	0	160
2025.07.14	04:00:00	3356.952	3361.682	3353.735	3359.794	6391	0	160
2025.07.14	05:00:00	3359.742	3360.419	3353.738	3357.649	7370	0	160
2025.07.14	06:00:00	3357.613	3369.652	3356.652	3368.882	8382	0	160
2025.07.14	07:00:00	3368.834	3375.078	3366.581	3371.948	9175	0	160
2025.07.14	08:00:00	3371.956	3372.620	3365.369	3365.900	6998	0	160
2025.07.14	09:00:00	3365.901	3370.351	3364.034	3370.205	5636	0	160
2025.07.14	10:00:00	3370.196	3374.647	3369.760	3372.007	6026	0	160
2025.07.14	11:00:00	3372.020	3373.041	3363.917	3364.169	7057	0	160
2025.07.14	12:00:00	3364.192	3366.632	3349.376	3350.103	13007	0	160
2025.07.14	13:00:00	3350.136	3359.073	3347.139	3355.238	13321	0	160
2025.07.14	14:00:00	3355.190	3356.311	3340.971	3343.045	12990	0	160
2025.07.14	15:00:00	3343.097	3349.726	3342.466	3345.105	8625	0	160
2025.07.14	16:00:00	3345.044	3349.253	3343.082	3347.724	6347	0	160
2025.07.14	17:00:00	3347.794	3351.697	3347.398	3351.044	5361	0	160
2025.07.14	18:00:00	3351.026	3351.221	3347.848	3348.872	4396	0	160
2025.07.14	19:00:00	3348.936	3350.486	3343.202	3344.125	5703	0	160
2025.07.14	20:00:00	3344.160	3345.623	3341.217	3342.572	3559	0	160
2025.07.14	22:00:00	3343.626	3345.792	3341.301	3345.792	2980	0	160
2025.07.14	23:00:00	3345.722	3346.556	3343.945	3345.337	3274	0	160
2025.07.15	00:00:00	3345.299	3349.391	3344.721	3347.626	4624	0	160
2025.07.15	01:00:00	3347.597	3350.648	3345.969	3346.585	5902	0	160
2025.07.15	02:00:00	3346.568	3352.030	3345.737	3350.902	6035	0	160
2025.07.15	03:00:00	3350.872	3358.362	3350.719	3357.841	5686	0	160
2025.07.15	04:00:00	3357.853	3361.426	3357.580	3360.241	4783	0	160
2025.07.15	05:00:00	3360.232	3365.194	3360.232	3362.237	5253	0	160
2025.07.15	06:00:00	3362.202	3364.155	3357.637	3358.151	7036	0	160
2025.07.15	07:00:00	3358.189	3365.448	3357.466	3364.347	6612	0	160
2025.07.15	08:00:00	3364.300	3365.629	3356.530	3361.025	8645	0	160
2025.07.15	09:00:00	3361.060	3364.721	3358.623	3363.370	6909	0	160
2025.07.15	10:00:00	3363.377	3366.356	3361.117	3361.258	5482	0	160
2025.07.15	11:00:00	3361.278	3362.105	3353.954	3354.932	7201	0	160
2025.07.15	12:00:00	3354.892	3360.391	3346.428	3348.813	15390	0	160
2025.07.15	13:00:00	3348.850	3352.399	3334.370	3346.489	20471	0	160
2025.07.15	14:00:00	3346.464	3352.170	3342.406	3347.989	13874	0	160
2025.07.15	15:00:00	3348.022	3349.939	3325.341	3328.982	16005	0	160
2025.07.15	16:00:00	3328.957	3330.312	3320.218	3329.274	11076	0	160
2025.07.15	17:00:00	3329.298	3331.382	3325.852	3328.179	6491	0	160
2025.07.15	18:00:00	3328.186	3331.986	3325.786	3328.877	5601	0	160
2025.07.15	19:00:00	3328.842	3331.221	3326.421	3330.455	4833	0	160
2025.07.15	20:00:00	3330.408	3331.019	3324.792	3325.267	3194	0	160
2025.07.15	22:00:00	3325.035	3327.692	3325.010	3326.606	2746	0	160
2025.07.15	23:00:00	3326.584	3331.780	3326.290	3331.056	3368	0	160
2025.07.16	00:00:00	3331.092	3332.596	3328.820	3330.612	5154	0	160
2025.07.16	01:00:00	3330.629	3334.977	3328.851	3330.966	7366	0	160
2025.07.16	02:00:00	3330.987	3331.573	3325.053	3326.224	5206	0	160
2025.07.16	03:00:00	3326.189	3335.084	3325.899	3334.352	5455	0	160
2025.07.16	04:00:00	3334.281	3338.667	3332.798	3338.219	4697	0	160
2025.07.16	05:00:00	3338.198	3339.903	3335.601	3338.151	4893	0	160
2025.07.16	06:00:00	3338.156	3341.996	3337.758	3339.150	5983	0	160
2025.07.16	07:00:00	3339.288	3340.139	3335.993	3337.778	5672	0	160
2025.07.16	08:00:00	3337.824	3342.675	3337.721	3342.079	5075	0	160
2025.07.16	09:00:00	3342.042	3343.072	3338.973	3340.058	5586	0	160
2025.07.16	10:00:00	3340.022	3340.389	3334.039	3334.981	5563	0	160
2025.07.16	11:00:00	3334.920	3340.266	3333.695	3339.259	6834	0	160
2025.07.16	12:00:00	3339.219	3341.031	3330.951	3334.494	12509	0	160
2025.07.16	13:00:00	3334.531	3339.452	3321.938	3326.819	14649	0	160
2025.07.16	14:00:00	3326.855	3342.666	3319.529	3338.187	20259	0	160
2025.07.16	15:00:00	3338.162	3377.523	3336.092	3343.553	68411	0	160
2025.07.16	16:00:00	3343.524	3355.183	3338.958	3349.054	23854	0	160
2025.07.16	17:00:00	3349.076	3357.301	3348.744	3354.770	9512	0	160
2025.07.16	18:00:00	3354.758	3357.410	3349.036	3350.346	6423	0	160
2025.07.16	19:00:00	3350.325	3350.512	3346.014	3347.080	6871	0	160
2025.07.16	20:00:00	3347.116	3349.545	3346.272	3347.547	3819	0	160
2025.07.16	22:00:00	3350.161	3352.247	3346.224	3349.595	3840	0	160
2025.07.16	23:00:00	3349.594	3350.223	3345.269	3346.526	3420	0	160
2025.07.17	00:00:00	3346.556	3347.405	3339.642	3340.802	5594	0	160
2025.07.17	01:00:00	3340.914	3344.511	3337.204	3343.905	7340	0	160
2025.07.17	02:00:00	3343.877	3344.684	3337.791	3341.373	5586	0	160
2025.07.17	03:00:00	3341.398	3342.426	3336.241	3341.496	5160	0	160
2025.07.17	04:00:00	3341.511	3344.726	3338.384	3342.763	4192	0	160
2025.07.17	05:00:00	3342.718	3342.928	3335.878	3339.325	5228	0	160
2025.07.17	06:00:00	3339.328	3339.738	3328.240	3335.480	9264	0	160
2025.07.17	07:00:00	3335.439	3336.216	3325.208	3325.886	8354	0	160
2025.07.17	08:00:00	3325.925	3332.032	3325.532	3328.828	5991	0	160
2025.07.17	09:00:00	3328.843	3332.523	3324.697	3325.552	5519	0	160
2025.07.17	10:00:00	3325.562	3331.120	3324.893	3325.860	6131	0	160
2025.07.17	11:00:00	3325.753	3328.527	3322.358	3324.254	7241	0	160
2025.07.17	12:00:00	3324.261	3328.586	3309.883	3313.050	18363	0	160
2025.07.17	13:00:00	3313.151	3321.891	3311.072	3318.990	19147	0	160
2025.07.17	14:00:00	3319.037	3335.160	3318.254	3334.143	11469	0	160
2025.07.17	15:00:00	3334.183	3338.451	3331.302	3336.707	8683	0	160
2025.07.17	16:00:00	3336.720	3339.939	3335.378	3338.821	6340	0	160
2025.07.17	17:00:00	3338.861	3341.098	3336.290	3337.444	5511	0	160
2025.07.17	18:00:00	3337.445	3338.970	3335.587	3338.523	4518	0	160
2025.07.17	19:00:00	3338.537	3340.771	3338.200	3339.763	4350	0	160
2025.07.17	20:00:00	3339.799	3340.229	3337.411	3338.733	2618	0	160
2025.07.17	22:00:00	3340.927	3344.019	3338.179	3343.267	5066	0	160
2025.07.17	23:00:00	3343.339	3343.448	3339.523	3340.159	3695	0	160
2025.07.18	00:00:00	3340.214	3341.513	3337.979	3339.869	4697	0	160
2025.07.18	01:00:00	3339.900	3343.035	3335.352	3337.707	7656	0	160
2025.07.18	02:00:00	3337.666	3344.224	3336.835	3337.844	6713	0	160
2025.07.18	03:00:00	3337.740	3338.478	3334.038	3334.600	4893	0	160
2025.07.18	04:00:00	3334.598	3336.991	3333.738	3336.985	4150	0	160
2025.07.18	05:00:00	3337.018	3340.402	3333.367	3333.433	5743	0	160
2025.07.18	06:00:00	3333.454	3342.658	3331.806	3342.043	7187	0	160
2025.07.18	07:00:00	3342.004	3350.091	3340.670	3349.823	6293	0	160
2025.07.18	08:00:00	3349.849	3350.446	3346.237	3347.457	5528	0	160
2025.07.18	09:00:00	3347.504	3354.882	3347.421	3352.338	5851	0	160
2025.07.18	10:00:00	3352.295	3352.772	3347.895	3351.349	6218	0	160
2025.07.18	11:00:00	3351.324	3357.659	3350.819	3354.436	6400	0	160
2025.07.18	12:00:00	3354.458	3361.212	3354.190	3359.916	8856	0	160
2025.07.18	13:00:00	3359.954	3360.338	3352.207	3355.534	12938	0	160
2025.07.18	14:00:00	3355.565	3359.141	3351.119	3354.707	11228	0	160
2025.07.18	15:00:00	3354.706	3356.413	3352.288	3353.711	8032	0	160
2025.07.18	16:00:00	3353.626	3357.460	3351.196	3353.732	7237	0	160
2025.07.18	17:00:00	3353.750	3353.750	3350.518	3352.223	5533	0	160
2025.07.18	18:00:00	3352.218	3353.367	3350.170	3351.365	4447	0	160
2025.07.18	19:00:00	3351.348	3352.778	3347.668	3348.325	4681	0	160
2025.07.18	20:00:00	3348.279	3352.122	3347.804	3350.395	3478	0	160
2025.07.20	22:00:00	3348.767	3350.115	3345.006	3347.755	4175	0	160
2025.07.20	23:00:00	3347.778	3349.573	3345.380	3349.107	3620	0	160
2025.07.21	00:00:00	3349.168	3354.538	3347.696	3352.272	5002	0	160
2025.07.21	01:00:00	3352.241	3358.641	3351.869	3356.497	6869	0	160
2025.07.21	02:00:00	3356.526	3357.403	3352.319	3354.117	5397	0	160
2025.07.21	03:00:00	3354.163	3356.854	3351.053	3351.286	4573	0	160
2025.07.21	04:00:00	3351.275	3358.680	3350.618	3357.782	3988	0	160
2025.07.21	05:00:00	3357.764	3369.701	3357.644	3366.661	8554	0	160
2025.07.21	06:00:00	3366.689	3370.785	3365.377	3368.384	6702	0	160
2025.07.21	07:00:00	3368.340	3370.444	3363.867	3364.763	6540	0	160
2025.07.21	08:00:00	3364.800	3366.920	3363.126	3365.909	6177	0	160
2025.07.21	09:00:00	3365.947	3366.413	3362.674	3366.040	5101	0	160
2025.07.21	10:00:00	3366.108	3368.067	3362.776	3365.996	4693	0	160
2025.07.21	11:00:00	3366.091	3375.631	3365.260	3375.302	7029	0	160
2025.07.21	12:00:00	3375.271	3388.606	3374.531	3387.230	10438	0	160
2025.07.21	13:00:00	3387.261	3395.321	3383.592	3388.580	14601	0	160
2025.07.21	14:00:00	3388.544	3401.575	3386.141	3400.316	15662	0	160
2025.07.21	15:00:00	3400.370	3401.022	3395.556	3397.994	10586	0	160
2025.07.21	16:00:00	3397.983	3399.032	3393.731	3395.575	7941	0	160
2025.07.21	17:00:00	3395.587	3395.867	3391.468	3393.230	6200	0	160
2025.07.21	18:00:00	3393.309	3395.844	3393.020	3395.389	5467	0	160
2025.07.21	19:00:00	3395.430	3399.787	3395.077	3398.805	6487	0	160
2025.07.21	20:00:00	3398.744	3399.297	3396.753	3397.578	3261	0	160
2025.07.21	22:00:00	3399.028	3401.115	3398.052	3399.329	2632	0	160
2025.07.21	23:00:00	3399.369	3402.783	3393.208	3396.532	5427	0	160
2025.07.22	00:00:00	3396.540	3397.665	3390.475	3394.553	7699	0	160
2025.07.22	01:00:00	3394.526	3395.838	3385.148	3385.964	9426	0	160
2025.07.22	02:00:00	3385.952	3391.972	3385.241	3391.566	6513	0	160
2025.07.22	03:00:00	3391.526	3393.690	3388.737	3392.628	5127	0	160
2025.07.22	04:00:00	3392.589	3392.589	3387.942	3391.162	4379	0	160
2025.07.22	05:00:00	3391.197	3391.899	3384.620	3385.542	6383	0	160
2025.07.22	06:00:00	3385.584	3388.025	3384.331	3384.691	6766	0	160
2025.07.22	07:00:00	3384.818	3387.562	3383.240	3387.562	5616	0	160
2025.07.22	08:00:00	3387.524	3390.089	3386.192	3389.017	6663	0	160
2025.07.22	09:00:00	3388.973	3390.627	3384.528	3386.193	5798	0	160
2025.07.22	10:00:00	3386.198	3388.747	3385.889	3387.059	4614	0	160
2025.07.22	11:00:00	3387.115	3391.675	3386.653	3391.384	5371	0	160
2025.07.22	12:00:00	3391.334	3407.872	3390.993	3407.643	11219	0	160
2025.07.22	13:00:00	3407.592	3420.208	3406.397	3412.339	19324	0	160
2025.07.22	14:00:00	3412.384	3427.758	3405.032	3426.368	21032	0	160
2025.07.22	15:00:00	3426.370	3430.614	3423.665	3426.597	13702	0	160
2025.07.22	16:00:00	3426.640	3432.926	3426.257	3432.180	8899	0	160
2025.07.22	17:00:00	3432.237	3433.507	3426.523	3429.236	8667	0	160
2025.07.22	18:00:00	3429.254	3431.050	3427.892	3429.637	6039	0	160
2025.07.22	19:00:00	3429.612	3432.496	3428.929	3431.738	5792	0	160
2025.07.22	20:00:00	3431.683	3432.681	3427.798	3431.203	4315	0	160
2025.07.22	22:00:00	3430.826	3431.390	3427.460	3427.929	3225	0	160
2025.07.22	23:00:00	3427.926	3433.368	3426.283	3427.458	5869	0	160
2025.07.23	00:00:00	3427.433	3438.943	3427.007	3428.862	9799	0	160
2025.07.23	01:00:00	3428.852	3430.711	3420.959	3421.114	13119	0	160
2025.07.23	02:00:00	3421.071	3425.027	3419.172	3423.065	8012	0	160
2025.07.23	03:00:00	3422.991	3428.739	3422.853	3423.153	6869	0	160
2025.07.23	04:00:00	3423.063	3425.301	3421.974	3423.467	5141	0	160
2025.07.23	05:00:00	3423.505	3423.856	3416.322	3420.379	6699	0	160
2025.07.23	06:00:00	3420.357	3425.190	3419.543	3425.012	8478	0	160
2025.07.23	07:00:00	3424.973	3429.705	3419.865	3420.720	7479	0	160
2025.07.23	08:00:00	3420.754	3428.744	3420.575	3428.376	7074	0	160
2025.07.23	09:00:00	3428.412	3433.858	3428.247	3431.188	6102	0	160
2025.07.23	10:00:00	3431.158	3431.422	3421.159	3422.712	7193	0	160
2025.07.23	11:00:00	3422.675	3429.782	3420.305	3428.180	6908	0	160
2025.07.23	12:00:00	3428.170	3429.928	3419.839	3420.025	10556	0	160
2025.07.23	13:00:00	3419.993	3420.626	3405.576	3413.346	19372	0	160
2025.07.23	14:00:00	3413.304	3419.803	3410.634	3413.562	10658	0	160
2025.07.23	15:00:00	3413.486	3415.874	3398.206	3398.206	11533	0	160
2025.07.23	16:00:00	3398.106	3398.127	3381.375	3387.451	27142	0	160
2025.07.23	17:00:00	3387.344	3394.887	3385.657	3393.197	11415	0	160
2025.07.23	18:00:00	3393.233	3395.855	3391.954	3393.710	6338	0	160
2025.07.23	19:00:00	3393.737	3395.945	3388.503	3390.081	6505	0	160
2025.07.23	20:00:00	3390.122	3390.443	3386.121	3386.882	3740	0	160
2025.07.23	22:00:00	3391.108	3392.489	3386.696	3386.696	3807	0	160
2025.07.23	23:00:00	3386.748	3391.601	3386.497	3390.008	3886	0	160
2025.07.24	00:00:00	3390.047	3393.259	3388.526	3391.483	5351	0	160
2025.07.24	01:00:00	3391.455	3393.438	3384.027	3387.651	11740	0	160
2025.07.24	02:00:00	3387.678	3388.933	3380.859	3383.836	10138	0	160
2025.07.24	03:00:00	3383.917	3386.060	3374.782	3383.762	9551	0	160
2025.07.24	04:00:00	3383.666	3385.389	3380.950	3382.575	4850	0	160
2025.07.24	05:00:00	3382.584	3382.941	3374.405	3379.265	7350	0	160
2025.07.24	06:00:00	3379.290	3379.575	3369.926	3376.012	8807	0	160
2025.07.24	07:00:00	3375.924	3377.597	3366.054	3367.757	8031	0	160
2025.07.24	08:00:00	3367.767	3374.663	3365.820	3369.718	7581	0	160
2025.07.24	09:00:00	3369.678	3370.146	3361.985	3363.627	7218	0	160
2025.07.24	10:00:00	3363.647	3367.199	3362.080	3364.376	5627	0	160
2025.07.24	11:00:00	3364.409	3366.457	3361.253	3362.296	6112	0	160
2025.07.24	12:00:00	3362.254	3365.506	3352.536	3353.469	12512	0	160
2025.07.24	13:00:00	3353.504	3372.159	3351.315	3366.744	19394	0	160
2025.07.24	14:00:00	3366.666	3377.430	3365.667	3373.666	11914	0	160
2025.07.24	15:00:00	3373.549	3375.193	3370.283	3372.541	8384	0	160
2025.07.24	16:00:00	3372.515	3373.702	3366.926	3367.004	6329	0	160
2025.07.24	17:00:00	3366.988	3371.838	3366.197	3370.032	5685	0	160
2025.07.24	18:00:00	3370.092	3373.477	3367.385	3372.027	4720	0	160
2025.07.24	19:00:00	3371.988	3373.133	3370.015	3370.478	4312	0	160
2025.07.24	20:00:00	3370.517	3371.212	3367.222	3368.152	3594	0	160
2025.07.24	22:00:00	3368.512	3370.011	3365.105	3368.799	4048	0	160
2025.07.24	23:00:00	3368.740	3371.457	3366.676	3369.419	4158	0	160
2025.07.25	00:00:00	3369.422	3373.528	3368.356	3372.220	4608	0	160
2025.07.25	01:00:00	3372.238	3372.783	3366.009	3370.599	6508	0	160
2025.07.25	02:00:00	3370.548	3370.592	3362.490	3363.214	5835	0	160
2025.07.25	03:00:00	3363.178	3363.580	3358.613	3359.194	5122	0	160
2025.07.25	04:00:00	3359.176	3363.496	3357.819	3360.994	4802	0	160
2025.07.25	05:00:00	3361.027	3362.418	3355.290	3358.677	5431	0	160
2025.07.25	06:00:00	3358.636	3359.776	3354.664	3359.427	6482	0	160
2025.07.25	07:00:00	3359.297	3360.171	3352.636	3354.008	6098	0	160
2025.07.25	08:00:00	3354.041	3355.358	3344.551	3345.490	6324	0	160
2025.07.25	09:00:00	3345.495	3348.928	3343.037	3345.884	5652	0	160
2025.07.25	10:00:00	3345.889	3348.066	3340.997	3342.836	5672	0	160
2025.07.25	11:00:00	3342.898	3345.155	3338.621	3341.058	6556	0	160
2025.07.25	12:00:00	3341.008	3344.092	3336.303	3340.707	8791	0	160
2025.07.25	13:00:00	3340.753	3347.498	3336.808	3343.977	15931	0	160
2025.07.25	14:00:00	3343.935	3344.961	3330.523	3331.751	16402	0	160
2025.07.25	15:00:00	3331.721	3335.988	3324.928	3327.896	15563	0	160
2025.07.25	16:00:00	3327.842	3331.465	3326.161	3329.705	7372	0	160
2025.07.25	17:00:00	3329.740	3336.765	3329.587	3335.873	5877	0	160
2025.07.25	18:00:00	3335.968	3339.396	3335.825	3338.681	4349	0	160
2025.07.25	19:00:00	3338.776	3340.284	3337.237	3337.804	4423	0	160
2025.07.25	20:00:00	3337.769	3339.163	3336.199	3336.869	3549	0	160
2025.07.27	22:00:00	3329.144	3335.364	3323.817	3329.603	8519	0	160
2025.07.27	23:00:00	3329.590	3337.465	3329.368	3333.683	7433	0	160
2025.07.28	00:00:00	3333.675	3336.110	3327.640	3333.426	7720	0	160
2025.07.28	01:00:00	3333.398	3338.800	3329.850	3332.008	10880	0	160
2025.07.28	02:00:00	3331.939	3336.492	3330.540	3335.654	6066	0	160
2025.07.28	03:00:00	3335.549	3343.316	3334.399	3343.246	5163	0	160
2025.07.28	04:00:00	3343.199	3343.992	3339.432	3339.633	4569	0	160
2025.07.28	05:00:00	3339.584	3344.233	3338.029	3343.370	5402	0	160
2025.07.28	06:00:00	3343.333	3345.352	3335.755	3340.200	7156	0	160
2025.07.28	07:00:00	3340.130	3341.896	3333.785	3334.882	8011	0	160
2025.07.28	08:00:00	3334.879	3338.791	3332.382	3335.965	6637	0	160
2025.07.28	09:00:00	3335.978	3340.780	3335.884	3337.717	6707	0	160
2025.07.28	10:00:00	3337.744	3338.808	3334.210	3335.843	7039	0	160
2025.07.28	11:00:00	3335.900	3338.306	3334.445	3336.563	5776	0	160
2025.07.28	12:00:00	3336.593	3338.369	3325.508	3328.472	11134	0	160
2025.07.28	13:00:00	3328.479	3330.657	3301.777	3302.314	18396	0	160
2025.07.28	14:00:00	3302.318	3314.819	3301.788	3307.981	18976	0	160
2025.07.28	15:00:00	3307.942	3317.235	3306.553	3314.764	9550	0	160
2025.07.28	16:00:00	3314.736	3315.027	3311.453	3312.286	5867	0	160
2025.07.28	17:00:00	3312.255	3313.206	3308.799	3310.703	6247	0	160
2025.07.28	18:00:00	3310.738	3315.614	3310.156	3313.659	4575	0	160
2025.07.28	19:00:00	3313.692	3318.890	3312.974	3317.161	5042	0	160
2025.07.28	20:00:00	3317.195	3318.409	3314.379	3314.878	3468	0	160
2025.07.28	22:00:00	3313.198	3315.295	3311.901	3314.606	5431	0	160
2025.07.28	23:00:00	3314.626	3314.724	3310.485	3312.468	3660	0	160
2025.07.29	00:00:00	3312.485	3315.903	3307.843	3311.600	6885	0	160
2025.07.29	01:00:00	3311.612	3320.861	3308.484	3318.918	8887	0	160
2025.07.29	02:00:00	3318.947	3320.337	3317.470	3318.928	5840	0	160
2025.07.29	03:00:00	3318.871	3318.871	3311.203	3312.576	5693	0	160
2025.07.29	04:00:00	3312.580	3317.425	3308.959	3316.507	4984	0	160
2025.07.29	05:00:00	3316.569	3320.093	3314.281	3319.874	5363	0	160
2025.07.29	06:00:00	3319.905	3322.430	3316.250	3316.975	10070	0	160
2025.07.29	07:00:00	3317.017	3318.665	3311.294	3317.133	9325	0	160
2025.07.29	08:00:00	3317.139	3329.976	3316.603	3326.385	8377	0	160
2025.07.29	09:00:00	3326.347	3328.285	3320.831	3324.525	8877	0	160
2025.07.29	10:00:00	3324.503	3326.388	3321.965	3322.155	5385	0	160
2025.07.29	11:00:00	3322.195	3322.201	3314.884	3315.278	7480	0	160
2025.07.29	12:00:00	3315.249	3324.530	3315.249	3323.225	9451	0	160
2025.07.29	13:00:00	3323.200	3324.231	3312.850	3317.573	16620	0	160
2025.07.29	14:00:00	3317.486	3329.635	3311.890	3328.900	14726	0	160
2025.07.29	15:00:00	3328.933	3334.117	3319.566	3320.751	11233	0	160
2025.07.29	16:00:00	3320.751	3324.811	3319.046	3323.152	7326	0	160
2025.07.29	17:00:00	3323.120	3329.228	3322.950	3328.250	6199	0	160
2025.07.29	18:00:00	3328.299	3330.864	3325.296	3325.807	4973	0	160
2025.07.29	19:00:00	3325.892	3328.777	3322.680	3324.938	5896	0	160
2025.07.29	20:00:00	3324.989	3326.686	3324.697	3326.474	3349	0	160
2025.07.29	22:00:00	3327.751	3329.171	3325.946	3327.643	2657	0	160
2025.07.29	23:00:00	3327.686	3328.366	3326.137	3327.552	2690	0	160
2025.07.30	00:00:00	3327.562	3333.673	3327.206	3330.206	5229	0	160
2025.07.30	01:00:00	3330.104	3333.256	3321.859	3323.295	8524	0	160
2025.07.30	02:00:00	3323.351	3332.349	3323.351	3329.382	6945	0	160
2025.07.30	03:00:00	3329.356	3329.905	3326.230	3328.429	4908	0	160
2025.07.30	04:00:00	3328.383	3329.828	3325.797	3327.194	4149	0	160
2025.07.30	05:00:00	3327.172	3330.649	3324.470	3324.946	5527	0	160
2025.07.30	06:00:00	3324.918	3327.538	3323.031	3326.990	6324	0	160
2025.07.30	07:00:00	3327.101	3332.149	3325.601	3327.751	6383	0	160
2025.07.30	08:00:00	3327.784	3333.399	3327.511	3332.199	6014	0	160
2025.07.30	09:00:00	3332.169	3334.052	3329.330	3331.273	5717	0	160
2025.07.30	10:00:00	3331.245	3332.939	3326.596	3328.473	8157	0	160
2025.07.30	11:00:00	3328.515	3331.601	3323.966	3330.846	7391	0	160
2025.07.30	12:00:00	3330.891	3331.904	3310.564	3313.421	13947	0	160
2025.07.30	13:00:00	3313.446	3316.117	3298.441	3303.078	22330	0	160
2025.07.30	14:00:00	3303.177	3308.376	3301.156	3302.045	10115	0	160
2025.07.30	15:00:00	3302.115	3303.341	3288.575	3290.465	11922	0	160
2025.07.30	16:00:00	3290.450	3298.541	3289.876	3297.950	7049	0	160
2025.07.30	17:00:00	3297.990	3302.100	3297.658	3301.493	5854	0	160
2025.07.30	18:00:00	3301.376	3304.767	3279.474	3280.221	31685	0	160
2025.07.30	19:00:00	3280.178	3282.680	3268.034	3269.396	22334	0	160
2025.07.30	20:00:00	3269.334	3276.212	3268.912	3275.266	7654	0	160
2025.07.30	22:00:00	3274.201	3280.076	3274.201	3278.907	5283	0	160
2025.07.30	23:00:00	3278.906	3285.800	3277.742	3285.303	4464	0	160
2025.07.31	00:00:00	3285.257	3288.496	3282.802	3286.516	7946	0	160
2025.07.31	01:00:00	3286.543	3293.972	3285.128	3293.786	10832	0	160
2025.07.31	02:00:00	3293.838	3297.516	3290.476	3297.218	7255	0	160
2025.07.31	03:00:00	3297.252	3298.550	3293.407	3295.086	5992	0	160
2025.07.31	04:00:00	3295.042	3298.418	3293.644	3298.098	4644	0	160
2025.07.31	05:00:00	3298.065	3301.540	3294.646	3299.671	5289	0	160
2025.07.31	06:00:00	3299.641	3304.837	3298.112	3299.024	8063	0	160
2025.07.31	07:00:00	3299.027	3309.741	3298.033	3304.761	8525	0	160
2025.07.31	08:00:00	3304.682	3314.812	3303.515	3309.953	8633	0	160
2025.07.31	09:00:00	3309.914	3313.110	3304.855	3306.634	7795	0	160
2025.07.31	10:00:00	3306.703	3308.161	3293.803	3296.261	8520	0	160
2025.07.31	11:00:00	3296.269	3307.776	3295.146	3306.111	10020	0	160
2025.07.31	12:00:00	3306.086	3311.164	3303.888	3307.642	11097	0	160
2025.07.31	13:00:00	3307.677	3310.479	3300.591	3301.413	18673	0	160
2025.07.31	14:00:00	3301.369	3303.196	3291.302	3296.121	15276	0	160
2025.07.31	15:00:00	3296.092	3299.136	3291.320	3295.545	10722	0	160
2025.07.31	16:00:00	3295.437	3297.326	3289.617	3294.988	9845	0	160
2025.07.31	17:00:00	3294.965	3298.430	3294.023	3295.006	7572	0	160
2025.07.31	18:00:00	3295.043	3297.102	3292.821	3295.711	5496	0	160
2025.07.31	19:00:00	3295.755	3296.370	3290.485	3291.029	5965	0	160
2025.07.31	20:00:00	3290.989	3293.711	3289.830	3290.735	4102	0	160
2025.07.31	22:00:00	3289.873	3295.172	3289.583	3295.010	3346	0	160
2025.07.31	23:00:00	3294.999	3295.138	3287.967	3288.651	4944	0	160
2025.08.01	00:00:00	3288.607	3293.799	3286.442	3290.356	7015	0	160
2025.08.01	01:00:00	3290.304	3293.535	3281.590	3283.643	8527	0	160
2025.08.01	02:00:00	3283.616	3292.488	3283.269	3291.718	7756	0	160
2025.08.01	03:00:00	3291.713	3297.120	3290.523	3291.428	5854	0	160
2025.08.01	04:00:00	3291.437	3295.580	3290.063	3292.088	5803	0	160
2025.08.01	05:00:00	3292.094	3300.445	3291.769	3296.712	6268	0	160
2025.08.01	06:00:00	3296.669	3297.695	3290.594	3292.369	6792	0	160
2025.08.01	07:00:00	3292.412	3293.384	3285.223	3286.861	8100	0	160
2025.08.01	08:00:00	3286.823	3294.501	3285.247	3294.265	7148	0	160
2025.08.01	09:00:00	3294.248	3296.427	3292.753	3294.438	6384	0	160
2025.08.01	10:00:00	3294.447	3303.033	3293.224	3298.360	6632	0	160
2025.08.01	11:00:00	3298.397	3301.330	3296.811	3300.309	6789	0	160
2025.08.01	12:00:00	3300.342	3345.261	3297.385	3341.208	29031	0	160
2025.08.01	13:00:00	3341.182	3354.631	3338.868	3342.162	32491	0	160
2025.08.01	14:00:00	3342.224	3355.114	3341.295	3345.868	24545	0	160
2025.08.01	15:00:00	3345.914	3351.320	3341.525	3348.567	13257	0	160
2025.08.01	16:00:00	3348.532	3349.377	3340.532	3347.365	11271	0	160
2025.08.01	17:00:00	3347.284	3349.434	3345.565	3348.220	8652	0	160
2025.08.01	18:00:00	3348.249	3351.342	3345.882	3347.624	6198	0	160
2025.08.01	19:00:00	3347.585	3361.322	3347.585	3357.185	10015	0	160
2025.08.01	20:00:00	3357.239	3363.566	3357.028	3363.119	5140	0	160
2025.08.03	22:00:00	3364.339	3364.521	3357.631	3359.084	6912	0	160
2025.08.03	23:00:00	3359.126	3362.050	3354.585	3361.957	5524	0	160
2025.08.04	00:00:00	3361.990	3362.378	3350.113	3352.197	7710	0	160
2025.08.04	01:00:00	3352.149	3353.649	3345.006	3352.315	9200	0	160
2025.08.04	02:00:00	3352.232	3355.281	3350.243	3354.267	5554	0	160
2025.08.04	03:00:00	3354.233	3360.817	3354.233	3360.255	5807	0	160
2025.08.04	04:00:00	3360.259	3362.167	3358.763	3358.953	4251	0	160
2025.08.04	05:00:00	3358.923	3360.984	3355.442	3357.553	4680	0	160
2025.08.04	06:00:00	3357.495	3362.671	3353.555	3362.625	7398	0	160
2025.08.04	07:00:00	3362.576	3362.576	3351.732	3355.809	8537	0	160
2025.08.04	08:00:00	3355.842	3359.830	3354.081	3358.448	6491	0	160
2025.08.04	09:00:00	3358.407	3361.836	3356.874	3357.977	5992	0	160
2025.08.04	10:00:00	3357.953	3358.927	3352.886	3357.796	5731	0	160
2025.08.04	11:00:00	3357.818	3370.749	3357.642	3370.263	7723	0	160
2025.08.04	12:00:00	3370.262	3371.552	3361.037	3367.790	9888	0	160
2025.08.04	13:00:00	3367.808	3385.377	3367.031	3383.241	13943	0	160
2025.08.04	14:00:00	3383.288	3384.611	3371.828	3374.062	11465	0	160
2025.08.04	15:00:00	3374.020	3376.116	3370.647	3374.306	9203	0	160
2025.08.04	16:00:00	3374.305	3378.147	3370.571	3370.962	6830	0	160
2025.08.04	17:00:00	3370.992	3374.316	3370.665	3373.946	5665	0	160
2025.08.04	18:00:00	3374.038	3376.857	3373.190	3375.817	4071	0	160
2025.08.04	19:00:00	3375.806	3377.165	3374.440	3375.971	4231	0	160
2025.08.04	20:00:00	3375.917	3376.928	3373.415	3373.878	2742	0	160
2025.08.04	22:00:00	3375.432	3376.422	3373.683	3374.733	2313	0	160
2025.08.04	23:00:00	3374.728	3379.703	3374.728	3377.407	4062	0	160
2025.08.05	00:00:00	3377.383	3381.409	3375.858	3379.779	4773	0	160
2025.08.05	01:00:00	3379.806	3382.398	3377.855	3379.061	6191	0	160
2025.08.05	02:00:00	3378.963	3381.452	3373.720	3373.720	5858	0	160
2025.08.05	03:00:00	3373.618	3375.442	3372.057	3372.057	4449	0	160
2025.08.05	04:00:00	3372.107	3373.258	3370.981	3371.111	3554	0	160
2025.08.05	05:00:00	3371.169	3374.078	3367.706	3373.988	5978	0	160
2025.08.05	06:00:00	3374.022	3374.158	3365.688	3366.182	5809	0	160
2025.08.05	07:00:00	3366.255	3375.499	3366.071	3373.652	7185	0	160
2025.08.05	08:00:00	3373.644	3374.655	3366.055	3366.124	5978	0	160
2025.08.05	09:00:00	3366.162	3366.355	3358.854	3359.640	6339	0	160
2025.08.05	10:00:00	3359.615	3361.755	3352.942	3353.220	7216	0	160
2025.08.05	11:00:00	3353.230	3354.330	3349.803	3351.408	6977	0	160
2025.08.05	12:00:00	3351.408	3366.998	3349.898	3366.113	10198	0	160
2025.08.05	13:00:00	3366.147	3379.675	3365.837	3373.726	12171	0	160
2025.08.05	14:00:00	3373.793	3386.593	3370.464	3385.354	16926	0	160
2025.08.05	15:00:00	3385.386	3390.046	3382.161	3389.490	8276	0	160
2025.08.05	16:00:00	3389.527	3390.452	3376.890	3382.015	8503	0	160
2025.08.05	17:00:00	3382.055	3382.828	3378.985	3380.099	5422	0	160
2025.08.05	18:00:00	3380.098	3381.191	3378.382	3380.091	4923	0	160
2025.08.05	19:00:00	3380.013	3381.405	3378.129	3378.982	4227	0	160
2025.08.05	20:00:00	3378.945	3380.941	3378.406	3380.799	2531	0	160
2025.08.05	22:00:00	3381.515	3381.691	3378.164	3379.719	2357	0	160
2025.08.05	23:00:00	3379.681	3383.984	3378.903	3383.187	3467	0	160
2025.08.06	00:00:00	3383.194	3385.340	3380.834	3383.473	4807	0	160
2025.08.06	01:00:00	3383.446	3383.677	3373.046	3376.122	7673	0	160
2025.08.06	02:00:00	3376.041	3377.785	3374.206	3376.313	5390	0	160
2025.08.06	03:00:00	3376.348	3378.430	3373.422	3374.610	4340	0	160
2025.08.06	04:00:00	3374.590	3376.509	3372.182	3372.450	3342	0	160
2025.08.06	05:00:00	3372.326	3374.878	3370.628	3374.256	4987	0	160
2025.08.06	06:00:00	3374.323	3378.650	3373.216	3375.138	5467	0	160
2025.08.06	07:00:00	3375.208	3377.143	3368.953	3373.617	6006	0	160
2025.08.06	08:00:00	3373.509	3374.723	3364.758	3365.179	6731	0	160
2025.08.06	09:00:00	3365.172	3367.806	3358.091	3358.919	6390	0	160
2025.08.06	10:00:00	3358.872	3365.396	3358.162	3363.595	6787	0	160
2025.08.06	11:00:00	3363.595	3367.015	3360.651	3365.174	5183	0	160
2025.08.06	12:00:00	3365.156	3369.299	3360.141	3367.545	8542	0	160
2025.08.06	13:00:00	3367.513	3373.526	3365.072	3371.709	13779	0	160
2025.08.06	14:00:00	3371.659	3379.331	3369.426	3379.273	9623	0	160
2025.08.06	15:00:00	3379.241	3380.007	3370.044	3377.431	9818	0	160
2025.08.06	16:00:00	3377.392	3379.439	3372.889	3376.003	6858	0	160
2025.08.06	17:00:00	3376.043	3377.648	3370.870	3374.638	5755	0	160
2025.08.06	18:00:00	3374.535	3374.604	3368.983	3371.673	5434	0	160
2025.08.06	19:00:00	3371.626	3373.129	3370.289	3371.675	5038	0	160
2025.08.06	20:00:00	3371.624	3372.182	3367.133	3369.079	3750	0	160
2025.08.06	22:00:00	3371.635	3374.796	3369.876	3372.018	4685	0	160
2025.08.06	23:00:00	3372.010	3372.010	3367.590	3370.155	4758	0	160
2025.08.07	00:00:00	3370.205	3374.828	3365.192	3372.336	8487	0	160
2025.08.07	01:00:00	3372.297	3382.530	3370.186	3382.311	9340	0	160
2025.08.07	02:00:00	3382.324	3384.146	3378.212	3379.641	6398	0	160
2025.08.07	03:00:00	3379.637	3380.243	3376.508	3379.696	5370	0	160
2025.08.07	04:00:00	3379.732	3380.695	3376.838	3377.515	4766	0	160
2025.08.07	05:00:00	3377.566	3380.998	3371.601	3375.564	7328	0	160
2025.08.07	06:00:00	3375.533	3387.819	3374.968	3387.667	8035	0	160
2025.08.07	07:00:00	3387.673	3397.446	3386.279	3396.155	9910	0	160
2025.08.07	08:00:00	3396.189	3396.603	3372.421	3378.107	17633	0	160
2025.08.07	09:00:00	3378.153	3381.232	3373.255	3376.761	11308	0	160
2025.08.07	10:00:00	3376.714	3378.818	3371.765	3372.925	7282	0	160
2025.08.07	11:00:00	3372.949	3383.308	3371.726	3378.183	11436	0	160
2025.08.07	12:00:00	3378.199	3389.798	3375.284	3380.823	11761	0	160
2025.08.07	13:00:00	3380.746	3393.833	3380.139	3384.914	18482	0	160
2025.08.07	14:00:00	3384.850	3390.349	3375.261	3387.799	30438	0	160
2025.08.07	15:00:00	3387.831	3390.844	3384.430	3390.102	9416	0	160
2025.08.07	16:00:00	3390.148	3392.606	3387.144	3388.856	6684	0	160
2025.08.07	17:00:00	3388.820	3392.989	3384.290	3392.185	7752	0	160
2025.08.07	18:00:00	3392.179	3393.999	3387.620	3388.279	6130	0	160
2025.08.07	19:00:00	3388.183	3400.872	3387.276	3399.659	11135	0	160
2025.08.07	20:00:00	3399.712	3401.873	3392.508	3396.399	10380	0	160
2025.08.07	22:00:00	3401.918	3409.019	3389.025	3405.178	28794	0	160
2025.08.07	23:00:00	3405.174	3407.043	3396.626	3400.470	10074	0	160
2025.08.08	00:00:00	3400.432	3402.356	3387.667	3389.828	20700	0	160
2025.08.08	01:00:00	3389.940	3390.942	3381.082	3383.411	21736	0	160
2025.08.08	02:00:00	3383.370	3389.986	3383.115	3388.369	10878	0	160
2025.08.08	03:00:00	3388.395	3397.785	3383.627	3395.841	13505	0	160
2025.08.08	04:00:00	3395.821	3399.272	3393.528	3394.363	7537	0	160
2025.08.08	05:00:00	3394.310	3396.048	3390.213	3392.296	8870	0	160
2025.08.08	06:00:00	3392.269	3397.710	3388.723	3393.447	12159	0	160
2025.08.08	07:00:00	3393.494	3404.271	3392.215	3401.976	19964	0	160
2025.08.08	08:00:00	3402.049	3402.631	3394.156	3394.372	12354	0	160
2025.08.08	09:00:00	3394.416	3401.410	3393.952	3400.646	12440	0	160
2025.08.08	10:00:00	3400.688	3401.003	3384.343	3385.135	14302	0	160
2025.08.08	11:00:00	3385.163	3388.651	3380.361	3386.249	17079	0	160
2025.08.08	12:00:00	3386.206	3401.944	3385.096	3391.621	29764	0	160
2025.08.08	13:00:00	3391.646	3401.643	3387.552	3400.247	25939	0	160
2025.08.08	14:00:00	3400.206	3401.296	3381.105	3390.573	21297	0	160
2025.08.08	15:00:00	3390.601	3395.265	3388.673	3395.248	10434	0	160
2025.08.08	16:00:00	3395.284	3400.635	3393.533	3397.492	7474	0	160
2025.08.08	17:00:00	3397.493	3399.553	3379.796	3379.813	9317	0	160
2025.08.08	18:00:00	3381.732	3404.295	3376.553	3395.431	58606	0	160
2025.08.08	19:00:00	3395.401	3400.830	3392.280	3398.566	16472	0	160
2025.08.08	20:00:00	3398.618	3398.898	3392.421	3398.564	7302	0	160
2025.08.10	22:00:00	3400.572	3401.819	3390.632	3395.289	8961	0	160
2025.08.10	23:00:00	3395.306	3397.045	3390.292	3391.548	5125	0	160
2025.08.11	00:00:00	3391.592	3391.639	3381.516	3381.561	10338	0	160
2025.08.11	01:00:00	3381.600	3383.930	3367.702	3377.554	14728	0	160
2025.08.11	02:00:00	3377.505	3379.944	3369.668	3377.287	9758	0	160
2025.08.11	03:00:00	3377.171	3380.212	3374.057	3378.257	6465	0	160
2025.08.11	04:00:00	3378.253	3379.771	3375.555	3375.891	5753	0	160
2025.08.11	05:00:00	3375.853	3380.065	3373.968	3377.116	7113	0	160
2025.08.11	06:00:00	3377.083	3377.231	3363.732	3365.869	11495	0	160
2025.08.11	07:00:00	3365.828	3366.390	3357.097	3360.069	14831	0	160
2025.08.11	08:00:00	3360.112	3365.807	3358.836	3361.900	10233	0	160
2025.08.11	09:00:00	3361.871	3363.687	3352.926	3353.277	9504	0	160
2025.08.11	10:00:00	3353.370	3363.797	3353.119	3358.456	8067	0	160
2025.08.11	11:00:00	3358.428	3358.913	3349.852	3355.230	11226	0	160
2025.08.11	12:00:00	3355.226	3357.550	3344.347	3356.821	14193	0	160
2025.08.11	13:00:00	3356.781	3362.902	3348.301	3358.665	14218	0	160
2025.08.11	14:00:00	3358.620	3359.406	3341.409	3346.359	13231	0	160
2025.08.11	15:00:00	3346.386	3352.215	3344.829	3349.405	8225	0	160
2025.08.11	16:00:00	3349.502	3350.334	3342.507	3344.174	6788	0	160
2025.08.11	17:00:00	3344.207	3358.829	3341.273	3357.628	14256	0	160
2025.08.11	18:00:00	3357.623	3358.694	3352.266	3356.162	6822	0	160
2025.08.11	19:00:00	3356.140	3356.801	3350.501	3351.696	5273	0	160
2025.08.11	20:00:00	3351.662	3351.777	3342.175	3342.963	5666	0	160
2025.08.11	22:00:00	3343.475	3347.176	3342.497	3347.030	4370	0	160
2025.08.11	23:00:00	3347.048	3349.590	3346.174	3349.027	4089	0	160
2025.08.12	00:00:00	3349.010	3355.694	3347.443	3354.482	6469	0	160
2025.08.12	01:00:00	3354.453	3357.462	3346.181	3349.739	9096	0	160
2025.08.12	02:00:00	3349.847	3354.308	3349.650	3352.948	5823	0	160
2025.08.12	03:00:00	3352.989	3355.419	3347.989	3349.390	5285	0	160
2025.08.12	04:00:00	3349.437	3355.724	3348.626	3354.382	5427	0	160
2025.08.12	05:00:00	3354.420	3355.770	3350.468	3354.510	5729	0	160
2025.08.12	06:00:00	3354.626	3354.967	3342.274	3345.388	10566	0	160
2025.08.12	07:00:00	3345.414	3358.176	3343.799	3355.539	8857	0	160
2025.08.12	08:00:00	3355.512	3355.863	3345.526	3347.973	6999	0	160
2025.08.12	09:00:00	3347.974	3351.813	3344.460	3345.607	5414	0	160
2025.08.12	10:00:00	3345.547	3350.540	3343.930	3344.682	7152	0	160
2025.08.12	11:00:00	3344.766	3348.278	3336.068	3347.469	8479	0	160
2025.08.12	12:00:00	3347.464	3358.023	3338.539	3349.849	22390	0	160
2025.08.12	13:00:00	3349.810	3357.080	3340.026	3345.633	29390	0	160
2025.08.12	14:00:00	3345.658	3346.626	3331.071	3337.417	19292	0	160
2025.08.12	15:00:00	3337.384	3359.244	3336.856	3349.812	16180	0	160
2025.08.12	16:00:00	3349.887	3351.259	3345.830	3349.466	8279	0	160
2025.08.12	17:00:00	3349.412	3350.609	3346.354	3349.032	6587	0	160
2025.08.12	18:00:00	3349.028	3350.860	3347.514	3349.024	4663	0	160
2025.08.12	19:00:00	3348.983	3349.331	3345.516	3347.563	4895	0	160
2025.08.12	20:00:00	3347.549	3350.030	3346.012	3348.056	3548	0	160
2025.08.12	22:00:00	3350.832	3353.762	3349.128	3350.460	3442	0	160
2025.08.12	23:00:00	3350.472	3352.087	3349.654	3350.570	3174	0	160
2025.08.13	00:00:00	3350.580	3350.783	3342.678	3343.625	6050	0	160
2025.08.13	01:00:00	3343.649	3352.044	3342.787	3350.836	8197	0	160
2025.08.13	02:00:00	3350.797	3354.457	3346.641	3351.827	6649	0	160
2025.08.13	03:00:00	3351.812	3352.980	3348.588	3349.593	5222	0	160
2025.08.13	04:00:00	3349.615	3352.364	3348.149	3351.818	3783	0	160
2025.08.13	05:00:00	3351.808	3352.131	3345.690	3349.218	5713	0	160
2025.08.13	06:00:00	3349.248	3357.512	3348.878	3357.071	7208	0	160
2025.08.13	07:00:00	3357.105	3361.004	3353.895	3354.723	7529	0	160
2025.08.13	08:00:00	3354.688	3363.487	3352.848	3360.168	8108	0	160
2025.08.13	09:00:00	3360.258	3366.727	3358.612	3364.593	6049	0	160
2025.08.13	10:00:00	3364.631	3367.024	3362.998	3366.067	5196	0	160
2025.08.13	11:00:00	3366.043	3367.121	3358.796	3362.312	7341	0	160
2025.08.13	12:00:00	3362.314	3363.743	3355.470	3358.171	9421	0	160
2025.08.13	13:00:00	3358.118	3365.955	3354.134	3365.024	11048	0	160
2025.08.13	14:00:00	3365.029	3370.735	3361.005	3363.124	10784	0	160
2025.08.13	15:00:00	3363.158	3363.798	3354.348	3357.746	8197	0	160
2025.08.13	16:00:00	3357.778	3360.920	3357.017	3357.930	4726	0	160
2025.08.13	17:00:00	3357.928	3359.362	3352.658	3353.654	4641	0	160
2025.08.13	18:00:00	3353.694	3354.442	3349.900	3353.758	4474	0	160
2025.08.13	19:00:00	3353.732	3358.744	3352.561	3357.812	3825	0	160
2025.08.13	20:00:00	3357.845	3358.239	3355.610	3355.915	2624	0	160
2025.08.13	22:00:00	3358.408	3358.408	3356.616	3357.532	2653	0	160
2025.08.13	23:00:00	3357.589	3363.446	3357.520	3362.702	4135	0	160
2025.08.14	00:00:00	3362.724	3374.845	3362.709	3369.621	7948	0	160
2025.08.14	01:00:00	3369.580	3370.912	3365.138	3367.421	8609	0	160
2025.08.14	02:00:00	3367.440	3369.273	3362.774	3362.862	6363	0	160
2025.08.14	03:00:00	3362.822	3364.163	3355.380	3360.464	7646	0	160
2025.08.14	04:00:00	3360.496	3361.838	3358.543	3360.478	4697	0	160
2025.08.14	05:00:00	3360.459	3361.801	3356.146	3358.838	5950	0	160
2025.08.14	06:00:00	3358.814	3362.410	3355.939	3362.071	7643	0	160
2025.08.14	07:00:00	3362.112	3366.483	3343.591	3345.984	11923	0	160
2025.08.14	08:00:00	3345.958	3350.318	3341.447	3346.108	11871	0	160
2025.08.14	09:00:00	3346.191	3359.188	3345.077	3356.546	8745	0	160
2025.08.14	10:00:00	3356.587	3359.080	3352.131	3354.963	6031	0	160
2025.08.14	11:00:00	3354.999	3357.133	3352.481	3355.400	6009	0	160
2025.08.14	12:00:00	3355.431	3358.393	3342.001	3350.634	16265	0	160
2025.08.14	13:00:00	3350.573	3356.091	3343.675	3344.127	19209	0	160
2025.08.14	14:00:00	3344.098	3346.699	3334.198	3340.613	17134	0	160
2025.08.14	15:00:00	3340.659	3342.889	3335.352	3341.796	9475	0	160
2025.08.14	16:00:00	3341.757	3342.118	3329.838	3334.385	10293	0	160
2025.08.14	17:00:00	3334.346	3338.467	3331.825	3337.824	6126	0	160
2025.08.14	18:00:00	3337.877	3339.397	3336.018	3338.320	4450	0	160
2025.08.14	19:00:00	3338.313	3341.066	3337.895	3337.965	4030	0	160
2025.08.14	20:00:00	3338.019	3338.540	3334.502	3335.312	3179	0	160
2025.08.14	22:00:00	3337.796	3337.796	3332.415	3333.369	3975	0	160
2025.08.14	23:00:00	3333.385	3336.596	3332.188	3335.551	3392	0	160
2025.08.15	00:00:00	3335.580	3338.792	3332.372	3337.008	5620	0	160
2025.08.15	01:00:00	3337.122	3340.238	3333.288	3339.608	7338	0	160
2025.08.15	02:00:00	3339.625	3340.835	3336.721	3340.456	5250	0	160
2025.08.15	03:00:00	3340.486	3344.893	3340.089	3343.450	4495	0	160
2025.08.15	04:00:00	3343.412	3346.622	3343.270	3345.449	4621	0	160
2025.08.15	05:00:00	3345.450	3348.747	3341.957	3343.893	5716	0	160
2025.08.15	06:00:00	3343.857	3344.476	3340.189	3340.430	6116	0	160
2025.08.15	07:00:00	3340.397	3346.544	3340.093	3346.147	6807	0	160
2025.08.15	08:00:00	3346.107	3348.268	3338.302	3341.243	7347	0	160
2025.08.15	09:00:00	3341.156	3344.927	3338.402	3342.650	6930	0	160
2025.08.15	10:00:00	3342.682	3342.718	3336.243	3337.687	6428	0	160
2025.08.15	11:00:00	3337.725	3344.144	3337.069	3342.359	6434	0	160
2025.08.15	12:00:00	3342.362	3343.939	3333.621	3342.642	12023	0	160
2025.08.15	13:00:00	3342.680	3345.994	3332.856	3335.409	13932	0	160
2025.08.15	14:00:00	3335.441	3343.654	3335.115	3341.806	9763	0	160
2025.08.15	15:00:00	3341.822	3345.133	3341.323	3342.287	6781	0	160
2025.08.15	16:00:00	3342.369	3342.523	3335.772	3338.163	5566	0	160
2025.08.15	17:00:00	3338.202	3338.931	3335.102	3336.062	4743	0	160
2025.08.15	18:00:00	3336.066	3338.222	3334.687	3336.051	4070	0	160
2025.08.15	19:00:00	3336.028	3339.620	3334.387	3339.143	4434	0	160
2025.08.15	20:00:00	3339.146	3339.435	3335.141	3335.213	3321	0	160
2025.08.17	22:00:00	3334.569	3335.381	3332.964	3334.405	3364	0	160
2025.08.17	23:00:00	3334.369	3334.469	3323.503	3327.097	6672	0	160
2025.08.18	00:00:00	3327.080	3342.861	3326.727	3340.615	8954	0	160
2025.08.18	01:00:00	3340.509	3347.470	3339.550	3346.874	8651	0	160
2025.08.18	02:00:00	3346.864	3347.543	3342.403	3343.351	5163	0	160
2025.08.18	03:00:00	3343.315	3351.841	3343.250	3347.156	5679	0	160
2025.08.18	04:00:00	3347.073	3358.219	3346.754	3357.455	5314	0	160
2025.08.18	05:00:00	3357.492	3358.418	3346.612	3349.611	7523	0	160
2025.08.18	06:00:00	3349.579	3351.113	3346.003	3349.418	6313	0	160
2025.08.18	07:00:00	3349.516	3355.648	3347.144	3349.022	6984	0	160
2025.08.18	08:00:00	3349.024	3349.960	3344.554	3348.651	5909	0	160
2025.08.18	09:00:00	3348.665	3351.734	3347.521	3348.152	5479	0	160
2025.08.18	10:00:00	3348.124	3351.412	3346.507	3346.627	5060	0	160
2025.08.18	11:00:00	3346.629	3348.766	3344.475	3345.456	4204	0	160
2025.08.18	12:00:00	3345.500	3348.839	3343.117	3344.723	6895	0	160
2025.08.18	13:00:00	3344.797	3345.006	3335.680	3336.874	9816	0	160
2025.08.18	14:00:00	3336.899	3338.685	3332.410	3334.362	9015	0	160
2025.08.18	15:00:00	3334.397	3336.869	3332.195	3335.606	6124	0	160
2025.08.18	16:00:00	3335.702	3335.884	3331.713	3334.356	5240	0	160
2025.08.18	17:00:00	3334.281	3334.827	3331.685	3333.713	4621	0	160
2025.08.18	18:00:00	3333.679	3333.799	3331.436	3331.923	3281	0	160
2025.08.18	19:00:00	3331.967	3334.424	3330.179	3333.623	3754	0	160
2025.08.18	20:00:00	3333.667	3334.266	3332.650	3332.676	2107	0	160
2025.08.18	22:00:00	3333.777	3334.693	3332.857	3334.408	2645	0	160
2025.08.18	23:00:00	3334.409	3334.719	3330.542	3330.978	3159	0	160
2025.08.19	00:00:00	3330.990	3339.164	3326.070	3335.114	8830	0	160
2025.08.19	01:00:00	3335.197	3335.678	3330.107	3333.011	9576	0	160
2025.08.19	02:00:00	3333.000	3338.076	3329.500	3338.060	5965	0	160
2025.08.19	03:00:00	3338.074	3341.663	3337.074	3337.787	5743	0	160
2025.08.19	04:00:00	3337.745	3338.217	3334.400	3337.653	4344	0	160
2025.08.19	05:00:00	3337.644	3340.660	3335.683	3336.165	5262	0	160
2025.08.19	06:00:00	3336.189	3338.783	3334.466	3335.951	5469	0	160
2025.08.19	07:00:00	3336.041	3341.845	3335.018	3340.711	6570	0	160
2025.08.19	08:00:00	3340.777	3340.961	3336.427	3338.000	4843	0	160
2025.08.19	09:00:00	3338.019	3339.691	3336.886	3339.286	4436	0	160
2025.08.19	10:00:00	3339.264	3345.304	3339.219	3343.506	4949	0	160
2025.08.19	11:00:00	3343.543	3344.811	3339.273	3339.767	4877	0	160
2025.08.19	12:00:00	3339.768	3340.544	3334.292	3334.794	7268	0	160
2025.08.19	13:00:00	3334.767	3339.336	3325.658	3333.990	12794	0	160
2025.08.19	14:00:00	3334.028	3336.975	3320.884	3325.307	12851	0	160
2025.08.19	15:00:00	3325.334	3326.733	3321.589	3322.669	8547	0	160
2025.08.19	16:00:00	3322.711	3324.435	3317.023	3317.493	6398	0	160
2025.08.19	17:00:00	3317.488	3320.035	3314.867	3317.549	6522	0	160
2025.08.19	18:00:00	3317.505	3320.197	3316.778	3318.522	4022	0	160
2025.08.19	19:00:00	3318.519	3318.898	3315.491	3315.965	4574	0	160
2025.08.19	20:00:00	3315.923	3317.474	3314.928	3315.311	3169	0	160
2025.08.19	22:00:00	3316.796	3317.637	3315.447	3316.852	2549	0	160
2025.08.19	23:00:00	3316.870	3316.894	3312.771	3314.231	3820	0	160
2025.08.20	00:00:00	3314.241	3317.055	3312.800	3316.019	5480	0	160
2025.08.20	01:00:00	3315.987	3317.769	3311.514	3315.310	8150	0	160
2025.08.20	02:00:00	3315.273	3317.103	3312.415	3314.045	6256	0	160
2025.08.20	03:00:00	3314.011	3318.648	3313.995	3317.520	5269	0	160
2025.08.20	04:00:00	3317.517	3320.996	3317.177	3318.715	4054	0	160
2025.08.20	05:00:00	3318.739	3324.089	3318.120	3323.398	5042	0	160
2025.08.20	06:00:00	3323.403	3325.954	3322.217	3322.964	5851	0	160
2025.08.20	07:00:00	3322.939	3327.549	3321.610	3324.813	5544	0	160
2025.08.20	08:00:00	3324.769	3325.626	3320.886	3324.921	5378	0	160
2025.08.20	09:00:00	3324.864	3327.440	3323.529	3326.141	5157	0	160
2025.08.20	10:00:00	3326.156	3327.913	3323.840	3326.542	5044	0	160
2025.08.20	11:00:00	3326.500	3332.935	3325.719	3332.313	6756	0	160
2025.08.20	12:00:00	3332.320	3344.901	3332.056	3342.895	10071	0	160
2025.08.20	13:00:00	3342.869	3348.383	3338.861	3344.905	10609	0	160
2025.08.20	14:00:00	3344.944	3350.322	3340.020	3346.956	9463	0	160
2025.08.20	15:00:00	3346.936	3346.964	3338.821	3340.594	6736	0	160
2025.08.20	16:00:00	3340.703	3346.006	3340.660	3345.137	4859	0	160
2025.08.20	17:00:00	3345.147	3348.135	3344.017	3346.972	4740	0	160
2025.08.20	18:00:00	3347.026	3347.135	3344.028	3345.732	4615	0	160
2025.08.20	19:00:00	3345.718	3349.263	3345.052	3348.821	4245	0	160
2025.08.20	20:00:00	3348.773	3349.264	3347.468	3348.453	2988	0	160
2025.08.20	22:00:00	3350.438	3352.092	3348.753	3349.720	3827	0	160
2025.08.20	23:00:00	3349.720	3349.720	3346.342	3346.836	3556	0	160
2025.08.21	00:00:00	3346.906	3346.906	3341.466	3342.307	4728	0	160
2025.08.21	01:00:00	3342.354	3346.382	3340.813	3342.800	6025	0	160
2025.08.21	02:00:00	3342.800	3345.012	3340.379	3344.656	5070	0	160
2025.08.21	03:00:00	3344.640	3344.819	3339.687	3339.858	4267	0	160
2025.08.21	04:00:00	3339.887	3341.045	3337.944	3338.294	3632	0	160
2025.08.21	05:00:00	3338.305	3340.681	3337.065	3338.831	4409	0	160
2025.08.21	06:00:00	3338.788	3339.869	3334.283	3336.678	5903	0	160
2025.08.21	07:00:00	3336.614	3341.525	3335.373	3339.629	5108	0	160
2025.08.21	08:00:00	3339.665	3341.341	3337.885	3339.652	4476	0	160
2025.08.21	09:00:00	3339.608	3342.234	3338.015	3340.579	4812	0	160
2025.08.21	10:00:00	3340.657	3341.531	3327.491	3328.409	7004	0	160
2025.08.21	11:00:00	3328.389	3334.409	3325.126	3333.569	7264	0	160
2025.08.21	12:00:00	3333.604	3345.077	3333.604	3341.888	11555	0	160
2025.08.21	13:00:00	3341.924	3347.680	3336.012	3339.367	13867	0	160
2025.08.21	14:00:00	3339.407	3348.112	3337.876	3344.115	11983	0	160
2025.08.21	15:00:00	3344.225	3346.212	3337.548	3343.647	9449	0	160
2025.08.21	16:00:00	3343.597	3343.972	3338.282	3339.780	5410	0	160
2025.08.21	17:00:00	3339.801	3342.064	3336.960	3337.067	4569	0	160
2025.08.21	18:00:00	3337.107	3339.576	3336.544	3339.353	3684	0	160
2025.08.21	19:00:00	3339.336	3341.948	3337.959	3338.823	3703	0	160
2025.08.21	20:00:00	3338.863	3339.203	3337.841	3338.676	2179	0	160
2025.08.21	22:00:00	3338.375	3340.640	3338.232	3338.888	2909	0	160
2025.08.21	23:00:00	3338.997	3339.567	3337.356	3338.411	2550	0	160
2025.08.22	00:00:00	3338.367	3339.803	3335.029	3339.560	4784	0	160
2025.08.22	01:00:00	3339.602	3340.225	3333.759	3334.130	5446	0	160
2025.08.22	02:00:00	3334.130	3336.219	3332.802	3334.146	5106	0	160
2025.08.22	03:00:00	3334.106	3335.337	3331.613	3331.976	4535	0	160
2025.08.22	04:00:00	3331.963	3332.732	3327.988	3328.411	3770	0	160
2025.08.22	05:00:00	3328.424	3331.449	3327.183	3330.072	4567	0	160
2025.08.22	06:00:00	3330.074	3330.421	3325.692	3329.434	5255	0	160
2025.08.22	07:00:00	3329.393	3335.026	3325.817	3327.465	6650	0	160
2025.08.22	08:00:00	3327.428	3330.624	3325.332	3328.827	6155	0	160
2025.08.22	09:00:00	3328.824	3331.628	3328.124	3330.136	4493	0	160
2025.08.22	10:00:00	3330.107	3331.771	3328.892	3330.913	4150	0	160
2025.08.22	11:00:00	3330.946	3331.087	3327.647	3329.346	4839	0	160
2025.08.22	12:00:00	3329.342	3329.990	3321.378	3323.540	10789	0	160
2025.08.22	13:00:00	3323.498	3336.257	3323.167	3333.702	10953	0	160
2025.08.22	14:00:00	3333.733	3376.788	3333.733	3373.882	38030	0	160
2025.08.22	15:00:00	3373.846	3378.869	3367.383	3367.914	13017	0	160
2025.08.22	16:00:00	3367.883	3374.234	3367.824	3370.588	7987	0	160
2025.08.22	17:00:00	3370.549	3375.501	3370.465	3374.205	5406	0	160
2025.08.22	18:00:00	3374.155	3375.071	3371.021	3372.681	4539	0	160
2025.08.22	19:00:00	3372.659	3373.590	3368.904	3373.188	4591	0	160
2025.08.22	20:00:00	3373.213	3373.666	3370.154	3372.299	3371	0	160
2025.08.24	22:00:00	3368.744	3370.214	3365.848	3367.355	3517	0	160
2025.08.24	23:00:00	3367.292	3371.039	3366.361	3368.995	3663	0	160
2025.08.25	00:00:00	3369.080	3369.684	3363.212	3364.886	5170	0	160
2025.08.25	01:00:00	3364.933	3367.858	3360.690	3362.829	6984	0	160
2025.08.25	02:00:00	3362.831	3365.125	3359.796	3364.405	5184	0	160
2025.08.25	03:00:00	3364.361	3368.076	3364.166	3367.263	3750	0	160
2025.08.25	04:00:00	3367.263	3367.721	3363.791	3366.039	3571	0	160
2025.08.25	05:00:00	3366.050	3366.074	3363.028	3364.579	3865	0	160
2025.08.25	06:00:00	3364.541	3369.590	3364.438	3368.970	4690	0	160
2025.08.25	07:00:00	3368.931	3369.888	3366.083	3366.226	4072	0	160
2025.08.25	08:00:00	3366.229	3366.771	3363.408	3363.979	4034	0	160
2025.08.25	09:00:00	3363.940	3368.010	3361.927	3367.282	4082	0	160
2025.08.25	10:00:00	3367.329	3368.454	3365.131	3366.034	4076	0	160
2025.08.25	11:00:00	3365.997	3371.514	3365.687	3370.594	4126	0	160
2025.08.25	12:00:00	3370.592	3371.215	3364.171	3364.531	4966	0	160
2025.08.25	13:00:00	3364.533	3371.265	3362.185	3370.840	7856	0	160
2025.08.25	14:00:00	3370.905	3375.465	3369.274	3374.245	8378	0	160
2025.08.25	15:00:00	3374.285	3376.306	3371.822	3374.068	5616	0	160
2025.08.25	16:00:00	3374.001	3374.398	3371.655	3373.753	4403	0	160
2025.08.25	17:00:00	3373.795	3374.842	3370.843	3371.161	4332	0	160
2025.08.25	18:00:00	3371.145	3373.287	3369.868	3370.557	3697	0	160
2025.08.25	19:00:00	3370.556	3370.837	3365.183	3365.421	4162	0	160
2025.08.25	20:00:00	3365.465	3366.191	3364.249	3365.501	2758	0	160
2025.08.25	22:00:00	3365.597	3367.156	3363.690	3364.294	2914	0	160
2025.08.25	23:00:00	3364.260	3364.260	3351.710	3354.892	6755	0	160
2025.08.26	00:00:00	3354.827	3386.515	3351.207	3383.264	21537	0	160
2025.08.26	01:00:00	3383.298	3384.937	3371.652	3376.709	11295	0	160
2025.08.26	02:00:00	3376.741	3379.052	3372.920	3375.359	7025	0	160
2025.08.26	03:00:00	3375.365	3375.470	3369.747	3372.210	5716	0	160
2025.08.26	04:00:00	3372.217	3379.040	3372.085	3377.449	4857	0	160
2025.08.26	05:00:00	3377.407	3379.072	3372.475	3376.558	5556	0	160
2025.08.26	06:00:00	3376.532	3377.693	3372.465	3376.268	5887	0	160
2025.08.26	07:00:00	3376.230	3379.121	3367.291	3376.726	8458	0	160
2025.08.26	08:00:00	3376.741	3379.909	3375.590	3376.693	5974	0	160
2025.08.26	09:00:00	3376.691	3378.585	3369.419	3372.012	7065	0	160
2025.08.26	10:00:00	3372.003	3375.164	3367.235	3371.960	5495	0	160
2025.08.26	11:00:00	3371.997	3380.360	3370.668	3377.501	6982	0	160
2025.08.26	12:00:00	3377.520	3379.793	3371.022	3372.062	8018	0	160
2025.08.26	13:00:00	3372.096	3378.117	3370.565	3375.794	11245	0	160
2025.08.26	14:00:00	3375.707	3379.579	3370.374	3379.285	10050	0	160
2025.08.26	15:00:00	3379.326	3389.457	3378.586	3386.688	7283	0	160
2025.08.26	16:00:00	3386.675	3387.712	3382.479	3383.001	5617	0	160
2025.08.26	17:00:00	3382.967	3385.932	3381.510	3381.714	4671	0	160
2025.08.26	18:00:00	3381.681	3385.676	3380.289	3385.602	4239	0	160
2025.08.26	19:00:00	3385.566	3390.818	3385.081	3389.658	4605	0	160
2025.08.26	20:00:00	3389.689	3393.583	3389.191	3393.583	2887	0	160
2025.08.26	22:00:00	3392.136	3392.241	3388.720	3391.043	3770	0	160
2025.08.26	23:00:00	3390.991	3392.952	3389.960	3390.862	3377	0	160
2025.08.27	00:00:00	3390.853	3393.554	3388.957	3389.587	5392	0	160
2025.08.27	01:00:00	3389.627	3390.025	3383.372	3386.299	6933	0	160
2025.08.27	02:00:00	3386.253	3387.051	3382.147	3384.230	4826	0	160
2025.08.27	03:00:00	3384.192	3384.532	3380.577	3380.633	4073	0	160
2025.08.27	04:00:00	3380.677	3381.242	3373.839	3374.993	4880	0	160
2025.08.27	05:00:00	3375.002	3378.876	3374.055	3377.202	5241	0	160
2025.08.27	06:00:00	3377.204	3381.930	3376.269	3377.539	5448	0	160
2025.08.27	07:00:00	3377.494	3381.586	3373.755	3381.393	5960	0	160
2025.08.27	08:00:00	3381.374	3385.042	3380.998	3384.489	5915	0	160
2025.08.27	09:00:00	3384.494	3385.490	3377.621	3378.177	5743	0	160
2025.08.27	10:00:00	3378.222	3379.183	3374.838	3375.593	6801	0	160
2025.08.27	11:00:00	3375.628	3378.159	3373.698	3376.822	5532	0	160
2025.08.27	12:00:00	3376.844	3382.898	3374.255	3381.195	7786	0	160
2025.08.27	13:00:00	3381.220	3384.797	3375.489	3377.804	11298	0	160
2025.08.27	14:00:00	3377.845	3386.958	3376.067	3386.357	8505	0	160
2025.08.27	15:00:00	3386.398	3390.420	3385.151	3387.898	6795	0	160
2025.08.27	16:00:00	3387.917	3398.823	3387.478	3395.491	7332	0	160
2025.08.27	17:00:00	3395.481	3397.499	3394.860	3395.207	5498	0	160
2025.08.27	18:00:00	3395.170	3396.286	3392.272	3394.541	4034	0	160
2025.08.27	19:00:00	3394.505	3396.328	3393.729	3396.210	4206	0	160
2025.08.27	20:00:00	3396.172	3398.180	3394.137	3397.256	3199	0	160
2025.08.27	22:00:00	3398.497	3398.526	3394.786	3395.754	3550	0	160
2025.08.27	23:00:00	3395.699	3399.502	3395.073	3395.819	3847	0	160
2025.08.28	00:00:00	3395.750	3398.029	3391.314	3391.994	5312	0	160
2025.08.28	01:00:00	3391.970	3392.950	3385.521	3386.053	7988	0	160
2025.08.28	02:00:00	3385.967	3391.402	3384.637	3391.355	5788	0	160
2025.08.28	03:00:00	3391.347	3392.486	3388.916	3390.079	4493	0	160
2025.08.28	04:00:00	3390.206	3392.233	3388.701	3390.214	3834	0	160
2025.08.28	05:00:00	3390.223	3390.830	3387.608	3389.170	4300	0	160
2025.08.28	06:00:00	3389.199	3395.717	3388.767	3395.334	5900	0	160
2025.08.28	07:00:00	3395.314	3397.696	3393.757	3395.752	6087	0	160
2025.08.28	08:00:00	3395.746	3401.034	3393.982	3400.710	6322	0	160
2025.08.28	09:00:00	3400.758	3401.599	3398.441	3399.232	4893	0	160
2025.08.28	10:00:00	3399.229	3399.268	3393.821	3397.036	6027	0	160
2025.08.28	11:00:00	3397.002	3407.671	3396.239	3404.153	6787	0	160
2025.08.28	12:00:00	3404.058	3408.791	3396.873	3397.246	11103	0	160
2025.08.28	13:00:00	3397.271	3410.415	3394.306	3407.280	13323	0	160
2025.08.28	14:00:00	3407.277	3413.490	3406.456	3412.280	8926	0	160
2025.08.28	15:00:00	3412.323	3413.137	3404.463	3410.901	7506	0	160
2025.08.28	16:00:00	3410.897	3417.770	3409.857	3415.500	6251	0	160
2025.08.28	17:00:00	3415.476	3418.786	3414.558	3418.088	5290	0	160
2025.08.28	18:00:00	3417.995	3420.239	3417.247	3419.973	4644	0	160
2025.08.28	19:00:00	3420.003	3423.212	3417.918	3422.070	5779	0	160
2025.08.28	20:00:00	3422.110	3422.521	3416.322	3417.012	3671	0	160
2025.08.28	22:00:00	3417.816	3418.467	3415.523	3416.882	3025	0	160
2025.08.28	23:00:00	3416.809	3416.818	3414.759	3414.819	2321	0	160
2025.08.29	00:00:00	3414.850	3417.885	3413.015	3413.440	5003	0	160
2025.08.29	01:00:00	3413.545	3413.667	3407.956	3409.976	6158	0	160
2025.08.29	02:00:00	3409.971	3414.019	3409.933	3411.347	4955	0	160
2025.08.29	03:00:00	3411.370	3413.577	3409.926	3410.864	4114	0	160
2025.08.29	04:00:00	3410.843	3411.547	3407.483	3408.899	4178	0	160
2025.08.29	05:00:00	3408.933	3410.795	3406.922	3410.265	4065	0	160
2025.08.29	06:00:00	3410.244	3412.616	3407.858	3410.229	4649	0	160
2025.08.29	07:00:00	3410.224	3412.661	3406.537	3412.197	5713	0	160
2025.08.29	08:00:00	3412.161	3414.879	3409.775	3410.410	5317	0	160
2025.08.29	09:00:00	3410.435	3411.016	3406.844	3407.430	5516	0	160
2025.08.29	10:00:00	3407.440	3408.851	3404.684	3405.559	4640	0	160
2025.08.29	11:00:00	3405.581	3411.314	3404.309	3410.725	4825	0	160
2025.08.29	12:00:00	3410.655	3416.888	3406.708	3416.487	8698	0	160
2025.08.29	13:00:00	3416.521	3429.027	3413.653	3428.691	10350	0	160
2025.08.29	14:00:00	3428.723	3441.077	3428.723	3440.875	14512	0	160
2025.08.29	15:00:00	3440.839	3447.633	3438.953	3445.494	10604	0	160
2025.08.29	16:00:00	3445.487	3449.363	3442.280	3449.165	8474	0	160
2025.08.29	17:00:00	3449.114	3450.149	3440.988	3443.714	7876	0	160
2025.08.29	18:00:00	3443.751	3445.680	3441.010	3442.929	5907	0	160
2025.08.29	19:00:00	3442.910	3453.924	3441.607	3452.573	7250	0	160
2025.08.29	20:00:00	3452.605	3452.734	3445.768	3448.035	5530	0	160
2025.08.31	22:00:00	3445.866	3452.606	3442.459	3450.204	5483	0	160
2025.08.31	23:00:00	3450.201	3450.856	3444.678	3447.952	4313	0	160
2025.09.01	00:00:00	3447.912	3447.912	3442.710	3444.039	5866	0	160
2025.09.01	01:00:00	3444.112	3459.300	3437.028	3457.220	10331	0	160
2025.09.01	02:00:00	3457.272	3484.755	3455.170	3483.531	22774	0	160
2025.09.01	03:00:00	3483.591	3486.107	3469.687	3474.523	12990	0	160
2025.09.01	04:00:00	3474.491	3479.419	3472.185	3475.134	6521	0	160
2025.09.01	05:00:00	3475.028	3482.790	3474.230	3477.234	8689	0	160
2025.09.01	06:00:00	3477.210	3489.928	3476.761	3479.239	10040	0	160
2025.09.01	07:00:00	3479.213	3481.013	3467.764	3477.857	10212	0	160
2025.09.01	08:00:00	3477.886	3479.901	3474.503	3476.919	7487	0	160
2025.09.01	09:00:00	3477.002	3477.151	3467.200	3469.407	7886	0	160
2025.09.01	10:00:00	3469.439	3473.940	3466.281	3470.566	8111	0	160
2025.09.01	11:00:00	3470.526	3473.443	3467.670	3470.025	7849	0	160
2025.09.01	12:00:00	3470.058	3471.660	3467.112	3469.461	6805	0	160
2025.09.01	13:00:00	3469.434	3479.084	3468.871	3475.327	8288	0	160
2025.09.01	14:00:00	3475.300	3481.298	3473.680	3475.635	7316	0	160
2025.09.01	15:00:00	3475.631	3479.094	3473.423	3474.085	4995	0	160
2025.09.01	16:00:00	3474.090	3477.711	3472.350	3477.371	3503	0	160
2025.09.01	17:00:00	3477.347	3478.890	3476.126	3477.947	2918	0	160
2025.09.01	18:00:00	3477.875	3478.030	3476.180	3476.760	828	0	160
2025.09.01	22:00:00	3476.299	3480.401	3475.302	3475.302	5881	0	160
2025.09.01	23:00:00	3475.227	3481.524	3474.527	3479.211	5564	0	160
2025.09.02	00:00:00	3479.183	3485.120	3478.169	3479.155	8398	0	160
2025.09.02	01:00:00	3479.206	3508.741	3476.897	3497.812	17475	0	160
2025.09.02	02:00:00	3497.837	3500.845	3491.273	3496.258	11159	0	160
2025.09.02	03:00:00	3496.228	3496.228	3490.049	3495.044	7078	0	160
2025.09.02	04:00:00	3495.008	3498.332	3493.296	3496.698	5421	0	160
2025.09.02	05:00:00	3496.693	3497.872	3492.119	3493.312	6896	0	160
2025.09.02	06:00:00	3493.291	3495.731	3483.236	3485.684	10326	0	160
2025.09.02	07:00:00	3485.709	3488.363	3472.072	3476.857	13478	0	160
2025.09.02	08:00:00	3476.955	3481.419	3470.218	3477.603	11060	0	160
2025.09.02	09:00:00	3477.635	3480.364	3475.956	3476.731	8933	0	160
2025.09.02	10:00:00	3476.775	3485.926	3475.705	3485.649	9083	0	160
2025.09.02	11:00:00	3485.695	3490.140	3478.517	3489.727	10189	0	160
2025.09.02	12:00:00	3489.687	3494.072	3474.190	3482.187	19588	0	160
2025.09.02	13:00:00	3482.227	3493.570	3478.284	3489.304	23141	0	160
2025.09.02	14:00:00	3489.277	3514.171	3488.613	3511.050	21077	0	160
2025.09.02	15:00:00	3511.080	3520.300	3509.506	3520.300	14365	0	160
2025.09.02	16:00:00	3520.327	3528.752	3518.156	3527.784	11106	0	160
2025.09.02	17:00:00	3527.728	3530.380	3521.899	3529.299	8362	0	160
2025.09.02	18:00:00	3529.329	3532.064	3525.269	3528.301	7016	0	160
2025.09.02	19:00:00	3528.336	3540.122	3528.336	3536.978	8238	0	160
2025.09.02	20:00:00	3537.036	3537.730	3533.327	3533.885	4786	0	160
2025.09.02	22:00:00	3531.828	3535.033	3529.104	3529.317	4809	0	160
2025.09.02	23:00:00	3529.311	3533.215	3526.293	3529.984	5605	0	160
2025.09.03	00:00:00	3530.010	3546.950	3528.022	3536.100	13185	0	160
2025.09.03	01:00:00	3536.047	3541.792	3531.858	3538.880	12758	0	160
2025.09.03	02:00:00	3538.778	3545.972	3531.270	3531.815	10868	0	160
2025.09.03	03:00:00	3531.787	3533.482	3529.272	3530.921	8560	0	160
2025.09.03	04:00:00	3530.815	3538.292	3530.619	3536.886	6058	0	160
2025.09.03	05:00:00	3536.884	3538.016	3526.781	3529.999	7877	0	160
2025.09.03	06:00:00	3529.958	3537.445	3529.825	3535.274	8462	0	160
2025.09.03	07:00:00	3535.236	3537.080	3529.291	3533.847	8048	0	160
2025.09.03	08:00:00	3533.874	3541.314	3533.777	3540.001	8676	0	160
2025.09.03	09:00:00	3540.006	3541.951	3533.870	3534.332	7649	0	160
2025.09.03	10:00:00	3534.375	3541.743	3532.292	3540.068	7004	0	160
2025.09.03	11:00:00	3540.060	3549.594	3539.914	3547.551	9647	0	160
2025.09.03	12:00:00	3547.535	3551.496	3541.357	3550.502	14875	0	160
2025.09.03	13:00:00	3550.471	3561.410	3549.369	3553.798	22347	0	160
2025.09.03	14:00:00	3553.662	3565.572	3551.474	3558.409	21166	0	160
2025.09.03	15:00:00	3558.442	3567.404	3557.392	3563.953	10984	0	160
2025.09.03	16:00:00	3563.950	3572.578	3562.225	3572.479	7740	0	160
2025.09.03	17:00:00	3572.442	3575.998	3570.247	3574.309	6871	0	160
2025.09.03	18:00:00	3574.348	3578.427	3565.393	3570.298	11006	0	160
2025.09.03	19:00:00	3570.343	3571.633	3561.159	3563.559	11100	0	160
2025.09.03	20:00:00	3563.527	3566.064	3558.825	3559.616	5544	0	160
2025.09.03	22:00:00	3560.701	3564.225	3559.808	3561.783	8065	0	160
2025.09.03	23:00:00	3561.803	3561.803	3554.411	3560.292	7959	0	160
2025.09.04	00:00:00	3560.341	3562.575	3552.080	3561.459	9438	0	160
2025.09.04	01:00:00	3561.568	3563.473	3543.593	3546.202	15530	0	160
2025.09.04	02:00:00	3546.229	3550.531	3526.345	3530.883	17107	0	160
2025.09.04	03:00:00	3530.823	3531.778	3511.211	3529.147	15991	0	160
2025.09.04	04:00:00	3529.182	3534.387	3528.697	3533.077	5735	0	160
2025.09.04	05:00:00	3533.055	3534.098	3525.369	3527.297	8637	0	160
2025.09.04	06:00:00	3527.343	3541.701	3524.440	3536.065	11737	0	160
2025.09.04	07:00:00	3536.108	3541.248	3532.635	3541.137	9666	0	160
2025.09.04	08:00:00	3541.090	3545.577	3537.318	3541.242	8844	0	160
2025.09.04	09:00:00	3541.204	3544.915	3536.688	3538.673	7719	0	160
2025.09.04	10:00:00	3538.681	3546.977	3538.357	3540.834	7976	0	160
2025.09.04	11:00:00	3540.873	3549.862	3536.558	3545.464	9637	0	160
2025.09.04	12:00:00	3545.419	3553.912	3541.207	3548.260	14572	0	160
2025.09.04	13:00:00	3548.288	3558.825	3539.738	3546.646	21246	0	160
2025.09.04	14:00:00	3546.841	3546.841	3535.042	3545.936	19978	0	160
2025.09.04	15:00:00	3545.976	3553.313	3542.386	3552.829	10086	0	160
2025.09.04	16:00:00	3552.866	3556.227	3549.201	3552.567	7272	0	160
2025.09.04	17:00:00	3552.536	3555.393	3542.526	3542.969	7328	0	160
2025.09.04	18:00:00	3542.960	3548.291	3542.779	3546.290	6161	0	160
2025.09.04	19:00:00	3546.301	3551.047	3545.656	3549.800	5162	0	160
2025.09.04	20:00:00	3549.836	3550.486	3544.349	3545.680	3527	0	160
2025.09.04	22:00:00	3544.605	3545.948	3539.909	3540.837	4378	0	160
2025.09.04	23:00:00	3540.902	3554.549	3540.776	3552.549	6400	0	160
2025.09.05	00:00:00	3552.532	3556.504	3548.969	3552.136	9004	0	160
2025.09.05	01:00:00	3552.116	3556.477	3550.082	3552.413	9224	0	160
2025.09.05	02:00:00	3552.370	3555.317	3545.958	3550.771	7084	0	160
2025.09.05	03:00:00	3550.759	3559.102	3548.636	3558.294	5988	0	160
2025.09.05	04:00:00	3558.359	3559.244	3556.230	3558.421	4258	0	160
2025.09.05	05:00:00	3558.512	3561.150	3555.763	3557.739	6075	0	160
2025.09.05	06:00:00	3557.772	3558.068	3548.259	3552.553	7733	0	160
2025.09.05	07:00:00	3552.585	3554.336	3546.635	3548.197	8265	0	160
2025.09.05	08:00:00	3548.161	3549.921	3544.721	3546.031	7364	0	160
2025.09.05	09:00:00	3546.062	3553.702	3545.960	3552.428	6432	0	160
2025.09.05	10:00:00	3552.321	3552.969	3549.455	3551.797	5642	0	160
2025.09.05	11:00:00	3551.786	3555.201	3547.862	3553.228	6916	0	160
2025.09.05	12:00:00	3553.254	3586.859	3548.802	3580.248	32858	0	160
2025.09.05	13:00:00	3580.217	3595.250	3573.332	3594.470	33867	0	160
2025.09.05	14:00:00	3594.500	3597.893	3573.134	3590.206	29939	0	160
2025.09.05	15:00:00	3590.144	3595.493	3581.798	3592.005	16432	0	160
2025.09.05	16:00:00	3592.046	3600.076	3591.169	3595.243	10890	0	160
2025.09.05	17:00:00	3595.329	3597.442	3590.504	3596.350	10339	0	160
2025.09.05	18:00:00	3596.364	3597.262	3592.540	3595.462	7532	0	160
2025.09.05	19:00:00	3595.418	3596.018	3592.657	3594.813	6391	0	160
2025.09.05	20:00:00	3594.773	3595.357	3586.376	3586.597	5915	0	160
2025.09.07	22:00:00	3591.856	3596.716	3587.112	3592.104	15713	0	160
2025.09.07	23:00:00	3592.150	3594.025	3587.753	3591.178	8000	0	160
2025.09.08	00:00:00	3591.110	3594.362	3586.867	3594.241	9969	0	160
2025.09.08	01:00:00	3594.197	3597.160	3584.935	3589.421	16688	0	160
2025.09.08	02:00:00	3589.481	3594.412	3586.497	3590.686	11557	0	160
2025.09.08	03:00:00	3590.717	3592.156	3582.926	3583.610	6902	0	160
2025.09.08	04:00:00	3583.567	3584.765	3579.620	3581.563	5603	0	160
2025.09.08	05:00:00	3581.596	3591.538	3581.172	3591.099	6837	0	160
2025.09.08	06:00:00	3591.154	3598.836	3589.519	3598.021	8186	0	160
2025.09.08	07:00:00	3598.042	3613.605	3596.412	3609.483	10852	0	160
2025.09.08	08:00:00	3609.581	3617.345	3607.132	3611.310	9313	0	160
2025.09.08	09:00:00	3611.278	3614.970	3608.659	3613.703	7405	0	160
2025.09.08	10:00:00	3613.793	3622.520	3613.515	3616.988	8392	0	160
2025.09.08	11:00:00	3616.980	3620.018	3612.781	3619.901	7221	0	160
2025.09.08	12:00:00	3619.926	3626.099	3614.775	3624.147	11078	0	160
2025.09.08	13:00:00	3624.263	3636.905	3620.324	3633.366	22023	0	160
2025.09.08	14:00:00	3633.453	3640.929	3628.870	3640.670	17541	0	160
2025.09.08	15:00:00	3640.714	3646.316	3633.231	3639.260	14430	0	160
2025.09.08	16:00:00	3639.339	3641.772	3635.833	3640.569	8967	0	160
2025.09.08	17:00:00	3640.563	3641.153	3632.544	3633.376	7793	0	160
2025.09.08	18:00:00	3633.473	3636.623	3631.841	3635.955	5867	0	160
2025.09.08	19:00:00	3636.064	3637.635	3632.534	3636.528	5656	0	160
2025.09.08	20:00:00	3636.555	3637.945	3634.395	3635.352	3532	0	160
2025.09.08	22:00:00	3634.538	3636.942	3628.825	3629.477	4847	0	160
2025.09.08	23:00:00	3629.502	3636.227	3628.216	3634.992	5614	0	160
2025.09.09	00:00:00	3635.023	3640.893	3633.474	3638.541	7621	0	160
2025.09.09	01:00:00	3638.494	3647.426	3635.963	3646.405	11328	0	160
2025.09.09	02:00:00	3646.470	3654.597	3644.706	3647.575	11059	0	160
2025.09.09	03:00:00	3647.543	3651.958	3642.647	3645.838	9706	0	160
2025.09.09	04:00:00	3645.864	3657.150	3645.694	3654.973	5884	0	160
2025.09.09	05:00:00	3654.934	3659.258	3652.841	3655.269	7505	0	160
2025.09.09	06:00:00	3655.316	3656.371	3636.485	3647.471	20341	0	160
2025.09.09	07:00:00	3647.511	3650.920	3641.579	3644.363	10063	0	160
2025.09.09	08:00:00	3644.298	3651.005	3641.989	3648.139	11484	0	160
2025.09.09	09:00:00	3648.185	3656.710	3647.681	3653.664	8071	0	160
2025.09.09	10:00:00	3653.701	3656.084	3648.825	3651.822	6714	0	160
2025.09.09	11:00:00	3651.925	3654.236	3646.855	3648.000	6985	0	160
2025.09.09	12:00:00	3648.072	3655.338	3643.809	3647.499	12688	0	160
2025.09.09	13:00:00	3647.474	3668.322	3646.383	3666.057	20813	0	160
2025.09.09	14:00:00	3666.025	3674.541	3636.113	3645.065	48677	0	160
2025.09.09	15:00:00	3645.107	3646.426	3626.845	3645.441	23006	0	160
2025.09.09	16:00:00	3645.462	3649.458	3644.117	3644.994	8455	0	160
2025.09.09	17:00:00	3644.952	3646.425	3641.305	3642.752	7225	0	160
2025.09.09	18:00:00	3642.788	3645.083	3639.656	3640.417	6041	0	160
2025.09.09	19:00:00	3640.358	3641.341	3628.449	3629.362	8077	0	160
2025.09.09	20:00:00	3629.325	3632.830	3626.631	3626.758	4840	0	160
2025.09.09	22:00:00	3625.128	3635.794	3623.120	3635.422	7823	0	160
2025.09.09	23:00:00	3635.429	3640.753	3633.307	3633.568	6950	0	160
2025.09.10	00:00:00	3633.543	3634.433	3621.389	3623.872	10347	0	160
2025.09.10	01:00:00	3623.866	3632.697	3620.180	3630.635	16011	0	160
2025.09.10	02:00:00	3630.737	3638.325	3630.113	3636.275	9054	0	160
2025.09.10	03:00:00	3636.303	3637.018	3633.118	3636.479	6117	0	160
2025.09.10	04:00:00	3636.579	3643.284	3636.488	3642.932	4699	0	160
2025.09.10	05:00:00	3642.929	3645.386	3639.888	3642.962	5987	0	160
2025.09.10	06:00:00	3642.953	3647.585	3640.727	3643.637	8734	0	160
2025.09.10	07:00:00	3643.675	3648.467	3641.222	3644.103	8712	0	160
2025.09.10	08:00:00	3644.141	3647.623	3641.995	3645.772	7133	0	160
2025.09.10	09:00:00	3645.858	3655.976	3644.968	3655.151	6515	0	160
2025.09.10	10:00:00	3655.113	3657.577	3651.532	3655.249	7026	0	160
2025.09.10	11:00:00	3655.287	3656.345	3648.442	3649.282	7795	0	160
2025.09.10	12:00:00	3649.298	3657.417	3640.357	3643.941	17795	0	160
2025.09.10	13:00:00	3643.979	3654.046	3642.196	3651.201	16659	0	160
2025.09.10	14:00:00	3651.225	3655.283	3643.914	3647.500	12622	0	160
2025.09.10	15:00:00	3647.546	3648.654	3638.438	3644.495	10528	0	160
2025.09.10	16:00:00	3644.465	3646.867	3639.886	3642.820	7539	0	160
2025.09.10	17:00:00	3642.777	3647.581	3641.652	3647.350	6078	0	160
2025.09.10	18:00:00	3647.367	3649.720	3644.531	3645.276	4888	0	160
2025.09.10	19:00:00	3645.313	3646.410	3635.064	3641.898	6993	0	160
2025.09.10	20:00:00	3641.864	3642.832	3637.997	3640.016	3763	0	160
2025.09.10	22:00:00	3643.435	3644.450	3638.111	3639.855	4271	0	160
2025.09.10	23:00:00	3639.921	3645.552	3638.508	3644.915	4558	0	160
2025.09.11	00:00:00	3644.851	3647.184	3642.574	3643.966	8001	0	160
2025.09.11	01:00:00	3643.938	3649.150	3639.827	3641.085	8588	0	160
2025.09.11	02:00:00	3641.047	3643.448	3634.142	3637.443	7281	0	160
2025.09.11	03:00:00	3637.468	3637.468	3629.794	3632.005	7483	0	160
2025.09.11	04:00:00	3632.072	3634.375	3630.149	3630.686	4469	0	160
2025.09.11	05:00:00	3630.719	3633.379	3623.356	3625.068	9538	0	160
2025.09.11	06:00:00	3625.112	3637.976	3622.666	3633.222	10247	0	160
2025.09.11	07:00:00	3633.325	3633.402	3623.807	3629.811	9605	0	160
2025.09.11	08:00:00	3629.845	3631.716	3625.434	3626.269	6477	0	160
2025.09.11	09:00:00	3626.232	3626.232	3614.136	3621.886	9932	0	160
2025.09.11	10:00:00	3621.900	3624.945	3619.716	3621.852	6512	0	160
2025.09.11	11:00:00	3621.810	3622.192	3615.398	3616.789	7423	0	160
2025.09.11	12:00:00	3616.760	3643.946	3613.082	3628.904	24148	0	160
2025.09.11	13:00:00	3628.936	3637.052	3618.325	3630.289	26955	0	160
2025.09.11	14:00:00	3630.179	3637.889	3626.162	3629.585	15990	0	160
2025.09.11	15:00:00	3629.609	3638.993	3629.609	3633.060	9250	0	160
2025.09.11	16:00:00	3633.102	3641.947	3633.102	3636.144	9057	0	160
2025.09.11	17:00:00	3636.184	3636.664	3631.793	3635.065	7557	0	160
2025.09.11	18:00:00	3635.104	3637.084	3630.298	3632.341	5640	0	160
2025.09.11	19:00:00	3632.329	3637.470	3632.142	3636.945	5253	0	160
2025.09.11	20:00:00	3636.909	3637.639	3633.176	3633.536	2831	0	160
2025.09.11	22:00:00	3634.833	3638.260	3633.103	3634.867	3123	0	160
2025.09.11	23:00:00	3634.856	3636.161	3631.539	3631.842	3685	0	160
2025.09.12	00:00:00	3631.810	3637.987	3630.497	3636.495	6681	0	160
2025.09.12	01:00:00	3636.547	3647.560	3636.484	3646.470	12585	0	160
2025.09.12	02:00:00	3646.427	3651.001	3644.657	3648.958	8100	0	160
2025.09.12	03:00:00	3648.930	3653.272	3646.551	3652.849	6406	0	160
2025.09.12	04:00:00	3652.810	3656.035	3651.557	3654.847	4762	0	160
2025.09.12	05:00:00	3654.843	3656.620	3651.904	3653.085	6023	0	160
2025.09.12	06:00:00	3653.111	3654.108	3648.295	3650.576	7154	0	160
2025.09.12	07:00:00	3650.602	3653.803	3647.772	3648.301	7554	0	160
2025.09.12	08:00:00	3648.242	3651.195	3639.700	3641.075	9554	0	160
2025.09.12	09:00:00	3641.048	3647.036	3637.707	3646.455	9302	0	160
2025.09.12	10:00:00	3646.507	3652.168	3646.287	3651.124	6361	0	160
2025.09.12	11:00:00	3651.166	3651.988	3646.863	3647.044	6772	0	160
2025.09.12	12:00:00	3647.076	3649.006	3638.242	3645.354	12540	0	160
2025.09.12	13:00:00	3645.394	3652.534	3643.338	3650.623	14440	0	160
2025.09.12	14:00:00	3650.677	3654.320	3647.326	3648.100	11008	0	160
2025.09.12	15:00:00	3648.144	3648.315	3641.859	3644.515	8597	0	160
2025.09.12	16:00:00	3644.539	3649.608	3642.707	3649.096	5571	0	160
2025.09.12	17:00:00	3649.120	3650.615	3647.527	3648.731	4996	0	160
2025.09.12	18:00:00	3648.708	3649.435	3647.053	3648.368	4226	0	160
2025.09.12	19:00:00	3648.405	3648.449	3643.583	3644.164	4096	0	160
2025.09.12	20:00:00	3644.204	3645.399	3641.347	3643.484	4084	0	160
2025.09.14	22:00:00	3644.610	3645.996	3639.748	3642.085	3588	0	160
2025.09.14	23:00:00	3642.136	3642.136	3636.772	3638.241	3532	0	160
2025.09.15	00:00:00	3638.237	3642.599	3631.980	3633.401	7772	0	160
2025.09.15	01:00:00	3633.432	3634.789	3626.541	3634.444	12475	0	160
2025.09.15	02:00:00	3634.377	3645.500	3634.327	3641.069	7286	0	160
2025.09.15	03:00:00	3641.007	3646.422	3640.073	3646.019	5063	0	160
2025.09.15	04:00:00	3646.030	3646.892	3643.676	3645.596	3666	0	160
2025.09.15	05:00:00	3645.640	3646.218	3642.325	3643.623	5030	0	160
2025.09.15	06:00:00	3643.704	3643.980	3636.593	3636.593	7676	0	160
2025.09.15	07:00:00	3636.623	3644.964	3633.754	3643.821	7845	0	160
2025.09.15	08:00:00	3643.900	3645.821	3640.805	3645.461	6955	0	160
2025.09.15	09:00:00	3645.436	3646.004	3635.711	3641.180	7323	0	160
2025.09.15	10:00:00	3641.211	3646.306	3639.097	3639.958	7074	0	160
2025.09.15	11:00:00	3639.945	3646.701	3639.048	3642.661	7022	0	160
2025.09.15	12:00:00	3642.686	3651.031	3636.957	3650.255	11074	0	160
2025.09.15	13:00:00	3650.226	3664.371	3646.794	3657.179	13841	0	160
2025.09.15	14:00:00	3657.147	3663.777	3653.809	3663.436	11958	0	160
2025.09.15	15:00:00	3663.468	3681.938	3662.936	3680.435	10534	0	160
2025.09.15	16:00:00	3680.497	3685.623	3674.749	3679.202	11561	0	160
2025.09.15	17:00:00	3679.209	3682.689	3678.541	3681.705	6865	0	160
2025.09.15	18:00:00	3681.704	3681.970	3675.833	3676.940	5590	0	160
2025.09.15	19:00:00	3676.971	3682.786	3676.666	3680.955	5667	0	160
2025.09.15	20:00:00	3680.912	3681.986	3678.635	3679.020	3635	0	160
2025.09.15	22:00:00	3680.555	3680.605	3676.282	3678.791	3625	0	160
2025.09.15	23:00:00	3678.888	3680.428	3676.111	3676.996	3512	0	160
2025.09.16	00:00:00	3676.886	3686.904	3676.416	3686.353	7704	0	160
2025.09.16	01:00:00	3686.391	3689.475	3677.153	3679.284	11880	0	160
2025.09.16	02:00:00	3679.245	3682.654	3674.646	3677.683	8422	0	160
2025.09.16	03:00:00	3677.718	3683.191	3676.990	3681.135	5585	0	160
2025.09.16	04:00:00	3681.062	3685.495	3680.179	3684.235	4178	0	160
2025.09.16	05:00:00	3684.180	3684.557	3680.325	3682.696	5235	0	160
2025.09.16	06:00:00	3682.789	3694.183	3681.736	3693.352	7646	0	160
2025.09.16	07:00:00	3693.322	3694.170	3686.319	3686.470	8427	0	160
2025.09.16	08:00:00	3686.431	3697.271	3686.135	3694.310	7551	0	160
2025.09.16	09:00:00	3694.280	3698.865	3692.949	3698.197	6922	0	160
2025.09.16	10:00:00	3698.173	3698.752	3692.918	3693.161	6154	0	160
2025.09.16	11:00:00	3693.203	3699.491	3690.542	3697.166	7903	0	160
2025.09.16	12:00:00	3697.203	3697.514	3686.475	3689.260	12247	0	160
2025.09.16	13:00:00	3689.221	3698.594	3685.120	3695.586	15004	0	160
2025.09.16	14:00:00	3695.555	3703.110	3685.705	3686.339	18519	0	160
2025.09.16	15:00:00	3686.374	3688.851	3678.868	3686.142	14622	0	160
2025.09.16	16:00:00	3686.210	3691.170	3684.613	3689.740	7439	0	160
2025.09.16	17:00:00	3689.715	3690.910	3686.312	3687.647	6573	0	160
2025.09.16	18:00:00	3687.665	3690.897	3686.453	3690.631	4727	0	160
2025.09.16	19:00:00	3690.614	3691.084	3687.730	3689.610	4394	0	160
2025.09.16	20:00:00	3689.662	3693.815	3689.440	3689.947	3229	0	160
2025.09.16	22:00:00	3691.231	3692.864	3689.831	3691.878	2702	0	160
2025.09.16	23:00:00	3691.916	3695.243	3691.646	3694.245	3528	0	160
2025.09.17	00:00:00	3694.244	3695.378	3691.152	3691.420	5107	0	160
2025.09.17	01:00:00	3691.374	3692.021	3676.030	3679.426	12489	0	160
2025.09.17	02:00:00	3679.394	3683.841	3674.218	3682.154	10167	0	160
2025.09.17	03:00:00	3682.162	3683.469	3679.880	3681.691	5372	0	160
2025.09.17	04:00:00	3681.688	3682.477	3680.449	3680.774	3451	0	160
2025.09.17	05:00:00	3680.780	3685.835	3675.767	3679.089	7782	0	160
2025.09.17	06:00:00	3679.229	3680.099	3670.370	3675.041	8999	0	160
2025.09.17	07:00:00	3675.010	3677.391	3666.593	3667.199	9422	0	160
2025.09.17	08:00:00	3667.155	3667.913	3662.489	3664.832	8581	0	160
2025.09.17	09:00:00	3664.785	3670.964	3663.882	3667.841	7049	0	160
2025.09.17	10:00:00	3667.883	3669.779	3660.354	3661.556	10238	0	160
2025.09.17	11:00:00	3661.547	3669.878	3659.843	3665.975	9428	0	160
2025.09.17	12:00:00	3666.005	3679.387	3665.538	3678.626	8735	0	160
2025.09.17	13:00:00	3678.691	3682.554	3672.781	3678.752	13807	0	160
2025.09.17	14:00:00	3678.743	3686.161	3676.847	3684.230	9961	0	160
2025.09.17	15:00:00	3684.237	3687.200	3682.835	3684.136	6637	0	160
2025.09.17	16:00:00	3684.167	3688.567	3683.930	3684.739	5469	0	160
2025.09.17	17:00:00	3684.771	3687.804	3678.650	3686.900	6759	0	160
2025.09.17	18:00:00	3686.822	3707.455	3646.057	3650.301	77843	0	160
2025.09.17	19:00:00	3650.344	3666.993	3646.368	3661.730	38019	0	160
2025.09.17	20:00:00	3661.755	3661.755	3656.330	3659.677	6206	0	160
2025.09.17	22:00:00	3660.131	3665.330	3655.582	3662.982	6671	0	160
2025.09.17	23:00:00	3662.952	3672.021	3662.059	3669.169	6203	0	160
2025.09.18	00:00:00	3669.100	3669.989	3658.066	3665.157	9569	0	160
2025.09.18	01:00:00	3665.197	3668.808	3651.826	3657.220	17955	0	160
2025.09.18	02:00:00	3657.102	3665.806	3655.506	3664.775	8494	0	160
2025.09.18	03:00:00	3664.752	3666.034	3657.854	3658.506	5283	0	160
2025.09.18	04:00:00	3658.554	3659.294	3653.437	3653.714	5250	0	160
2025.09.18	05:00:00	3653.717	3659.154	3649.328	3651.557	9114	0	160
2025.09.18	06:00:00	3651.598	3652.006	3633.824	3637.469	18924	0	160
2025.09.18	07:00:00	3637.500	3659.874	3635.454	3659.018	13104	0	160
2025.09.18	08:00:00	3658.971	3665.773	3653.687	3665.473	9526	0	160
2025.09.18	09:00:00	3665.431	3673.017	3664.552	3671.665	9686	0	160
2025.09.18	10:00:00	3671.635	3672.495	3665.505	3667.153	7555	0	160
2025.09.18	11:00:00	3667.130	3670.941	3664.443	3667.193	8019	0	160
2025.09.18	12:00:00	3667.233	3672.452	3662.863	3663.246	12889	0	160
2025.09.18	13:00:00	3663.307	3664.258	3627.744	3642.237	31489	0	160
2025.09.18	14:00:00	3642.192	3646.373	3634.267	3638.386	26098	0	160
2025.09.18	15:00:00	3638.427	3642.404	3636.701	3641.315	12742	0	160
2025.09.18	16:00:00	3641.346	3647.229	3640.850	3646.411	8867	0	160
2025.09.18	17:00:00	3646.368	3646.797	3643.287	3643.588	7775	0	160
2025.09.18	18:00:00	3643.589	3643.629	3640.506	3641.405	5887	0	160
2025.09.18	19:00:00	3641.363	3647.061	3640.620	3646.565	5530	0	160
2025.09.18	20:00:00	3646.611	3647.257	3643.878	3644.380	2840	0	160
2025.09.18	22:00:00	3643.340	3643.744	3639.423	3640.263	2819	0	160
2025.09.18	23:00:00	3640.337	3641.877	3637.719	3640.239	4047	0	160
2025.09.19	00:00:00	3640.242	3642.788	3636.241	3640.047	6794	0	160
2025.09.19	01:00:00	3640.114	3651.172	3632.203	3639.922	14110	0	160
2025.09.19	02:00:00	3639.849	3650.247	3638.788	3647.368	10357	0	160
2025.09.19	03:00:00	3647.288	3656.444	3645.298	3653.722	9383	0	160
2025.09.19	04:00:00	3653.660	3659.995	3653.660	3658.875	6625	0	160
2025.09.19	05:00:00	3658.866	3661.222	3651.439	3652.432	8185	0	160
2025.09.19	06:00:00	3652.427	3654.256	3643.269	3646.957	11778	0	160
2025.09.19	07:00:00	3647.003	3657.560	3644.462	3653.984	9040	0	160
2025.09.19	08:00:00	3653.874	3656.570	3649.492	3655.655	7669	0	160
2025.09.19	09:00:00	3655.614	3658.827	3655.175	3658.504	5889	0	160
2025.09.19	10:00:00	3658.558	3659.228	3655.042	3655.841	5131	0	160
2025.09.19	11:00:00	3655.799	3655.899	3645.676	3648.392	8312	0	160
2025.09.19	12:00:00	3648.421	3651.882	3644.590	3649.286	10352	0	160
2025.09.19	13:00:00	3649.242	3664.365	3643.763	3663.239	16597	0	160
2025.09.19	14:00:00	3663.286	3669.301	3656.360	3666.994	15574	0	160
2025.09.19	15:00:00	3666.958	3676.032	3665.281	3670.739	12906	0	160
2025.09.19	16:00:00	3670.710	3673.262	3666.602	3668.310	7839	0	160
2025.09.19	17:00:00	3668.273	3679.491	3668.090	3678.604	7389	0	160
2025.09.19	18:00:00	3678.595	3684.111	3678.180	3683.612	6306	0	160
2025.09.19	19:00:00	3683.653	3685.190	3681.302	3684.462	5690	0	160
2025.09.19	20:00:00	3684.353	3685.038	3680.835	3684.861	4022	0	160
2025.09.21	22:00:00	3687.969	3692.329	3683.776	3688.350	6414	0	160
2025.09.21	23:00:00	3688.332	3690.590	3685.701	3686.253	5612	0	160
2025.09.22	00:00:00	3686.263	3691.035	3685.642	3690.774	7333	0	160
2025.09.22	01:00:00	3690.737	3696.970	3686.689	3689.369	16062	0	160
2025.09.22	02:00:00	3689.348	3693.351	3685.466	3686.312	8873	0	160
2025.09.22	03:00:00	3686.332	3697.532	3685.885	3695.442	7420	0	160
2025.09.22	04:00:00	3695.454	3695.936	3690.102	3692.208	5232	0	160
2025.09.22	05:00:00	3692.202	3700.356	3691.837	3697.020	7089	0	160
2025.09.22	06:00:00	3697.066	3719.857	3695.467	3714.474	13659	0	160
2025.09.22	07:00:00	3714.432	3716.318	3708.621	3713.226	12097	0	160
2025.09.22	08:00:00	3713.193	3722.605	3712.314	3720.403	9013	0	160
2025.09.22	09:00:00	3720.448	3726.703	3719.244	3723.256	8204	0	160
2025.09.22	10:00:00	3723.193	3728.313	3721.089	3727.456	7884	0	160
2025.09.22	11:00:00	3727.418	3728.246	3721.211	3724.606	8708	0	160
2025.09.22	12:00:00	3724.643	3725.585	3712.054	3721.646	14445	0	160
2025.09.22	13:00:00	3721.620	3725.598	3713.732	3722.395	24183	0	160
2025.09.22	14:00:00	3722.317	3726.370	3716.773	3725.783	17410	0	160
2025.09.22	15:00:00	3725.893	3736.395	3723.511	3736.150	11064	0	160
2025.09.22	16:00:00	3736.109	3739.644	3735.201	3737.058	8429	0	160
2025.09.22	17:00:00	3737.136	3747.244	3737.130	3746.594	7609	0	160
2025.09.22	18:00:00	3746.560	3748.043	3744.589	3747.659	5503	0	160
2025.09.22	19:00:00	3747.608	3748.793	3742.433	3747.651	6323	0	160
2025.09.22	20:00:00	3747.606	3748.618	3745.480	3746.967	3643	0	160
2025.09.22	22:00:00	3746.503	3747.704	3738.273	3739.950	4614	0	160
2025.09.22	23:00:00	3740.059	3749.254	3738.959	3747.763	6967	0	160
2025.09.23	00:00:00	3747.797	3750.774	3744.867	3747.123	7634	0	160
2025.09.23	01:00:00	3747.167	3759.325	3745.665	3754.576	15987	0	160
2025.09.23	02:00:00	3754.615	3755.467	3736.722	3741.719	16425	0	160
2025.09.23	03:00:00	3741.680	3747.161	3739.004	3746.477	8666	0	160
2025.09.23	04:00:00	3746.489	3747.471	3743.065	3744.761	5812	0	160
2025.09.23	05:00:00	3744.725	3758.762	3743.230	3753.178	9292	0	160
2025.09.23	06:00:00	3753.145	3757.381	3751.287	3753.941	11020	0	160
2025.09.23	07:00:00	3753.912	3757.423	3748.896	3753.435	10195	0	160
2025.09.23	08:00:00	3753.381	3775.191	3752.965	3774.227	11842	0	160
2025.09.23	09:00:00	3774.281	3791.065	3774.182	3784.721	16144	0	160
2025.09.23	10:00:00	3784.839	3787.837	3780.799	3783.005	9139	0	160
2025.09.23	11:00:00	3783.030	3788.811	3779.698	3783.475	11326	0	160
2025.09.23	12:00:00	3783.520	3785.427	3777.352	3784.309	12814	0	160
2025.09.23	13:00:00	3784.345	3788.815	3774.238	3783.856	22871	0	160
2025.09.23	14:00:00	3783.875	3784.981	3767.617	3773.966	21382	0	160
2025.09.23	15:00:00	3774.005	3782.048	3772.805	3779.338	11463	0	160
2025.09.23	16:00:00	3779.370	3782.024	3765.080	3779.265	16156	0	160
2025.09.23	17:00:00	3779.295	3785.704	3775.776	3777.396	11993	0	160
2025.09.23	18:00:00	3777.436	3781.377	3756.209	3756.775	13711	0	160
2025.09.23	19:00:00	3756.735	3768.134	3751.856	3764.306	20447	0	160
2025.09.23	20:00:00	3764.248	3767.482	3762.489	3763.891	5002	0	160
2025.09.23	22:00:00	3766.672	3767.597	3761.554	3765.409	3622	0	160
2025.09.23	23:00:00	3765.456	3770.193	3761.869	3763.842	6217	0	160
2025.09.24	00:00:00	3763.822	3765.622	3758.844	3765.198	8639	0	160
2025.09.24	01:00:00	3765.207	3771.877	3755.015	3756.596	16610	0	160
2025.09.24	02:00:00	3756.557	3759.299	3750.597	3757.101	9604	0	160
2025.09.24	03:00:00	3757.125	3766.596	3752.246	3765.399	8680	0	160
2025.09.24	04:00:00	3765.422	3768.287	3763.218	3768.190	6089	0	160
2025.09.24	05:00:00	3768.166	3777.013	3767.834	3774.914	7811	0	160
2025.09.24	06:00:00	3774.956	3776.095	3769.016	3771.176	9304	0	160
2025.09.24	07:00:00	3771.250	3779.229	3770.619	3777.358	8195	0	160
2025.09.24	08:00:00	3777.391	3777.734	3766.964	3770.132	7591	0	160
2025.09.24	09:00:00	3770.099	3771.778	3763.117	3768.483	7806	0	160
2025.09.24	10:00:00	3768.413	3768.735	3759.764	3762.156	7722	0	160
2025.09.24	11:00:00	3762.189	3769.607	3759.629	3768.958	7458	0	160
2025.09.24	12:00:00	3768.932	3771.468	3763.928	3768.024	12519	0	160
2025.09.24	13:00:00	3767.999	3772.985	3759.055	3761.311	18291	0	160
2025.09.24	14:00:00	3761.319	3765.055	3749.359	3752.737	21281	0	160
2025.09.24	15:00:00	3752.767	3756.584	3739.640	3741.114	17086	0	160
2025.09.24	16:00:00	3741.079	3745.225	3732.199	3735.747	16178	0	160
2025.09.24	17:00:00	3735.778	3738.757	3732.350	3733.228	8742	0	160
2025.09.24	18:00:00	3733.186	3733.976	3722.702	3724.381	9018	0	160
2025.09.24	19:00:00	3724.406	3731.888	3717.427	3730.032	10244	0	160
2025.09.24	20:00:00	3730.098	3737.499	3729.941	3736.431	3880	0	160
2025.09.24	22:00:00	3739.494	3745.319	3738.898	3741.055	5043	0	160
2025.09.24	23:00:00	3741.021	3745.269	3739.055	3742.920	5026	0	160
2025.09.25	00:00:00	3743.000	3751.539	3741.378	3749.019	9625	0	160
2025.09.25	01:00:00	3748.987	3750.497	3732.852	3736.086	13495	0	160
2025.09.25	02:00:00	3735.979	3742.455	3729.422	3739.591	10772	0	160
2025.09.25	03:00:00	3739.550	3739.692	3734.341	3736.578	7484	0	160
2025.09.25	04:00:00	3736.581	3740.726	3731.740	3738.097	6299	0	160
2025.09.25	05:00:00	3738.069	3741.292	3734.108	3738.699	8186	0	160
2025.09.25	06:00:00	3738.723	3748.333	3737.712	3741.037	10332	0	160
2025.09.25	07:00:00	3741.074	3755.001	3740.002	3752.213	11859	0	160
2025.09.25	08:00:00	3752.174	3761.601	3751.129	3756.374	13600	0	160
2025.09.25	09:00:00	3756.396	3761.319	3750.386	3756.971	10375	0	160
2025.09.25	10:00:00	3756.983	3760.874	3755.584	3757.179	7879	0	160
2025.09.25	11:00:00	3757.221	3757.649	3741.067	3753.056	14214	0	160
2025.09.25	12:00:00	3753.018	3755.929	3730.542	3738.812	25476	0	160
2025.09.25	13:00:00	3738.833	3745.529	3721.945	3733.715	33887	0	160
2025.09.25	14:00:00	3733.768	3736.413	3723.567	3731.467	23020	0	160
2025.09.25	15:00:00	3731.507	3738.799	3727.916	3735.828	14713	0	160
2025.09.25	16:00:00	3735.893	3742.762	3732.664	3733.718	10433	0	160
2025.09.25	17:00:00	3733.690	3744.185	3732.366	3741.826	12272	0	160
2025.09.25	18:00:00	3741.864	3758.296	3736.518	3755.190	12330	0	160
2025.09.25	19:00:00	3755.165	3756.750	3744.613	3746.523	10543	0	160
2025.09.25	20:00:00	3746.560	3752.524	3745.975	3749.696	4677	0	160
2025.09.25	22:00:00	3748.251	3751.594	3746.303	3748.845	4772	0	160
2025.09.25	23:00:00	3748.831	3749.940	3738.051	3744.717	8534	0	160
2025.09.26	00:00:00	3744.676	3749.597	3740.215	3749.569	10976	0	160
2025.09.26	01:00:00	3749.639	3753.330	3737.693	3738.969	14153	0	160
2025.09.26	02:00:00	3738.998	3742.896	3737.603	3738.419	8231	0	160
2025.09.26	03:00:00	3738.455	3746.092	3734.464	3745.435	6855	0	160
2025.09.26	04:00:00	3745.474	3747.768	3744.648	3747.724	5120	0	160
2025.09.26	05:00:00	3747.609	3749.612	3741.865	3742.110	6038	0	160
2025.09.26	06:00:00	3742.061	3754.165	3741.468	3743.660	12739	0	160
2025.09.26	07:00:00	3743.608	3749.560	3739.181	3747.971	10398	0	160
2025.09.26	08:00:00	3747.991	3755.206	3747.025	3752.951	8023	0	160
2025.09.26	09:00:00	3752.914	3754.455	3747.237	3751.509	6905	0	160
2025.09.26	10:00:00	3751.527	3755.015	3742.903	3744.650	7382	0	160
2025.09.26	11:00:00	3744.646	3752.898	3744.416	3748.706	7591	0	160
2025.09.26	12:00:00	3748.662	3757.451	3746.602	3752.048	15803	0	160
2025.09.26	13:00:00	3752.092	3766.361	3751.238	3761.906	27228	0	160
2025.09.26	14:00:00	3761.846	3783.826	3761.571	3778.894	25311	0	160
2025.09.26	15:00:00	3778.835	3780.965	3772.950	3780.373	13781	0	160
2025.09.26	16:00:00	3780.332	3781.248	3771.419	3774.202	12479	0	160
2025.09.26	17:00:00	3774.193	3783.092	3774.032	3782.873	9357	0	160
2025.09.26	18:00:00	3782.908	3783.204	3774.682	3778.558	8641	0	160
2025.09.26	19:00:00	3778.550	3778.550	3764.617	3766.707	11874	0	160
2025.09.26	20:00:00	3766.743	3769.555	3760.026	3761.041	6557	0	160
2025.09.28	22:00:00	3764.718	3770.994	3763.322	3770.583	6654	0	160
2025.09.28	23:00:00	3770.482	3772.502	3766.297	3766.899	6304	0	160
2025.09.29	00:00:00	3766.858	3787.473	3763.910	3787.103	12893	0	160
2025.09.29	01:00:00	3787.066	3788.808	3767.846	3778.557	31534	0	160
2025.09.29	02:00:00	3778.531	3798.798	3777.583	3792.789	18252	0	160
2025.09.29	03:00:00	3792.825	3799.439	3792.144	3794.340	11814	0	160
2025.09.29	04:00:00	3794.355	3808.827	3792.419	3805.003	10679	0	160
2025.09.29	05:00:00	3804.974	3814.471	3801.306	3813.565	16877	0	160
2025.09.29	06:00:00	3813.682	3819.874	3810.953	3817.400	18860	0	160
2025.09.29	07:00:00	3817.360	3819.417	3805.020	3806.343	15148	0	160
2025.09.29	08:00:00	3806.381	3819.549	3806.381	3818.762	12264	0	160
2025.09.29	09:00:00	3818.753	3819.679	3806.941	3807.605	9328	0	160
2025.09.29	10:00:00	3807.631	3818.491	3806.499	3817.856	10198	0	160
2025.09.29	11:00:00	3817.908	3831.360	3816.349	3828.916	12287	0	160
2025.09.29	12:00:00	3828.865	3830.451	3811.594	3813.800	22559	0	160
2025.09.29	13:00:00	3813.831	3828.007	3809.189	3821.404	26294	0	160
2025.09.29	14:00:00	3821.390	3830.536	3816.734	3828.108	21213	0	160
2025.09.29	15:00:00	3828.153	3833.183	3820.843	3830.351	16529	0	160
2025.09.29	16:00:00	3830.345	3833.560	3828.195	3830.274	8642	0	160
2025.09.29	17:00:00	3830.310	3832.838	3823.936	3828.918	10523	0	160
2025.09.29	18:00:00	3828.976	3830.674	3823.343	3824.581	9214	0	160
2025.09.29	19:00:00	3824.585	3829.771	3822.605	3828.754	8709	0	160
2025.09.29	20:00:00	3828.792	3834.025	3827.758	3833.974	5498	0	160
2025.09.29	22:00:00	3830.346	3833.099	3825.656	3830.688	4345	0	160
2025.09.29	23:00:00	3830.641	3833.376	3828.041	3832.835	4781	0	160
2025.09.30	00:00:00	3832.890	3840.605	3831.128	3838.900	12792	0	160
2025.09.30	01:00:00	3838.856	3850.661	3837.969	3847.940	16283	0	160
2025.09.30	02:00:00	3847.985	3851.980	3842.589	3848.019	12208	0	160
2025.09.30	03:00:00	3847.989	3867.205	3845.821	3864.772	10980	0	160
2025.09.30	04:00:00	3864.731	3867.123	3861.979	3867.088	7164	0	160
2025.09.30	05:00:00	3867.046	3870.426	3862.599	3869.700	11309	0	160
2025.09.30	06:00:00	3869.771	3871.700	3854.854	3855.720	15595	0	160
2025.09.30	07:00:00	3855.767	3859.358	3839.471	3843.811	19104	0	160
2025.09.30	08:00:00	3843.843	3847.244	3807.567	3816.341	34323	0	160
2025.09.30	09:00:00	3816.366	3821.471	3793.074	3798.718	29580	0	160
2025.09.30	10:00:00	3798.749	3814.601	3798.226	3812.117	14970	0	160
2025.09.30	11:00:00	3812.084	3817.816	3804.313	3815.189	14298	0	160
2025.09.30	12:00:00	3815.128	3821.663	3808.828	3819.350	19200	0	160
2025.09.30	13:00:00	3819.357	3830.039	3811.529	3824.163	24712	0	160
2025.09.30	14:00:00	3824.004	3854.543	3820.381	3854.076	29081	0	160
2025.09.30	15:00:00	3854.030	3854.213	3831.177	3839.035	28794	0	160
2025.09.30	16:00:00	3839.001	3847.970	3837.779	3845.911	12662	0	160
2025.09.30	17:00:00	3845.950	3849.320	3842.683	3844.106	9758	0	160
2025.09.30	18:00:00	3844.094	3848.985	3839.696	3847.902	7779	0	160
2025.09.30	19:00:00	3847.933	3860.808	3847.115	3859.050	7886	0	160
2025.09.30	20:00:00	3859.090	3860.145	3850.731	3858.857	8112	0	160
2025.09.30	22:00:00	3857.224	3861.403	3854.640	3860.053	6987	0	160
2025.09.30	23:00:00	3860.046	3863.080	3860.046	3862.927	4702	0	160
2025.10.01	00:00:00	3862.940	3865.365	3858.560	3860.594	7728	0	160
2025.10.01	01:00:00	3860.567	3869.029	3859.006	3868.977	8565	0	160
2025.10.01	02:00:00	3868.859	3875.562	3858.013	3863.336	15022	0	160
2025.10.01	03:00:00	3863.346	3866.410	3855.514	3861.982	12134	0	160
2025.10.01	04:00:00	3861.988	3865.011	3857.379	3864.912	8375	0	160
2025.10.01	05:00:00	3864.915	3869.907	3862.050	3863.506	10415	0	160
2025.10.01	06:00:00	3863.463	3864.886	3853.356	3859.131	12959	0	160
2025.10.01	07:00:00	3859.167	3879.880	3858.925	3879.186	13408	0	160
2025.10.01	08:00:00	3879.237	3895.376	3879.002	3892.901	16529	0	160
2025.10.01	09:00:00	3892.921	3895.190	3883.602	3888.986	11907	0	160
2025.10.01	10:00:00	3889.008	3889.559	3885.145	3887.524	9817	0	160
2025.10.01	11:00:00	3887.635	3888.449	3878.059	3883.512	10468	0	160
2025.10.01	12:00:00	3883.596	3891.122	3864.487	3870.377	30039	0	160
2025.10.01	13:00:00	3870.407	3877.199	3863.693	3872.974	28818	0	160
2025.10.01	14:00:00	3872.906	3878.806	3856.110	3873.036	33753	0	160
2025.10.01	15:00:00	3872.989	3876.800	3857.987	3868.483	27899	0	160
2025.10.01	16:00:00	3868.424	3871.554	3860.745	3870.868	11622	0	160
2025.10.01	17:00:00	3870.861	3871.894	3860.648	3860.847	9245	0	160
2025.10.01	18:00:00	3860.842	3866.319	3854.896	3862.117	14311	0	160
2025.10.01	19:00:00	3862.158	3871.045	3861.305	3867.708	9577	0	160
2025.10.01	20:00:00	3867.731	3867.883	3860.298	3864.616	6158	0	160
2025.10.01	22:00:00	3867.707	3867.766	3858.612	3862.103	5787	0	160
2025.10.01	23:00:00	3862.082	3866.617	3857.474	3863.518	8223	0	160
2025.10.02	00:00:00	3863.475	3863.806	3855.935	3856.078	10564	0	160
2025.10.02	01:00:00	3856.025	3865.165	3852.832	3865.041	10755	0	160
2025.10.02	02:00:00	3865.080	3870.021	3861.580	3866.197	9034	0	160
2025.10.02	03:00:00	3866.157	3869.478	3863.911	3866.580	6131	0	160
2025.10.02	04:00:00	3866.587	3867.669	3861.799	3864.164	4515	0	160
2025.10.02	05:00:00	3864.237	3871.334	3864.179	3867.739	6712	0	160
2025.10.02	06:00:00	3867.821	3874.316	3862.059	3864.211	9712	0	160
2025.10.02	07:00:00	3864.167	3874.822	3861.697	3868.558	14218	0	160
2025.10.02	08:00:00	3868.463	3878.719	3864.659	3874.634	10417	0	160
2025.10.02	09:00:00	3874.594	3879.796	3873.352	3879.046	8887	0	160
2025.10.02	10:00:00	3879.108	3883.784	3875.729	3881.722	8007	0	160
2025.10.02	11:00:00	3881.769	3886.696	3879.752	3886.313	8653	0	160
2025.10.02	12:00:00	3886.277	3892.037	3880.076	3884.458	16866	0	160
2025.10.02	13:00:00	3884.492	3897.154	3873.453	3875.305	27413	0	160
2025.10.02	14:00:00	3875.289	3876.863	3825.281	3839.936	50996	0	160
2025.10.02	15:00:00	3839.830	3844.814	3819.320	3828.364	41565	0	160
2025.10.02	16:00:00	3828.316	3845.354	3827.173	3844.831	23373	0	160
2025.10.02	17:00:00	3844.856	3847.933	3840.605	3844.287	14688	0	160
2025.10.02	18:00:00	3844.288	3851.560	3843.404	3850.866	7891	0	160
2025.10.02	19:00:00	3850.901	3859.080	3850.556	3855.554	9573	0	160
2025.10.02	20:00:00	3855.603	3859.353	3853.495	3855.423	4690	0	160
2025.10.02	22:00:00	3856.811	3858.482	3852.146	3857.108	4739	0	160
2025.10.02	23:00:00	3857.071	3863.763	3856.803	3862.410	5209	0	160
2025.10.03	00:00:00	3862.365	3862.779	3856.371	3856.912	8592	0	160
2025.10.03	01:00:00	3856.878	3862.622	3847.333	3858.458	14655	0	160
2025.10.03	02:00:00	3858.424	3859.093	3847.620	3848.159	8627	0	160
2025.10.03	03:00:00	3848.129	3851.001	3837.995	3842.757	13228	0	160
2025.10.03	04:00:00	3842.711	3848.294	3841.597	3843.951	7805	0	160
2025.10.03	05:00:00	3843.970	3859.238	3843.836	3855.053	10895	0	160
2025.10.03	06:00:00	3855.046	3860.983	3850.842	3859.182	10343	0	160
2025.10.03	07:00:00	3859.168	3865.262	3856.972	3864.275	8555	0	160
2025.10.03	08:00:00	3864.196	3865.705	3860.168	3864.797	7417	0	160
2025.10.03	09:00:00	3864.745	3864.946	3856.834	3864.218	7105	0	160
2025.10.03	10:00:00	3864.221	3867.688	3862.092	3865.886	8889	0	160
2025.10.03	11:00:00	3865.866	3867.075	3854.689	3862.077	12559	0	160
2025.10.03	12:00:00	3862.141	3874.927	3860.448	3873.790	13823	0	160
2025.10.03	13:00:00	3873.897	3890.618	3870.036	3882.558	27070	0	160
2025.10.03	14:00:00	3882.607	3885.931	3866.235	3879.616	36005	0	160
2025.10.03	15:00:00	3879.585	3891.638	3873.906	3889.440	19654	0	160
2025.10.03	16:00:00	3889.402	3889.785	3880.480	3883.629	13150	0	160
2025.10.03	17:00:00	3883.676	3886.016	3876.909	3881.970	13785	0	160
2025.10.03	18:00:00	3882.021	3889.190	3879.920	3886.040	11118	0	160
2025.10.03	19:00:00	3886.051	3889.133	3883.581	3885.568	9114	0	160
2025.10.03	20:00:00	3885.537	3887.228	3882.845	3887.045	4691	0	160
2025.10.05	22:00:00	3888.624	3903.926	3884.034	3899.560	10015	0	160
2025.10.05	23:00:00	3899.787	3920.986	3898.418	3909.450	25323	0	160
2025.10.06	00:00:00	3909.487	3910.073	3898.931	3900.397	18442	0	160
2025.10.06	01:00:00	3900.435	3918.312	3899.710	3917.882	12889	0	160
2025.10.06	02:00:00	3917.926	3924.616	3917.472	3921.013	12318	0	160
2025.10.06	03:00:00	3920.964	3932.041	3919.884	3929.569	11475	0	160
2025.10.06	04:00:00	3929.584	3940.343	3928.730	3938.742	13246	0	160
2025.10.06	05:00:00	3938.670	3945.205	3927.364	3932.657	18363	0	160
2025.10.06	06:00:00	3932.752	3934.852	3922.449	3934.292	18708	0	160
2025.10.06	07:00:00	3934.321	3943.870	3929.272	3941.617	20713	0	160
2025.10.06	08:00:00	3941.651	3949.598	3935.409	3942.470	18125	0	160
2025.10.06	09:00:00	3942.371	3944.993	3936.585	3942.334	11924	0	160
2025.10.06	10:00:00	3942.367	3946.782	3932.586	3942.229	14483	0	160
2025.10.06	11:00:00	3942.113	3942.787	3930.997	3938.294	17377	0	160
2025.10.06	12:00:00	3938.256	3941.325	3926.478	3934.202	29088	0	160
2025.10.06	13:00:00	3934.227	3947.163	3927.168	3944.569	29112	0	160
2025.10.06	14:00:00	3944.537	3958.886	3940.236	3954.949	26662	0	160
2025.10.06	15:00:00	3954.924	3964.126	3948.056	3962.468	18947	0	160
2025.10.06	16:00:00	3962.454	3970.010	3945.753	3954.035	24981	0	160
2025.10.06	17:00:00	3954.066	3959.008	3951.151	3957.842	13287	0	160
2025.10.06	18:00:00	3957.876	3960.613	3955.878	3958.472	7784	0	160
2025.10.06	19:00:00	3958.427	3964.982	3958.274	3959.451	8439	0	160
2025.10.06	20:00:00	3959.415	3962.517	3957.397	3961.114	5187	0	160
2025.10.06	22:00:00	3958.919	3976.198	3958.455	3963.471	15949	0	160
2025.10.06	23:00:00	3963.433	3972.570	3961.599	3969.514	10921	0	160
2025.10.07	00:00:00	3969.556	3977.475	3961.443	3962.855	17054	0	160
2025.10.07	01:00:00	3962.822	3963.820	3955.804	3958.182	15031	0	160
2025.10.07	02:00:00	3958.135	3966.991	3957.414	3964.903	8077	0	160
2025.10.07	03:00:00	3964.848	3974.634	3960.738	3973.395	9922	0	160
2025.10.07	04:00:00	3973.418	3976.904	3971.454	3975.944	8008	0	160
2025.10.07	05:00:00	3975.918	3976.781	3960.096	3964.747	16630	0	160
2025.10.07	06:00:00	3964.624	3966.320	3953.792	3955.192	14563	0	160
2025.10.07	07:00:00	3955.223	3956.180	3943.273	3945.962	25443	0	160
2025.10.07	08:00:00	3945.918	3953.973	3940.820	3951.285	17389	0	160
2025.10.07	09:00:00	3951.283	3963.524	3951.052	3955.184	12425	0	160
2025.10.07	10:00:00	3955.161	3962.877	3954.060	3960.075	9539	0	160
2025.10.07	11:00:00	3960.088	3969.135	3956.380	3966.998	10481	0	160
2025.10.07	12:00:00	3966.949	3980.171	3964.319	3979.442	18492	0	160
2025.10.07	13:00:00	3979.372	3985.642	3970.499	3979.250	25597	0	160
2025.10.07	14:00:00	3979.211	3986.655	3968.988	3985.600	27392	0	160
2025.10.07	15:00:00	3985.635	3991.059	3961.777	3966.153	33045	0	160
2025.10.07	16:00:00	3966.198	3979.455	3963.164	3976.555	23294	0	160
2025.10.07	17:00:00	3976.665	3987.739	3976.430	3980.912	15023	0	160
2025.10.07	18:00:00	3980.954	3983.932	3974.102	3980.947	14339	0	160
2025.10.07	19:00:00	3981.006	3983.302	3978.451	3980.140	9592	0	160
2025.10.07	20:00:00	3980.195	3986.494	3980.195	3984.493	4892	0	160
2025.10.07	22:00:00	3983.622	3990.689	3983.440	3989.576	4731	0	160
2025.10.07	23:00:00	3989.611	3995.946	3988.357	3994.411	6964	0	160
2025.10.08	00:00:00	3994.367	3999.248	3989.358	3992.425	12839	0	160
2025.10.08	01:00:00	3992.376	4000.812	3984.478	4000.581	16282	0	160
2025.10.08	02:00:00	4000.535	4011.713	3995.653	4011.629	11897	0	160
2025.10.08	03:00:00	4011.582	4016.527	4008.890	4014.641	9936	0	160
2025.10.08	04:00:00	4014.688	4027.290	4014.688	4026.730	11510	0	160
2025.10.08	05:00:00	4026.685	4037.018	4024.482	4029.089	14578	0	160
2025.10.08	06:00:00	4029.203	4033.131	4021.305	4031.575	16489	0	160
2025.10.08	07:00:00	4031.675	4039.029	4030.023	4034.200	15063	0	160
2025.10.08	08:00:00	4034.165	4040.458	4033.183	4036.247	12368	0	160
2025.10.08	09:00:00	4036.218	4049.564	4030.829	4049.239	13207	0	160
2025.10.08	10:00:00	4049.204	4049.631	4033.557	4037.132	14627	0	160
2025.10.08	11:00:00	4037.182	4038.141	4032.023	4037.935	11743	0	160
2025.10.08	12:00:00	4037.899	4046.419	4030.954	4039.984	19137	0	160
2025.10.08	13:00:00	4040.015	4049.412	4026.342	4038.136	30043	0	160
2025.10.08	14:00:00	4038.031	4049.059	4035.629	4048.136	22486	0	160
2025.10.08	15:00:00	4048.102	4050.719	4037.215	4045.664	20647	0	160
2025.10.08	16:00:00	4045.694	4059.321	4044.191	4056.500	16976	0	160
2025.10.08	17:00:00	4056.544	4058.141	4042.840	4051.223	14271	0	160
2025.10.08	18:00:00	4051.224	4053.224	4038.492	4049.827	18187	0	160
2025.10.08	19:00:00	4049.858	4054.593	4032.041	4044.914	25860	0	160
2025.10.08	20:00:00	4044.886	4046.707	4038.582	4041.764	8357	0	160
2025.10.08	22:00:00	4036.284	4038.291	4015.413	4021.407	12280	0	160
2025.10.08	23:00:00	4021.435	4022.010	4001.257	4011.708	19655	0	160
2025.10.09	00:00:00	4011.706	4027.951	4008.663	4023.037	19070	0	160
2025.10.09	01:00:00	4023.061	4036.300	4008.205	4019.764	38349	0	160
2025.10.09	02:00:00	4019.727	4021.319	4002.492	4018.578	23464	0	160
2025.10.09	03:00:00	4018.560	4029.493	4017.154	4026.749	12894	0	160
2025.10.09	04:00:00	4026.720	4041.039	4026.720	4039.004	9874	0	160
2025.10.09	05:00:00	4039.037	4043.744	4034.236	4039.776	15590	0	160
2025.10.09	06:00:00	4039.811	4041.000	4022.631	4026.100	19188	0	160
2025.10.09	07:00:00	4026.133	4032.941	4024.651	4031.582	15085	0	160
2025.10.09	08:00:00	4031.479	4040.325	4030.183	4038.203	11027	0	160
2025.10.09	09:00:00	4038.167	4042.083	4034.218	4037.488	11222	0	160
2025.10.09	10:00:00	4037.458	4044.346	4036.293	4044.219	8139	0	160
2025.10.09	11:00:00	4044.172	4046.733	4033.459	4044.488	13866	0	160
2025.10.09	12:00:00	4044.450	4053.776	4037.388	4053.429	19357	0	160
2025.10.09	13:00:00	4053.362	4057.978	4016.773	4017.276	52314	0	160
2025.10.09	14:00:00	4017.227	4029.048	4003.929	4024.195	61419	0	160
2025.10.09	15:00:00	4024.155	4028.593	4006.430	4014.650	36653	0	160
2025.10.09	16:00:00	4014.581	4021.757	3964.007	3968.601	47930	0	160
2025.10.09	17:00:00	3968.630	3974.424	3944.600	3950.140	55184	0	160
2025.10.09	18:00:00	3950.116	3968.883	3949.459	3957.338	25504	0	160
2025.10.09	19:00:00	3957.360	3982.142	3955.200	3973.033	21969	0	160
2025.10.09	20:00:00	3973.087	3979.011	3973.034	3976.054	8860	0	160
2025.10.09	22:00:00	3981.265	3981.298	3958.514	3975.332	11278	0	160
2025.10.09	23:00:00	3975.406	3990.833	3974.503	3989.932	12479	0	160
2025.10.10	00:00:00	3989.927	3994.402	3985.535	3991.074	14462	0	160
2025.10.10	01:00:00	3991.043	3992.409	3969.907	3973.275	23818	0	160
2025.10.10	02:00:00	3973.316	3986.738	3973.159	3978.670	14623	0	160
2025.10.10	03:00:00	3978.624	3979.305	3960.778	3961.963	17712	0	160
2025.10.10	04:00:00	3961.934	3966.770	3946.940	3966.303	16725	0	160
2025.10.10	05:00:00	3966.324	3977.909	3965.637	3974.887	18839	0	160
2025.10.10	06:00:00	3974.957	3976.185	3962.684	3968.410	21626	0	160
2025.10.10	07:00:00	3968.350	3976.207	3952.594	3971.990	22260	0	160
2025.10.10	08:00:00	3971.998	3994.826	3970.098	3992.036	17865	0	160
2025.10.10	09:00:00	3992.079	4006.760	3990.192	3995.720	19843	0	160
2025.10.10	10:00:00	3995.695	4000.138	3990.767	3993.963	17030	0	160
2025.10.10	11:00:00	3993.991	3999.743	3983.165	3987.181	18341	0	160
2025.10.10	12:00:00	3987.207	3993.515	3980.250	3985.709	21746	0	160
2025.10.10	13:00:00	3985.714	3998.208	3975.412	3980.858	35636	0	160
2025.10.10	14:00:00	3980.827	3994.257	3970.620	3990.132	35850	0	160
2025.10.10	15:00:00	3990.098	4022.825	3988.042	3997.977	67019	0	160
2025.10.10	16:00:00	3998.011	3998.782	3977.393	3983.316	43385	0	160
2025.10.10	17:00:00	3983.360	3992.230	3974.975	3989.816	29141	0	160
2025.10.10	18:00:00	3989.887	4009.051	3984.161	3999.014	21194	0	160
2025.10.10	19:00:00	3998.931	4021.315	3995.694	4011.206	23453	0	160
2025.10.10	20:00:00	4011.247	4020.903	4005.645	4010.399	17156	0	160
2025.10.12	22:00:00	4014.463	4045.339	4008.645	4042.325	23030	0	160
2025.10.12	23:00:00	4042.285	4060.193	4032.155	4035.147	26679	0	160
2025.10.13	00:00:00	4035.195	4059.926	4024.338	4043.878	37061	0	160
2025.10.13	01:00:00	4043.834	4054.960	4035.787	4053.025	31354	0	160
2025.10.13	02:00:00	4053.111	4055.915	4041.588	4048.049	18154	0	160
2025.10.13	03:00:00	4048.000	4056.467	4046.245	4051.928	13006	0	160
2025.10.13	04:00:00	4051.922	4059.453	4050.974	4056.313	9012	0	160
2025.10.13	05:00:00	4056.291	4078.206	4054.814	4063.659	23061	0	160
2025.10.13	06:00:00	4063.702	4073.577	4059.739	4069.542	21733	0	160
2025.10.13	07:00:00	4069.498	4077.470	4066.446	4071.176	16835	0	160
2025.10.13	08:00:00	4071.135	4079.319	4069.031	4077.813	15249	0	160
2025.10.13	09:00:00	4077.800	4079.864	4070.327	4077.350	12098	0	160
2025.10.13	10:00:00	4077.365	4085.261	4071.288	4080.903	13033	0	160
2025.10.13	11:00:00	4080.944	4084.617	4073.602	4073.986	14724	0	160
2025.10.13	12:00:00	4073.987	4085.902	4073.173	4079.562	20185	0	160
2025.10.13	13:00:00	4079.599	4095.605	4078.165	4093.982	28458	0	160
2025.10.13	14:00:00	4093.955	4103.956	4090.670	4097.407	24129	0	160
2025.10.13	15:00:00	4097.383	4107.412	4091.783	4104.946	18717	0	160
2025.10.13	16:00:00	4104.908	4117.037	4103.859	4105.753	19266	0	160
2025.10.13	17:00:00	4105.783	4115.360	4100.195	4103.905	18106	0	160
2025.10.13	18:00:00	4103.850	4107.521	4099.371	4101.730	11734	0	160
2025.10.13	19:00:00	4101.736	4110.909	4090.701	4108.627	14235	0	160
2025.10.13	20:00:00	4108.532	4112.752	4106.024	4111.336	5193	0	160
2025.10.13	22:00:00	4112.466	4115.830	4106.541	4114.908	7628	0	160
2025.10.13	23:00:00	4114.903	4132.069	4112.828	4128.045	16331	0	160
2025.10.14	00:00:00	4128.091	4130.196	4119.597	4124.551	18893	0	160
2025.10.14	01:00:00	4124.516	4149.927	4123.052	4137.258	33862	0	160
2025.10.14	02:00:00	4137.296	4149.756	4136.972	4146.032	20029	0	160
2025.10.14	03:00:00	4146.010	4166.495	4145.104	4163.373	16705	0	160
2025.10.14	04:00:00	4163.414	4170.064	4155.738	4168.037	17147	0	160
2025.10.14	05:00:00	4168.002	4179.707	4111.124	4121.125	58190	0	160
2025.10.14	06:00:00	4121.166	4133.870	4090.603	4112.192	70051	0	160
2025.10.14	07:00:00	4112.167	4127.815	4102.469	4126.245	35292	0	160
2025.10.14	08:00:00	4126.277	4145.217	4124.656	4143.955	27459	0	160
2025.10.14	09:00:00	4144.051	4144.347	4121.822	4127.456	25896	0	160
2025.10.14	10:00:00	4127.492	4144.272	4125.018	4131.785	24592	0	160
2025.10.14	11:00:00	4131.811	4137.864	4125.698	4130.511	19207	0	160
2025.10.14	12:00:00	4130.473	4134.503	4103.479	4106.476	35746	0	160
2025.10.14	13:00:00	4106.506	4129.563	4097.762	4124.097	55331	0	160
2025.10.14	14:00:00	4124.039	4137.647	4121.168	4129.088	37483	0	160
2025.10.14	15:00:00	4129.137	4142.716	4126.168	4137.989	25174	0	160
2025.10.14	16:00:00	4138.030	4155.284	4127.903	4140.455	29637	0	160
2025.10.14	17:00:00	4140.406	4152.949	4137.302	4148.035	25750	0	160
2025.10.14	18:00:00	4148.097	4152.503	4143.076	4148.177	15000	0	160
2025.10.14	19:00:00	4148.254	4150.642	4134.416	4141.606	22475	0	160
2025.10.14	20:00:00	4141.564	4146.020	4139.138	4143.662	7199	0	160
2025.10.14	22:00:00	4143.875	4163.875	4140.571	4158.480	13300	0	160
2025.10.14	23:00:00	4158.450	4167.144	4157.158	4161.613	9313	0	160
2025.10.15	00:00:00	4161.574	4169.657	4153.803	4162.576	16708	0	160
2025.10.15	01:00:00	4162.604	4186.768	4162.047	4181.641	29334	0	160
2025.10.15	02:00:00	4181.703	4184.621	4167.008	4176.306	20623	0	160
2025.10.15	03:00:00	4176.381	4190.855	4176.013	4187.051	13107	0	160
2025.10.15	04:00:00	4187.099	4187.579	4173.253	4179.758	10270	0	160
2025.10.15	05:00:00	4179.646	4193.743	4176.539	4185.969	17069	0	160
2025.10.15	06:00:00	4185.869	4200.368	4184.184	4199.422	15488	0	160
2025.10.15	07:00:00	4199.388	4209.799	4194.569	4207.690	12703	0	160
2025.10.15	08:00:00	4207.732	4218.221	4207.058	4208.095	15247	0	160
2025.10.15	09:00:00	4208.169	4212.105	4164.774	4192.554	33279	0	160
2025.10.15	10:00:00	4192.521	4206.441	4190.434	4202.555	18124	0	160
2025.10.15	11:00:00	4202.525	4204.284	4193.452	4198.664	13912	0	160
2025.10.15	12:00:00	4198.692	4202.743	4176.187	4190.529	29329	0	160
2025.10.15	13:00:00	4190.478	4198.684	4182.851	4192.199	36584	0	160
2025.10.15	14:00:00	4192.153	4212.361	4191.439	4199.899	32897	0	160
2025.10.15	15:00:00	4199.867	4203.031	4179.651	4190.235	37091	0	160
2025.10.15	16:00:00	4190.285	4199.978	4186.258	4199.098	22775	0	160
2025.10.15	17:00:00	4199.048	4199.736	4182.527	4197.937	27616	0	160
2025.10.15	18:00:00	4197.967	4204.674	4195.132	4200.571	17040	0	160
2025.10.15	19:00:00	4200.542	4213.525	4200.377	4210.372	12568	0	160
2025.10.15	20:00:00	4210.328	4212.914	4206.076	4208.285	7314	0	160
2025.10.15	22:00:00	4211.948	4215.694	4199.584	4213.234	9612	0	160
2025.10.15	23:00:00	4213.320	4215.900	4206.188	4209.458	9880	0	160
2025.10.16	00:00:00	4209.563	4227.274	4204.950	4210.631	17444	0	160
2025.10.16	01:00:00	4210.679	4232.972	4210.679	4230.194	22557	0	160
2025.10.16	02:00:00	4230.221	4239.552	4225.872	4239.461	12292	0	160
2025.10.16	03:00:00	4239.405	4242.119	4228.947	4233.816	14373	0	160
2025.10.16	04:00:00	4233.804	4239.452	4227.919	4233.559	11972	0	160
2025.10.16	05:00:00	4233.467	4234.775	4203.546	4204.951	35582	0	160
2025.10.16	06:00:00	4204.915	4227.219	4203.588	4222.844	21767	0	160
2025.10.16	07:00:00	4222.776	4233.992	4222.094	4230.521	14663	0	160
2025.10.16	08:00:00	4230.551	4235.933	4228.414	4232.869	11181	0	160
2025.10.16	09:00:00	4232.903	4241.682	4222.062	4239.667	13208	0	160
2025.10.16	10:00:00	4239.639	4246.209	4234.291	4242.761	13187	0	160
2025.10.16	11:00:00	4242.802	4247.734	4239.564	4240.659	11884	0	160
2025.10.16	12:00:00	4240.703	4251.174	4227.691	4235.980	25197	0	160
2025.10.16	13:00:00	4235.950	4258.793	4234.779	4246.366	32894	0	160
2025.10.16	14:00:00	4246.339	4267.566	4245.400	4263.243	30226	0	160
2025.10.16	15:00:00	4263.261	4276.073	4260.812	4273.407	22766	0	160
2025.10.16	16:00:00	4273.438	4291.916	4261.335	4282.611	50350	0	160
2025.10.16	17:00:00	4282.579	4298.709	4280.097	4293.827	30498	0	160
2025.10.16	18:00:00	4293.796	4294.997	4273.390	4291.124	30583	0	160
2025.10.16	19:00:00	4291.090	4313.043	4287.719	4307.326	22352	0	160
2025.10.16	20:00:00	4307.373	4330.586	4307.373	4329.323	15582	0	160
2025.10.16	22:00:00	4345.115	4380.074	4332.662	4346.788	33884	0	160
2025.10.16	23:00:00	4346.837	4379.130	4341.797	4365.805	26912	0	160
2025.10.17	00:00:00	4365.763	4371.673	4353.488	4358.268	28245	0	160
2025.10.17	01:00:00	4358.303	4362.218	4278.793	4314.064	82056	0	160
2025.10.17	02:00:00	4314.022	4348.516	4312.218	4342.449	43530	0	160
2025.10.17	03:00:00	4342.504	4366.791	4338.707	4366.694	23039	0	160
2025.10.17	04:00:00	4366.703	4377.169	4355.093	4376.318	22262	0	160
2025.10.17	05:00:00	4376.234	4378.554	4342.105	4365.532	32645	0	160
2025.10.17	06:00:00	4365.591	4369.588	4346.738	4360.029	36552	0	160
2025.10.17	07:00:00	4360.067	4361.888	4308.845	4342.371	53565	0	160
2025.10.17	08:00:00	4342.341	4349.770	4321.101	4347.800	41355	0	160
2025.10.17	09:00:00	4347.753	4348.535	4332.263	4340.238	22749	0	160
2025.10.17	10:00:00	4340.196	4342.141	4319.538	4327.664	29124	0	160
2025.10.17	11:00:00	4327.628	4336.003	4286.613	4287.043	51369	0	160
2025.10.17	12:00:00	4287.106	4320.228	4283.516	4314.447	52955	0	160
2025.10.17	13:00:00	4314.485	4317.764	4258.315	4273.920	93286	0	160
2025.10.17	14:00:00	4273.883	4274.607	4216.823	4248.889	124928	0	160
2025.10.17	15:00:00	4248.861	4259.404	4230.958	4237.478	53832	0	160
2025.10.17	16:00:00	4237.540	4244.980	4200.883	4205.005	63060	0	160
2025.10.17	17:00:00	4205.033	4228.402	4186.194	4221.199	58673	0	160
2025.10.17	18:00:00	4221.236	4244.687	4218.116	4235.715	35088	0	160
2025.10.17	19:00:00	4235.687	4237.915	4212.620	4225.936	31377	0	160
2025.10.17	20:00:00	4225.895	4252.702	4220.102	4250.936	21062	0	160
2025.10.19	22:00:00	4264.629	4268.325	4245.406	4255.790	21803	0	160
2025.10.19	23:00:00	4255.758	4256.409	4233.246	4237.851	19152	0	160
2025.10.20	00:00:00	4237.822	4250.801	4218.935	4249.487	34634	0	160
2025.10.20	01:00:00	4249.439	4268.983	4229.569	4262.393	45389	0	160
2025.10.20	02:00:00	4262.444	4271.286	4253.355	4255.797	24495	0	160
2025.10.20	03:00:00	4255.821	4265.336	4248.719	4264.725	18438	0	160
2025.10.20	04:00:00	4264.681	4268.295	4260.349	4266.333	11513	0	160
2025.10.20	05:00:00	4266.263	4266.776	4239.732	4239.968	27899	0	160
2025.10.20	06:00:00	4240.003	4245.715	4221.410	4236.332	36107	0	160
2025.10.20	07:00:00	4236.361	4260.954	4234.778	4255.173	22718	0	160
2025.10.20	08:00:00	4255.137	4266.147	4252.290	4258.671	17779	0	160
2025.10.20	09:00:00	4258.706	4263.728	4250.321	4260.684	15019	0	160
2025.10.20	10:00:00	4260.652	4260.895	4245.621	4254.885	18269	0	160
2025.10.20	11:00:00	4254.846	4279.738	4250.858	4279.281	15743	0	160
2025.10.20	12:00:00	4279.313	4327.160	4272.727	4323.592	42920	0	160
2025.10.20	13:00:00	4323.638	4325.270	4299.499	4300.904	54238	0	160
2025.10.20	14:00:00	4300.862	4334.751	4292.608	4332.283	42924	0	160
2025.10.20	15:00:00	4332.250	4355.752	4332.250	4349.215	30806	0	160
2025.10.20	16:00:00	4349.180	4350.840	4342.655	4347.872	19832	0	160
2025.10.20	17:00:00	4347.869	4351.148	4337.340	4347.503	19906	0	160
2025.10.20	18:00:00	4347.600	4364.622	4344.535	4359.427	17789	0	160
2025.10.20	19:00:00	4359.491	4381.569	4359.202	4378.211	17734	0	160
2025.10.20	20:00:00	4378.162	4380.115	4346.475	4356.042	23738	0	160
2025.10.20	22:00:00	4364.452	4375.487	4357.543	4367.537	17867	0	160
2025.10.20	23:00:00	4367.490	4371.685	4356.602	4360.492	12603	0	160
2025.10.21	00:00:00	4360.442	4371.140	4356.136	4368.835	20175	0	160
2025.10.21	01:00:00	4368.790	4372.296	4332.872	4350.833	36114	0	160
2025.10.21	02:00:00	4350.899	4355.398	4335.163	4338.905	26853	0	160
2025.10.21	03:00:00	4338.872	4350.799	4337.851	4346.584	13834	0	160
2025.10.21	04:00:00	4346.538	4347.068	4337.141	4341.941	10499	0	160
2025.10.21	05:00:00	4341.946	4344.297	4317.151	4323.315	25604	0	160
2025.10.21	06:00:00	4323.285	4344.259	4317.144	4343.203	21917	0	160
2025.10.21	07:00:00	4343.227	4343.227	4293.394	4298.449	42282	0	160
2025.10.21	08:00:00	4298.363	4301.779	4244.728	4273.882	67259	0	160
2025.10.21	09:00:00	4273.933	4278.089	4254.600	4265.136	32221	0	160
2025.10.21	10:00:00	4265.098	4266.500	4249.266	4253.766	27091	0	160
2025.10.21	11:00:00	4253.740	4272.444	4245.513	4253.325	25205	0	160
2025.10.21	12:00:00	4253.353	4257.511	4205.763	4211.051	61270	0	160
2025.10.21	13:00:00	4211.104	4225.438	4167.546	4174.071	93301	0	160
2025.10.21	14:00:00	4174.028	4188.508	4080.817	4138.912	124771	0	160
2025.10.21	15:00:00	4138.939	4150.596	4119.988	4138.535	70048	0	160
2025.10.21	16:00:00	4138.648	4143.876	4101.424	4113.475	52175	0	160
2025.10.21	17:00:00	4113.579	4120.237	4093.562	4111.230	49288	0	160
2025.10.21	18:00:00	4111.156	4125.820	4106.379	4114.820	26523	0	160
2025.10.21	19:00:00	4114.884	4122.214	4100.376	4108.770	29424	0	160
2025.10.21	20:00:00	4108.802	4130.976	4105.999	4125.337	15659	0	160
2025.10.21	22:00:00	4132.096	4132.322	4113.804	4123.235	15184	0	160
2025.10.21	23:00:00	4123.277	4127.882	4090.127	4093.156	19209	0	160
2025.10.22	00:00:00	4093.182	4094.052	4004.185	4075.132	112547	0	160
2025.10.22	01:00:00	4075.165	4121.152	4064.368	4087.171	67585	0	160
2025.10.22	02:00:00	4087.217	4117.831	4087.217	4114.959	27301	0	160
2025.10.22	03:00:00	4114.985	4143.136	4107.312	4128.674	25156	0	160
2025.10.22	04:00:00	4128.610	4133.411	4107.570	4128.173	20413	0	160
2025.10.22	05:00:00	4128.210	4147.036	4126.424	4135.118	23322	0	160
2025.10.22	06:00:00	4135.068	4161.360	4127.752	4155.691	24310	0	160
2025.10.22	07:00:00	4155.656	4156.421	4129.293	4132.901	38769	0	160
2025.10.22	08:00:00	4132.863	4135.863	4058.479	4070.637	74481	0	160
2025.10.22	09:00:00	4070.588	4101.828	4061.553	4069.586	48854	0	160
2025.10.22	10:00:00	4069.522	4090.878	4023.765	4035.140	46362	0	160
2025.10.22	11:00:00	4035.093	4045.103	4015.070	4027.778	57820	0	160
2025.10.22	12:00:00	4027.805	4053.495	4023.049	4033.777	51719	0	160
2025.10.22	13:00:00	4033.885	4085.272	4033.417	4075.941	69994	0	160
2025.10.22	14:00:00	4075.900	4078.403	4010.988	4015.041	66680	0	160
2025.10.22	15:00:00	4014.994	4047.356	4014.775	4037.089	52341	0	160
2025.10.22	16:00:00	4037.043	4064.215	4023.211	4059.221	50044	0	160
2025.10.22	17:00:00	4059.185	4071.160	4043.944	4069.951	41142	0	160
2025.10.22	18:00:00	4070.023	4081.545	4066.559	4076.727	20342	0	160
2025.10.22	19:00:00	4076.707	4113.632	4076.544	4102.378	31731	0	160
2025.10.22	20:00:00	4102.333	4107.299	4088.435	4098.347	15215	0	160
2025.10.22	22:00:00	4106.302	4116.475	4092.238	4102.071	19481	0	160
2025.10.22	23:00:00	4102.076	4104.782	4080.517	4087.735	20541	0	160
2025.10.23	00:00:00	4087.639	4096.871	4065.984	4081.794	33209	0	160
2025.10.23	01:00:00	4081.822	4092.792	4071.810	4073.297	30943	0	160
2025.10.23	02:00:00	4073.322	4085.463	4072.204	4082.552	20076	0	160
2025.10.23	03:00:00	4082.506	4100.724	4077.717	4091.173	16763	0	160
2025.10.23	04:00:00	4091.195	4093.025	4079.656	4089.702	12143	0	160
2025.10.23	05:00:00	4089.675	4110.517	4083.866	4110.266	18375	0	160
2025.10.23	06:00:00	4110.224	4137.712	4110.089	4113.599	39639	0	160
2025.10.23	07:00:00	4113.628	4121.242	4091.781	4094.256	29961	0	160
2025.10.23	08:00:00	4094.292	4119.027	4094.292	4116.135	25394	0	160
2025.10.23	09:00:00	4116.178	4125.478	4111.167	4124.415	19523	0	160
2025.10.23	10:00:00	4124.456	4125.235	4101.765	4108.833	24827	0	160
2025.10.23	11:00:00	4108.879	4121.031	4107.654	4109.614	23620	0	160
2025.10.23	12:00:00	4109.581	4129.402	4100.140	4127.175	26129	0	160
2025.10.23	13:00:00	4127.216	4151.129	4125.759	4144.946	46460	0	160
2025.10.23	14:00:00	4144.905	4154.684	4136.026	4148.231	36726	0	160
2025.10.23	15:00:00	4148.258	4151.888	4137.135	4141.845	23990	0	160
2025.10.23	16:00:00	4141.816	4148.643	4125.523	4133.022	22073	0	160
2025.10.23	17:00:00	4132.976	4139.254	4124.747	4137.659	20300	0	160
2025.10.23	18:00:00	4137.661	4143.464	4133.143	4135.982	13494	0	160
2025.10.23	19:00:00	4136.016	4138.225	4116.426	4118.289	17616	0	160
2025.10.23	20:00:00	4118.333	4125.967	4107.377	4125.560	12862	0	160
2025.10.23	22:00:00	4131.889	4131.923	4111.301	4116.133	10804	0	160
2025.10.23	23:00:00	4116.129	4122.968	4105.812	4121.703	9866	0	160
2025.10.24	00:00:00	4121.728	4133.713	4117.975	4132.564	14713	0	160
2025.10.24	01:00:00	4132.579	4144.297	4112.151	4118.823	27023	0	160
2025.10.24	02:00:00	4118.870	4119.084	4109.384	4109.614	18759	0	160
2025.10.24	03:00:00	4109.741	4123.507	4107.556	4122.380	12765	0	160
2025.10.24	04:00:00	4122.262	4123.316	4102.818	4111.724	14755	0	160
2025.10.24	05:00:00	4111.774	4117.981	4102.902	4104.650	14163	0	160
2025.10.24	06:00:00	4104.580	4104.856	4081.417	4092.262	28332	0	160
2025.10.24	07:00:00	4092.149	4095.987	4069.547	4074.245	24472	0	160
2025.10.24	08:00:00	4074.376	4077.914	4047.503	4065.337	32246	0	160
2025.10.24	09:00:00	4065.299	4073.618	4054.394	4060.753	19972	0	160
2025.10.24	10:00:00	4060.728	4070.902	4053.480	4054.840	15787	0	160
2025.10.24	11:00:00	4054.814	4065.572	4043.978	4061.284	21652	0	160
2025.10.24	12:00:00	4061.371	4093.731	4059.819	4081.987	37751	0	160
2025.10.24	13:00:00	4082.026	4122.324	4079.085	4106.845	61786	0	160
2025.10.24	14:00:00	4106.682	4135.165	4102.186	4117.364	45440	0	160
2025.10.24	15:00:00	4117.339	4131.922	4113.214	4130.347	28661	0	160
2025.10.24	16:00:00	4130.419	4138.594	4121.643	4129.162	22598	0	160
2025.10.24	17:00:00	4129.267	4134.373	4105.670	4107.531	23763	0	160
2025.10.24	18:00:00	4107.585	4113.615	4101.801	4110.312	20442	0	160
2025.10.24	19:00:00	4110.278	4117.407	4102.200	4103.999	15590	0	160
2025.10.24	20:00:00	4104.036	4114.062	4096.254	4113.082	9813	0	160
2025.10.26	22:00:00	4083.572	4109.193	4071.680	4081.724	27817	0	160
2025.10.26	23:00:00	4081.764	4088.452	4061.912	4064.458	22367	0	160
2025.10.27	00:00:00	4064.532	4084.199	4058.108	4081.343	21230	0	160
2025.10.27	01:00:00	4081.368	4097.781	4075.056	4081.734	30618	0	160
2025.10.27	02:00:00	4081.755	4082.086	4070.098	4071.586	18774	0	160
2025.10.27	03:00:00	4071.558	4081.909	4065.319	4069.559	14257	0	160
2025.10.27	04:00:00	4069.523	4071.856	4053.805	4068.752	17750	0	160
2025.10.27	05:00:00	4068.800	4084.569	4068.582	4079.552	14937	0	160
2025.10.27	06:00:00	4079.522	4084.782	4073.829	4078.286	17450	0	160
2025.10.27	07:00:00	4078.287	4079.997	4064.017	4068.619	14954	0	160
2025.10.27	08:00:00	4068.588	4070.548	4023.351	4043.306	28189	0	160
2025.10.27	09:00:00	4043.408	4050.274	4030.104	4039.737	31106	0	160
2025.10.27	10:00:00	4039.716	4047.826	4028.795	4037.364	20743	0	160
2025.10.27	11:00:00	4037.407	4041.376	4015.427	4023.923	28587	0	160
2025.10.27	12:00:00	4023.971	4046.553	4022.293	4045.514	27700	0	160
2025.10.27	13:00:00	4045.564	4050.275	4013.181	4022.017	49174	0	160
2025.10.27	14:00:00	4022.040	4023.383	3982.877	3987.902	68967	0	160
2025.10.27	15:00:00	3987.927	3993.532	3971.348	3989.930	44519	0	160
2025.10.27	16:00:00	3990.039	4000.444	3983.978	3999.159	22326	0	160
2025.10.27	17:00:00	3999.255	4008.887	3990.771	4006.472	21323	0	160
2025.10.27	18:00:00	4006.419	4010.147	3997.793	3999.308	17926	0	160
2025.10.27	19:00:00	3999.338	4005.656	3985.575	3990.129	22719	0	160
2025.10.27	20:00:00	3990.176	4000.309	3979.110	3982.549	13108	0	160
2025.10.27	22:00:00	3986.884	3996.477	3983.714	3989.898	10551	0	160
2025.10.27	23:00:00	3989.896	4004.562	3982.880	3998.491	13089	0	160
2025.10.28	00:00:00	3998.379	4009.739	3973.043	4006.746	19361	0	160
2025.10.28	01:00:00	4006.712	4019.767	4004.355	4011.010	24355	0	160
2025.10.28	02:00:00	4010.983	4013.994	3980.663	3983.882	24245	0	160
2025.10.28	03:00:00	3983.838	3994.378	3983.107	3992.900	13829	0	160
2025.10.28	04:00:00	3992.855	3994.255	3963.645	3973.680	21985	0	160
2025.10.28	05:00:00	3973.682	3980.167	3959.031	3966.441	24485	0	160
2025.10.28	06:00:00	3966.512	3968.627	3938.400	3942.666	25812	0	160
2025.10.28	07:00:00	3942.556	3948.582	3921.754	3932.473	29164	0	160
2025.10.28	08:00:00	3932.508	3935.894	3896.474	3897.412	37693	0	160
2025.10.28	09:00:00	3897.452	3911.022	3886.540	3904.714	32707	0	160
2025.10.28	10:00:00	3904.702	3930.741	3899.951	3926.405	24907	0	160
2025.10.28	11:00:00	3926.447	3929.956	3910.769	3923.293	23603	0	160
2025.10.28	12:00:00	3923.320	3929.916	3905.489	3912.891	24943	0	160
2025.10.28	13:00:00	3912.946	3940.493	3912.406	3938.881	43137	0	160
2025.10.28	14:00:00	3938.934	3953.977	3934.699	3949.702	30954	0	160
2025.10.28	15:00:00	3949.678	3969.566	3947.110	3964.762	23347	0	160
2025.10.28	16:00:00	3964.796	3965.383	3951.104	3958.497	27691	0	160
2025.10.28	17:00:00	3958.424	3970.422	3955.104	3962.456	20916	0	160
2025.10.28	18:00:00	3962.423	3964.096	3945.144	3956.612	18540	0	160
2025.10.28	19:00:00	3956.638	3962.866	3950.760	3960.116	19021	0	160
2025.10.28	20:00:00	3960.164	3960.968	3949.293	3952.221	9571	0	160
2025.10.28	22:00:00	3957.342	3961.222	3915.990	3934.029	23716	0	160
2025.10.28	23:00:00	3934.044	3967.841	3934.003	3964.818	15389	0	160
2025.10.29	00:00:00	3964.847	3982.257	3959.089	3975.301	20587	0	160
2025.10.29	01:00:00	3975.258	3979.705	3966.152	3973.798	24096	0	160
2025.10.29	02:00:00	3973.775	3974.537	3944.199	3961.174	22184	0	160
2025.10.29	03:00:00	3961.214	3972.238	3958.379	3963.360	15309	0	160
2025.10.29	04:00:00	3963.373	3964.926	3951.138	3952.027	14426	0	160
2025.10.29	05:00:00	3952.044	3966.401	3950.749	3962.618	18083	0	160
2025.10.29	06:00:00	3962.509	3984.966	3959.849	3978.278	17670	0	160
2025.10.29	07:00:00	3978.332	4001.599	3974.965	4001.329	20097	0	160
2025.10.29	08:00:00	4001.294	4018.454	4000.436	4016.617	19209	0	160
2025.10.29	09:00:00	4016.592	4029.650	4013.389	4023.998	18927	0	160
2025.10.29	10:00:00	4024.100	4029.706	4017.185	4023.366	17738	0	160
2025.10.29	11:00:00	4023.415	4028.678	4013.390	4016.693	19559	0	160
2025.10.29	12:00:00	4016.722	4030.268	4013.595	4025.390	20979	0	160
2025.10.29	13:00:00	4025.357	4025.479	4002.483	4012.287	32237	0	160
2025.10.29	14:00:00	4012.253	4022.391	4007.362	4008.574	24290	0	160
2025.10.29	15:00:00	4008.543	4012.122	3989.229	3993.002	26058	0	160
2025.10.29	16:00:00	3993.009	4001.026	3991.353	3992.863	15051	0	160
2025.10.29	17:00:00	3992.832	3997.836	3985.614	3994.873	14746	0	160
2025.10.29	18:00:00	3994.835	4007.464	3942.858	3969.394	80004	0	160
2025.10.29	19:00:00	3969.431	3979.807	3927.910	3945.555	53988	0	160
2025.10.29	20:00:00	3945.528	3954.199	3927.990	3928.745	20070	0	160
2025.10.29	22:00:00	3927.247	3948.501	3917.190	3941.336	20786	0	160
2025.10.29	23:00:00	3941.380	3954.061	3939.512	3952.836	13219	0	160
2025.10.30	00:00:00	3952.798	3964.254	3937.991	3950.191	21247	0	160
2025.10.30	01:00:00	3950.210	3966.389	3945.125	3947.978	27464	0	160
2025.10.30	02:00:00	3947.937	3948.246	3921.643	3921.950	25955	0	160
2025.10.30	03:00:00	3921.953	3938.288	3915.301	3938.002	17466	0	160
2025.10.30	04:00:00	3938.030	3982.421	3934.842	3972.691	29017	0	160
2025.10.30	05:00:00	3972.664	3978.472	3947.087	3963.757	28662	0	160
2025.10.30	06:00:00	3963.716	3977.177	3956.360	3976.845	24747	0	160
2025.10.30	07:00:00	3976.775	3977.246	3955.865	3961.323	19808	0	160
2025.10.30	08:00:00	3961.339	3976.794	3960.183	3976.385	18390	0	160
2025.10.30	09:00:00	3976.326	4011.878	3976.001	3998.670	26629	0	160
2025.10.30	10:00:00	3998.645	4000.997	3973.717	3984.292	22567	0	160
2025.10.30	11:00:00	3984.311	3984.986	3964.005	3974.380	21313	0	160
2025.10.30	12:00:00	3974.422	3985.628	3961.012	3961.446	28862	0	160
2025.10.30	13:00:00	3961.408	3995.367	3960.046	3995.367	40839	0	160
2025.10.30	14:00:00	3995.414	4014.809	3986.728	3996.410	48689	0	160
2025.10.30	15:00:00	3996.359	4008.495	3988.385	4001.938	27065	0	160
2025.10.30	16:00:00	4001.900	4004.112	3991.380	4001.280	18957	0	160
2025.10.30	17:00:00	4001.324	4017.883	3994.383	4004.795	16371	0	160
2025.10.30	18:00:00	4004.839	4017.757	4000.237	4016.104	16053	0	160
2025.10.30	19:00:00	4016.134	4025.972	4015.329	4023.450	16418	0	160
2025.10.30	20:00:00	4023.400	4027.454	4016.379	4024.533	9667	0	160
2025.10.30	22:00:00	4023.522	4046.422	4016.328	4037.974	13991	0	160
2025.10.30	23:00:00	4038.002	4043.094	4018.906	4036.658	18823	0	160
2025.10.31	00:00:00	4036.633	4037.155	4023.798	4025.304	16688	0	160
2025.10.31	01:00:00	4025.272	4039.309	4012.930	4018.868	25065	0	160
2025.10.31	02:00:00	4018.824	4019.228	4001.586	4011.051	26578	0	160
2025.10.31	03:00:00	4011.118	4013.936	3991.092	3996.422	21355	0	160
2025.10.31	04:00:00	3996.448	4010.602	3989.103	4005.678	15050	0	160
2025.10.31	05:00:00	4005.640	4011.353	3994.021	4005.093	20349	0	160
2025.10.31	06:00:00	4005.121	4015.101	4002.055	4013.049	19783	0	160
2025.10.31	07:00:00	4013.086	4025.316	4007.446	4021.041	19121	0	160
2025.10.31	08:00:00	4020.948	4026.871	4006.640	4010.481	18170	0	160
2025.10.31	09:00:00	4010.442	4014.294	3998.795	4008.554	16953	0	160
2025.10.31	10:00:00	4008.547	4016.773	4003.609	4007.458	14225	0	160
2025.10.31	11:00:00	4007.413	4011.227	4001.666	4010.527	13396	0	160
2025.10.31	12:00:00	4010.483	4036.188	4009.075	4023.052	20496	0	160
2025.10.31	13:00:00	4023.013	4035.265	4010.090	4016.522	33796	0	160
2025.10.31	14:00:00	4016.556	4027.332	4010.859	4020.547	27343	0	160
2025.10.31	15:00:00	4020.566	4022.818	4009.409	4012.804	26078	0	160
2025.10.31	16:00:00	4012.753	4015.136	3972.406	3980.751	47364	0	160
2025.10.31	17:00:00	3980.793	4003.589	3980.453	3997.671	25456	0	160
2025.10.31	18:00:00	3997.706	4010.142	3995.487	4000.027	15835	0	160
2025.10.31	19:00:00	4000.064	4005.615	3991.236	4001.071	15936	0	160
2025.10.31	20:00:00	4001.033	4006.709	3996.134	4001.621	7984	0	160
2025.11.02	23:00:00	3990.719	3998.936	3977.946	3980.468	17526	0	160
2025.11.03	00:00:00	3980.378	3987.771	3962.306	3970.971	22269	0	160
2025.11.03	01:00:00	3971.006	4001.846	3965.367	3995.838	30196	0	160
2025.11.03	02:00:00	3995.811	4006.557	3990.316	4004.002	18630	0	160
2025.11.03	03:00:00	4004.042	4015.557	4002.349	4011.186	16270	0	160
2025.11.03	04:00:00	4011.183	4014.493	4001.693	4003.761	12307	0	160
2025.11.03	05:00:00	4003.762	4018.698	3997.685	4014.055	14820	0	160
2025.11.03	06:00:00	4014.082	4018.783	4010.105	4017.369	13729	0	160
2025.11.03	07:00:00	4017.343	4026.054	4013.527	4025.279	15344	0	160
2025.11.03	08:00:00	4025.371	4027.868	4011.224	4019.736	18275	0	160
2025.11.03	09:00:00	4019.807	4026.007	3992.968	4000.605	24122	0	160
2025.11.03	10:00:00	4000.679	4004.807	3994.424	3998.911	17912	0	160
2025.11.03	11:00:00	3998.951	4008.639	3994.258	4007.563	14662	0	160
2025.11.03	12:00:00	4007.556	4013.568	4001.707	4013.239	14221	0	160
2025.11.03	13:00:00	4013.206	4020.632	4010.724	4015.983	24614	0	160
2025.11.03	14:00:00	4016.024	4026.127	4001.745	4022.647	27816	0	160
2025.11.03	15:00:00	4022.761	4030.646	4003.414	4008.635	36584	0	160
2025.11.03	16:00:00	4008.604	4013.492	3995.327	4008.205	22743	0	160
2025.11.03	17:00:00	4008.263	4012.066	4003.531	4006.159	13498	0	160
2025.11.03	18:00:00	4006.134	4009.600	3999.527	4006.661	11747	0	160
2025.11.03	19:00:00	4006.658	4008.276	3995.081	4004.710	14146	0	160
2025.11.03	20:00:00	4004.670	4014.932	4004.670	4010.359	9973	0	160
2025.11.03	21:00:00	4010.248	4010.248	3999.703	4000.684	5315	0	160
2025.11.03	23:00:00	4001.347	4005.837	3980.963	3997.194	13320	0	160
2025.11.04	00:00:00	3997.301	3999.269	3978.198	3986.349	18020	0	160
2025.11.04	01:00:00	3986.449	3994.523	3979.582	3987.411	20966	0	160
2025.11.04	02:00:00	3987.415	3987.415	3975.503	3986.620	20229	0	160
2025.11.04	03:00:00	3986.668	3999.382	3981.608	3994.564	14241	0	160
2025.11.04	04:00:00	3994.525	3995.175	3983.780	3985.480	12234	0	160
2025.11.04	05:00:00	3985.448	3987.093	3972.837	3973.410	17890	0	160
2025.11.04	06:00:00	3973.362	3988.008	3966.773	3985.053	20244	0	160
2025.11.04	07:00:00	3985.174	3996.438	3982.273	3993.904	16376	0	160
2025.11.04	08:00:00	3994.038	4000.711	3990.700	3996.008	16101	0	160
2025.11.04	09:00:00	3995.976	3999.395	3990.327	3991.224	14938	0	160
2025.11.04	10:00:00	3991.184	3997.523	3985.891	3993.927	14388	0	160
2025.11.04	11:00:00	3993.952	4000.218	3991.558	3995.205	9835	0	160
2025.11.04	12:00:00	3995.220	3997.576	3983.430	3984.707	13024	0	160
2025.11.04	13:00:00	3984.606	3996.027	3971.848	3975.696	23077	0	160
2025.11.04	14:00:00	3975.732	3977.762	3928.810	3956.957	45196	0	160
2025.11.04	15:00:00	3956.958	3968.055	3941.092	3956.768	28183	0	160
2025.11.04	16:00:00	3956.871	3975.778	3956.729	3968.911	20261	0	160
2025.11.04	17:00:00	3969.031	3971.009	3952.449	3955.014	18319	0	160
2025.11.04	18:00:00	3954.986	3956.858	3932.102	3937.847	22765	0	160
2025.11.04	19:00:00	3937.882	3944.104	3934.654	3937.435	17280	0	160
2025.11.04	20:00:00	3937.450	3942.073	3931.400	3938.528	15971	0	160
2025.11.04	21:00:00	3938.463	3938.582	3930.398	3932.139	6014	0	160
2025.11.04	23:00:00	3932.054	3940.555	3930.911	3934.767	9941	0	160
2025.11.05	00:00:00	3934.793	3943.054	3929.598	3939.874	17021	0	160
2025.11.05	01:00:00	3939.908	3949.453	3934.412	3937.050	21933	0	160
2025.11.05	02:00:00	3937.010	3950.974	3935.450	3948.503	15609	0	160
2025.11.05	03:00:00	3948.491	3965.385	3947.424	3960.802	11451	0	160
2025.11.05	04:00:00	3960.841	3973.637	3959.739	3970.233	9812	0	160
2025.11.05	05:00:00	3970.292	3978.556	3961.873	3964.933	13292	0	160
2025.11.05	06:00:00	3964.965	3973.594	3961.792	3966.191	14459	0	160
2025.11.05	07:00:00	3966.229	3974.807	3963.627	3972.701	11778	0	160
2025.11.05	08:00:00	3972.734	3987.091	3972.734	3979.852	15193	0	160
2025.11.05	09:00:00	3979.815	3981.302	3963.519	3971.802	12706	0	160
2025.11.05	10:00:00	3971.835	3971.835	3956.021	3964.456	13891	0	160
2025.11.05	11:00:00	3964.481	3968.861	3957.502	3966.879	10029	0	160
2025.11.05	12:00:00	3966.823	3969.910	3962.266	3969.571	9416	0	160
2025.11.05	13:00:00	3969.513	3979.533	3964.643	3975.814	18413	0	160
2025.11.05	14:00:00	3975.922	3985.562	3969.513	3973.399	24890	0	160
2025.11.05	15:00:00	3973.333	3984.502	3963.964	3978.192	24830	0	160
2025.11.05	16:00:00	3978.268	3990.518	3974.787	3986.864	16391	0	160
2025.11.05	17:00:00	3986.824	3989.659	3978.565	3981.948	11254	0	160
2025.11.05	18:00:00	3981.991	3986.002	3978.815	3982.459	8678	0	160
2025.11.05	19:00:00	3982.475	3988.887	3979.217	3987.809	7460	0	160
2025.11.05	20:00:00	3987.838	3990.243	3981.466	3983.780	7902	0	160
2025.11.05	21:00:00	3983.774	3984.941	3977.889	3979.101	4370	0	160
2025.11.05	23:00:00	3976.052	3980.142	3966.726	3973.671	11737	0	160
2025.11.06	00:00:00	3973.630	3976.129	3969.492	3976.129	9622	0	160
2025.11.06	01:00:00	3976.213	3977.409	3964.543	3976.629	15242	0	160
2025.11.06	02:00:00	3976.623	3985.259	3974.242	3983.325	11035	0	160
2025.11.06	03:00:00	3983.354	3990.439	3979.527	3987.556	8894	0	160
2025.11.06	04:00:00	3987.549	3989.858	3984.522	3988.748	6186	0	160
2025.11.06	05:00:00	3988.748	3990.925	3985.628	3987.694	9068	0	160
2025.11.06	06:00:00	3987.737	3992.930	3982.182	3991.508	10666	0	160
2025.11.06	07:00:00	3991.443	4009.645	3991.063	4005.883	13457	0	160
2025.11.06	08:00:00	4005.852	4016.818	4004.708	4014.801	12184	0	160
2025.11.06	09:00:00	4014.832	4015.191	4009.313	4011.031	9622	0	160
2025.11.06	10:00:00	4011.095	4011.216	4004.248	4008.363	8536	0	160
2025.11.06	11:00:00	4008.318	4019.609	4006.901	4018.182	9163	0	160
2025.11.06	12:00:00	4018.104	4019.506	4002.899	4005.269	9771	0	160
2025.11.06	13:00:00	4005.308	4016.118	4003.507	4012.140	14022	0	160
2025.11.06	14:00:00	4012.148	4013.794	3988.870	3993.264	28594	0	160
2025.11.06	15:00:00	3993.312	3993.763	3975.197	3980.220	32835	0	160
2025.11.06	16:00:00	3980.264	3986.270	3976.478	3980.916	20818	0	160
2025.11.06	17:00:00	3980.950	3988.178	3965.754	3986.251	21886	0	160
2025.11.06	18:00:00	3986.258	3991.074	3980.214	3987.769	13144	0	160
2025.11.06	19:00:00	3987.817	3995.278	3983.091	3985.395	10172	0	160
2025.11.06	20:00:00	3985.350	3987.277	3979.399	3980.709	14467	0	160
2025.11.06	21:00:00	3980.793	3982.399	3976.545	3977.032	6959	0	160
2025.11.06	23:00:00	3977.349	3989.711	3974.354	3989.177	6286	0	160
2025.11.07	00:00:00	3989.212	3994.485	3984.509	3988.647	7762	0	160
2025.11.07	01:00:00	3988.635	4002.751	3987.099	4001.748	12371	0	160
2025.11.07	02:00:00	4001.707	4003.402	3991.433	3995.397	10064	0	160
2025.11.07	03:00:00	3995.338	3996.568	3988.213	3990.445	8293	0	160
2025.11.07	04:00:00	3990.413	3998.635	3985.363	3998.451	8005	0	160
2025.11.07	05:00:00	3998.494	3998.904	3991.954	3995.159	9550	0	160
2025.11.07	06:00:00	3995.130	4008.442	3992.442	4006.685	10444	0	160
2025.11.07	07:00:00	4006.735	4010.016	4002.893	4007.772	9990	0	160
2025.11.07	08:00:00	4007.836	4010.328	4003.597	4009.683	9240	0	160
2025.11.07	09:00:00	4009.721	4014.195	4004.080	4006.548	9558	0	160
2025.11.07	10:00:00	4006.595	4009.410	4002.928	4007.849	9493	0	160
2025.11.07	11:00:00	4007.852	4012.180	3993.715	4002.861	14112	0	160
2025.11.07	12:00:00	4002.935	4008.431	3991.464	3995.829	13492	0	160
2025.11.07	13:00:00	3995.868	4002.030	3991.720	3997.699	15937	0	160
2025.11.07	14:00:00	3997.653	4007.452	3984.433	3993.336	26689	0	160
2025.11.07	15:00:00	3993.333	3999.231	3984.058	3990.952	22967	0	160
2025.11.07	16:00:00	3990.989	4027.628	3989.915	4007.833	25785	0	160
2025.11.07	17:00:00	4007.859	4009.958	3992.218	4005.371	26718	0	160
2025.11.07	18:00:00	4005.464	4009.170	3999.778	4005.564	14070	0	160
2025.11.07	19:00:00	4005.594	4009.027	4001.721	4006.841	11780	0	160
2025.11.07	20:00:00	4006.811	4007.184	3994.340	4004.020	17938	0	160
2025.11.07	21:00:00	4003.986	4005.128	3998.491	4001.422	4584	0	160
2025.11.09	23:00:00	4004.876	4012.265	4004.027	4011.860	11896	0	160
2025.11.10	00:00:00	4011.870	4023.809	4011.132	4020.382	11658	0	160
2025.11.10	01:00:00	4020.306	4053.256	4019.102	4043.982	28137	0	160
2025.11.10	02:00:00	4043.950	4049.012	4037.742	4048.212	16107	0	160
2025.11.10	03:00:00	4048.134	4052.929	4044.940	4050.292	8360	0	160
2025.11.10	04:00:00	4050.242	4056.836	4049.947	4054.216	8339	0	160
2025.11.10	05:00:00	4054.121	4069.865	4050.074	4069.251	11462	0	160
2025.11.10	06:00:00	4069.301	4078.671	4067.008	4075.095	13737	0	160
2025.11.10	07:00:00	4075.040	4079.165	4072.043	4075.190	11299	0	160
2025.11.10	08:00:00	4075.215	4085.186	4074.821	4082.196	14851	0	160
2025.11.10	09:00:00	4082.238	4086.238	4071.617	4076.625	13255	0	160
2025.11.10	10:00:00	4076.670	4083.514	4075.958	4080.830	9306	0	160
2025.11.10	11:00:00	4080.879	4085.497	4075.781	4085.293	9031	0	160
2025.11.10	12:00:00	4085.335	4099.989	4084.182	4097.690	13784	0	160
2025.11.10	13:00:00	4097.668	4105.886	4090.310	4091.597	24783	0	160
2025.11.10	14:00:00	4091.634	4094.146	4074.405	4083.582	30291	0	160
2025.11.10	15:00:00	4083.545	4094.344	4077.971	4084.555	24303	0	160
2025.11.10	16:00:00	4084.509	4095.768	4081.921	4094.822	14470	0	160
2025.11.10	17:00:00	4094.863	4102.643	4093.328	4102.492	10953	0	160
2025.11.10	18:00:00	4102.439	4115.834	4101.490	4110.195	12731	0	160
2025.11.10	19:00:00	4110.215	4115.660	4107.878	4113.162	9594	0	160
2025.11.10	20:00:00	4113.102	4114.519	4106.580	4111.662	10985	0	160
2025.11.10	21:00:00	4111.765	4116.659	4110.535	4115.691	4519	0	160
2025.11.10	23:00:00	4115.420	4122.665	4114.901	4119.955	8127	0	160
2025.11.11	00:00:00	4119.992	4133.670	4116.195	4130.931	10689	0	160
2025.11.11	01:00:00	4130.979	4141.134	4128.010	4136.261	20146	0	160
2025.11.11	02:00:00	4136.225	4139.550	4129.554	4138.000	14203	0	160
2025.11.11	03:00:00	4138.002	4148.113	4136.996	4146.879	10068	0	160
2025.11.11	04:00:00	4146.816	4148.862	4141.931	4143.052	7455	0	160
2025.11.11	05:00:00	4143.169	4144.534	4124.545	4131.026	16329	0	160
2025.11.11	06:00:00	4130.995	4137.880	4126.799	4129.998	13239	0	160
2025.11.11	07:00:00	4129.940	4133.287	4124.863	4129.671	11203	0	160
2025.11.11	08:00:00	4129.564	4137.702	4128.805	4135.678	13018	0	160
2025.11.11	09:00:00	4135.703	4146.001	4134.390	4141.891	8959	0	160
2025.11.11	10:00:00	4141.883	4144.280	4136.799	4141.891	9222	0	160
2025.11.11	11:00:00	4141.928	4144.547	4139.086	4142.788	8751	0	160
2025.11.11	12:00:00	4142.829	4143.943	4133.211	4134.334	10596	0	160
2025.11.11	13:00:00	4134.375	4146.645	4133.858	4142.475	13710	0	160
2025.11.11	14:00:00	4142.475	4143.263	4120.002	4125.081	28043	0	160
2025.11.11	15:00:00	4125.016	4126.364	4097.107	4106.638	32977	0	160
2025.11.11	16:00:00	4106.671	4115.676	4105.046	4113.226	16183	0	160
2025.11.11	17:00:00	4113.198	4117.776	4110.651	4114.315	11434	0	160
2025.11.11	18:00:00	4114.349	4116.325	4106.712	4113.998	12396	0	160
2025.11.11	19:00:00	4113.907	4126.175	4112.018	4123.010	9065	0	160
2025.11.11	20:00:00	4123.062	4131.983	4122.366	4129.524	10744	0	160
2025.11.11	21:00:00	4129.491	4131.311	4125.704	4126.546	5287	0	160
2025.11.11	23:00:00	4127.600	4144.677	4127.330	4142.639	10936	0	160
2025.11.12	00:00:00	4142.641	4145.524	4132.035	4133.017	11954	0	160
2025.11.12	01:00:00	4133.062	4137.311	4126.368	4131.633	19803	0	160
2025.11.12	02:00:00	4131.636	4135.442	4118.858	4124.006	13851	0	160
2025.11.12	03:00:00	4123.992	4125.381	4111.790	4111.972	11509	0	160
2025.11.12	04:00:00	4111.900	4113.209	4103.610	4110.410	12758	0	160
2025.11.12	05:00:00	4110.461	4111.024	4098.923	4104.681	14174	0	160
2025.11.12	06:00:00	4104.714	4119.062	4103.201	4118.448	14405	0	160
2025.11.12	07:00:00	4118.319	4125.318	4113.305	4116.963	12876	0	160
2025.11.12	08:00:00	4117.004	4132.909	4112.131	4131.233	15277	0	160
2025.11.12	09:00:00	4131.202	4133.567	4120.584	4124.669	13645	0	160
2025.11.12	10:00:00	4124.693	4129.185	4118.052	4127.815	13656	0	160
2025.11.12	11:00:00	4127.841	4131.075	4123.062	4126.121	11185	0	160
2025.11.12	12:00:00	4126.096	4139.537	4124.875	4130.209	14734	0	160
2025.11.12	13:00:00	4130.250	4132.669	4122.809	4127.013	20864	0	160
2025.11.12	14:00:00	4127.011	4140.067	4125.060	4136.763	27633	0	160
2025.11.12	15:00:00	4136.647	4185.704	4134.546	4181.424	39798	0	160
2025.11.12	16:00:00	4181.381	4197.842	4180.097	4196.322	31030	0	160
2025.11.12	17:00:00	4196.367	4206.535	4192.200	4199.374	25119	0	160
2025.11.12	18:00:00	4199.410	4211.751	4190.841	4206.899	21492	0	160
2025.11.12	19:00:00	4206.927	4210.099	4192.209	4197.485	18325	0	160
2025.11.12	20:00:00	4197.440	4199.810	4190.695	4195.859	15280	0	160
2025.11.12	21:00:00	4195.933	4202.228	4191.098	4194.486	7100	0	160
2025.11.12	23:00:00	4203.503	4208.175	4187.243	4191.097	13359	0	160
2025.11.13	00:00:00	4191.055	4209.002	4185.809	4205.918	16793	0	160
2025.11.13	01:00:00	4205.874	4209.380	4179.864	4192.336	26612	0	160
2025.11.13	02:00:00	4192.230	4195.820	4183.503	4190.073	20781	0	160
2025.11.13	03:00:00	4190.123	4213.486	4190.087	4213.125	16898	0	160
2025.11.13	04:00:00	4213.094	4219.568	4203.316	4209.314	13960	0	160
2025.11.13	05:00:00	4209.278	4217.760	4207.300	4211.945	18809	0	160
2025.11.13	06:00:00	4211.980	4212.241	4203.286	4210.337	15778	0	160
2025.11.13	07:00:00	4210.383	4220.150	4208.462	4219.942	13163	0	160
2025.11.13	08:00:00	4219.896	4239.515	4218.874	4232.847	19011	0	160
2025.11.13	09:00:00	4232.801	4239.493	4224.944	4233.200	15193	0	160
2025.11.13	10:00:00	4233.163	4240.261	4221.773	4225.373	14026	0	160
2025.11.13	11:00:00	4225.424	4232.315	4219.380	4230.520	14370	0	160
2025.11.13	12:00:00	4230.479	4245.332	4230.091	4242.523	11886	0	160
2025.11.13	13:00:00	4242.562	4243.956	4220.174	4231.841	29601	0	160
2025.11.13	14:00:00	4231.940	4232.457	4184.507	4195.363	50531	0	160
2025.11.13	15:00:00	4195.337	4205.029	4186.685	4202.482	36892	0	160
2025.11.13	16:00:00	4202.509	4211.009	4195.735	4206.601	27576	0	160
2025.11.13	17:00:00	4206.567	4208.336	4193.209	4201.869	22655	0	160
2025.11.13	18:00:00	4201.899	4203.365	4145.372	4157.983	46407	0	160
2025.11.13	19:00:00	4157.926	4170.622	4145.838	4163.828	27483	0	160
2025.11.13	20:00:00	4163.872	4170.609	4160.283	4163.946	21216	0	160
2025.11.13	21:00:00	4163.972	4181.371	4161.122	4171.534	9995	0	160
2025.11.13	23:00:00	4170.270	4186.697	4170.197	4185.929	12504	0	160
2025.11.14	00:00:00	4185.951	4189.957	4178.207	4183.793	13465	0	160
2025.11.14	01:00:00	4183.759	4193.844	4173.688	4190.127	23945	0	160
2025.11.14	02:00:00	4190.081	4210.260	4188.535	4207.113	17661	0	160
2025.11.14	03:00:00	4207.140	4211.561	4201.385	4204.436	12085	0	160
2025.11.14	04:00:00	4204.400	4205.836	4196.908	4203.310	10850	0	160
2025.11.14	05:00:00	4203.243	4203.696	4184.122	4189.919	20050	0	160
2025.11.14	06:00:00	4189.871	4193.193	4169.242	4175.270	21184	0	160
2025.11.14	07:00:00	4175.309	4182.382	4158.836	4180.986	20575	0	160
2025.11.14	08:00:00	4180.917	4187.007	4169.837	4176.063	21579	0	160
2025.11.14	09:00:00	4175.987	4180.409	4166.488	4169.232	17254	0	160
2025.11.14	10:00:00	4169.369	4171.064	4159.358	4167.811	15313	0	160
2025.11.14	11:00:00	4167.826	4169.907	4130.777	4132.907	28523	0	160
2025.11.14	12:00:00	4132.858	4140.501	4107.233	4116.161	40409	0	160
2025.11.14	13:00:00	4116.120	4118.823	4041.062	4055.752	65800	0	160
2025.11.14	14:00:00	4055.708	4083.941	4032.197	4082.653	60668	0	160
2025.11.14	15:00:00	4082.694	4096.446	4068.282	4093.474	47124	0	160
2025.11.14	16:00:00	4093.530	4111.212	4080.850	4105.116	30620	0	160
2025.11.14	17:00:00	4105.076	4110.634	4093.952	4099.889	26769	0	160
2025.11.14	18:00:00	4099.931	4103.708	4080.789	4098.069	27709	0	160
2025.11.14	19:00:00	4098.036	4100.042	4087.704	4089.972	18494	0	160
2025.11.14	20:00:00	4090.030	4092.339	4075.294	4087.143	20859	0	160
2025.11.14	21:00:00	4087.120	4087.120	4077.630	4084.620	9595	0	160
2025.11.16	23:00:00	4083.755	4106.794	4071.875	4096.461	23002	0	160
2025.11.17	00:00:00	4096.528	4098.279	4080.500	4083.038	20845	0	160
2025.11.17	01:00:00	4083.073	4102.076	4082.470	4091.202	27567	0	160
2025.11.17	02:00:00	4091.159	4093.793	4080.730	4081.702	23083	0	160
2025.11.17	03:00:00	4081.677	4085.746	4070.048	4082.993	22862	0	160
2025.11.17	04:00:00	4082.938	4087.960	4076.835	4078.618	10841	0	160
2025.11.17	05:00:00	4078.643	4078.759	4049.649	4058.254	23463	0	160
2025.11.17	06:00:00	4058.227	4071.878	4054.582	4066.086	19036	0	160
2025.11.17	07:00:00	4066.022	4089.243	4065.135	4088.159	13429	0	160
2025.11.17	08:00:00	4088.130	4095.987	4072.079	4077.406	19610	0	160
2025.11.17	09:00:00	4077.412	4088.844	4072.220	4082.251	16036	0	160
2025.11.17	10:00:00	4082.202	4089.517	4068.252	4070.222	17676	0	160
2025.11.17	11:00:00	4070.296	4086.054	4061.026	4078.456	19283	0	160
2025.11.17	12:00:00	4078.493	4085.287	4074.671	4077.149	13634	0	160
2025.11.17	13:00:00	4077.119	4092.276	4060.660	4065.412	25820	0	160
2025.11.17	14:00:00	4065.272	4082.051	4060.633	4076.213	31716	0	160
2025.11.17	15:00:00	4076.326	4077.742	4060.758	4064.373	31269	0	160
2025.11.17	16:00:00	4064.304	4073.700	4052.171	4069.907	24640	0	160
2025.11.17	17:00:00	4069.959	4081.109	4069.705	4073.391	16931	0	160
2025.11.17	18:00:00	4073.423	4076.303	4062.261	4062.617	17139	0	160
2025.11.17	19:00:00	4062.592	4065.127	4010.808	4011.229	41889	0	160
2025.11.17	20:00:00	4011.258	4043.999	4006.848	4041.065	31840	0	160
2025.11.17	21:00:00	4040.952	4046.281	4038.699	4045.789	7362	0	160
2025.11.17	23:00:00	4049.919	4055.565	4028.569	4036.825	20095	0	160
2025.11.18	00:00:00	4036.862	4041.166	4027.332	4040.142	21517	0	160
2025.11.18	01:00:00	4040.162	4045.052	4022.333	4025.005	24373	0	160
2025.11.18	02:00:00	4024.960	4035.955	4015.297	4017.671	19842	0	160
2025.11.18	03:00:00	4017.663	4026.240	4008.202	4013.285	19967	0	160
2025.11.18	04:00:00	4013.316	4018.202	4004.878	4010.472	19046	0	160
2025.11.18	05:00:00	4010.442	4025.227	4008.106	4018.912	17244	0	160
2025.11.18	06:00:00	4018.946	4020.500	4007.567	4009.043	17809	0	160
2025.11.18	07:00:00	4009.004	4017.575	3998.052	4013.674	19224	0	160
2025.11.18	08:00:00	4013.648	4042.740	4010.540	4036.817	22542	0	160
2025.11.18	09:00:00	4036.765	4047.210	4030.124	4040.264	17614	0	160
2025.11.18	10:00:00	4040.206	4050.434	4037.453	4044.148	16966	0	160
2025.11.18	11:00:00	4044.194	4050.306	4036.929	4039.334	12132	0	160
2025.11.18	12:00:00	4039.303	4044.969	4029.064	4032.356	18370	0	160
2025.11.18	13:00:00	4032.333	4070.330	4031.044	4065.135	30034	0	160
2025.11.18	14:00:00	4065.111	4082.042	4058.004	4065.731	37945	0	160
2025.11.18	15:00:00	4065.782	4072.286	4048.798	4052.921	45479	0	160
2025.11.18	16:00:00	4053.001	4069.261	4040.402	4066.865	31989	0	160
2025.11.18	17:00:00	4066.835	4075.796	4059.212	4071.441	20361	0	160
2025.11.18	18:00:00	4071.481	4074.774	4063.114	4072.652	16950	0	160
2025.11.18	19:00:00	4072.679	4082.060	4072.574	4081.051	15909	0	160
2025.11.18	20:00:00	4081.089	4082.273	4067.190	4069.515	16479	0	160
2025.11.18	21:00:00	4069.469	4072.311	4064.834	4067.233	5987	0	160
2025.11.18	23:00:00	4067.811	4077.878	4066.009	4076.650	9440	0	160
2025.11.19	00:00:00	4076.692	4078.463	4067.726	4069.467	13165	0	160
2025.11.19	01:00:00	4069.401	4070.346	4056.338	4059.139	19739	0	160
2025.11.19	02:00:00	4059.219	4080.659	4055.665	4075.548	18183	0	160
2025.11.19	03:00:00	4075.520	4078.675	4066.098	4066.989	14045	0	160
2025.11.19	04:00:00	4066.883	4076.961	4064.406	4075.206	10558	0	160
2025.11.19	05:00:00	4075.290	4097.590	4074.205	4095.465	18011	0	160
2025.11.19	06:00:00	4095.472	4098.636	4089.219	4091.113	15147	0	160
2025.11.19	07:00:00	4090.982	4096.963	4084.857	4087.046	11727	0	160
2025.11.19	08:00:00	4087.003	4088.759	4078.212	4083.482	16052	0	160
2025.11.19	09:00:00	4083.413	4116.419	4081.134	4113.321	20799	0	160
2025.11.19	10:00:00	4113.364	4119.173	4107.012	4108.906	20116	0	160
2025.11.19	11:00:00	4108.953	4117.592	4106.460	4112.900	13927	0	160
2025.11.19	12:00:00	4112.838	4120.010	4112.165	4114.492	12919	0	160
2025.11.19	13:00:00	4114.583	4117.877	4100.788	4110.366	27114	0	160
2025.11.19	14:00:00	4110.420	4128.969	4101.844	4127.793	30722	0	160
2025.11.19	15:00:00	4127.748	4132.686	4090.012	4096.599	40064	0	160
2025.11.19	16:00:00	4096.671	4098.646	4067.574	4074.770	48320	0	160
2025.11.19	17:00:00	4074.731	4081.217	4055.572	4078.816	42330	0	160
2025.11.19	18:00:00	4078.856	4091.248	4075.735	4087.029	27501	0	160
2025.11.19	19:00:00	4087.076	4087.209	4068.955	4073.651	28345	0	160
2025.11.19	20:00:00	4073.642	4082.101	4072.241	4076.203	17710	0	160
2025.11.19	21:00:00	4076.169	4084.762	4065.580	4077.890	11773	0	160
2025.11.19	23:00:00	4080.006	4108.239	4079.886	4104.662	16592	0	160
2025.11.20	00:00:00	4104.692	4110.327	4100.408	4103.077	15658	0	160
2025.11.20	01:00:00	4103.047	4109.258	4080.874	4081.388	25021	0	160
2025.11.20	02:00:00	4081.343	4081.734	4039.865	4067.018	35520	0	160
2025.11.20	03:00:00	4066.985	4085.754	4064.907	4072.427	21320	0	160
2025.11.20	04:00:00	4072.466	4080.577	4068.367	4075.632	10754	0	160
2025.11.20	05:00:00	4075.670	4076.106	4064.532	4066.777	17367	0	160
2025.11.20	06:00:00	4066.733	4077.694	4058.651	4068.479	20995	0	160
2025.11.20	07:00:00	4068.448	4076.696	4054.051	4059.959	19878	0	160
2025.11.20	08:00:00	4059.901	4069.424	4038.727	4063.648	32024	0	160
2025.11.20	09:00:00	4063.616	4072.779	4055.632	4064.216	23509	0	160
2025.11.20	10:00:00	4064.241	4068.234	4058.094	4060.086	14972	0	160
2025.11.20	11:00:00	4060.057	4068.420	4051.246	4060.789	15159	0	160
2025.11.20	12:00:00	4060.724	4082.061	4060.084	4081.810	17762	0	160
2025.11.20	13:00:00	4081.771	4096.505	4067.153	4080.240	44881	0	160
2025.11.20	14:00:00	4080.213	4107.187	4072.012	4093.354	46725	0	160
2025.11.20	15:00:00	4093.265	4098.817	4070.156	4070.156	37589	0	160
2025.11.20	16:00:00	4070.211	4082.664	4044.773	4049.046	49486	0	160
2025.11.20	17:00:00	4049.014	4068.476	4043.674	4066.087	51247	0	160
2025.11.20	18:00:00	4066.040	4072.630	4056.201	4060.656	31752	0	160
2025.11.20	19:00:00	4060.608	4087.303	4058.981	4084.652	27426	0	160
2025.11.20	20:00:00	4084.615	4085.099	4073.280	4077.050	20810	0	160
2025.11.20	21:00:00	4077.091	4081.015	4074.259	4077.134	6687	0	160
2025.11.20	23:00:00	4076.391	4088.817	4072.924	4079.097	15554	0	160
2025.11.21	00:00:00	4079.141	4081.453	4071.573	4073.755	13964	0	160
2025.11.21	01:00:00	4073.759	4074.447	4060.516	4068.524	23656	0	160
2025.11.21	02:00:00	4068.470	4079.978	4056.675	4057.353	18341	0	160
2025.11.21	03:00:00	4057.383	4059.317	4049.396	4056.197	18902	0	160
2025.11.21	04:00:00	4056.160	4062.421	4047.779	4052.055	13411	0	160
2025.11.21	05:00:00	4052.037	4059.760	4039.848	4058.471	20447	0	160
2025.11.21	06:00:00	4058.510	4064.881	4029.362	4032.882	27333	0	160
2025.11.21	07:00:00	4032.847	4039.836	4024.822	4031.675	21592	0	160
2025.11.21	08:00:00	4031.705	4048.165	4022.258	4040.962	26085	0	160
2025.11.21	09:00:00	4041.009	4063.621	4040.214	4050.578	21575	0	160
2025.11.21	10:00:00	4050.525	4052.781	4032.369	4037.150	28061	0	160
2025.11.21	11:00:00	4037.186	4046.888	4030.923	4036.588	19059	0	160
2025.11.21	12:00:00	4036.553	4071.846	4034.758	4065.815	35730	0	160
2025.11.21	13:00:00	4065.908	4081.258	4059.190	4079.534	30764	0	160
2025.11.21	14:00:00	4079.488	4083.968	4061.537	4071.676	41313	0	160
2025.11.21	15:00:00	4071.620	4076.875	4054.987	4069.739	43663	0	160
2025.11.21	16:00:00	4069.723	4100.646	4062.910	4099.858	36769	0	160
2025.11.21	17:00:00	4099.823	4101.270	4078.989	4085.414	28633	0	160
2025.11.21	18:00:00	4085.457	4088.312	4076.389	4082.921	23772	0	160
2025.11.21	19:00:00	4082.958	4092.179	4082.701	4087.587	15376	0	160
2025.11.21	20:00:00	4087.621	4088.776	4055.140	4067.445	29496	0	160
2025.11.21	21:00:00	4067.385	4069.303	4054.505	4066.113	10250	0	160
2025.11.23	23:00:00	4072.469	4077.681	4065.815	4075.117	14659	0	160
2025.11.24	00:00:00	4075.148	4076.144	4058.252	4067.524	12465	0	160
2025.11.24	01:00:00	4067.564	4073.206	4042.648	4044.155	26146	0	160
2025.11.24	02:00:00	4044.179	4051.611	4040.582	4043.565	15486	0	160
2025.11.24	03:00:00	4043.634	4058.177	4043.634	4050.459	13642	0	160
2025.11.24	04:00:00	4050.507	4061.206	4042.235	4044.061	14243	0	160
2025.11.24	05:00:00	4044.104	4049.513	4039.842	4046.422	15270	0	160
2025.11.24	06:00:00	4046.301	4058.186	4045.321	4053.418	16303	0	160
2025.11.24	07:00:00	4053.408	4067.639	4051.428	4059.972	17193	0	160
2025.11.24	08:00:00	4059.900	4067.034	4059.548	4063.401	14170	0	160
2025.11.24	09:00:00	4063.377	4074.230	4063.081	4071.824	15973	0	160
2025.11.24	10:00:00	4071.862	4077.254	4063.388	4064.029	13761	0	160
2025.11.24	11:00:00	4064.014	4071.689	4063.132	4069.968	10401	0	160
2025.11.24	12:00:00	4069.860	4084.036	4065.669	4080.471	13616	0	160
2025.11.24	13:00:00	4080.508	4086.043	4073.660	4077.696	18996	0	160
2025.11.24	14:00:00	4077.664	4086.120	4068.394	4081.312	27668	0	160
2025.11.24	15:00:00	4081.259	4093.872	4081.159	4091.741	25886	0	160
2025.11.24	16:00:00	4091.791	4098.952	4089.732	4097.127	16653	0	160
2025.11.24	17:00:00	4097.171	4100.408	4088.830	4092.916	14146	0	160
2025.11.24	18:00:00	4092.936	4125.748	4088.034	4120.456	20396	0	160
2025.11.24	19:00:00	4120.488	4124.176	4113.913	4118.508	15251	0	160
2025.11.24	20:00:00	4118.531	4133.382	4117.942	4132.620	13416	0	160
2025.11.24	21:00:00	4132.622	4140.020	4130.137	4134.086	6087	0	160
2025.11.24	23:00:00	4134.311	4144.411	4125.138	4143.810	19129	0	160
2025.11.25	00:00:00	4143.802	4144.609	4127.612	4129.512	19451	0	160
2025.11.25	01:00:00	4129.563	4139.199	4122.524	4134.809	27544	0	160
2025.11.25	02:00:00	4134.754	4155.820	4132.733	4150.760	20474	0	160
2025.11.25	03:00:00	4150.804	4151.048	4139.560	4143.052	16750	0	160
2025.11.25	04:00:00	4143.026	4148.417	4139.453	4140.807	11401	0	160
2025.11.25	05:00:00	4140.831	4152.036	4140.831	4150.888	12380	0	160
2025.11.25	06:00:00	4150.921	4152.063	4138.614	4141.605	18040	0	160
2025.11.25	07:00:00	4141.571	4146.085	4130.277	4132.601	16615	0	160
2025.11.25	08:00:00	4132.591	4139.522	4109.156	4116.043	20497	0	160
2025.11.25	09:00:00	4116.145	4131.382	4113.814	4128.448	18650	0	160
2025.11.25	10:00:00	4128.421	4138.882	4127.465	4131.192	13814	0	160
2025.11.25	11:00:00	4131.241	4137.378	4127.737	4133.468	12548	0	160
2025.11.25	12:00:00	4133.521	4138.809	4115.995	4129.871	21463	0	160
2025.11.25	13:00:00	4129.906	4150.896	4129.392	4147.779	23344	0	160
2025.11.25	14:00:00	4147.685	4148.754	4111.034	4125.254	37321	0	160
2025.11.25	15:00:00	4125.305	4133.818	4117.946	4123.130	26083	0	160
2025.11.25	16:00:00	4123.092	4141.396	4122.152	4136.278	18272	0	160
2025.11.25	17:00:00	4136.291	4159.498	4135.954	4146.103	31035	0	160
2025.11.25	18:00:00	4146.136	4150.907	4132.539	4134.318	18595	0	160
2025.11.25	19:00:00	4134.360	4140.372	4128.456	4133.761	16212	0	160
2025.11.25	20:00:00	4133.797	4138.431	4130.498	4132.303	13745	0	160
2025.11.25	21:00:00	4132.257	4132.491	4127.629	4130.768	6678	0	160
2025.11.25	23:00:00	4132.695	4137.046	4129.778	4133.730	7244	0	160
2025.11.26	00:00:00	4133.808	4144.362	4132.595	4142.690	10662	0	160
2025.11.26	01:00:00	4142.744	4152.909	4138.507	4148.541	16494	0	160
2025.11.26	02:00:00	4148.494	4166.770	4147.303	4161.638	19269	0	160
2025.11.26	03:00:00	4161.631	4169.421	4160.350	4166.111	11316	0	160
2025.11.26	04:00:00	4166.078	4167.081	4156.505	4161.942	10030	0	160
2025.11.26	05:00:00	4161.990	4168.682	4160.150	4162.242	12419	0	160
2025.11.26	06:00:00	4162.225	4162.887	4146.598	4150.128	15258	0	160
2025.11.26	07:00:00	4150.160	4161.462	4149.235	4157.309	12317	0	160
2025.11.26	08:00:00	4157.280	4168.596	4154.696	4161.107	16628	0	160
2025.11.26	09:00:00	4161.115	4164.679	4156.619	4162.746	12285	0	160
2025.11.26	10:00:00	4162.775	4165.183	4156.138	4159.889	13059	0	160
2025.11.26	11:00:00	4159.930	4173.135	4157.763	4171.556	12512	0	160
2025.11.26	12:00:00	4171.577	4173.570	4148.744	4155.187	20755	0	160
2025.11.26	13:00:00	4155.286	4166.618	4149.052	4153.210	22390	0	160
2025.11.26	14:00:00	4153.261	4156.964	4139.824	4142.403	31119	0	160
2025.11.26	15:00:00	4142.214	4165.810	4136.508	4165.246	26479	0	160
2025.11.26	16:00:00	4165.286	4168.452	4160.690	4167.005	17420	0	160
2025.11.26	17:00:00	4167.037	4169.821	4165.091	4167.112	11748	0	160
2025.11.26	18:00:00	4167.155	4171.743	4157.984	4164.612	16951	0	160
2025.11.26	19:00:00	4164.656	4169.863	4162.371	4163.254	10421	0	160
2025.11.26	20:00:00	4163.284	4167.496	4161.324	4164.006	11377	0	160
2025.11.26	21:00:00	4164.045	4167.567	4162.242	4163.971	5522	0	160
2025.11.26	23:00:00	4164.682	4168.944	4162.606	4165.012	7028	0	160
2025.11.27	00:00:00	4164.965	4167.313	4161.935	4164.590	6849	0	160
2025.11.27	01:00:00	4164.569	4165.412	4148.726	4154.274	19700	0	160
2025.11.27	02:00:00	4154.308	4156.211	4144.524	4145.407	13855	0	160
2025.11.27	03:00:00	4145.510	4150.636	4144.145	4147.464	9990	0	160
2025.11.27	04:00:00	4147.420	4154.600	4142.573	4150.899	9448	0	160
2025.11.27	05:00:00	4150.855	4154.643	4144.752	4147.223	9652	0	160
2025.11.27	06:00:00	4147.187	4159.185	4147.108	4157.472	13083	0	160
2025.11.27	07:00:00	4157.447	4162.262	4155.520	4160.009	12989	0	160
2025.11.27	08:00:00	4160.059	4167.181	4159.595	4165.802	11656	0	160
2025.11.27	09:00:00	4165.763	4165.866	4148.261	4158.696	14507	0	160
2025.11.27	10:00:00	4158.730	4160.592	4152.341	4156.479	10445	0	160
2025.11.27	11:00:00	4156.432	4162.518	4155.810	4157.328	8470	0	160
2025.11.27	12:00:00	4157.352	4159.196	4153.517	4154.127	7227	0	160
2025.11.27	13:00:00	4154.152	4158.016	4149.151	4154.976	15636	0	160
2025.11.27	14:00:00	4155.031	4160.722	4152.774	4153.401	12687	0	160
2025.11.27	15:00:00	4153.351	4161.860	4152.988	4158.056	8743	0	160
2025.11.27	16:00:00	4158.005	4158.371	4151.443	4156.378	7240	0	160
2025.11.27	17:00:00	4156.404	4159.179	4154.702	4157.705	4648	0	160
2025.11.27	18:00:00	4157.701	4159.767	4155.850	4159.146	3897	0	160
2025.11.27	19:00:00	4159.154	4160.370	4157.116	4157.116	1822	0	160
2025.11.27	23:00:00	4160.413	4164.050	4158.299	4163.431	4658	0	160
2025.11.28	00:00:00	4163.371	4183.447	4163.120	4180.576	13675	0	160
2025.11.28	01:00:00	4180.526	4193.044	4180.526	4191.080	14219	0	160
2025.11.28	02:00:00	4191.047	4192.057	4185.797	4189.337	9121	0	160
2025.11.28	03:00:00	4189.379	4191.831	4182.769	4184.227	5374	0	160
2025.11.28	04:00:00	4184.232	4188.680	4178.516	4188.383	7013	0	160
2025.11.28	05:00:00	4188.382	4188.862	4155.674	4182.498	9564	0	160
2025.11.28	06:00:00	4182.549	4188.684	4181.712	4187.555	4706	0	160
2025.11.28	07:00:00	4187.564	4187.771	4174.252	4174.631	3400	0	160
2025.11.28	08:00:00	4174.635	4180.139	4147.529	4168.079	304	0	160
2025.11.28	09:00:00	4168.557	4169.998	4157.634	4166.643	41892	0	320
2025.11.28	10:00:00	4166.652	4178.416	4160.879	4163.866	4834	0	160
2025.11.28	11:00:00	4163.806	4179.919	4162.996	4172.019	9431	0	160
2025.11.28	12:00:00	4171.980	4178.223	4168.712	4176.618	4995	0	160
2025.11.28	13:00:00	4176.622	4182.824	4168.932	4182.535	8182	0	160
2025.11.28	14:00:00	4182.571	4208.958	4182.571	4198.201	23693	0	160
2025.11.28	15:00:00	4198.198	4203.974	4185.674	4203.639	20610	0	160
2025.11.28	16:00:00	4203.609	4210.802	4197.534	4206.189	16457	0	160
2025.11.28	17:00:00	4206.213	4216.955	4204.361	4216.919	14083	0	160
2025.11.28	18:00:00	4216.894	4226.479	4211.043	4220.425	14288	0	160
2025.11.28	19:00:00	4220.416	4222.043	4216.121	4219.212	6731	0	160
2025.11.30	23:00:00	4219.954	4225.289	4205.826	4221.933	15731	0	160
2025.12.01	00:00:00	4221.906	4233.717	4218.245	4230.861	14489	0	160
2025.12.01	01:00:00	4230.837	4256.150	4219.708	4255.340	30351	0	160
2025.12.01	02:00:00	4255.314	4256.447	4234.287	4242.712	23221	0	160
2025.12.01	03:00:00	4242.715	4243.873	4232.550	4239.350	16456	0	160
2025.12.01	04:00:00	4239.331	4246.989	4236.414	4245.670	9446	0	160
2025.12.01	05:00:00	4245.694	4246.534	4215.434	4229.564	24098	0	160
2025.12.01	06:00:00	4229.592	4240.554	4226.220	4236.985	13950	0	160
2025.12.01	07:00:00	4237.022	4246.442	4231.888	4245.320	12726	0	160
2025.12.01	08:00:00	4245.286	4253.551	4238.457	4244.714	14246	0	160
2025.12.01	09:00:00	4244.746	4251.701	4243.677	4250.002	11204	0	160
2025.12.01	10:00:00	4249.940	4262.278	4249.126	4255.549	13849	0	160
2025.12.01	11:00:00	4255.593	4258.393	4248.318	4254.634	11022	0	160
2025.12.01	12:00:00	4254.639	4256.529	4244.257	4246.508	15018	0	160
2025.12.01	13:00:00	4246.482	4264.527	4245.498	4247.304	21356	0	160
2025.12.01	14:00:00	4247.330	4249.343	4219.676	4240.225	34199	0	160
2025.12.01	15:00:00	4240.185	4245.011	4219.538	4232.544	34122	0	160
2025.12.01	16:00:00	4232.589	4242.325	4224.933	4226.233	30688	0	160
2025.12.01	17:00:00	4226.284	4240.070	4223.127	4232.432	25415	0	160
2025.12.01	18:00:00	4232.474	4244.667	4232.474	4240.227	18518	0	160
2025.12.01	19:00:00	4240.259	4243.883	4229.171	4236.851	18633	0	160
2025.12.01	20:00:00	4236.819	4241.568	4234.426	4237.363	14888	0	160
2025.12.01	21:00:00	4237.325	4240.665	4230.304	4231.914	7549	0	160
2025.12.01	23:00:00	4231.662	4235.984	4224.423	4227.679	12736	0	160
2025.12.02	00:00:00	4227.704	4229.766	4221.431	4226.955	14088	0	160
2025.12.02	01:00:00	4226.844	4227.306	4191.383	4219.611	37949	0	160
2025.12.02	02:00:00	4219.552	4224.628	4214.356	4221.522	16982	0	160
2025.12.02	03:00:00	4221.557	4226.300	4215.702	4216.927	13180	0	160
2025.12.02	04:00:00	4216.813	4220.596	4213.586	4218.768	10403	0	160
2025.12.02	05:00:00	4218.709	4225.441	4215.182	4224.931	12982	0	160
2025.12.02	06:00:00	4224.963	4226.313	4203.258	4212.745	18980	0	160
2025.12.02	07:00:00	4212.719	4219.323	4209.598	4213.307	11870	0	160
2025.12.02	08:00:00	4213.386	4217.177	4207.106	4210.260	13162	0	160
2025.12.02	09:00:00	4210.295	4213.199	4180.945	4191.802	21838	0	160
2025.12.02	10:00:00	4191.792	4192.327	4182.241	4185.714	14351	0	160
2025.12.02	11:00:00	4185.682	4205.861	4184.837	4205.288	11126	0	160
2025.12.02	12:00:00	4205.254	4209.891	4201.055	4208.678	10495	0	160
2025.12.02	13:00:00	4208.680	4215.271	4202.002	4212.283	20793	0	160
2025.12.02	14:00:00	4212.257	4230.859	4212.186	4218.875	36683	0	160
2025.12.02	15:00:00	4218.822	4219.562	4163.545	4169.426	48210	0	160
2025.12.02	16:00:00	4169.474	4190.361	4166.912	4184.688	33344	0	160
2025.12.02	17:00:00	4184.722	4197.053	4184.571	4193.841	18721	0	160
2025.12.02	18:00:00	4193.809	4196.923	4183.197	4190.816	17314	0	160
2025.12.02	19:00:00	4190.761	4200.693	4190.761	4196.520	12324	0	160
2025.12.02	20:00:00	4196.557	4212.421	4194.887	4210.180	12990	0	160
2025.12.02	21:00:00	4210.117	4211.780	4205.442	4205.868	5621	0	160
2025.12.02	23:00:00	4207.690	4216.282	4202.762	4212.876	15091	0	160
2025.12.03	00:00:00	4212.913	4213.019	4204.339	4211.798	14473	0	160
2025.12.03	01:00:00	4211.837	4221.165	4211.538	4214.424	22054	0	160
2025.12.03	02:00:00	4214.376	4228.864	4214.131	4226.543	15434	0	160
2025.12.03	03:00:00	4226.615	4227.597	4220.043	4221.244	10200	0	160
2025.12.03	04:00:00	4221.182	4225.428	4217.285	4222.392	7479	0	160
2025.12.03	05:00:00	4222.287	4223.992	4203.227	4207.838	20290	0	160
2025.12.03	06:00:00	4207.782	4211.889	4204.707	4208.176	17226	0	160
2025.12.03	07:00:00	4208.216	4210.259	4199.959	4206.450	14899	0	160
2025.12.03	08:00:00	4206.496	4210.304	4203.699	4206.420	14293	0	160
2025.12.03	09:00:00	4206.449	4207.538	4196.979	4202.038	12730	0	160
2025.12.03	10:00:00	4201.996	4204.828	4194.480	4200.539	13274	0	160
2025.12.03	11:00:00	4200.497	4209.207	4196.981	4208.564	10404	0	160
2025.12.03	12:00:00	4208.537	4214.330	4205.131	4213.546	11308	0	160
2025.12.03	13:00:00	4213.578	4238.818	4211.353	4237.157	23192	0	160
2025.12.03	14:00:00	4237.256	4241.579	4205.166	4212.529	47906	0	160
2025.12.03	15:00:00	4212.560	4229.466	4206.145	4216.342	28057	0	160
2025.12.03	16:00:00	4216.307	4224.964	4195.758	4200.811	27526	0	160
2025.12.03	17:00:00	4200.786	4215.431	4200.240	4210.971	19040	0	160
2025.12.03	18:00:00	4211.075	4211.566	4195.226	4196.986	20894	0	160
2025.12.03	19:00:00	4197.017	4209.997	4196.957	4207.872	11579	0	160
2025.12.03	20:00:00	4207.830	4212.748	4203.599	4206.143	10754	0	160
2025.12.03	21:00:00	4206.111	4210.125	4202.716	4202.718	7232	0	160
2025.12.03	23:00:00	4205.117	4209.002	4202.395	4207.165	8005	0	160
2025.12.04	00:00:00	4207.102	4215.847	4204.346	4211.619	10103	0	160
2025.12.04	01:00:00	4211.594	4216.842	4205.753	4209.157	19475	0	160
2025.12.04	02:00:00	4209.105	4209.228	4198.855	4200.510	15521	0	160
2025.12.04	03:00:00	4200.555	4201.642	4187.215	4195.851	15817	0	160
2025.12.04	04:00:00	4195.762	4199.107	4192.791	4196.945	8358	0	160
2025.12.04	05:00:00	4196.896	4199.050	4174.834	4181.075	20656	0	160
2025.12.04	06:00:00	4181.052	4190.232	4178.490	4190.118	20545	0	160
2025.12.04	07:00:00	4190.099	4194.956	4186.434	4193.744	13258	0	160
2025.12.04	08:00:00	4193.713	4196.354	4184.733	4184.770	16382	0	160
2025.12.04	09:00:00	4184.798	4202.315	4183.694	4199.883	14610	0	160
2025.12.04	10:00:00	4199.814	4202.687	4196.581	4197.310	10731	0	160
2025.12.04	11:00:00	4197.285	4206.525	4197.187	4198.580	10176	0	160
2025.12.04	12:00:00	4198.625	4201.793	4188.716	4190.506	13846	0	160
2025.12.04	13:00:00	4190.466	4198.351	4185.475	4198.301	22577	0	160
2025.12.04	14:00:00	4198.271	4213.586	4193.633	4201.428	32644	0	160
2025.12.04	15:00:00	4201.453	4210.252	4191.293	4207.520	28182	0	160
2025.12.04	16:00:00	4207.493	4219.460	4206.674	4215.711	19487	0	160
2025.12.04	17:00:00	4215.741	4217.580	4208.969	4216.473	12753	0	160
2025.12.04	18:00:00	4216.448	4217.448	4207.394	4208.018	12816	0	160
2025.12.04	19:00:00	4208.007	4210.186	4199.599	4208.915	14525	0	160
2025.12.04	20:00:00	4208.908	4210.309	4205.441	4209.893	9174	0	160
2025.12.04	21:00:00	4209.834	4210.320	4207.896	4208.601	3921	0	160
2025.12.04	23:00:00	4208.515	4209.754	4203.865	4206.079	7987	0	160
2025.12.05	00:00:00	4206.077	4210.526	4201.195	4201.691	9104	0	160
2025.12.05	01:00:00	4201.666	4204.381	4194.824	4203.108	16278	0	160
2025.12.05	02:00:00	4203.015	4208.341	4196.713	4207.306	12453	0	160
2025.12.05	03:00:00	4207.330	4210.953	4201.826	4209.557	10531	0	160
2025.12.05	04:00:00	4209.544	4217.396	4207.844	4216.749	8812	0	160
2025.12.05	05:00:00	4216.707	4221.361	4214.304	4220.533	11032	0	160
2025.12.05	06:00:00	4220.436	4229.329	4218.593	4224.483	14912	0	160
2025.12.05	07:00:00	4224.509	4230.690	4222.519	4224.435	9707	0	160
2025.12.05	08:00:00	4224.409	4227.088	4220.518	4220.585	9931	0	160
2025.12.05	09:00:00	4220.547	4225.072	4215.939	4223.296	9739	0	160
2025.12.05	10:00:00	4223.296	4227.553	4222.510	4222.918	6647	0	160
2025.12.05	11:00:00	4222.880	4225.671	4219.954	4223.693	6972	0	160
2025.12.05	12:00:00	4223.718	4229.697	4222.862	4228.696	10085	0	160
2025.12.05	13:00:00	4228.675	4239.034	4221.524	4234.610	22143	0	160
2025.12.05	14:00:00	4234.574	4245.679	4228.277	4241.997	25113	0	160
2025.12.05	15:00:00	4242.239	4259.240	4234.174	4243.480	29997	0	160
2025.12.05	16:00:00	4243.536	4245.713	4198.651	4214.239	54747	0	160
2025.12.05	17:00:00	4214.196	4219.945	4206.266	4217.463	21388	0	160
2025.12.05	18:00:00	4217.434	4219.247	4206.699	4208.833	16812	0	160
2025.12.05	19:00:00	4208.869	4210.843	4202.286	4207.649	12812	0	160
2025.12.05	20:00:00	4207.690	4207.844	4199.290	4202.237	23977	0	160
2025.12.05	21:00:00	4202.279	4202.668	4191.863	4198.522	13409	0	160
2025.12.07	23:00:00	4202.426	4208.658	4189.873	4201.389	2186	0	160
2025.12.08	00:00:00	4201.433	4211.652	4199.461	4210.843	9094	0	160
2025.12.08	01:00:00	4210.919	4211.902	4197.543	4201.123	20051	0	160
2025.12.08	02:00:00	4201.082	4212.430	4198.535	4208.514	13215	0	160
2025.12.08	03:00:00	4208.462	4213.390	4206.718	4210.008	8660	0	160
2025.12.08	04:00:00	4210.029	4213.259	4206.914	4208.501	5526	0	160
2025.12.08	05:00:00	4208.555	4217.255	4204.603	4217.009	9181	0	160
2025.12.08	06:00:00	4217.045	4218.963	4212.237	4217.001	9816	0	160
2025.12.08	07:00:00	4217.044	4217.390	4206.269	4206.864	10011	0	160
2025.12.08	08:00:00	4206.863	4216.531	4203.134	4209.883	11368	0	160
2025.12.08	09:00:00	4209.772	4212.723	4204.090	4207.989	9580	0	160
2025.12.08	10:00:00	4207.958	4210.271	4200.935	4203.561	8576	0	160
2025.12.08	11:00:00	4203.515	4214.035	4199.693	4208.427	8578	0	160
2025.12.08	12:00:00	4208.391	4215.519	4208.378	4213.767	8154	0	160
2025.12.08	13:00:00	4213.810	4214.768	4197.623	4201.653	19656	0	160
2025.12.08	14:00:00	4201.639	4211.599	4195.474	4196.711	24185	0	160
2025.12.08	15:00:00	4196.740	4196.890	4176.137	4182.914	28886	0	160
2025.12.08	16:00:00	4182.891	4197.891	4177.147	4191.592	16925	0	160
2025.12.08	17:00:00	4191.629	4195.563	4185.559	4194.810	10743	0	160
2025.12.08	18:00:00	4194.849	4195.640	4184.509	4187.271	10334	0	160
2025.12.08	19:00:00	4187.291	4188.840	4184.194	4187.057	8539	0	160
2025.12.08	20:00:00	4187.017	4195.497	4184.927	4191.505	7988	0	160
2025.12.08	21:00:00	4191.537	4193.188	4188.263	4190.613	3664	0	160
2025.12.08	23:00:00	4190.080	4195.410	4190.080	4194.735	4529	0	160
2025.12.09	00:00:00	4194.740	4195.699	4189.934	4190.444	6060	0	160
2025.12.09	01:00:00	4190.482	4197.358	4188.788	4196.117	12435	0	160
2025.12.09	02:00:00	4196.037	4197.123	4185.993	4189.854	11192	0	160
2025.12.09	03:00:00	4189.883	4198.797	4189.883	4194.600	8881	0	160
2025.12.09	04:00:00	4194.525	4195.638	4184.428	4186.967	7550	0	160
2025.12.09	05:00:00	4186.966	4187.290	4178.114	4179.793	11724	0	160
2025.12.09	06:00:00	4179.836	4184.072	4170.097	4181.941	15154	0	160
2025.12.09	07:00:00	4182.066	4185.794	4175.805	4182.368	12632	0	160
2025.12.09	08:00:00	4182.344	4191.887	4182.344	4191.625	10979	0	160
2025.12.09	09:00:00	4191.667	4213.080	4190.784	4202.770	18903	0	160
2025.12.09	10:00:00	4202.736	4208.351	4201.250	4203.928	11618	0	160
2025.12.09	11:00:00	4203.965	4206.468	4201.200	4202.976	8290	0	160
2025.12.09	12:00:00	4203.021	4207.596	4198.521	4204.204	9149	0	160
2025.12.09	13:00:00	4204.252	4208.403	4195.763	4201.243	21238	0	160
2025.12.09	14:00:00	4201.310	4210.295	4189.391	4204.982	30039	0	160
2025.12.09	15:00:00	4204.938	4216.467	4190.099	4212.534	32162	0	160
2025.12.09	16:00:00	4212.475	4221.525	4210.142	4212.370	26247	0	160
2025.12.09	17:00:00	4212.378	4216.340	4201.577	4203.092	17830	0	160
2025.12.09	18:00:00	4202.976	4209.736	4201.215	4208.871	13805	0	160
2025.12.09	19:00:00	4208.914	4214.450	4207.084	4212.577	11276	0	160
2025.12.09	20:00:00	4212.540	4216.110	4208.920	4212.123	16669	0	160
2025.12.09	21:00:00	4212.081	4212.984	4207.231	4208.540	15191	0	160
2025.12.09	23:00:00	4208.207	4213.091	4207.804	4210.870	5974	0	160
2025.12.10	00:00:00	4210.804	4212.752	4207.062	4208.463	8129	0	160
2025.12.10	01:00:00	4208.412	4218.221	4206.925	4213.813	17958	0	160
2025.12.10	02:00:00	4213.786	4218.778	4211.536	4216.996	11293	0	160
2025.12.10	03:00:00	4216.962	4217.214	4203.765	4206.300	12017	0	160
2025.12.10	04:00:00	4206.378	4209.730	4205.518	4207.060	5821	0	160
2025.12.10	05:00:00	4206.948	4214.386	4201.770	4211.431	10196	0	160
2025.12.10	06:00:00	4211.426	4211.738	4203.067	4207.338	12485	0	160
2025.12.10	07:00:00	4207.378	4209.459	4203.229	4203.392	9789	0	160
2025.12.10	08:00:00	4203.357	4206.566	4197.023	4197.856	12604	0	160
2025.12.10	09:00:00	4197.821	4200.597	4192.542	4194.396	11677	0	160
2025.12.10	10:00:00	4194.353	4196.406	4187.729	4193.260	11632	0	160
2025.12.10	11:00:00	4193.231	4197.762	4192.558	4197.208	7398	0	160
2025.12.10	12:00:00	4197.254	4202.344	4195.244	4196.506	9062	0	160
2025.12.10	13:00:00	4196.537	4205.094	4192.922	4200.783	18032	0	160
2025.12.10	14:00:00	4200.819	4207.115	4191.351	4192.568	23594	0	160
2025.12.10	15:00:00	4192.603	4201.293	4188.957	4193.620	21859	0	160
2025.12.10	16:00:00	4193.659	4205.172	4192.797	4204.735	13291	0	160
2025.12.10	17:00:00	4204.772	4204.844	4196.903	4199.755	10017	0	160
2025.12.10	18:00:00	4199.767	4200.769	4191.935	4194.418	10593	0	160
2025.12.10	19:00:00	4194.381	4219.829	4181.683	4216.405	70045	0	160
2025.12.10	20:00:00	4216.372	4238.679	4210.988	4229.829	43346	0	160
2025.12.10	21:00:00	4229.801	4232.572	4221.196	4228.570	10222	0	160
2025.12.10	23:00:00	4230.162	4234.101	4224.020	4232.470	8206	0	160
2025.12.11	00:00:00	4232.448	4245.145	4231.298	4237.144	13723	0	160
2025.12.11	01:00:00	4237.144	4247.781	4232.997	4238.251	22261	0	160
2025.12.11	02:00:00	4238.284	4240.875	4220.392	4222.429	16646	0	160
2025.12.11	03:00:00	4222.309	4224.941	4209.358	4216.788	18417	0	160
2025.12.11	04:00:00	4216.738	4218.336	4208.590	4213.579	10459	0	160
2025.12.11	05:00:00	4213.467	4216.370	4206.155	4207.523	13052	0	160
2025.12.11	06:00:00	4207.544	4215.447	4204.244	4214.393	12952	0	160
2025.12.11	07:00:00	4214.358	4218.689	4210.520	4216.079	14463	0	160
2025.12.11	08:00:00	4216.053	4219.617	4212.819	4216.503	11871	0	160
2025.12.11	09:00:00	4216.476	4221.810	4210.327	4218.579	11265	0	160
2025.12.11	10:00:00	4218.526	4225.915	4211.731	4216.953	22977	0	160
2025.12.11	11:00:00	4216.923	4219.168	4209.669	4211.174	17526	0	160
2025.12.11	12:00:00	4211.197	4220.527	4208.788	4220.383	20790	0	160
2025.12.11	13:00:00	4220.434	4223.310	4205.192	4220.995	38383	0	160
2025.12.11	14:00:00	4221.060	4244.471	4217.856	4230.138	55556	0	160
2025.12.11	15:00:00	4230.215	4261.540	4226.094	4256.004	57911	0	160
2025.12.11	16:00:00	4255.933	4279.211	4250.094	4273.498	51702	0	160
2025.12.11	17:00:00	4273.576	4281.892	4272.104	4278.625	41275	0	160
2025.12.11	18:00:00	4278.603	4285.946	4266.780	4268.103	32139	0	160
2025.12.11	19:00:00	4268.133	4277.727	4262.962	4273.616	31404	0	160
2025.12.11	20:00:00	4273.591	4276.513	4264.227	4276.268	36665	0	160
2025.12.11	21:00:00	4276.227	4283.664	4272.525	4280.179	22241	0	160
2025.12.11	23:00:00	4282.929	4283.069	4272.405	4276.523	7392	0	160
2025.12.12	00:00:00	4276.471	4280.201	4268.787	4269.595	11055	0	160
2025.12.12	01:00:00	4269.624	4276.116	4264.738	4271.020	22330	0	160
2025.12.12	02:00:00	4270.986	4276.891	4269.387	4270.501	12374	0	160
2025.12.12	03:00:00	4270.529	4274.607	4268.710	4270.609	9466	0	160
2025.12.12	04:00:00	4270.566	4271.135	4266.291	4266.478	6750	0	160
2025.12.12	05:00:00	4266.497	4280.628	4266.085	4278.978	9851	0	160
2025.12.12	06:00:00	4279.127	4283.184	4276.629	4282.915	10289	0	160
2025.12.12	07:00:00	4282.798	4290.557	4281.337	4287.227	9989	0	160
2025.12.12	08:00:00	4287.105	4309.552	4286.999	4308.122	14669	0	160
2025.12.12	09:00:00	4308.095	4320.292	4306.805	4318.241	16328	0	160
2025.12.12	10:00:00	4318.279	4330.941	4314.742	4329.720	16139	0	160
2025.12.12	11:00:00	4329.768	4339.315	4326.982	4336.449	15971	0	160
2025.12.12	12:00:00	4336.418	4338.972	4324.754	4325.880	16678	0	160
2025.12.12	13:00:00	4325.844	4346.138	4321.322	4341.042	26788	0	160
2025.12.12	14:00:00	4340.998	4353.561	4330.682	4346.965	41124	0	160
2025.12.12	15:00:00	4346.936	4351.512	4283.082	4290.494	81305	0	160
2025.12.12	16:00:00	4290.446	4296.714	4256.958	4282.109	79294	0	160
2025.12.12	17:00:00	4282.134	4298.432	4271.121	4294.230	36366	0	160
2025.12.12	18:00:00	4294.272	4303.627	4290.461	4294.896	25836	0	160
2025.12.12	19:00:00	4294.935	4299.771	4289.790	4296.552	18317	0	160
2025.12.12	20:00:00	4296.527	4302.955	4288.403	4299.239	18864	0	160
2025.12.12	21:00:00	4299.285	4304.293	4298.179	4300.983	7020	0	160
2025.12.14	23:00:00	4300.525	4308.446	4299.860	4302.391	9969	0	160
2025.12.15	00:00:00	4302.443	4308.084	4300.079	4307.563	8805	0	160
2025.12.15	01:00:00	4307.541	4325.277	4305.783	4322.531	18303	0	160
2025.12.15	02:00:00	4322.486	4329.209	4320.890	4326.428	12524	0	160
2025.12.15	03:00:00	4326.397	4329.634	4319.458	4327.075	12125	0	160
2025.12.15	04:00:00	4327.155	4330.085	4323.092	4326.126	8563	0	160
2025.12.15	05:00:00	4326.129	4344.329	4324.709	4343.484	12546	0	160
2025.12.15	06:00:00	4343.453	4347.527	4339.729	4343.750	12408	0	160
2025.12.15	07:00:00	4343.643	4344.848	4333.620	4339.349	11598	0	160
2025.12.15	08:00:00	4339.321	4349.063	4338.921	4346.898	9610	0	160
2025.12.15	09:00:00	4346.851	4350.280	4342.326	4342.590	10150	0	160
2025.12.15	10:00:00	4342.577	4348.276	4337.745	4339.756	9800	0	160
2025.12.15	11:00:00	4339.639	4343.662	4335.405	4342.747	7891	0	160
2025.12.15	12:00:00	4342.821	4348.460	4342.674	4345.670	9084	0	160
2025.12.15	13:00:00	4345.636	4346.371	4330.824	4332.330	22149	0	160
2025.12.15	14:00:00	4332.291	4336.702	4317.346	4323.594	38409	0	160
2025.12.15	15:00:00	4323.555	4327.800	4311.433	4318.307	41012	0	160
2025.12.15	16:00:00	4318.339	4318.968	4285.180	4297.441	41574	0	160
2025.12.15	17:00:00	4297.415	4306.632	4290.690	4304.470	20226	0	160
2025.12.15	18:00:00	4304.436	4313.537	4299.990	4313.077	14416	0	160
2025.12.15	19:00:00	4313.060	4317.700	4307.865	4314.227	12785	0	160
2025.12.15	20:00:00	4314.176	4314.429	4299.462	4304.480	15168	0	160
2025.12.15	21:00:00	4304.450	4305.936	4300.750	4305.498	5318	0	160
2025.12.15	23:00:00	4307.392	4309.724	4303.319	4304.150	6149	0	160
2025.12.16	00:00:00	4304.132	4313.212	4302.702	4307.831	13276	0	160
2025.12.16	01:00:00	4307.862	4317.888	4299.075	4308.853	22736	0	160
2025.12.16	02:00:00	4308.829	4312.301	4286.460	4289.922	20955	0	160
2025.12.16	03:00:00	4289.948	4294.483	4280.571	4290.839	21594	0	160
2025.12.16	04:00:00	4290.867	4292.271	4286.543	4289.085	10150	0	160
2025.12.16	05:00:00	4289.158	4292.278	4271.617	4284.136	19165	0	160
2025.12.16	06:00:00	4284.185	4292.143	4282.530	4289.242	12684	0	160
2025.12.16	07:00:00	4289.207	4289.859	4279.516	4287.643	12288	0	160
2025.12.16	08:00:00	4287.577	4289.537	4275.426	4284.723	14736	0	160
2025.12.16	09:00:00	4284.767	4285.884	4276.381	4280.361	9192	0	160
2025.12.16	10:00:00	4280.390	4284.326	4274.734	4277.355	12029	0	160
2025.12.16	11:00:00	4277.317	4279.624	4273.752	4278.382	8657	0	160
2025.12.16	12:00:00	4278.422	4295.080	4276.726	4294.475	12621	0	160
2025.12.16	13:00:00	4294.503	4313.349	4290.850	4313.020	28502	0	160
2025.12.16	14:00:00	4312.978	4332.308	4311.405	4324.807	33425	0	160
2025.12.16	15:00:00	4324.772	4335.137	4312.294	4319.805	35952	0	160
2025.12.16	16:00:00	4319.758	4323.244	4291.032	4300.577	28850	0	160
2025.12.16	17:00:00	4300.613	4310.870	4300.095	4303.479	17087	0	160
2025.12.16	18:00:00	4303.446	4313.562	4298.061	4311.330	18545	0	160
2025.12.16	19:00:00	4311.337	4315.912	4297.382	4310.697	19460	0	160
2025.12.16	20:00:00	4310.676	4314.379	4302.817	4304.749	12682	0	160
2025.12.16	21:00:00	4304.709	4305.583	4300.693	4302.417	4810	0	160
2025.12.16	23:00:00	4302.935	4309.190	4301.756	4307.860	5885	0	160
2025.12.17	00:00:00	4307.905	4315.040	4307.367	4313.300	7072	0	160
2025.12.17	01:00:00	4313.200	4326.877	4311.420	4326.683	22166	0	160
2025.12.17	02:00:00	4326.736	4327.864	4311.204	4314.266	18158	0	160
2025.12.17	03:00:00	4314.303	4325.164	4312.664	4323.639	14160	0	160
2025.12.17	04:00:00	4323.670	4331.619	4320.446	4329.684	10015	0	160
2025.12.17	05:00:00	4329.645	4342.530	4328.062	4333.959	18310	0	160
2025.12.17	06:00:00	4333.988	4337.784	4324.854	4328.668	14930	0	160
2025.12.17	07:00:00	4328.626	4328.657	4315.555	4317.899	14762	0	160
2025.12.17	08:00:00	4317.798	4320.971	4308.276	4319.170	15043	0	160
2025.12.17	09:00:00	4319.072	4323.221	4315.977	4317.050	10024	0	160
2025.12.17	10:00:00	4317.007	4322.261	4306.453	4317.632	10040	0	160
2025.12.17	11:00:00	4317.666	4320.591	4315.180	4316.409	7756	0	160
2025.12.17	12:00:00	4316.457	4323.315	4314.921	4317.521	9204	0	160
2025.12.17	13:00:00	4317.471	4344.042	4315.090	4341.940	21883	0	160
2025.12.17	14:00:00	4342.005	4346.108	4322.856	4338.220	38481	0	160
2025.12.17	15:00:00	4338.226	4349.297	4324.096	4330.188	39765	0	160
2025.12.17	16:00:00	4330.239	4337.559	4320.312	4333.492	35140	0	160
2025.12.17	17:00:00	4333.541	4342.487	4328.576	4342.446	22646	0	160
2025.12.17	18:00:00	4342.474	4346.439	4328.925	4335.995	22185	0	160
2025.12.17	19:00:00	4335.953	4341.089	4330.315	4336.967	14548	0	160
2025.12.17	20:00:00	4336.935	4346.096	4335.163	4341.266	12240	0	160
2025.12.17	21:00:00	4341.361	4346.328	4338.270	4338.459	6815	0	160
2025.12.17	23:00:00	4340.111	4343.179	4335.662	4339.201	5259	0	160
2025.12.18	00:00:00	4339.150	4342.916	4333.097	4334.804	11334	0	160
2025.12.18	01:00:00	4334.803	4337.000	4324.174	4331.536	22828	0	160
2025.12.18	02:00:00	4331.534	4337.741	4329.852	4333.283	13936	0	160
2025.12.18	03:00:00	4333.236	4336.737	4330.814	4333.104	10507	0	160
2025.12.18	04:00:00	4333.155	4333.509	4328.576	4331.921	7326	0	160
2025.12.18	05:00:00	4331.812	4337.527	4331.110	4333.307	12055	0	160
2025.12.18	06:00:00	4333.254	4336.190	4330.728	4334.007	10593	0	160
2025.12.18	07:00:00	4333.953	4337.756	4329.997	4331.418	8962	0	160
2025.12.18	08:00:00	4331.379	4332.592	4321.799	4326.574	11583	0	160
2025.12.18	09:00:00	4326.580	4328.602	4320.584	4323.365	10323	0	160
2025.12.18	10:00:00	4323.312	4327.572	4321.962	4325.359	8060	0	160
2025.12.18	11:00:00	4325.312	4328.611	4324.362	4325.567	6771	0	160
2025.12.18	12:00:00	4325.572	4326.525	4317.137	4320.947	9876	0	160
2025.12.18	13:00:00	4320.828	4343.102	4314.545	4336.656	28761	0	160
2025.12.18	14:00:00	4336.591	4341.469	4308.645	4328.517	44816	0	160
2025.12.18	15:00:00	4328.563	4341.457	4324.746	4338.221	36459	0	160
2025.12.18	16:00:00	4338.265	4374.641	4337.782	4360.255	37128	0	160
2025.12.18	17:00:00	4360.305	4363.517	4321.692	4333.269	53782	0	160
2025.12.18	18:00:00	4333.308	4341.148	4325.668	4331.660	23655	0	160
2025.12.18	19:00:00	4331.689	4334.851	4322.728	4324.944	20026	0	160
2025.12.18	20:00:00	4324.992	4338.134	4324.480	4334.706	17230	0	160
2025.12.18	21:00:00	4334.656	4334.708	4328.444	4332.274	5845	0	160
2025.12.18	23:00:00	4335.742	4336.927	4333.458	4335.144	4254	0	160
2025.12.19	00:00:00	4335.170	4335.812	4325.630	4326.019	7649	0	160
2025.12.19	01:00:00	4326.058	4328.395	4309.271	4323.266	24822	0	160
2025.12.19	02:00:00	4323.311	4327.823	4314.273	4316.817	13102	0	160
2025.12.19	03:00:00	4316.858	4322.543	4312.848	4318.024	12898	0	160
2025.12.19	04:00:00	4318.031	4323.003	4316.900	4322.789	8122	0	160
2025.12.19	05:00:00	4322.775	4329.087	4317.595	4325.918	11697	0	160
2025.12.19	06:00:00	4325.959	4329.525	4321.816	4326.363	13047	0	160
2025.12.19	07:00:00	4326.458	4329.550	4321.667	4322.756	11002	0	160
2025.12.19	08:00:00	4322.716	4330.993	4321.069	4326.159	10942	0	160
2025.12.19	09:00:00	4326.117	4333.590	4324.375	4329.328	9002	0	160
2025.12.19	10:00:00	4329.303	4331.700	4322.288	4327.744	9661	0	160
2025.12.19	11:00:00	4327.850	4329.497	4325.081	4327.238	9281	0	160
2025.12.19	12:00:00	4327.290	4328.982	4320.654	4326.814	11481	0	160
2025.12.19	13:00:00	4326.851	4335.457	4326.132	4328.501	17867	0	160
2025.12.19	14:00:00	4328.526	4337.996	4319.730	4332.503	31906	0	160
2025.12.19	15:00:00	4332.544	4349.079	4332.008	4347.800	28174	0	160
2025.12.19	16:00:00	4347.746	4354.914	4341.984	4349.825	22830	0	160
2025.12.19	17:00:00	4349.772	4356.182	4347.119	4353.544	15850	0	160
2025.12.19	18:00:00	4353.498	4356.559	4343.277	4348.578	16127	0	160
2025.12.19	19:00:00	4348.530	4350.594	4345.146	4345.356	8369	0	160
2025.12.19	20:00:00	4345.299	4346.355	4336.816	4339.573	11213	0	160
2025.12.19	21:00:00	4339.602	4340.126	4336.632	4339.365	4973	0	160
2025.12.21	23:00:00	4340.939	4356.441	4339.930	4355.369	8029	0	160
2025.12.22	00:00:00	4355.312	4366.338	4355.312	4364.770	13088	0	160
2025.12.22	01:00:00	4364.849	4384.947	4361.297	4382.933	24454	0	160
2025.12.22	02:00:00	4382.903	4388.723	4378.588	4385.972	14011	0	160
2025.12.22	03:00:00	4386.003	4394.991	4384.225	4392.633	9820	0	160
2025.12.22	04:00:00	4392.625	4400.880	4391.303	4398.386	8132	0	160
2025.12.22	05:00:00	4398.335	4409.574	4396.705	4400.128	16638	0	160
2025.12.22	06:00:00	4400.219	4419.891	4398.827	4419.178	14817	0	160
2025.12.22	07:00:00	4419.073	4420.347	4410.593	4414.352	11534	0	160
2025.12.22	08:00:00	4414.280	4415.000	4406.138	4408.333	11669	0	160
2025.12.22	09:00:00	4408.377	4414.930	4407.998	4411.051	8027	0	160
2025.12.22	10:00:00	4411.137	4415.950	4406.212	4408.655	8249	0	160
2025.12.22	11:00:00	4408.694	4411.677	4406.205	4410.299	7283	0	160
2025.12.22	12:00:00	4410.278	4415.860	4406.197	4415.572	8933	0	160
2025.12.22	13:00:00	4415.561	4427.531	4412.798	4423.526	20042	0	160
2025.12.22	14:00:00	4423.583	4429.428	4414.769	4419.251	27379	0	160
2025.12.22	15:00:00	4419.220	4435.528	4411.872	4431.837	24610	0	160
2025.12.22	16:00:00	4431.736	4442.273	4428.043	4438.767	19606	0	160
2025.12.22	17:00:00	4438.708	4442.007	4432.127	4438.470	11885	0	160
2025.12.22	18:00:00	4438.526	4439.051	4429.510	4435.195	9236	0	160
2025.12.22	19:00:00	4435.223	4435.975	4428.802	4433.487	7933	0	160
2025.12.22	20:00:00	4433.449	4439.371	4431.723	4438.471	8268	0	160
2025.12.22	21:00:00	4438.523	4449.173	4438.523	4443.705	7322	0	160
2025.12.22	23:00:00	4447.549	4461.751	4446.949	4460.243	9196	0	160
2025.12.23	00:00:00	4460.236	4470.627	4458.061	4470.532	9118	0	160
2025.12.23	01:00:00	4470.546	4490.817	4469.732	4486.753	25763	0	160
2025.12.23	02:00:00	4486.724	4497.785	4481.152	4493.412	14954	0	160
2025.12.23	03:00:00	4493.437	4496.569	4483.160	4486.863	13578	0	160
2025.12.23	04:00:00	4486.856	4488.419	4478.738	4482.547	9274	0	160
2025.12.23	05:00:00	4482.493	4485.575	4474.872	4475.260	13379	0	160
2025.12.23	06:00:00	4475.293	4481.541	4469.490	4481.453	12718	0	160
2025.12.23	07:00:00	4481.333	4489.679	4478.294	4486.692	9220	0	160
2025.12.23	08:00:00	4486.656	4493.267	4484.735	4489.933	9896	0	160
2025.12.23	09:00:00	4489.811	4491.162	4478.195	4480.430	12165	0	160
2025.12.23	10:00:00	4480.391	4487.631	4479.548	4484.302	8655	0	160
2025.12.23	11:00:00	4484.355	4494.137	4483.054	4493.501	8521	0	160
2025.12.23	12:00:00	4493.464	4493.625	4483.393	4486.571	8929	0	160
2025.12.23	13:00:00	4486.506	4497.329	4473.158	4479.132	26041	0	160
2025.12.23	14:00:00	4479.252	4479.821	4441.522	4446.368	49878	0	160
2025.12.23	15:00:00	4446.308	4459.370	4430.554	4458.511	42905	0	160
2025.12.23	16:00:00	4458.471	4476.460	4455.893	4474.191	19327	0	160
2025.12.23	17:00:00	4474.229	4479.817	4469.669	4472.699	18411	0	160
2025.12.23	18:00:00	4472.706	4485.113	4472.706	4484.408	13832	0	160
2025.12.23	19:00:00	4484.443	4496.309	4484.125	4490.860	14181	0	160
2025.12.23	20:00:00	4490.896	4500.056	4489.364	4497.509	10874	0	160
2025.12.23	21:00:00	4497.611	4498.967	4483.568	4484.991	7826	0	160
2025.12.23	23:00:00	4487.444	4510.399	4486.745	4503.344	10975	0	160
2025.12.24	00:00:00	4503.359	4517.990	4500.774	4511.925	14982	0	160
2025.12.24	01:00:00	4511.969	4525.987	4506.856	4518.760	28031	0	160
2025.12.24	02:00:00	4518.794	4519.316	4475.073	4477.520	23500	0	160
2025.12.24	03:00:00	4477.545	4498.513	4468.842	4493.138	25762	0	160
2025.12.24	04:00:00	4493.180	4501.566	4491.233	4499.299	9225	0	160
2025.12.24	05:00:00	4499.254	4500.654	4485.268	4488.605	15593	0	160
2025.12.24	06:00:00	4488.639	4498.186	4485.393	4493.596	13087	0	160
2025.12.24	07:00:00	4493.626	4495.090	4483.450	4483.925	10248	0	160
2025.12.24	08:00:00	4483.975	4492.917	4478.126	4482.329	16046	0	160
2025.12.24	09:00:00	4482.373	4496.033	4481.974	4494.626	11884	0	160
2025.12.24	10:00:00	4494.646	4499.899	4482.403	4489.433	12377	0	160
2025.12.24	11:00:00	4489.455	4491.946	4483.082	4491.476	8999	0	160
2025.12.24	12:00:00	4491.512	4496.050	4489.776	4490.814	9818	0	160
2025.12.24	13:00:00	4490.845	4493.464	4474.532	4487.742	24890	0	160
2025.12.24	14:00:00	4487.876	4489.341	4460.347	4464.674	38381	0	160
2025.12.24	15:00:00	4464.650	4476.498	4448.294	4458.334	39951	0	160
2025.12.24	16:00:00	4458.382	4478.136	4455.934	4476.776	21663	0	160
2025.12.24	17:00:00	4476.762	4487.611	4475.336	4480.553	19933	0	160
2025.12.24	18:00:00	4480.598	4482.371	4477.299	4480.715	4089	0	160
2025.12.25	23:00:00	4486.193	4500.024	4484.470	4495.245	9584	0	160
2025.12.26	00:00:00	4495.172	4518.041	4492.413	4517.954	14553	0	160
2025.12.26	01:00:00	4517.905	4531.260	4497.648	4503.791	39430	0	160
2025.12.26	02:00:00	4503.745	4509.751	4492.254	4508.847	20947	0	160
2025.12.26	03:00:00	4508.838	4513.528	4497.624	4501.836	14113	0	160
2025.12.26	04:00:00	4501.732	4511.774	4500.573	4509.087	9655	0	160
2025.12.26	05:00:00	4508.997	4514.887	4505.999	4510.102	11372	0	160
2025.12.26	06:00:00	4510.053	4519.411	4508.147	4511.677	15615	0	160
2025.12.26	07:00:00	4511.643	4515.709	4507.401	4510.957	9713	0	160
2025.12.26	08:00:00	4510.994	4519.671	4509.550	4518.630	9164	0	160
2025.12.26	09:00:00	4518.696	4520.669	4511.850	4512.786	7991	0	160
2025.12.26	10:00:00	4512.797	4523.841	4511.262	4514.401	11577	0	160
2025.12.26	11:00:00	4514.389	4515.364	4502.773	4509.647	17862	0	160
2025.12.26	12:00:00	4509.611	4515.018	4506.608	4508.899	10380	0	160
2025.12.26	13:00:00	4508.792	4528.394	4503.915	4525.108	23799	0	160
2025.12.26	14:00:00	4525.083	4533.439	4512.754	4520.997	33897	0	160
2025.12.26	15:00:00	4521.042	4547.660	4519.608	4546.678	32675	0	160
2025.12.26	16:00:00	4546.631	4550.219	4531.470	4536.461	30430	0	160
2025.12.26	17:00:00	4536.494	4537.708	4509.840	4518.955	31908	0	160
2025.12.26	18:00:00	4518.996	4532.672	4514.709	4530.876	22707	0	160
2025.12.26	19:00:00	4530.972	4535.621	4520.031	4523.759	15145	0	160
2025.12.26	20:00:00	4523.786	4535.348	4521.822	4531.115	20730	0	160
2025.12.26	21:00:00	4531.083	4534.664	4527.374	4532.568	11727	0	160
2025.12.28	23:00:00	4546.214	4548.500	4523.347	4527.184	25348	0	160
2025.12.29	00:00:00	4527.210	4528.013	4472.314	4497.406	56844	0	160
2025.12.29	01:00:00	4497.460	4517.496	4492.212	4497.163	41557	0	160
2025.12.29	02:00:00	4497.131	4515.794	4496.412	4512.367	19996	0	160
2025.12.29	03:00:00	4512.321	4520.583	4509.483	4516.325	17359	0	160
2025.12.29	04:00:00	4516.340	4519.453	4507.570	4515.736	11724	0	160
2025.12.29	05:00:00	4515.684	4519.304	4505.076	4506.734	15702	0	160
2025.12.29	06:00:00	4506.767	4510.669	4471.287	4475.204	36944	0	160
2025.12.29	07:00:00	4475.157	4481.867	4444.935	4474.592	42020	0	160
2025.12.29	08:00:00	4474.713	4488.661	4452.588	4460.937	31342	0	160
2025.12.29	09:00:00	4460.977	4476.293	4459.180	4472.176	20114	0	160
2025.12.29	10:00:00	4472.148	4474.524	4456.990	4460.856	15716	0	160
2025.12.29	11:00:00	4460.865	4467.635	4434.210	4446.696	22836	0	160
2025.12.29	12:00:00	4446.710	4464.679	4445.595	4464.197	16821	0	160
2025.12.29	13:00:00	4464.241	4467.761	4406.938	4421.483	48075	0	160
2025.12.29	14:00:00	4421.433	4421.433	4356.550	4360.413	74495	0	160
2025.12.29	15:00:00	4360.356	4360.695	4302.137	4325.328	62747	0	160
2025.12.29	16:00:00	4325.282	4347.549	4323.439	4341.805	38625	0	160
2025.12.29	17:00:00	4341.841	4343.111	4314.689	4328.092	31088	0	160
2025.12.29	18:00:00	4328.060	4335.007	4322.894	4331.515	26431	0	160
2025.12.29	19:00:00	4331.543	4337.968	4327.709	4336.993	14199	0	160
2025.12.29	20:00:00	4337.018	4344.679	4325.818	4334.685	17879	0	160
2025.12.29	21:00:00	4334.596	4339.306	4327.326	4331.546	11271	0	160
2025.12.29	23:00:00	4339.166	4347.180	4323.334	4345.645	13355	0	160
2025.12.30	00:00:00	4345.569	4350.881	4334.479	4339.658	15444	0	160
2025.12.30	01:00:00	4339.619	4360.170	4324.366	4360.153	29999	0	160
2025.12.30	02:00:00	4360.195	4364.992	4348.887	4362.656	23328	0	160
2025.12.30	03:00:00	4362.692	4369.288	4356.298	4359.264	15360	0	160
2025.12.30	04:00:00	4359.285	4369.750	4357.584	4363.481	8140	0	160
2025.12.30	05:00:00	4363.471	4380.027	4358.911	4377.697	16771	0	160
2025.12.30	06:00:00	4377.731	4378.494	4359.882	4364.710	22968	0	160
2025.12.30	07:00:00	4364.672	4383.540	4359.177	4372.569	18377	0	160
2025.12.30	08:00:00	4372.625	4374.008	4350.137	4364.961	19001	0	160
2025.12.30	09:00:00	4365.015	4376.425	4364.146	4372.025	13324	0	160
2025.12.30	10:00:00	4371.980	4391.783	4367.598	4384.930	16110	0	160
2025.12.30	11:00:00	4384.858	4390.256	4381.208	4384.409	12059	0	160
2025.12.30	12:00:00	4384.366	4402.825	4383.428	4401.232	16693	0	160
2025.12.30	13:00:00	4401.266	4404.215	4376.127	4388.289	34598	0	160
2025.12.30	14:00:00	4388.340	4392.200	4355.758	4366.377	37646	0	160
2025.12.30	15:00:00	4366.292	4377.606	4359.332	4365.096	36478	0	160
2025.12.30	16:00:00	4365.132	4379.938	4354.839	4377.719	25485	0	160
2025.12.30	17:00:00	4377.756	4381.803	4364.318	4370.161	19725	0	160
2025.12.30	18:00:00	4370.200	4378.780	4362.438	4364.807	17897	0	160
2025.12.30	19:00:00	4364.870	4368.081	4337.569	4348.624	18723	0	160
2025.12.30	20:00:00	4348.649	4355.571	4337.901	4341.802	24109	0	160
2025.12.30	21:00:00	4341.836	4350.284	4334.786	4338.759	10000	0	160
2025.12.30	23:00:00	4343.520	4346.469	4328.508	4338.922	13900	0	160
2025.12.31	00:00:00	4338.986	4346.922	4332.501	4342.413	16029	0	160
2025.12.31	01:00:00	4342.377	4373.418	4336.880	4366.062	26943	0	160
2025.12.31	02:00:00	4366.123	4371.289	4346.689	4348.691	26566	0	160
2025.12.31	03:00:00	4348.764	4359.944	4340.845	4348.586	28230	0	160
2025.12.31	04:00:00	4348.545	4351.368	4330.759	4332.989	16152	0	160
2025.12.31	05:00:00	4333.049	4343.016	4275.838	4285.812	37061	0	160
2025.12.31	06:00:00	4285.838	4329.282	4274.379	4328.006	35435	0	160
2025.12.31	07:00:00	4328.054	4335.193	4323.744	4331.108	18969	0	160
2025.12.31	08:00:00	4331.079	4333.067	4303.336	4307.210	18321	0	160
2025.12.31	09:00:00	4307.246	4337.346	4306.968	4325.899	18050	0	160
2025.12.31	10:00:00	4325.922	4331.492	4303.736	4306.677	18003	0	160
2025.12.31	11:00:00	4306.625	4316.433	4304.104	4311.005	14192	0	160
2025.12.31	12:00:00	4310.906	4318.143	4303.096	4313.899	14773	0	160
2025.12.31	13:00:00	4313.926	4348.442	4308.082	4345.819	23118	0	160
2025.12.31	14:00:00	4345.850	4353.617	4332.911	4346.005	34128	0	160
2025.12.31	15:00:00	4346.050	4346.274	4326.981	4337.274	33003	0	160
2025.12.31	16:00:00	4337.321	4339.737	4317.127	4322.976	24048	0	160
2025.12.31	17:00:00	4323.006	4329.562	4318.084	4321.796	18443	0	160
2025.12.31	18:00:00	4321.851	4331.309	4315.462	4319.303	4896	0	160
2025.12.31	19:00:00	4319.471	4322.655	4307.289	4311.253	4808	0	768
2025.12.31	20:00:00	4311.052	4324.245	4304.157	4312.854	5165	0	773
2025.12.31	21:00:00	4313.034	4318.933	4307.171	4318.847	7243	0	160
2026.01.01	23:00:00	4328.340	4351.513	4327.659	4348.337	8188	0	160
2026.01.02	00:00:00	4348.358	4356.206	4341.316	4354.191	11406	0	160
2026.01.02	01:00:00	4354.197	4356.159	4344.606	4348.030	13930	0	160
2026.01.02	02:00:00	4348.002	4363.176	4344.825	4362.798	12395	0	160
2026.01.02	03:00:00	4362.763	4375.846	4362.077	4375.173	11891	0	160
2026.01.02	04:00:00	4375.130	4378.641	4371.328	4373.267	10587	0	160
2026.01.02	05:00:00	4373.294	4381.750	4370.946	4380.664	9573	0	160
2026.01.02	06:00:00	4380.656	4381.069	4373.402	4374.795	9769	0	160
2026.01.02	07:00:00	4374.758	4383.364	4371.949	4382.800	11036	0	160
2026.01.02	08:00:00	4382.763	4397.619	4380.479	4387.120	11084	0	160
2026.01.02	09:00:00	4387.083	4391.706	4383.334	4385.609	10391	0	160
2026.01.02	10:00:00	4385.635	4398.550	4384.555	4396.070	10269	0	160
2026.01.02	11:00:00	4396.144	4399.384	4390.781	4392.898	8616	0	160
2026.01.02	12:00:00	4392.866	4398.279	4385.192	4394.411	11629	0	160
2026.01.02	13:00:00	4394.440	4402.406	4361.753	4365.992	30296	0	160
2026.01.02	14:00:00	4366.066	4373.682	4348.178	4353.445	40243	0	160
2026.01.02	15:00:00	4353.425	4356.997	4330.239	4335.470	47211	0	160
2026.01.02	16:00:00	4335.417	4337.403	4314.828	4326.428	42130	0	160
2026.01.02	17:00:00	4326.454	4333.470	4322.761	4323.089	22217	0	160
2026.01.02	18:00:00	4323.015	4323.772	4309.669	4315.060	22340	0	160
2026.01.02	19:00:00	4315.106	4326.335	4315.106	4318.185	15819	0	160
2026.01.02	20:00:00	4318.228	4331.565	4317.194	4331.422	13951	0	160
2026.01.02	21:00:00	4331.457	4333.948	4327.085	4331.759	6497	0	160
2026.01.04	23:00:00	4353.486	4375.948	4349.802	4372.570	15714	0	160
2026.01.05	00:00:00	4372.597	4396.775	4370.227	4394.983	21258	0	160
2026.01.05	01:00:00	4395.009	4421.112	4391.224	4401.876	53114	0	160
2026.01.05	02:00:00	4401.913	4409.611	4388.651	4405.407	25655	0	160
2026.01.05	03:00:00	4405.379	4414.082	4399.709	4399.941	15869	0	160
2026.01.05	04:00:00	4399.909	4408.399	4397.451	4404.219	9543	0	160
2026.01.05	05:00:00	4404.122	4414.553	4401.270	4412.369	14157	0	160
2026.01.05	06:00:00	4412.307	4426.559	4411.236	4420.161	20127	0	160
2026.01.05	07:00:00	4420.279	4425.113	4416.785	4421.826	13710	0	160
2026.01.05	08:00:00	4421.826	4433.968	4419.381	4430.181	14009	0	160
2026.01.05	09:00:00	4430.172	4438.187	4425.973	4434.845	12551	0	160
2026.01.05	10:00:00	4434.877	4440.011	4430.807	4436.250	11033	0	160
2026.01.05	11:00:00	4436.286	4437.501	4411.073	4419.349	18649	0	160
2026.01.05	12:00:00	4419.316	4421.533	4405.439	4409.669	16813	0	160
2026.01.05	13:00:00	4409.700	4418.988	4395.895	4416.777	31960	0	160
2026.01.05	14:00:00	4416.756	4442.879	4416.756	4436.879	38752	0	160
2026.01.05	15:00:00	4436.966	4455.685	4435.479	4448.524	34786	0	160
2026.01.05	16:00:00	4448.559	4454.476	4438.476	4441.949	19417	0	160
2026.01.05	17:00:00	4441.992	4449.056	4432.261	4443.566	22186	0	160
2026.01.05	18:00:00	4443.511	4448.613	4439.843	4448.613	13619	0	160
2026.01.05	19:00:00	4448.640	4449.504	4434.700	4439.845	15266	0	160
2026.01.05	20:00:00	4439.805	4447.011	4437.968	4445.050	14098	0	160
2026.01.05	21:00:00	4445.098	4449.325	4443.431	4448.989	6584	0	160
2026.01.05	23:00:00	4454.841	4460.318	4436.871	4440.334	8919	0	160
2026.01.06	00:00:00	4440.402	4444.918	4430.373	4436.385	13775	0	160
2026.01.06	01:00:00	4436.297	4452.327	4427.675	4450.417	27385	0	160
2026.01.06	02:00:00	4450.529	4461.367	4448.713	4454.980	20537	0	160
2026.01.06	03:00:00	4455.006	4468.212	4454.110	4467.733	13299	0	160
2026.01.06	04:00:00	4467.682	4468.551	4461.719	4467.360	8613	0	160
2026.01.06	05:00:00	4467.251	4474.262	4449.432	4452.445	18012	0	160
2026.01.06	06:00:00	4452.501	4466.961	4451.601	4465.693	17817	0	160
2026.01.06	07:00:00	4465.603	4470.462	4457.271	4459.479	12793	0	160
2026.01.06	08:00:00	4459.429	4476.002	4457.412	4468.331	15687	0	160
2026.01.06	09:00:00	4468.300	4468.593	4444.803	4446.349	17366	0	160
2026.01.06	10:00:00	4446.398	4456.041	4442.565	4451.733	11865	0	160
2026.01.06	11:00:00	4451.754	4464.609	4448.670	4463.377	10014	0	160
2026.01.06	12:00:00	4463.319	4466.318	4458.762	4463.614	9796	0	160
2026.01.06	13:00:00	4463.652	4470.587	4453.975	4467.983	24245	0	160
2026.01.06	14:00:00	4468.012	4489.999	4464.481	4487.466	27518	0	160
2026.01.06	15:00:00	4487.493	4490.896	4462.898	4478.351	37314	0	160
2026.01.06	16:00:00	4478.386	4489.024	4471.616	4488.240	21800	0	160
2026.01.06	17:00:00	4488.295	4491.626	4481.628	4489.462	16047	0	160
2026.01.06	18:00:00	4489.420	4494.128	4482.257	4488.520	15470	0	160
2026.01.06	19:00:00	4488.540	4489.407	4477.354	4481.409	15324	0	160
2026.01.06	20:00:00	4481.378	4496.944	4480.296	4493.817	11769	0	160
2026.01.06	21:00:00	4493.778	4497.412	4491.740	4494.600	6603	0	160
2026.01.06	23:00:00	4498.082	4500.541	4492.099	4493.261	7200	0	160
2026.01.07	00:00:00	4493.308	4494.714	4482.523	4491.903	12810	0	160
2026.01.07	01:00:00	4491.870	4495.916	4460.993	4465.500	39267	0	160
2026.01.07	02:00:00	4465.482	4478.816	4459.455	4474.656	20715	0	160
2026.01.07	03:00:00	4474.670	4480.318	4471.860	4474.683	14023	0	160
2026.01.07	04:00:00	4474.633	4476.068	4463.467	4464.805	15737	0	160
2026.01.07	05:00:00	4464.825	4470.287	4443.194	4454.270	24784	0	160
2026.01.07	06:00:00	4454.233	4460.503	4441.419	4444.228	21368	0	160
2026.01.07	07:00:00	4444.112	4465.205	4441.526	4461.273	15366	0	160
2026.01.07	08:00:00	4461.183	4474.841	4459.346	4468.315	13250	0	160
2026.01.07	09:00:00	4468.205	4468.705	4459.644	4463.388	12054	0	160
2026.01.07	10:00:00	4463.360	4467.832	4458.607	4464.482	9767	0	160
2026.01.07	11:00:00	4464.481	4464.947	4446.537	4447.469	13063	0	160
2026.01.07	12:00:00	4447.513	4455.125	4439.158	4445.100	16834	0	160
2026.01.07	13:00:00	4445.066	4453.132	4427.817	4452.968	35573	0	160
2026.01.07	14:00:00	4452.923	4454.334	4435.764	4445.604	38205	0	160
2026.01.07	15:00:00	4445.549	4452.207	4423.563	4446.078	34308	0	160
2026.01.07	16:00:00	4446.044	4468.367	4443.910	4464.270	25371	0	160
2026.01.07	17:00:00	4464.319	4465.416	4449.791	4451.851	15306	0	160
2026.01.07	18:00:00	4451.908	4458.756	4447.174	4451.993	17199	0	160
2026.01.07	19:00:00	4452.080	4458.028	4445.362	4456.852	12876	0	160
2026.01.07	20:00:00	4456.896	4461.700	4450.530	4451.964	15748	0	160
2026.01.07	21:00:00	4452.000	4456.104	4449.763	4455.734	6316	0	160
2026.01.07	23:00:00	4459.787	4464.170	4458.515	4463.418	6238	0	160
2026.01.08	00:00:00	4463.383	4466.480	4446.709	4450.263	13174	0	160
2026.01.08	01:00:00	4450.259	4460.501	4441.598	4448.506	23850	0	160
2026.01.08	02:00:00	4448.519	4449.725	4433.406	4441.382	20483	0	160
2026.01.08	03:00:00	4441.397	4446.491	4437.111	4440.299	14707	0	160
2026.01.08	04:00:00	4440.323	4440.560	4430.197	4431.553	9574	0	160
2026.01.08	05:00:00	4431.524	4432.468	4415.538	4425.388	24570	0	160
2026.01.08	06:00:00	4425.434	4437.606	4415.858	4433.359	24158	0	160
2026.01.08	07:00:00	4433.395	4439.902	4428.495	4431.056	15125	0	160
2026.01.08	08:00:00	4430.981	4433.291	4419.832	4431.573	16276	0	160
2026.01.08	09:00:00	4431.548	4435.504	4425.907	4432.575	12119	0	160
2026.01.08	10:00:00	4432.590	4434.825	4423.018	4433.276	11261	0	160
2026.01.08	11:00:00	4433.356	4433.356	4421.981	4422.728	10066	0	160
2026.01.08	12:00:00	4422.769	4431.351	4407.580	4427.857	19137	0	160
2026.01.08	13:00:00	4427.786	4436.268	4417.260	4423.741	27460	0	160
2026.01.08	14:00:00	4423.810	4439.417	4418.915	4432.845	39612	0	160
2026.01.08	15:00:00	4432.799	4456.541	4427.822	4454.101	37248	0	160
2026.01.08	16:00:00	4454.150	4464.615	4446.945	4463.165	25107	0	160
2026.01.08	17:00:00	4463.116	4465.479	4457.509	4463.398	15001	0	160
2026.01.08	18:00:00	4463.442	4463.442	4447.856	4449.652	16536	0	160
2026.01.08	19:00:00	4449.642	4452.921	4444.332	4452.141	10914	0	160
2026.01.08	20:00:00	4452.020	4478.150	4451.417	4476.027	18506	0	160
2026.01.08	21:00:00	4475.999	4479.735	4472.687	4477.366	8182	0	160
2026.01.08	23:00:00	4482.004	4484.208	4472.630	4475.597	7515	0	160
2026.01.09	00:00:00	4475.632	4476.742	4459.959	4462.915	10785	0	160
2026.01.09	01:00:00	4462.941	4470.030	4452.819	4468.977	24984	0	160
2026.01.09	02:00:00	4468.941	4476.579	4465.565	4469.395	15627	0	160
2026.01.09	03:00:00	4469.365	4470.009	4460.393	4464.219	12592	0	160
2026.01.09	04:00:00	4464.226	4466.835	4460.704	4464.783	7629	0	160
2026.01.09	05:00:00	4464.788	4471.761	4458.062	4468.157	13309	0	160
2026.01.09	06:00:00	4468.226	4477.413	4466.039	4474.162	14918	0	160
2026.01.09	07:00:00	4474.204	4475.545	4468.430	4470.263	9465	0	160
2026.01.09	08:00:00	4470.267	4476.785	4463.971	4468.492	11927	0	160
2026.01.09	09:00:00	4468.445	4477.674	4468.296	4471.203	9303	0	160
2026.01.09	10:00:00	4471.220	4474.272	4467.193	4472.637	7430	0	160
2026.01.09	11:00:00	4472.670	4476.212	4468.615	4475.430	8077	0	160
2026.01.09	12:00:00	4475.353	4480.629	4460.898	4465.975	13289	0	160
2026.01.09	13:00:00	4466.057	4491.969	4458.906	4482.705	38276	0	160
2026.01.09	14:00:00	4482.745	4498.150	4479.242	4494.539	45904	0	160
2026.01.09	15:00:00	4494.505	4517.180	4489.997	4512.272	35132	0	160
2026.01.09	16:00:00	4512.371	4514.336	4499.838	4506.515	23409	0	160
2026.01.09	17:00:00	4506.553	4511.732	4482.001	4484.546	20952	0	160
2026.01.09	18:00:00	4484.503	4504.642	4482.907	4496.021	20271	0	160
2026.01.09	19:00:00	4496.085	4501.909	4492.715	4499.322	11187	0	160
2026.01.09	20:00:00	4499.294	4510.116	4497.752	4507.629	13809	0	160
2026.01.09	21:00:00	4507.600	4511.246	4505.038	4509.075	6295	0	160
2026.01.11	23:00:00	4517.918	4545.041	4517.918	4539.960	13278	0	160
2026.01.12	00:00:00	4540.016	4601.220	4536.245	4588.948	33526	0	160
2026.01.12	01:00:00	4588.987	4594.993	4570.140	4570.140	49345	0	160
2026.01.12	02:00:00	4570.108	4582.217	4561.787	4577.477	27451	0	160
2026.01.12	03:00:00	4577.425	4581.449	4567.651	4570.658	15955	0	160
2026.01.12	04:00:00	4570.695	4572.065	4563.506	4568.609	11234	0	160
2026.01.12	05:00:00	4568.565	4585.146	4565.908	4581.025	17526	0	160
2026.01.12	06:00:00	4580.979	4580.979	4569.639	4578.421	15378	0	160
2026.01.12	07:00:00	4578.455	4589.681	4574.698	4587.700	15845	0	160
2026.01.12	08:00:00	4587.743	4598.383	4579.546	4596.747	16807	0	160
2026.01.12	09:00:00	4596.863	4599.363	4587.759	4589.117	13451	0	160
2026.01.12	10:00:00	4589.160	4595.443	4585.964	4594.219	12542	0	160
2026.01.12	11:00:00	4594.171	4594.888	4581.808	4585.272	11780	0	160
2026.01.12	12:00:00	4585.261	4590.725	4578.521	4590.556	14168	0	160
2026.01.12	13:00:00	4590.435	4620.403	4588.667	4615.806	28443	0	160
2026.01.12	14:00:00	4615.850	4617.363	4584.885	4602.226	53688	0	160
2026.01.12	15:00:00	4602.193	4627.426	4601.844	4621.268	33540	0	160
2026.01.12	16:00:00	4621.242	4630.117	4607.848	4616.948	23256	0	160
2026.01.12	17:00:00	4616.941	4620.685	4610.771	4616.469	18338	0	160
2026.01.12	18:00:00	4616.477	4618.617	4600.443	4610.738	19702	0	160
2026.01.12	19:00:00	4610.794	4619.056	4608.644	4611.115	11525	0	160
2026.01.12	20:00:00	4611.138	4611.735	4591.478	4593.806	19331	0	160
2026.01.12	21:00:00	4593.840	4597.295	4589.224	4596.711	9454	0	160
2026.01.12	23:00:00	4600.673	4603.610	4577.949	4599.371	15326	0	160
2026.01.13	00:00:00	4599.408	4599.755	4584.481	4587.454	11908	0	160
2026.01.13	01:00:00	4587.452	4595.772	4575.522	4577.984	29688	0	160
2026.01.13	02:00:00	4577.916	4595.062	4576.721	4594.245	17008	0	160
2026.01.13	03:00:00	4594.211	4599.717	4592.527	4594.166	11724	0	160
2026.01.13	04:00:00	4594.122	4599.720	4593.956	4596.517	8232	0	160
2026.01.13	05:00:00	4596.502	4602.247	4585.601	4592.164	15683	0	160
2026.01.13	06:00:00	4592.133	4592.361	4573.304	4581.583	18152	0	160
2026.01.13	07:00:00	4581.612	4587.236	4577.482	4580.548	12073	0	160
2026.01.13	08:00:00	4580.515	4597.255	4579.536	4592.785	13532	0	160
2026.01.13	09:00:00	4592.752	4595.771	4585.719	4586.197	10003	0	160
2026.01.13	10:00:00	4586.164	4588.289	4580.403	4586.300	9118	0	160
2026.01.13	11:00:00	4586.297	4592.049	4582.051	4588.503	9884	0	160
2026.01.13	12:00:00	4588.599	4595.166	4577.847	4593.256	10100	0	160
2026.01.13	13:00:00	4593.217	4621.052	4590.681	4611.531	33225	0	160
2026.01.13	14:00:00	4611.538	4634.727	4609.050	4629.966	37485	0	160
2026.01.13	15:00:00	4629.922	4630.307	4600.887	4619.108	40099	0	160
2026.01.13	16:00:00	4619.001	4620.751	4592.827	4613.306	25042	0	160
2026.01.13	17:00:00	4613.269	4616.014	4586.705	4590.502	21390	0	160
2026.01.13	18:00:00	4590.452	4602.052	4581.035	4594.198	27284	0	160
2026.01.13	19:00:00	4594.239	4599.031	4584.153	4597.503	19160	0	160
2026.01.13	20:00:00	4597.539	4597.876	4569.234	4586.045	23839	0	160
2026.01.13	21:00:00	4586.098	4589.945	4582.730	4586.552	8483	0	160
2026.01.13	23:00:00	4590.721	4598.871	4590.682	4597.136	6985	0	160
2026.01.14	00:00:00	4597.181	4610.728	4597.140	4609.153	12140	0	160
2026.01.14	01:00:00	4609.191	4619.966	4606.235	4619.137	22408	0	160
2026.01.14	02:00:00	4619.135	4623.614	4614.369	4620.633	17049	0	160
2026.01.14	03:00:00	4620.538	4630.088	4613.475	4628.238	13394	0	160
2026.01.14	04:00:00	4628.316	4630.562	4625.208	4629.468	9544	0	160
2026.01.14	05:00:00	4629.495	4639.961	4617.775	4619.880	23794	0	160
2026.01.14	06:00:00	4619.766	4637.289	4618.538	4637.289	22054	0	160
2026.01.14	07:00:00	4637.253	4639.604	4631.374	4632.634	12016	0	160
2026.01.14	08:00:00	4632.533	4637.912	4621.938	4634.917	16924	0	160
2026.01.14	09:00:00	4634.864	4639.710	4627.079	4630.422	11563	0	160
2026.01.14	10:00:00	4630.391	4638.166	4627.742	4633.025	10779	0	160
2026.01.14	11:00:00	4632.950	4637.446	4625.987	4630.316	11538	0	160
2026.01.14	12:00:00	4630.412	4642.003	4630.152	4638.782	14216	0	160
2026.01.14	13:00:00	4638.815	4641.783	4624.312	4635.839	30094	0	160
2026.01.14	14:00:00	4635.872	4638.828	4606.658	4617.582	40549	0	160
2026.01.14	15:00:00	4617.552	4626.452	4599.321	4617.855	40432	0	160
2026.01.14	16:00:00	4617.892	4624.844	4608.529	4616.995	26947	0	160
2026.01.14	17:00:00	4617.041	4619.147	4601.076	4614.239	27673	0	160
2026.01.14	18:00:00	4614.214	4637.171	4612.745	4635.044	20072	0	160
2026.01.14	19:00:00	4635.107	4643.189	4633.344	4639.223	18646	0	160
2026.01.14	20:00:00	4639.219	4641.596	4625.598	4632.498	29403	0	160
2026.01.14	21:00:00	4632.551	4633.061	4617.904	4626.038	12466	0	160
2026.01.14	23:00:00	4626.610	4626.949	4602.840	4615.294	15391	0	160
2026.01.15	00:00:00	4615.266	4618.249	4610.120	4615.280	12575	0	160
2026.01.15	01:00:00	4615.273	4617.412	4583.557	4600.055	43125	0	160
2026.01.15	02:00:00	4600.016	4614.714	4595.584	4602.831	24877	0	160
2026.01.15	03:00:00	4602.870	4604.377	4581.084	4592.282	27844	0	160
2026.01.15	04:00:00	4592.258	4597.525	4587.018	4592.249	15230	0	160
2026.01.15	05:00:00	4592.327	4599.006	4580.995	4595.228	20759	0	160
2026.01.15	06:00:00	4595.257	4612.059	4593.661	4610.261	20282	0	160
2026.01.15	07:00:00	4610.288	4613.590	4599.191	4601.818	13123	0	160
2026.01.15	08:00:00	4601.775	4607.150	4597.807	4604.308	14747	0	160
2026.01.15	09:00:00	4604.305	4613.071	4600.656	4612.630	11415	0	160
2026.01.15	10:00:00	4612.544	4620.643	4609.349	4619.803	10626	0	160
2026.01.15	11:00:00	4619.840	4623.032	4615.404	4619.132	10940	0	160
2026.01.15	12:00:00	4619.184	4620.747	4611.723	4613.952	11493	0	160
2026.01.15	13:00:00	4613.881	4616.137	4581.967	4588.413	34838	0	160
2026.01.15	14:00:00	4588.437	4615.181	4583.250	4611.030	40653	0	160
2026.01.15	15:00:00	4611.005	4618.070	4603.805	4615.473	28754	0	160
2026.01.15	16:00:00	4615.438	4624.902	4601.189	4605.607	25525	0	160
2026.01.15	17:00:00	4605.699	4616.995	4605.585	4616.439	14105	0	160
2026.01.15	18:00:00	4616.497	4621.231	4613.497	4617.591	15867	0	160
2026.01.15	19:00:00	4617.621	4621.733	4612.638	4615.794	10671	0	160
2026.01.15	20:00:00	4615.881	4616.368	4600.750	4605.761	18898	0	160
2026.01.15	21:00:00	4605.719	4616.456	4604.456	4615.670	6788	0	160
2026.01.15	23:00:00	4618.110	4621.009	4606.389	4610.284	9929	0	160
2026.01.16	00:00:00	4610.315	4611.358	4598.495	4599.960	12405	0	160
2026.01.16	01:00:00	4599.921	4608.525	4593.974	4600.513	22447	0	160
2026.01.16	02:00:00	4600.477	4604.313	4591.237	4594.891	21815	0	160
2026.01.16	03:00:00	4594.918	4599.682	4592.835	4596.490	10883	0	160
2026.01.16	04:00:00	4596.353	4602.045	4596.089	4601.087	6244	0	160
2026.01.16	05:00:00	4601.133	4616.219	4595.299	4611.580	12271	0	160
2026.01.16	06:00:00	4611.599	4612.336	4593.851	4597.967	18148	0	160
2026.01.16	07:00:00	4598.052	4612.020	4596.778	4607.546	14793	0	160
2026.01.16	08:00:00	4607.519	4610.746	4601.344	4603.185	11376	0	160
2026.01.16	09:00:00	4603.149	4608.518	4598.843	4600.449	8279	0	160
2026.01.16	10:00:00	4600.493	4611.195	4599.772	4600.216	9223	0	160
2026.01.16	11:00:00	4600.250	4616.145	4598.594	4612.471	10482	0	160
2026.01.16	12:00:00	4612.510	4613.028	4597.467	4601.755	12529	0	160
2026.01.16	13:00:00	4601.792	4605.596	4582.635	4601.890	33659	0	160
2026.01.16	14:00:00	4601.909	4614.823	4596.178	4607.964	29336	0	160
2026.01.16	15:00:00	4607.923	4620.517	4536.729	4571.398	75437	0	160
2026.01.16	16:00:00	4571.351	4598.999	4567.921	4591.494	44118	0	160
2026.01.16	17:00:00	4591.520	4593.083	4576.850	4581.460	23583	0	160
2026.01.16	18:00:00	4581.416	4596.058	4580.011	4582.656	20366	0	160
2026.01.16	19:00:00	4582.630	4592.416	4580.875	4590.572	14951	0	160
2026.01.16	20:00:00	4590.587	4596.027	4580.874	4581.986	14339	0	160
2026.01.16	21:00:00	4581.955	4598.544	4581.955	4596.588	11951	0	160
2026.01.18	23:00:00	4655.358	4690.741	4653.848	4672.573	25614	0	160
2026.01.19	00:00:00	4672.630	4682.118	4660.973	4675.351	23927	0	160
2026.01.19	01:00:00	4675.381	4678.351	4656.229	4657.369	37743	0	160
2026.01.19	02:00:00	4657.324	4665.133	4653.161	4662.463	20407	0	160
2026.01.19	03:00:00	4662.365	4669.941	4658.228	4658.521	13944	0	160
2026.01.19	04:00:00	4658.556	4665.971	4658.174	4663.069	8934	0	160
2026.01.19	05:00:00	4663.058	4674.270	4662.959	4669.968	11697	0	160
2026.01.19	06:00:00	4669.955	4679.010	4666.767	4677.954	11189	0	160
2026.01.19	07:00:00	4677.920	4678.583	4661.873	4665.186	13156	0	160
2026.01.19	08:00:00	4665.140	4673.835	4661.683	4663.672	12851	0	160
2026.01.19	09:00:00	4663.636	4672.909	4661.902	4668.473	9792	0	160
2026.01.19	10:00:00	4668.370	4671.257	4661.280	4663.749	8886	0	160
2026.01.19	11:00:00	4663.803	4667.557	4659.573	4660.705	10160	0	160
2026.01.19	12:00:00	4660.676	4673.744	4660.054	4671.958	10267	0	160
2026.01.19	13:00:00	4671.921	4673.687	4664.471	4666.116	12397	0	160
2026.01.19	14:00:00	4666.109	4670.295	4661.511	4666.594	11400	0	160
2026.01.19	15:00:00	4666.567	4676.062	4664.323	4674.329	12275	0	160
2026.01.19	16:00:00	4674.283	4675.622	4670.406	4672.195	7750	0	160
2026.01.19	17:00:00	4672.259	4678.833	4669.171	4676.236	6678	0	160
2026.01.19	18:00:00	4676.237	4680.490	4673.834	4676.540	6147	0	160
2026.01.19	19:00:00	4676.647	4676.797	4667.038	4670.928	4340	0	160
2026.01.19	23:00:00	4673.440	4673.595	4664.575	4665.406	6595	0	160
2026.01.20	00:00:00	4665.371	4668.037	4659.471	4660.504	8568	0	160
2026.01.20	01:00:00	4660.470	4676.110	4659.856	4669.702	16562	0	160
2026.01.20	02:00:00	4669.667	4674.781	4665.527	4668.758	14005	0	160
2026.01.20	03:00:00	4668.668	4681.604	4666.128	4680.184	10552	0	160
2026.01.20	04:00:00	4680.124	4697.067	4679.661	4695.232	11375	0	160
2026.01.20	05:00:00	4695.273	4716.857	4694.270	4714.569	18836	0	160
2026.01.20	06:00:00	4714.551	4717.125	4705.402	4712.532	20389	0	160
2026.01.20	07:00:00	4712.461	4722.775	4711.405	4716.168	14650	0	160
2026.01.20	08:00:00	4716.195	4731.519	4715.000	4729.230	17585	0	160
2026.01.20	09:00:00	4729.280	4737.400	4721.184	4732.404	14719	0	160
2026.01.20	10:00:00	4732.418	4734.978	4723.094	4726.567	12929	0	160
2026.01.20	11:00:00	4726.562	4735.418	4721.583	4733.029	9643	0	160
2026.01.20	12:00:00	4732.985	4732.985	4724.127	4727.513	11721	0	160
2026.01.20	13:00:00	4727.574	4738.492	4715.265	4737.092	33164	0	160
2026.01.20	14:00:00	4737.150	4751.164	4728.629	4741.217	53845	0	160
2026.01.20	15:00:00	4741.175	4748.566	4722.394	4737.567	47803	0	160
2026.01.20	16:00:00	4737.525	4757.868	4729.022	4753.631	25880	0	160
2026.01.20	17:00:00	4753.663	4762.444	4746.094	4759.191	19056	0	160
2026.01.20	18:00:00	4759.298	4766.367	4752.905	4759.359	16586	0	160
2026.01.20	19:00:00	4759.370	4766.286	4756.434	4760.696	12696	0	160
2026.01.20	20:00:00	4760.699	4761.108	4747.418	4756.644	17151	0	160
2026.01.20	21:00:00	4756.666	4763.976	4756.275	4763.376	31079	0	160
2026.01.20	23:00:00	4762.604	4781.129	4757.789	4775.878	9706	0	160
2026.01.21	00:00:00	4775.829	4787.732	4770.736	4784.700	12072	0	160
2026.01.21	01:00:00	4784.650	4844.399	4783.452	4835.302	39188	0	160
2026.01.21	02:00:00	4835.341	4842.231	4817.180	4836.690	26843	0	160
2026.01.21	03:00:00	4836.633	4849.968	4827.094	4845.003	21852	0	160
2026.01.21	04:00:00	4845.003	4870.999	4837.906	4865.859	16458	0	160
2026.01.21	05:00:00	4865.931	4878.241	4858.853	4869.910	21721	0	160
2026.01.21	06:00:00	4869.939	4888.466	4845.506	4847.640	31924	0	160
2026.01.21	07:00:00	4847.583	4857.196	4832.476	4855.173	28672	0	160
2026.01.21	08:00:00	4855.142	4869.670	4851.529	4854.677	18530	0	160
2026.01.21	09:00:00	4854.713	4877.074	4852.314	4860.292	17029	0	160
2026.01.21	10:00:00	4860.243	4866.713	4859.433	4862.140	13158	0	160
2026.01.21	11:00:00	4862.220	4871.550	4855.211	4866.812	12224	0	160
2026.01.21	12:00:00	4866.845	4870.909	4855.803	4865.009	15115	0	160
2026.01.21	13:00:00	4865.061	4880.344	4858.433	4879.398	27015	0	160
2026.01.21	14:00:00	4879.338	4880.998	4839.275	4852.150	68763	0	160
2026.01.21	15:00:00	4851.990	4868.706	4812.704	4847.815	62498	0	160
2026.01.21	16:00:00	4847.861	4855.782	4819.583	4833.336	43948	0	160
2026.01.21	17:00:00	4833.390	4834.312	4802.543	4826.180	43958	0	160
2026.01.21	18:00:00	4826.147	4850.711	4819.815	4850.147	28582	0	160
2026.01.21	19:00:00	4850.041	4854.103	4755.898	4781.264	89197	0	160
2026.01.21	20:00:00	4781.216	4827.862	4772.382	4826.644	56264	0	160
2026.01.21	21:00:00	4826.582	4839.807	4813.302	4828.746	17309	0	160
2026.01.21	23:00:00	4831.025	4831.112	4777.606	4778.370	17861	0	160
2026.01.22	00:00:00	4778.245	4798.831	4778.111	4798.160	22663	0	160
2026.01.22	01:00:00	4798.089	4809.624	4772.238	4797.873	35642	0	160
2026.01.22	02:00:00	4797.791	4798.333	4774.904	4789.051	24209	0	160
2026.01.22	03:00:00	4789.015	4796.993	4784.157	4796.604	14310	0	160
2026.01.22	04:00:00	4796.582	4800.519	4793.855	4797.355	11575	0	160
2026.01.22	05:00:00	4797.386	4821.601	4793.688	4821.283	14954	0	160
2026.01.22	06:00:00	4821.356	4829.241	4816.425	4826.534	15888	0	160
2026.01.22	07:00:00	4826.574	4838.815	4825.637	4832.684	13940	0	160
2026.01.22	08:00:00	4832.659	4835.648	4822.404	4830.737	14004	0	160
2026.01.22	09:00:00	4830.649	4838.044	4813.895	4823.101	16147	0	160
2026.01.22	10:00:00	4823.059	4831.851	4819.211	4829.026	11441	0	160
2026.01.22	11:00:00	4829.046	4836.466	4824.504	4831.110	10535	0	160
2026.01.22	12:00:00	4831.061	4832.560	4818.870	4819.839	12641	0	160
2026.01.22	13:00:00	4819.903	4835.319	4810.693	4822.181	26792	0	160
2026.01.22	14:00:00	4822.115	4847.814	4820.381	4835.179	34146	0	160
2026.01.22	15:00:00	4835.156	4873.686	4827.006	4871.704	35525	0	160
2026.01.22	16:00:00	4871.792	4885.521	4868.085	4878.080	26112	0	160
2026.01.22	17:00:00	4878.019	4906.342	4869.700	4904.591	32646	0	160
2026.01.22	18:00:00	4904.480	4919.380	4901.301	4915.979	24734	0	160
2026.01.22	19:00:00	4915.937	4924.477	4905.936	4911.663	17271	0	160
2026.01.22	20:00:00	4911.700	4928.411	4911.361	4916.994	17328	0	160
2026.01.22	21:00:00	4916.946	4940.818	4914.545	4936.220	11558	0	160
2026.01.22	23:00:00	4944.346	4960.586	4930.713	4958.972	17588	0	160
2026.01.23	00:00:00	4959.011	4965.781	4947.590	4965.051	16510	0	160
2026.01.23	01:00:00	4965.085	4967.549	4936.338	4953.624	36923	0	160
2026.01.23	02:00:00	4953.581	4962.234	4946.884	4955.589	14966	0	160
2026.01.23	03:00:00	4955.632	4959.015	4938.225	4952.007	17389	0	160
2026.01.23	04:00:00	4951.971	4958.360	4950.156	4956.283	7733	0	160
2026.01.23	05:00:00	4956.259	4967.334	4954.435	4960.654	9542	0	160
2026.01.23	06:00:00	4960.596	4962.981	4945.455	4953.708	18610	0	160
2026.01.23	07:00:00	4953.733	4959.602	4943.365	4944.413	15656	0	160
2026.01.23	08:00:00	4944.349	4947.539	4901.296	4913.776	30614	0	160
2026.01.23	09:00:00	4913.820	4921.732	4899.545	4918.577	24203	0	160
2026.01.23	10:00:00	4918.538	4932.351	4915.686	4929.871	14791	0	160
2026.01.23	11:00:00	4929.821	4929.978	4911.967	4922.890	15141	0	160
2026.01.23	12:00:00	4922.999	4942.560	4918.292	4939.264	15949	0	160
2026.01.23	13:00:00	4939.239	4947.968	4923.818	4938.919	38412	0	160
2026.01.23	14:00:00	4938.961	4956.560	4932.828	4943.153	31854	0	160
2026.01.23	15:00:00	4943.231	4963.342	4938.506	4960.584	32030	0	160
2026.01.23	16:00:00	4960.611	4988.334	4959.077	4980.297	28677	0	160
2026.01.23	17:00:00	4980.335	4988.104	4962.088	4965.998	24758	0	160
2026.01.23	18:00:00	4966.032	4984.119	4958.260	4966.792	26868	0	160
2026.01.23	19:00:00	4966.818	4989.804	4966.818	4984.297	16059	0	160
2026.01.23	20:00:00	4984.265	4985.729	4970.597	4981.517	21896	0	160
2026.01.23	21:00:00	4981.478	4989.050	4978.031	4988.337	9069	0	160
2026.01.25	23:00:00	5019.847	5040.296	5003.575	5039.789	30690	0	160
2026.01.26	00:00:00	5039.821	5052.099	5030.511	5041.830	25137	0	160
2026.01.26	01:00:00	5041.689	5085.699	5029.102	5071.195	47100	0	160
2026.01.26	02:00:00	5071.221	5093.104	5067.022	5081.120	35317	0	160
2026.01.26	03:00:00	5081.060	5087.949	5070.008	5076.541	27568	0	160
2026.01.26	04:00:00	5076.571	5078.002	5058.121	5070.445	18257	0	160
2026.01.26	05:00:00	5070.362	5076.439	5052.349	5074.295	33572	0	160
2026.01.26	06:00:00	5074.343	5111.173	5065.319	5077.886	38161	0	160
2026.01.26	07:00:00	5077.807	5095.701	5074.063	5089.275	21307	0	160
2026.01.26	08:00:00	5089.234	5098.284	5080.022	5083.346	20485	0	160
2026.01.26	09:00:00	5083.349	5098.657	5075.426	5084.082	21572	0	160
2026.01.26	10:00:00	5084.113	5095.064	5078.634	5091.639	16819	0	160
2026.01.26	11:00:00	5091.612	5092.779	5078.580	5091.438	13896	0	160
2026.01.26	12:00:00	5091.406	5096.982	5077.196	5078.886	20725	0	160
2026.01.26	13:00:00	5078.846	5083.311	5054.528	5068.552	36304	0	160
2026.01.26	14:00:00	5068.594	5096.945	5058.296	5096.269	43882	0	160
2026.01.26	15:00:00	5096.318	5097.382	5073.834	5090.917	44492	0	160
2026.01.26	16:00:00	5090.891	5104.997	5065.288	5089.514	51226	0	160
2026.01.26	17:00:00	5089.562	5105.210	5080.709	5100.867	32943	0	160
2026.01.26	18:00:00	5100.974	5103.276	5057.803	5068.873	63535	0	160
2026.01.26	19:00:00	5068.980	5069.748	5008.256	5028.697	101970	0	160
2026.01.26	20:00:00	5028.749	5062.294	5026.159	5055.121	61368	0	160
2026.01.26	21:00:00	5055.149	5059.318	4989.632	5009.206	53161	0	160
2026.01.26	23:00:00	5029.858	5061.509	5018.890	5043.629	20080	0	160
2026.01.27	00:00:00	5043.588	5053.994	5013.485	5032.697	26680	0	160
2026.01.27	01:00:00	5032.725	5075.919	5018.781	5060.472	55075	0	160
2026.01.27	02:00:00	5060.437	5079.843	5049.591	5072.436	27064	0	160
2026.01.27	03:00:00	5072.477	5079.121	5060.246	5076.871	22032	0	160
2026.01.27	04:00:00	5076.819	5078.610	5061.513	5067.967	16981	0	160
2026.01.27	05:00:00	5067.981	5085.261	5057.398	5083.013	22054	0	160
2026.01.27	06:00:00	5082.906	5094.062	5076.620	5085.896	22040	0	160
2026.01.27	07:00:00	5085.868	5100.962	5081.596	5086.128	28356	0	160
2026.01.27	08:00:00	5086.063	5088.378	5073.319	5079.354	22698	0	160
2026.01.27	09:00:00	5079.400	5099.601	5077.963	5098.723	19011	0	160
2026.01.27	10:00:00	5098.693	5098.693	5081.890	5086.163	17695	0	160
2026.01.27	11:00:00	5086.201	5090.907	5066.892	5076.758	17298	0	160
2026.01.27	12:00:00	5076.702	5091.210	5073.605	5085.037	22381	0	160
2026.01.27	13:00:00	5084.986	5092.971	5069.493	5077.466	38635	0	160
2026.01.27	14:00:00	5077.488	5082.399	5046.465	5054.261	77565	0	160
2026.01.27	15:00:00	5054.226	5091.517	5047.483	5091.119	61787	0	160
2026.01.27	16:00:00	5091.011	5103.151	5083.378	5087.504	39460	0	160
2026.01.27	17:00:00	5087.454	5094.217	5076.677	5081.340	40782	0	160
2026.01.27	18:00:00	5081.310	5095.467	5076.203	5088.052	33082	0	160
2026.01.27	19:00:00	5088.006	5099.999	5081.171	5098.926	17172	0	160
2026.01.27	20:00:00	5098.952	5182.538	5097.894	5176.496	90811	0	160
2026.01.27	21:00:00	5176.578	5190.490	5169.441	5180.515	34125	0	160
2026.01.27	23:00:00	5177.132	5177.256	5159.074	5172.433	16324	0	160
2026.01.28	00:00:00	5172.389	5180.070	5157.059	5171.933	22265	0	160
2026.01.28	01:00:00	5171.877	5225.239	5168.802	5204.765	62049	0	160
2026.01.28	02:00:00	5204.737	5234.468	5201.579	5231.921	40169	0	160
2026.01.28	03:00:00	5231.804	5247.709	5224.532	5234.977	32156	0	160
2026.01.28	04:00:00	5234.951	5248.970	5232.359	5245.639	16880	0	160
2026.01.28	05:00:00	5245.655	5266.460	5241.628	5261.144	28023	0	160
2026.01.28	06:00:00	5261.187	5271.416	5252.097	5269.864	26241	0	160
2026.01.28	07:00:00	5269.896	5292.871	5263.000	5290.397	26502	0	160
2026.01.28	08:00:00	5290.355	5311.570	5280.758	5293.649	38437	0	160
2026.01.28	09:00:00	5293.670	5297.426	5262.838	5277.991	29982	0	160
2026.01.28	10:00:00	5278.039	5285.636	5269.345	5269.962	21813	0	160
2026.01.28	11:00:00	5269.973	5270.792	5238.593	5261.638	32837	0	160
2026.01.28	12:00:00	5261.700	5279.236	5251.651	5279.229	29998	0	160
2026.01.28	13:00:00	5279.181	5289.524	5257.077	5266.626	44856	0	160
2026.01.28	14:00:00	5266.654	5288.645	5248.426	5286.118	61360	0	160
2026.01.28	15:00:00	5286.172	5298.177	5235.301	5278.235	110311	0	160
2026.01.28	16:00:00	5278.276	5300.199	5274.487	5299.753	52352	0	160
2026.01.28	17:00:00	5299.790	5307.037	5283.043	5298.136	40530	0	160
2026.01.28	18:00:00	5298.233	5326.162	5268.440	5283.597	67906	0	160
2026.01.28	19:00:00	5283.487	5332.252	5269.346	5325.408	79394	0	160
2026.01.28	20:00:00	5325.304	5391.539	5320.898	5376.793	84077	0	160
2026.01.28	21:00:00	5376.828	5417.587	5376.828	5417.508	39570	0	160
2026.01.28	23:00:00	5448.139	5570.018	5432.519	5513.022	63868	0	160
2026.01.29	00:00:00	5512.989	5527.272	5450.333	5520.301	60731	0	160
2026.01.29	01:00:00	5520.343	5551.669	5445.471	5545.787	100476	0	160
2026.01.29	02:00:00	5545.740	5550.123	5504.563	5535.797	64893	0	160
2026.01.29	03:00:00	5535.846	5548.883	5508.482	5545.769	51702	0	160
2026.01.29	04:00:00	5545.731	5564.557	5533.588	5558.391	35454	0	160
2026.01.29	05:00:00	5558.328	5564.510	5516.135	5562.619	50396	0	160
2026.01.29	06:00:00	5562.647	5595.324	5554.747	5561.648	53640	0	160
2026.01.29	07:00:00	5561.609	5575.005	5536.963	5548.984	52703	0	160
2026.01.29	08:00:00	5548.949	5554.995	5474.008	5509.804	69935	0	160
2026.01.29	09:00:00	5509.760	5529.684	5498.018	5514.147	39942	0	160
2026.01.29	10:00:00	5514.115	5525.215	5482.215	5483.343	32303	0	160
2026.01.29	11:00:00	5483.390	5528.872	5470.702	5522.656	25895	0	160
2026.01.29	12:00:00	5522.629	5542.958	5518.484	5534.166	23518	0	160
2026.01.29	13:00:00	5534.284	5540.864	5500.261	5510.376	33688	0	160
2026.01.29	14:00:00	5510.403	5549.516	5491.126	5497.717	62263	0	160
2026.01.29	15:00:00	5497.256	5497.256	5094.978	5182.833	141009	0	160
2026.01.29	16:00:00	5182.783	5311.274	5171.927	5264.023	91849	0	160
2026.01.29	17:00:00	5264.077	5375.470	5264.077	5335.284	70812	0	160
2026.01.29	18:00:00	5335.335	5362.112	5307.915	5339.037	56606	0	160
2026.01.29	19:00:00	5339.098	5345.257	5290.220	5305.838	55243	0	160
2026.01.29	20:00:00	5305.702	5407.072	5282.814	5394.512	42471	0	160
2026.01.29	21:00:00	5394.432	5426.018	5374.608	5377.505	29932	0	160
2026.01.29	23:00:00	5400.815	5448.655	5388.252	5438.589	40283	0	160
2026.01.30	00:00:00	5438.551	5450.917	5389.899	5406.962	56281	0	160
2026.01.30	01:00:00	5407.098	5409.744	5291.364	5301.712	130937	0	160
2026.01.30	02:00:00	5301.612	5312.809	5112.046	5224.763	236633	0	160
2026.01.30	03:00:00	5224.736	5229.907	5150.709	5196.572	112282	0	160
2026.01.30	04:00:00	5196.523	5230.854	5193.790	5214.833	60929	0	160
2026.01.30	05:00:00	5214.689	5241.633	5180.103	5184.934	61081	0	160
2026.01.30	06:00:00	5184.829	5205.320	5145.544	5155.947	83971	0	160
2026.01.30	07:00:00	5155.884	5186.671	5117.625	5181.140	88872	0	160
2026.01.30	08:00:00	5181.197	5181.197	5055.990	5117.270	112325	0	160
2026.01.30	09:00:00	5117.261	5132.854	4940.267	5013.698	201324	0	160
2026.01.30	10:00:00	5013.618	5122.632	5001.002	5119.731	108142	0	160
2026.01.30	11:00:00	5119.702	5144.841	5089.722	5136.072	74763	0	160
2026.01.30	12:00:00	5136.076	5145.942	5055.443	5064.718	97224	0	160
2026.01.30	13:00:00	5064.645	5099.942	4991.925	5019.419	133898	0	160
2026.01.30	14:00:00	5019.451	5113.531	5014.364	5033.129	138784	0	160
2026.01.30	15:00:00	5033.159	5074.023	4980.398	5050.424	95343	0	160
2026.01.30	16:00:00	5050.472	5051.665	4942.048	4985.359	88147	0	160
2026.01.30	17:00:00	4985.286	4986.077	4801.114	4850.024	104677	0	160
2026.01.30	18:00:00	4849.936	4894.437	4682.526	4880.534	149867	0	160
2026.01.30	19:00:00	4880.570	4947.843	4840.093	4932.661	79314	0	160
2026.01.30	20:00:00	4932.701	4932.995	4809.015	4847.953	69621	0	160
2026.01.30	21:00:00	4847.569	4892.929	4831.727	4891.496	31758	0	160
2026.02.01	23:00:00	4793.519	4819.788	4697.912	4741.422	41037	0	160
2026.02.02	00:00:00	4741.538	4884.887	4740.185	4766.926	73299	0	160
2026.02.02	01:00:00	4766.854	4784.840	4585.336	4737.051	105175	0	160
2026.02.02	02:00:00	4736.934	4773.092	4698.051	4711.081	69703	0	160
2026.02.02	03:00:00	4711.022	4729.494	4630.285	4646.595	72544	0	160
2026.02.02	04:00:00	4646.505	4713.526	4603.508	4679.776	60684	0	160
2026.02.02	05:00:00	4679.705	4696.844	4498.097	4549.418	79695	0	160
2026.02.02	06:00:00	4549.471	4573.619	4402.065	4503.946	104763	0	160
2026.02.02	07:00:00	4504.377	4619.114	4484.765	4587.120	68102	0	160
2026.02.02	08:00:00	4587.054	4651.402	4561.465	4640.826	55377	0	160
2026.02.02	09:00:00	4640.737	4731.393	4603.467	4719.567	63883	0	160
2026.02.02	10:00:00	4719.534	4733.958	4657.274	4705.788	49617	0	160
2026.02.02	11:00:00	4705.763	4779.711	4703.605	4766.028	44604	0	160
2026.02.02	12:00:00	4765.857	4812.462	4743.117	4794.221	44262	0	160
2026.02.02	13:00:00	4794.157	4803.882	4669.435	4706.181	86870	0	160
2026.02.02	14:00:00	4706.269	4794.395	4680.093	4719.174	82913	0	160
2026.02.02	15:00:00	4719.540	4745.535	4617.128	4619.977	94520	0	160
2026.02.02	16:00:00	4620.053	4708.778	4596.499	4665.750	67078	0	160
2026.02.02	17:00:00	4665.906	4714.137	4656.421	4674.072	41731	0	160
2026.02.02	18:00:00	4674.143	4674.314	4618.276	4657.963	47655	0	160
2026.02.02	19:00:00	4657.930	4712.940	4631.413	4685.389	33420	0	160
2026.02.02	20:00:00	4685.485	4700.636	4647.337	4652.306	42366	0	160
2026.02.02	21:00:00	4652.401	4687.352	4643.759	4658.154	22401	0	160
2026.02.02	23:00:00	4685.104	4775.102	4681.962	4774.148	21402	0	240
2026.02.03	00:00:00	4774.235	4831.097	4766.243	4780.427	34881	0	160
2026.02.03	01:00:00	4780.290	4856.919	4766.460	4841.551	59838	0	160
2026.02.03	02:00:00	4841.616	4842.152	4745.492	4783.209	55690	0	160
2026.02.03	03:00:00	4783.136	4813.398	4751.924	4809.160	38113	0	160
2026.02.03	04:00:00	4809.275	4825.477	4800.641	4809.128	23067	0	160
2026.02.03	05:00:00	4809.228	4842.020	4809.131	4825.097	25745	0	160
2026.02.03	06:00:00	4825.180	4894.325	4816.573	4881.163	37911	0	160
2026.02.03	07:00:00	4881.243	4933.737	4871.842	4917.091	24134	0	160
2026.02.03	08:00:00	4917.171	4949.853	4898.587	4912.498	23981	0	160
2026.02.03	09:00:00	4912.459	4926.136	4884.617	4916.119	22655	0	160
2026.02.03	10:00:00	4916.090	4929.864	4901.896	4902.434	15333	0	160
2026.02.03	11:00:00	4902.506	4919.318	4883.513	4916.915	17805	0	160
2026.02.03	12:00:00	4916.793	4936.130	4892.211	4913.763	21400	0	160
2026.02.03	13:00:00	4913.841	4950.959	4902.328	4932.652	36844	0	160
2026.02.03	14:00:00	4932.866	4936.395	4893.569	4917.282	45628	0	160
2026.02.03	15:00:00	4916.908	4948.309	4904.665	4935.431	40869	0	160
2026.02.03	16:00:00	4935.346	4993.644	4929.950	4955.650	35203	0	160
2026.02.03	17:00:00	4955.536	4969.690	4907.347	4929.189	52750	0	160
2026.02.03	18:00:00	4929.116	4954.089	4884.973	4908.462	44965	0	160
2026.02.03	19:00:00	4908.540	4948.958	4880.340	4927.265	36507	0	160
2026.02.03	20:00:00	4927.176	4956.846	4902.293	4944.594	26751	0	160
2026.02.03	21:00:00	4944.555	4964.278	4933.586	4946.436	11052	0	160
2026.02.03	23:00:00	4958.639	4972.098	4909.570	4947.171	16399	0	160
2026.02.04	00:00:00	4947.389	5016.197	4945.691	5015.604	28549	0	240
2026.02.04	01:00:00	5015.609	5053.383	4984.947	5046.408	38931	0	240
2026.02.04	02:00:00	5046.724	5065.480	5035.601	5040.484	19510	0	240
2026.02.04	03:00:00	5040.372	5073.532	5036.306	5069.922	16343	0	240
2026.02.04	04:00:00	5070.008	5081.271	5056.190	5080.471	8935	0	240
2026.02.04	05:00:00	5080.457	5090.265	5069.210	5079.597	13263	0	240
2026.02.04	06:00:00	5079.675	5082.912	5051.114	5076.585	18888	0	240
2026.02.04	07:00:00	5076.510	5091.390	5062.173	5084.597	12428	0	240
2026.02.04	08:00:00	5084.601	5091.855	5068.589	5083.416	12756	0	240
2026.02.04	09:00:00	5083.549	5086.903	5042.818	5060.088	17035	0	240
2026.02.04	10:00:00	5060.183	5064.229	5041.448	5048.614	13304	0	240
2026.02.04	11:00:00	5048.705	5053.572	5013.443	5047.674	14742	0	240
2026.02.04	12:00:00	5047.564	5063.384	5036.049	5040.872	12153	0	240
2026.02.04	13:00:00	5041.161	5063.527	5023.095	5053.930	25117	0	240
2026.02.04	14:00:00	5054.014	5059.136	4966.760	4986.367	59050	0	240
2026.02.04	15:00:00	4986.189	5007.715	4887.385	4920.507	67038	0	240
2026.02.04	16:00:00	4920.429	4940.019	4852.072	4904.518	59507	0	160
2026.02.04	17:00:00	4904.436	4930.776	4888.117	4898.163	43434	0	160
2026.02.04	18:00:00	4898.140	4935.162	4872.884	4927.370	30284	0	160
2026.02.04	19:00:00	4927.494	4958.020	4914.551	4941.839	21193	0	160
2026.02.04	20:00:00	4941.701	4951.914	4914.187	4938.664	18153	0	160
2026.02.04	21:00:00	4938.570	4970.658	4937.662	4965.131	7315	0	160
2026.02.04	23:00:00	4969.623	5023.781	4968.977	5012.195	10449	0	240
2026.02.05	00:00:00	5012.269	5020.399	4996.770	5006.725	15079	0	240
2026.02.05	01:00:00	5006.867	5011.989	4936.060	4958.921	47903	0	160
2026.02.05	02:00:00	4959.011	4962.077	4804.651	4811.912	80331	0	160
2026.02.05	03:00:00	4811.997	4888.238	4788.665	4880.524	56819	0	160
2026.02.05	04:00:00	4880.448	4891.231	4863.285	4863.565	23625	0	160
2026.02.05	05:00:00	4863.744	4906.693	4826.255	4896.168	34163	0	160
2026.02.05	06:00:00	4896.232	4934.183	4877.659	4920.370	30959	0	160
2026.02.05	07:00:00	4920.229	4940.969	4895.746	4915.076	24567	0	160
2026.02.05	08:00:00	4915.205	4943.524	4901.176	4912.104	24793	0	160
2026.02.05	09:00:00	4911.999	4914.271	4849.272	4855.121	36269	0	160
2026.02.05	10:00:00	4854.969	4886.933	4847.309	4877.057	24919	0	160
2026.02.05	11:00:00	4877.070	4894.483	4864.490	4868.270	15012	0	160
2026.02.05	12:00:00	4868.285	4877.993	4810.728	4854.024	40002	0	160
2026.02.05	13:00:00	4853.946	4868.155	4802.026	4835.441	54802	0	160
2026.02.05	14:00:00	4835.332	4869.998	4805.773	4846.488	66897	0	160
2026.02.05	15:00:00	4845.914	4865.655	4800.540	4817.668	61307	0	160
2026.02.05	16:00:00	4817.565	4906.895	4812.292	4888.861	49976	0	160
2026.02.05	17:00:00	4888.647	4890.778	4859.107	4869.308	31932	0	160
2026.02.05	18:00:00	4869.234	4875.397	4851.112	4858.207	27707	0	160
2026.02.05	19:00:00	4858.123	4865.294	4823.399	4829.260	22109	0	160
2026.02.05	20:00:00	4829.338	4843.090	4792.795	4811.356	24765	0	160
2026.02.05	21:00:00	4811.212	4826.078	4759.146	4776.808	19082	0	160
2026.02.05	23:00:00	4761.196	4781.944	4703.348	4703.690	17297	0	160
2026.02.06	00:00:00	4703.682	4764.497	4655.088	4762.782	51375	0	160
2026.02.06	01:00:00	4762.707	4784.945	4693.794	4774.104	63918	0	160
2026.02.06	02:00:00	4774.215	4846.533	4760.437	4816.580	36886	0	160
2026.02.06	03:00:00	4816.503	4839.139	4800.918	4824.288	21380	0	160
2026.02.06	04:00:00	4824.155	4831.771	4807.122	4813.801	11621	0	160
2026.02.06	05:00:00	4813.763	4897.866	4807.665	4897.571	20720	0	160
2026.02.06	06:00:00	4897.494	4903.183	4825.186	4846.492	26287	0	192
2026.02.06	07:00:00	4846.411	4861.710	4838.296	4841.062	14304	0	192
2026.02.06	08:00:00	4840.986	4882.480	4829.537	4862.158	23110	0	192
2026.02.06	09:00:00	4862.042	4872.712	4838.064	4866.547	17772	0	176
2026.02.06	10:00:00	4866.793	4879.962	4851.451	4878.469	10577	0	176
2026.02.06	11:00:00	4878.364	4895.871	4863.905	4887.059	12250	0	176
2026.02.06	12:00:00	4887.151	4903.427	4871.117	4900.372	13756	0	192
2026.02.06	13:00:00	4900.268	4938.408	4897.144	4928.992	26471	0	192
2026.02.06	14:00:00	4928.902	4950.193	4894.482	4947.915	29251	0	192
2026.02.06	15:00:00	4948.352	4964.727	4928.361	4943.345	26236	0	192
2026.02.06	16:00:00	4943.540	4953.652	4921.855	4951.544	18702	0	160
2026.02.06	17:00:00	4951.622	4968.610	4948.209	4960.530	12792	0	160
2026.02.06	18:00:00	4960.350	4971.378	4943.668	4962.606	11021	0	160
2026.02.06	19:00:00	4962.527	4963.294	4948.724	4957.112	6886	0	160
2026.02.06	20:00:00	4956.961	4959.102	4936.541	4953.347	10223	0	160
2026.02.06	21:00:00	4953.404	4968.309	4946.409	4968.204	5968	0	160
2026.02.08	23:00:00	4967.633	5046.837	4964.715	5035.944	13824	0	240
2026.02.09	00:00:00	5036.019	5045.030	5011.747	5019.848	18504	0	240
2026.02.09	01:00:00	5019.989	5042.150	4975.889	4982.645	26911	0	240
2026.02.09	02:00:00	4982.722	5017.537	4969.128	5007.346	16727	0	240
2026.02.09	03:00:00	5007.144	5031.365	5005.650	5016.172	11125	0	240
2026.02.09	04:00:00	5016.210	5025.043	5007.313	5012.050	8378	0	240
2026.02.09	05:00:00	5011.952	5041.716	5011.140	5036.841	11707	0	240
2026.02.09	06:00:00	5036.777	5045.748	5013.773	5031.062	15195	0	240
2026.02.09	07:00:00	5031.192	5031.192	4997.244	5006.419	13673	0	240
2026.02.09	08:00:00	5006.308	5035.648	5002.886	5027.320	10164	0	160
2026.02.09	09:00:00	5027.467	5040.773	5002.793	5007.816	10745	0	240
2026.02.09	10:00:00	5007.984	5015.067	4982.112	4991.027	16277	0	240
2026.02.09	11:00:00	4991.047	5017.894	4988.453	5010.665	12429	0	240
2026.02.09	12:00:00	5010.953	5021.782	5007.320	5013.400	11337	0	240
2026.02.09	13:00:00	5013.209	5024.560	4995.022	5007.194	19874	0	160
2026.02.09	14:00:00	5007.081	5040.576	5002.274	5038.034	20998	0	160
2026.02.09	15:00:00	5037.911	5060.219	5023.724	5058.801	16484	0	240
2026.02.09	16:00:00	5058.964	5080.736	5056.415	5073.514	11779	0	240
2026.02.09	17:00:00	5073.596	5075.442	5040.941	5046.392	10398	0	240
2026.02.09	18:00:00	5046.320	5064.096	5043.892	5062.916	10454	0	240
2026.02.09	19:00:00	5062.838	5079.958	5062.384	5074.556	6432	0	240
2026.02.09	20:00:00	5074.743	5086.697	5072.100	5079.742	7857	0	240
2026.02.09	21:00:00	5079.816	5083.086	5047.924	5060.084	7563	0	240
2026.02.09	23:00:00	5072.047	5075.112	4987.309	5031.903	16464	0	240
2026.02.10	00:00:00	5031.829	5048.209	5008.620	5018.626	15812	0	240
2026.02.10	01:00:00	5018.545	5037.876	5012.132	5032.634	22583	0	240
2026.02.10	02:00:00	5032.613	5056.277	5031.537	5038.458	14652	0	240
2026.02.10	03:00:00	5038.331	5038.331	5016.240	5030.082	12032	0	240
2026.02.10	04:00:00	5029.864	5033.978	5017.810	5031.684	7825	0	240
2026.02.10	05:00:00	5031.517	5040.521	5011.270	5039.241	10218	0	240
2026.02.10	06:00:00	5039.164	5045.537	5018.999	5024.363	12578	0	240
2026.02.10	07:00:00	5024.732	5036.036	5018.388	5033.963	12453	0	240
2026.02.10	08:00:00	5033.817	5054.893	5029.091	5041.726	10819	0	240
2026.02.10	09:00:00	5041.648	5063.089	5040.636	5046.743	9938	0	240
2026.02.10	10:00:00	5046.988	5058.124	5036.920	5047.073	9066	0	240
2026.02.10	11:00:00	5046.997	5057.361	5044.388	5055.949	6682	0	240
2026.02.10	12:00:00	5056.089	5057.066	5019.361	5032.116	11669	0	240
2026.02.10	13:00:00	5032.290	5058.777	5026.287	5051.069	13196	0	240
2026.02.10	14:00:00	5051.160	5078.559	5020.578	5039.734	22437	0	240
2026.02.10	15:00:00	5039.651	5047.916	4998.800	5019.710	24132	0	240
2026.02.10	16:00:00	5019.793	5026.495	5005.445	5023.700	16971	0	160
2026.02.10	17:00:00	5023.597	5040.075	5020.667	5026.344	8543	0	160
2026.02.10	18:00:00	5026.268	5027.889	5004.513	5013.256	12146	0	160
2026.02.10	19:00:00	5013.174	5030.096	5008.814	5028.033	7430	0	160
2026.02.10	20:00:00	5028.036	5045.444	5020.246	5030.357	8258	0	240
2026.02.10	21:00:00	5030.283	5032.579	5020.303	5023.044	17903	0	240
2026.02.10	23:00:00	5027.377	5054.456	5027.377	5041.550	6605	0	240
2026.02.11	00:00:00	5041.616	5049.448	5028.151	5037.833	9415	0	240
2026.02.11	01:00:00	5037.933	5052.783	5030.300	5052.332	11580	0	240
2026.02.11	02:00:00	5052.429	5057.812	5032.495	5055.473	9467	0	240
2026.02.11	03:00:00	5055.588	5061.003	5045.126	5054.498	7050	0	240
2026.02.11	04:00:00	5054.497	5059.532	5045.747	5046.367	5097	0	240
2026.02.11	05:00:00	5046.398	5064.016	5043.455	5052.527	7807	0	240
2026.02.11	06:00:00	5052.853	5064.559	5049.453	5064.207	8924	0	240
2026.02.11	07:00:00	5064.068	5069.131	5048.762	5055.493	11440	0	240
2026.02.11	08:00:00	5055.437	5060.229	5045.655	5053.521	7475	0	240
2026.02.11	09:00:00	5053.534	5071.974	5046.956	5062.659	7810	0	240
2026.02.11	10:00:00	5062.925	5101.594	5062.530	5093.373	13532	0	240
2026.02.11	11:00:00	5093.021	5116.804	5082.395	5111.590	9997	0	240
2026.02.11	12:00:00	5111.667	5119.179	5050.177	5083.503	17122	0	240
2026.02.11	13:00:00	5083.362	5089.997	5018.860	5065.748	32141	0	160
2026.02.11	14:00:00	5065.691	5082.786	5035.681	5059.269	26564	0	240
2026.02.11	15:00:00	5059.527	5081.880	5039.112	5060.323	28146	0	240
2026.02.11	16:00:00	5060.152	5078.314	5042.701	5075.109	16310	0	240
2026.02.11	17:00:00	5075.032	5098.944	5068.107	5091.559	11232	0	240
2026.02.11	18:00:00	5091.648	5092.876	5066.571	5082.166	12105	0	240
2026.02.11	19:00:00	5082.311	5094.147	5076.538	5082.120	8779	0	240
2026.02.11	20:00:00	5082.048	5090.334	5078.142	5086.822	7172	0	240
2026.02.11	21:00:00	5086.894	5092.742	5069.877	5082.394	6170	0	240
2026.02.11	23:00:00	5099.339	5100.129	5053.004	5061.397	8739	0	240
2026.02.12	00:00:00	5061.305	5067.554	5049.884	5063.195	13080	0	240
2026.02.12	01:00:00	5062.967	5064.041	5045.065	5063.517	13930	0	240
2026.02.12	02:00:00	5063.719	5072.808	5055.003	5065.887	9827	0	240
2026.02.12	03:00:00	5065.899	5074.642	5054.920	5056.963	7717	0	240
2026.02.12	04:00:00	5056.990	5069.984	5050.865	5069.318	5519	0	240
2026.02.12	05:00:00	5069.235	5078.232	5064.530	5075.482	8114	0	240
2026.02.12	06:00:00	5075.526	5076.309	5046.966	5059.665	10090	0	240
2026.02.12	07:00:00	5059.753	5066.415	5051.900	5063.657	6830	0	240
2026.02.12	08:00:00	5063.927	5073.554	5052.268	5068.328	7574	0	240
2026.02.12	09:00:00	5068.247	5080.929	5066.033	5073.313	6632	0	240
2026.02.12	10:00:00	5073.305	5076.900	5056.068	5062.031	7195	0	240
2026.02.12	11:00:00	5062.032	5068.473	5059.415	5064.054	5306	0	240
2026.02.12	12:00:00	5064.018	5068.550	5048.826	5052.582	7452	0	240
2026.02.12	13:00:00	5052.688	5083.734	5051.280	5075.319	10022	0	240
2026.02.12	14:00:00	5075.230	5077.704	5039.070	5044.472	19959	0	240
2026.02.12	15:00:00	5044.292	5074.610	5039.662	5060.623	12664	0	240
2026.02.12	16:00:00	5060.528	5068.080	4878.413	4954.448	106548	0	240
2026.02.12	17:00:00	4954.667	4983.054	4939.411	4941.095	39690	0	160
2026.02.12	18:00:00	4941.015	4952.086	4906.301	4935.820	35178	0	160
2026.02.12	19:00:00	4935.777	4958.218	4927.947	4945.649	19246	0	160
2026.02.12	20:00:00	4945.604	4948.417	4910.940	4915.029	18237	0	160
2026.02.12	21:00:00	4914.934	4927.145	4911.495	4922.280	7625	0	160
2026.02.12	23:00:00	4893.140	4928.383	4887.646	4920.140	10773	0	176
2026.02.13	00:00:00	4920.033	4948.414	4913.672	4928.091	15703	0	160
2026.02.13	01:00:00	4927.927	4988.798	4927.096	4980.547	20157	0	240
2026.02.13	02:00:00	4980.601	4991.736	4972.136	4988.512	11647	0	240
2026.02.13	03:00:00	4988.424	4989.199	4973.836	4981.499	7838	0	160
2026.02.13	04:00:00	4981.466	4997.198	4972.791	4976.736	6675	0	240
2026.02.13	05:00:00	4976.670	4986.458	4945.069	4946.451	11501	0	160
2026.02.13	06:00:00	4946.579	4968.747	4946.266	4967.182	11875	0	160
2026.02.13	07:00:00	4966.920	4982.501	4951.103	4974.862	11717	0	240
2026.02.13	08:00:00	4974.952	4989.605	4970.628	4982.428	10952	0	160
2026.02.13	09:00:00	4982.510	4982.647	4961.545	4970.387	8887	0	160
2026.02.13	10:00:00	4970.273	4980.647	4946.925	4950.297	8609	0	160
2026.02.13	11:00:00	4950.174	4955.592	4933.494	4954.047	12204	0	160
2026.02.13	12:00:00	4954.034	4974.127	4951.886	4969.400	9528	0	160
2026.02.13	13:00:00	4969.493	5001.884	4957.525	4986.833	16962	0	160
2026.02.13	14:00:00	4986.998	5011.146	4963.928	4995.804	32052	0	240
2026.02.13	15:00:00	4995.888	5020.558	4973.736	4976.994	30633	0	160
2026.02.13	16:00:00	4977.129	5034.213	4975.165	5007.942	19118	0	160
2026.02.13	17:00:00	5008.013	5029.141	5005.771	5021.122	10871	0	160
2026.02.13	18:00:00	5020.794	5035.629	5015.348	5031.229	10236	0	160
2026.02.13	19:00:00	5031.302	5046.061	5023.474	5023.474	9954	0	160
2026.02.13	20:00:00	5023.653	5034.787	5021.324	5032.491	10410	0	240
2026.02.13	21:00:00	5032.415	5046.101	5029.434	5042.605	9032	0	240
2026.02.15	23:00:00	5026.640	5032.130	5010.128	5019.916	9972	0	240
2026.02.16	00:00:00	5019.896	5022.853	4999.755	5015.493	10248	0	240
2026.02.16	01:00:00	5015.352	5031.116	5006.790	5029.020	7863	0	240
2026.02.16	02:00:00	5029.087	5031.398	4992.121	4994.619	9064	0	240
2026.02.16	03:00:00	4994.535	4999.851	4975.223	4987.733	9139	0	160
2026.02.16	04:00:00	4987.687	4992.199	4972.584	4977.865	7918	0	160
2026.02.16	05:00:00	4977.679	4990.810	4964.573	4990.714	7261	0	240
2026.02.16	06:00:00	4990.538	5003.150	4984.725	4994.980	6238	0	160
2026.02.16	07:00:00	4994.926	5009.954	4988.881	5007.226	6859	0	160
2026.02.16	08:00:00	5007.299	5013.464	4995.736	5007.921	7308	0	160
2026.02.16	09:00:00	5007.995	5017.232	5007.802	5013.602	5498	0	160
2026.02.16	10:00:00	5013.530	5017.153	5000.131	5006.084	6164	0	160
2026.02.16	11:00:00	5006.071	5007.944	4998.734	5004.261	5046	0	160
2026.02.16	12:00:00	5004.240	5008.108	4992.753	5001.910	6185	0	160
2026.02.16	13:00:00	5001.916	5003.511	4989.553	4997.458	6427	0	160
2026.02.16	14:00:00	4997.230	4999.415	4981.659	4988.216	7586	0	160
2026.02.16	15:00:00	4988.002	4988.364	4968.858	4979.750	8896	0	160
2026.02.16	16:00:00	4979.660	4990.306	4972.936	4988.090	6384	0	160
2026.02.16	17:00:00	4988.044	4995.858	4987.879	4991.455	4462	0	160
2026.02.16	18:00:00	4991.543	4997.811	4988.327	4994.708	5722	0	240
2026.02.16	19:00:00	4994.632	4996.106	4990.562	4993.895	3546	0	160
2026.02.16	23:00:00	4998.238	5000.800	4985.339	4989.993	5109	0	160
2026.02.17	00:00:00	4989.878	4991.592	4931.419	4935.712	12187	0	160
2026.02.17	01:00:00	4935.804	4963.906	4922.830	4957.944	12982	0	160
2026.02.17	02:00:00	4957.864	4971.408	4954.349	4967.040	6562	0	160
2026.02.17	03:00:00	4966.960	4970.075	4949.969	4956.824	7195	0	160
2026.02.17	04:00:00	4956.787	4960.320	4946.784	4952.816	5439	0	160
2026.02.17	05:00:00	4952.760	4954.170	4858.728	4888.634	24894	0	160
2026.02.17	06:00:00	4888.674	4914.179	4886.528	4910.377	10538	0	160
2026.02.17	07:00:00	4910.456	4921.953	4903.850	4917.021	8634	0	160
2026.02.17	08:00:00	4916.940	4930.270	4915.954	4920.770	9567	0	160
2026.02.17	09:00:00	4920.863	4932.552	4912.820	4925.991	8864	0	160
2026.02.17	10:00:00	4925.893	4939.210	4907.590	4913.155	8728	0	160
2026.02.17	11:00:00	4913.247	4930.961	4913.184	4929.148	7298	0	160
2026.02.17	12:00:00	4929.149	4944.351	4928.191	4932.270	9445	0	160
2026.02.17	13:00:00	4932.173	4933.197	4869.625	4870.572	18097	0	160
2026.02.17	14:00:00	4870.646	4907.182	4841.171	4864.151	42393	0	160
2026.02.17	15:00:00	4864.061	4882.481	4848.771	4878.263	33611	0	160
2026.02.17	16:00:00	4878.347	4893.488	4868.489	4869.289	20861	0	160
2026.02.17	17:00:00	4869.462	4871.303	4849.967	4865.243	17154	0	160
2026.02.17	18:00:00	4865.324	4910.667	4862.407	4898.979	16977	0	160
2026.02.17	19:00:00	4899.097	4901.127	4876.550	4880.453	12425	0	160
2026.02.17	20:00:00	4880.324	4884.257	4873.239	4878.095	11854	0	160
2026.02.17	21:00:00	4878.025	4887.012	4874.866	4878.018	4988	0	160
2026.02.17	23:00:00	4863.153	4884.581	4854.010	4859.523	8022	0	160
2026.02.18	00:00:00	4859.221	4882.942	4858.434	4874.933	10146	0	160
2026.02.18	01:00:00	4874.848	4892.866	4874.563	4889.833	7956	0	160
2026.02.18	02:00:00	4889.732	4907.183	4886.583	4905.298	6178	0	160
2026.02.18	03:00:00	4905.106	4922.052	4904.335	4920.873	5534	0	160
2026.02.18	04:00:00	4920.944	4940.273	4918.449	4933.918	6004	0	160
2026.02.18	05:00:00	4933.993	4939.811	4929.820	4933.390	4893	0	160
2026.02.18	06:00:00	4933.483	4936.016	4924.876	4930.715	5823	0	160
2026.02.18	07:00:00	4930.604	4942.324	4929.144	4930.324	5376	0	160
2026.02.18	08:00:00	4930.402	4932.437	4916.542	4917.216	6463	0	160
2026.02.18	09:00:00	4917.116	4923.067	4913.083	4917.431	6438	0	160
2026.02.18	10:00:00	4917.436	4924.442	4909.408	4914.522	7713	0	160
2026.02.18	11:00:00	4914.515	4917.563	4906.240	4912.899	5447	0	160
2026.02.18	12:00:00	4912.886	4947.213	4911.971	4943.100	8447	0	160
2026.02.18	13:00:00	4943.171	4969.069	4943.009	4954.535	11643	0	160
2026.02.18	14:00:00	4954.436	4994.479	4952.211	4991.612	17502	0	160
2026.02.18	15:00:00	4991.770	5008.998	4991.571	4997.843	13897	0	160
2026.02.18	16:00:00	4998.086	5010.974	4991.417	5000.589	9964	0	160
2026.02.18	17:00:00	5000.678	5001.637	4993.317	4998.982	7410	0	160
2026.02.18	18:00:00	4999.028	5003.122	4980.608	4987.281	10072	0	160
2026.02.18	19:00:00	4987.165	4995.495	4972.834	4980.659	12527	0	160
2026.02.18	20:00:00	4980.519	4987.513	4975.607	4984.789	8985	0	160
2026.02.18	21:00:00	4984.690	4986.480	4975.734	4976.284	3417	0	160
2026.02.18	23:00:00	4974.388	4988.664	4961.134	4976.152	6909	0	160
2026.02.19	00:00:00	4976.014	4976.206	4960.470	4961.381	7980	0	160
2026.02.19	01:00:00	4961.045	4975.415	4960.589	4972.987	6435	0	160
2026.02.19	02:00:00	4973.119	4977.257	4965.694	4968.320	5605	0	160
2026.02.19	03:00:00	4968.243	4983.571	4966.434	4981.823	5438	0	160
2026.02.19	04:00:00	4981.698	4985.457	4976.948	4984.193	4483	0	160
2026.02.19	05:00:00	4984.189	4998.498	4984.189	4997.064	4671	0	240
2026.02.19	06:00:00	4996.936	5020.127	4996.712	5018.292	5616	0	160
2026.02.19	07:00:00	5018.370	5021.711	5008.720	5010.363	5840	0	240
2026.02.19	08:00:00	5010.290	5022.029	5006.094	5017.083	6389	0	240
2026.02.19	09:00:00	5017.041	5020.443	4992.874	4995.787	7587	0	240
2026.02.19	10:00:00	4995.740	4996.196	4981.505	4993.309	8003	0	160
2026.02.19	11:00:00	4993.105	4996.340	4978.049	4984.696	7468	0	160
2026.02.19	12:00:00	4984.620	4992.792	4980.541	4984.697	6811	0	176
2026.02.19	13:00:00	4984.780	4998.443	4971.953	4997.111	9765	0	160
2026.02.19	14:00:00	4997.143	5010.304	4963.338	5005.589	18723	0	160
2026.02.19	15:00:00	5005.664	5022.355	4995.972	5013.708	19114	0	160
2026.02.19	16:00:00	5013.792	5014.330	4990.202	4995.300	12645	0	160
2026.02.19	17:00:00	4995.107	5001.622	4982.779	4984.926	9612	0	176
2026.02.19	18:00:00	4985.004	4989.229	4975.176	4981.815	8943	0	160
2026.02.19	19:00:00	4981.843	4990.427	4978.347	4987.832	6615	0	160
2026.02.19	20:00:00	4987.855	5003.395	4987.855	5001.584	5862	0	160
2026.02.19	21:00:00	5001.671	5004.191	4992.158	4996.275	4215	0	240
2026.02.19	23:00:00	4997.165	5007.890	4985.656	4987.657	5636	0	240
2026.02.20	00:00:00	4987.647	5006.899	4985.566	5006.316	6186	0	160
2026.02.20	01:00:00	5006.359	5014.702	4995.095	4997.010	8031	0	240
2026.02.20	02:00:00	4996.995	5007.430	4992.536	4996.318	6564	0	160
2026.02.20	03:00:00	4996.290	4999.100	4981.605	4988.088	6174	0	160
2026.02.20	04:00:00	4988.184	5003.314	4986.623	4999.736	4324	0	160
2026.02.20	05:00:00	4999.916	5011.910	4997.856	5011.910	5342	0	240
2026.02.20	06:00:00	5011.747	5030.106	5011.747	5020.758	7003	0	240
2026.02.20	07:00:00	5020.642	5028.271	5006.017	5006.527	7190	0	240
2026.02.20	08:00:00	5006.606	5030.923	5005.025	5028.786	7084	0	176
2026.02.20	09:00:00	5028.788	5042.467	5027.440	5027.440	7259	0	240
2026.02.20	10:00:00	5027.727	5038.461	5019.446	5034.623	6871	0	240
2026.02.20	11:00:00	5034.766	5034.885	5015.493	5017.392	7127	0	240
2026.02.20	12:00:00	5017.465	5026.613	5007.165	5025.107	8125	0	240
2026.02.20	13:00:00	5025.048	5048.724	5018.189	5043.691	9441	0	176
2026.02.20	14:00:00	5043.619	5060.411	5037.130	5054.304	17475	0	240
2026.02.20	15:00:00	5054.036	5063.865	4988.982	5042.506	60819	0	240
2026.02.20	16:00:00	5042.431	5069.014	5038.586	5066.475	20530	0	240
2026.02.20	17:00:00	5066.556	5076.400	5054.690	5072.994	16751	0	240
2026.02.20	18:00:00	5072.916	5075.076	5053.980	5071.122	18376	0	240
2026.02.20	19:00:00	5071.304	5079.827	5068.397	5079.401	6908	0	240
2026.02.20	20:00:00	5079.469	5098.185	5076.725	5096.775	8823	0	240
2026.02.20	21:00:00	5096.968	5108.149	5091.769	5105.809	6605	0	240
2026.02.22	23:00:00	5111.637	5171.868	5108.785	5165.373	10740	0	240
2026.02.23	00:00:00	5165.366	5166.728	5129.474	5144.289	18271	0	240
2026.02.23	01:00:00	5144.289	5167.738	5139.976	5157.618	12142	0	240
2026.02.23	02:00:00	5157.519	5176.591	5156.680	5173.607	9069	0	240
2026.02.23	03:00:00	5173.708	5175.732	5151.397	5166.854	8070	0	240
2026.02.23	04:00:00	5166.781	5168.480	5155.514	5160.691	6520	0	240
2026.02.23	05:00:00	5160.734	5161.760	5152.330	5158.228	5791	0	240
2026.02.23	06:00:00	5158.252	5161.688	5144.838	5145.739	7273	0	240
2026.02.23	07:00:00	5145.739	5154.134	5125.021	5136.727	11614	0	240
2026.02.23	08:00:00	5136.466	5141.868	5122.100	5140.023	9153	0	240
2026.02.23	09:00:00	5140.184	5149.995	5139.192	5149.512	6365	0	240
2026.02.23	10:00:00	5149.793	5163.386	5145.112	5162.601	7884	0	240
2026.02.23	11:00:00	5162.682	5163.447	5146.430	5149.884	6688	0	240
2026.02.23	12:00:00	5149.721	5165.463	5145.627	5163.954	7396	0	240
2026.02.23	13:00:00	5163.854	5165.468	5143.500	5146.234	9024	0	240
2026.02.23	14:00:00	5146.290	5200.405	5141.315	5192.252	14876	0	240
2026.02.23	15:00:00	5192.275	5205.098	5180.724	5196.252	18950	0	240
2026.02.23	16:00:00	5196.135	5219.089	5175.417	5210.076	18686	0	240
2026.02.23	17:00:00	5210.164	5213.271	5190.918	5207.772	14500	0	240
2026.02.23	18:00:00	5208.146	5215.757	5201.204	5209.733	10493	0	240
2026.02.23	19:00:00	5209.653	5218.191	5206.338	5215.638	8262	0	240
2026.02.23	20:00:00	5215.614	5238.045	5214.826	5236.054	8283	0	240
2026.02.23	21:00:00	5235.973	5237.452	5226.561	5227.899	5133	0	360
2026.02.23	23:00:00	5226.214	5249.420	5226.214	5235.933	7419	0	360
2026.02.24	00:00:00	5235.839	5237.900	5217.399	5223.979	12669	0	360
2026.02.24	01:00:00	5223.904	5224.216	5144.765	5177.122	38364	0	240
2026.02.24	02:00:00	5177.202	5190.548	5165.534	5189.661	10713	0	240
2026.02.24	03:00:00	5189.579	5191.733	5171.045	5171.972	7174	0	240
2026.02.24	04:00:00	5171.898	5174.810	5160.992	5168.322	6730	0	240
2026.02.24	05:00:00	5168.287	5185.629	5164.282	5182.429	8058	0	240
2026.02.24	06:00:00	5182.507	5184.844	5156.125	5173.388	9001	0	240
2026.02.24	07:00:00	5173.293	5183.783	5164.089	5179.250	9588	0	240
2026.02.24	08:00:00	5179.320	5181.895	5165.057	5173.481	8966	0	240
2026.02.24	09:00:00	5173.422	5180.451	5166.542	5171.405	6670	0	240
2026.02.24	10:00:00	5171.357	5181.307	5163.212	5172.535	7063	0	240
2026.02.24	11:00:00	5172.530	5178.533	5170.905	5172.835	5318	0	240
2026.02.24	12:00:00	5172.793	5173.542	5144.682	5150.521	11668	0	240
2026.02.24	13:00:00	5150.227	5161.153	5110.699	5115.082	19176	0	240
2026.02.24	14:00:00	5115.001	5139.151	5093.422	5128.269	30063	0	240
2026.02.24	15:00:00	5128.447	5155.255	5118.108	5150.191	16186	0	240
2026.02.24	16:00:00	5150.171	5152.359	5130.837	5141.623	12988	0	240
2026.02.24	17:00:00	5141.815	5163.816	5141.482	5163.772	8193	0	240
2026.02.24	18:00:00	5163.582	5169.994	5153.293	5160.210	8953	0	240
2026.02.24	19:00:00	5160.091	5160.626	5146.189	5154.063	8047	0	240
2026.02.24	20:00:00	5154.170	5173.143	5146.688	5163.892	8095	0	240
2026.02.24	21:00:00	5163.970	5165.602	5140.104	5143.820	5282	0	240
2026.02.24	23:00:00	5135.425	5152.161	5127.714	5146.578	5941	0	240
2026.02.25	00:00:00	5146.526	5156.402	5136.376	5152.195	8232	0	240
2026.02.25	01:00:00	5152.261	5189.947	5144.147	5176.554	13928	0	240
2026.02.25	02:00:00	5176.860	5193.968	5166.434	5180.430	9889	0	240
2026.02.25	03:00:00	5180.435	5190.004	5178.166	5182.101	7768	0	240
2026.02.25	04:00:00	5182.007	5184.998	5171.690	5182.610	5156	0	240
2026.02.25	05:00:00	5182.685	5210.479	5182.504	5201.720	7949	0	240
2026.02.25	06:00:00	5201.697	5201.697	5182.319	5194.493	8243	0	240
2026.02.25	07:00:00	5194.418	5195.011	5180.411	5184.635	6116	0	240
2026.02.25	08:00:00	5184.740	5197.165	5184.040	5185.487	6501	0	240
2026.02.25	09:00:00	5185.398	5194.410	5176.281	5192.912	7154	0	240
2026.02.25	10:00:00	5193.001	5194.987	5169.744	5175.163	7418	0	240
2026.02.25	11:00:00	5175.065	5182.539	5154.810	5181.522	8248	0	240
2026.02.25	12:00:00	5181.193	5187.250	5177.376	5182.873	6509	0	240
2026.02.25	13:00:00	5182.610	5191.245	5181.113	5185.013	9039	0	240
2026.02.25	14:00:00	5184.787	5193.214	5158.666	5190.958	15420	0	240
2026.02.25	15:00:00	5190.883	5202.551	5172.621	5194.940	13643	0	240
2026.02.25	16:00:00	5194.853	5213.900	5189.454	5211.928	9360	0	240
2026.02.25	17:00:00	5211.832	5217.544	5203.499	5206.975	8132	0	240
2026.02.25	18:00:00	5206.948	5207.645	5200.220	5202.075	3381	0	240
2026.02.25	19:00:00	5202.145	5208.220	5191.501	5205.091	11941	0	360
2026.02.25	20:00:00	5204.718	5206.218	5145.780	5151.966	16017	0	240
2026.02.25	21:00:00	5152.050	5173.488	5150.151	5169.177	9822	0	240
2026.02.25	23:00:00	5165.082	5181.718	5161.539	5163.219	8303	0	360
2026.02.26	00:00:00	5163.297	5191.803	5155.257	5188.068	11874	0	240
2026.02.26	01:00:00	5187.982	5198.153	5178.606	5191.648	15445	0	240
2026.02.26	02:00:00	5191.332	5195.534	5174.073	5184.348	10018	0	240
2026.02.26	03:00:00	5184.123	5193.692	5182.897	5192.676	6766	0	240
2026.02.26	04:00:00	5192.386	5199.325	5190.562	5192.716	4945	0	240
2026.02.26	05:00:00	5192.492	5205.507	5189.694	5197.994	6964	0	240
2026.02.26	06:00:00	5198.069	5199.507	5190.247	5193.000	6796	0	240
2026.02.26	07:00:00	5193.016	5194.499	5179.572	5185.811	7258	0	240
2026.02.26	08:00:00	5186.074	5190.827	5167.651	5179.113	10347	0	240
2026.02.26	09:00:00	5179.208	5189.412	5173.693	5186.244	6939	0	240
2026.02.26	10:00:00	5186.379	5189.997	5165.732	5171.244	7206	0	240
2026.02.26	11:00:00	5171.222	5178.176	5161.054	5164.476	6858	0	240
2026.02.26	12:00:00	5164.670	5187.753	5157.782	5183.801	8143	0	240
2026.02.26	13:00:00	5183.926	5185.377	5164.215	5166.390	11807	0	240
2026.02.26	14:00:00	5166.310	5176.179	5139.654	5164.799	23491	0	240
2026.02.26	15:00:00	5164.708	5192.714	5130.605	5185.310	28126	0	240
2026.02.26	16:00:00	5185.666	5187.017	5172.711	5179.670	14317	0	240
2026.02.26	17:00:00	5179.745	5190.266	5161.839	5167.003	11892	0	240
2026.02.26	18:00:00	5167.047	5185.768	5160.505	5180.461	11992	0	240
2026.02.26	19:00:00	5180.539	5193.965	5179.581	5187.105	7600	0	240
2026.02.26	20:00:00	5187.023	5200.826	5186.819	5196.183	7492	0	240
2026.02.26	21:00:00	5196.475	5200.443	5183.028	5184.920	4972	0	240
2026.02.26	23:00:00	5187.994	5189.078	5175.415	5184.462	5339	0	240
2026.02.27	00:00:00	5184.431	5194.904	5169.971	5174.668	8727	0	240
2026.02.27	01:00:00	5174.763	5194.262	5166.688	5193.830	11379	0	240
2026.02.27	02:00:00	5193.906	5199.799	5173.365	5183.356	10176	0	240
2026.02.27	03:00:00	5183.267	5190.350	5180.966	5184.068	6534	0	240
2026.02.27	04:00:00	5183.946	5188.733	5180.643	5181.703	4364	0	240
2026.02.27	05:00:00	5181.675	5200.563	5181.301	5197.664	6396	0	240
2026.02.27	06:00:00	5197.749	5198.975	5184.917	5185.706	7672	0	240
2026.02.27	07:00:00	5185.628	5189.886	5175.553	5176.095	8161	0	240
2026.02.27	08:00:00	5175.973	5182.125	5174.054	5178.807	6526	0	240
2026.02.27	09:00:00	5178.921	5182.480	5172.157	5175.758	6262	0	240
2026.02.27	10:00:00	5175.833	5180.946	5168.451	5177.663	6603	0	240
2026.02.27	11:00:00	5177.338	5185.375	5172.398	5185.375	4954	0	240
2026.02.27	12:00:00	5185.450	5190.329	5182.884	5187.442	6729	0	240
2026.02.27	13:00:00	5187.711	5240.503	5186.819	5223.198	20775	0	240
2026.02.27	14:00:00	5223.124	5236.092	5213.601	5223.762	20437	0	264
2026.02.27	15:00:00	5223.838	5246.404	5214.954	5239.359	17982	0	240
2026.02.27	16:00:00	5239.439	5257.602	5221.887	5229.106	18216	0	360
2026.02.27	17:00:00	5229.185	5236.913	5220.583	5234.421	13063	0	240
2026.02.27	18:00:00	5234.496	5246.937	5222.637	5245.069	10604	0	240
2026.02.27	19:00:00	5245.054	5252.123	5240.189	5250.080	7974	0	240
2026.02.27	20:00:00	5250.155	5265.510	5248.593	5263.229	8499	0	240
2026.02.27	21:00:00	5263.165	5281.293	5257.178	5279.022	6832	0	360
2026.03.01	23:00:00	5319.272	5393.506	5314.681	5386.804	16205	0	360
2026.03.02	00:00:00	5386.823	5388.172	5340.859	5347.326	23120	0	360
2026.03.02	01:00:00	5347.392	5347.392	5303.089	5324.969	37827	0	360
2026.03.02	02:00:00	5324.815	5351.991	5316.853	5346.134	16330	0	360
2026.03.02	03:00:00	5346.401	5366.595	5344.319	5366.285	10043	0	360
2026.03.02	04:00:00	5366.322	5367.141	5345.041	5356.029	8823	0	360
2026.03.02	05:00:00	5356.082	5366.238	5340.654	5365.943	9904	0	360
2026.03.02	06:00:00	5365.865	5389.654	5363.589	5387.439	11524	0	360
2026.03.02	07:00:00	5387.685	5419.154	5385.014	5407.789	14815	0	360
2026.03.02	08:00:00	5407.709	5416.492	5391.132	5393.835	13601	0	360
2026.03.02	09:00:00	5393.985	5402.539	5385.677	5391.776	11054	0	360
2026.03.02	10:00:00	5392.209	5400.719	5378.983	5389.037	11418	0	360
2026.03.02	11:00:00	5389.116	5399.668	5375.016	5385.099	10140	0	360
2026.03.02	12:00:00	5385.166	5398.704	5378.761	5396.794	10332	0	360
2026.03.02	13:00:00	5396.873	5416.491	5381.887	5394.026	21938	0	360
2026.03.02	14:00:00	5393.942	5395.238	5306.370	5333.620	51403	0	360
2026.03.02	15:00:00	5333.288	5348.832	5308.129	5316.053	34361	0	360
2026.03.02	16:00:00	5315.968	5315.968	5260.224	5290.232	42839	0	360
2026.03.02	17:00:00	5290.325	5320.710	5286.721	5306.382	20429	0	360
2026.03.02	18:00:00	5306.699	5316.576	5289.375	5315.279	13360	0	360
2026.03.02	19:00:00	5315.294	5333.940	5313.764	5330.516	9890	0	360
2026.03.02	20:00:00	5330.605	5346.172	5328.217	5332.341	17719	0	360
2026.03.02	21:00:00	5332.586	5340.356	5321.635	5322.103	7244	0	360
2026.03.02	23:00:00	5332.799	5346.972	5329.212	5345.688	5517	0	360
2026.03.03	00:00:00	5345.693	5361.994	5337.019	5350.306	8968	0	360
2026.03.03	01:00:00	5350.272	5379.802	5337.866	5339.027	18669	0	360
2026.03.03	02:00:00	5339.160	5368.001	5332.521	5367.011	16190	0	360
2026.03.03	03:00:00	5367.115	5373.593	5359.109	5367.226	8178	0	360
2026.03.03	04:00:00	5367.283	5375.569	5359.267	5361.083	7764	0	360
2026.03.03	05:00:00	5360.867	5366.926	5304.905	5318.883	17938	0	360
2026.03.03	06:00:00	5318.982	5323.009	5279.028	5310.496	23532	0	360
2026.03.03	07:00:00	5310.266	5331.227	5305.997	5327.461	12251	0	360
2026.03.03	08:00:00	5327.358	5335.658	5290.025	5295.418	14642	0	360
2026.03.03	09:00:00	5295.641	5303.517	5225.943	5274.747	29745	0	360
2026.03.03	10:00:00	5274.665	5287.929	5237.945	5248.377	22514	0	360
2026.03.03	11:00:00	5248.157	5263.923	5073.200	5144.538	74961	0	360
2026.03.03	12:00:00	5144.613	5226.543	5138.169	5224.340	34966	0	360
2026.03.03	13:00:00	5224.452	5224.452	5127.152	5156.412	50996	0	240
2026.03.03	14:00:00	5156.315	5175.501	5015.763	5038.123	76064	0	240
2026.03.03	15:00:00	5038.443	5096.951	4995.774	5095.336	71196	0	240
2026.03.03	16:00:00	5095.250	5134.761	5090.315	5106.513	43931	0	240
2026.03.03	17:00:00	5106.814	5109.670	5065.085	5078.935	34134	0	240
2026.03.03	18:00:00	5078.827	5138.268	5078.717	5136.081	26170	0	240
2026.03.03	19:00:00	5135.993	5149.015	5099.168	5113.296	25325	0	240
2026.03.03	20:00:00	5113.236	5130.232	5107.213	5107.352	14370	0	240
